{
  "type": "FeatureCollection",
  "generator": "overpass-turbo",
  "copyright": "The data included in this document is from www.openstreetmap.org. The data is made available under ODbL.",
  "timestamp": "2026-08-16T00:10:54Z",
  "features": [
    {
      "type": "Feature",
      "properties": {
        "@id": "way/119419848",
        "addr:city": "Bandung",
        "addr:postcode": "40132",
        "addr:street": "Jalan E ITB",
        "amenity": "restaurant",
        "building": "university",
        "building:levels": "2",
        "building:roof": "concrete",
        "building:structure": "reinforced_masonry",
        "building:use": "education",
        "building:walls": "brick",
        "name": "Labtek Biru ITB"
      },
      "geometry": {
        "type": "Polygon",
        "coordinates": [
          [
            [
              107.6092152,
              -6.8891878
            ],
            [
              107.6092154,
              -6.8892698
            ],
            [
              107.6092155,
              -6.8893294
            ],
            [
              107.6093683,
              -6.8893291
            ],
            [
              107.6093796,
              -6.889329
            ],
            [
              107.609393,
              -6.889329
            ],
            [
              107.6096843,
              -6.8893285
            ],
            [
              107.6096842,
              -6.8892718
            ],
            [
              107.6096841,
              -6.889187
            ],
            [
              107.6094445,
              -6.8891874
            ],
            [
              107.6094044,
              -6.8891875
            ],
            [
              107.6092152,
              -6.8891878
            ]
          ]
        ]
      },
      "id": "way/119419848"
    },
    {
      "type": "Feature",
      "properties": {
        "@id": "way/119419921",
        "addr:city": "Bandung",
        "addr:postcode": "40132",
        "addr:street": "Jalan Haji ITB",
        "amenity": "restaurant",
        "building": "yes",
        "building:levels": "1",
        "building:roof": "asbestos",
        "building:structure": "confined_masonry",
        "building:use": "education",
        "building:walls": "brick",
        "name": "Kantin East Corner ITB"
      },
      "geometry": {
        "type": "Polygon",
        "coordinates": [
          [
            [
              107.6126488,
              -6.8886613
            ],
            [
              107.6126415,
              -6.8888396
            ],
            [
              107.6128645,
              -6.8888609
            ],
            [
              107.6128762,
              -6.8886768
            ],
            [
              107.6126488,
              -6.8886613
            ]
          ]
        ]
      },
      "id": "way/119419921"
    },
    {
      "type": "Feature",
      "properties": {
        "@id": "way/119437949",
        "amenity": "restaurant",
        "building": "yes",
        "building:levels": "1",
        "building:roof": "tile",
        "building:structure": "reinforced_masonry",
        "building:use": "commercial",
        "building:walls": "brick",
        "cuisine": "italian",
        "name": "Warung Pasta",
        "opening_hours": "Mo-Fr 08:00-15:00"
      },
      "geometry": {
        "type": "Polygon",
        "coordinates": [
          [
            [
              107.6124038,
              -6.8933131
            ],
            [
              107.6123735,
              -6.8934435
            ],
            [
              107.6125678,
              -6.893488
            ],
            [
              107.6125981,
              -6.8933576
            ],
            [
              107.6124038,
              -6.8933131
            ]
          ]
        ]
      },
      "id": "way/119437949"
    },
    {
      "type": "Feature",
      "properties": {
        "@id": "way/119445947",
        "amenity": "restaurant",
        "building": "yes",
        "building:levels": "1",
        "building:roof": "tile",
        "building:structure": "reinforced_masonry",
        "building:use": "commercial",
        "building:walls": "brick",
        "cuisine": "Tea;asian;pasta",
        "name": "Bosscha Space",
        "opening_hours": "Mo-Su 08:00-23:00",
        "outdoor_seating": "yes",
        "website": "https://linktr.ee/bosschaspace"
      },
      "geometry": {
        "type": "Polygon",
        "coordinates": [
          [
            [
              107.6133706,
              -6.8959117
            ],
            [
              107.6130757,
              -6.895901
            ],
            [
              107.6130725,
              -6.8959876
            ],
            [
              107.6133674,
              -6.8959984
            ],
            [
              107.6133706,
              -6.8959117
            ]
          ]
        ]
      },
      "id": "way/119445947"
    },
    {
      "type": "Feature",
      "properties": {
        "@id": "way/119547303",
        "addr:housenumber": "183",
        "addr:street": "Jalan Ir. H. Djuanda",
        "amenity": "restaurant",
        "building": "yes",
        "building:levels": "1",
        "building:roof": "tile",
        "building:structure": "reinforced_masonry",
        "building:use": "government",
        "building:walls": "brick",
        "name": "Restoran Paduko Khas Minang"
      },
      "geometry": {
        "type": "Polygon",
        "coordinates": [
          [
            [
              107.6134316,
              -6.8848231
            ],
            [
              107.6136955,
              -6.8848954
            ],
            [
              107.6137267,
              -6.8847832
            ],
            [
              107.6134628,
              -6.8847109
            ],
            [
              107.6134316,
              -6.8848231
            ]
          ]
        ]
      },
      "id": "way/119547303"
    },
    {
      "type": "Feature",
      "properties": {
        "@id": "way/119760178",
        "amenity": "restaurant",
        "building": "yes",
        "cuisine": "indonesian",
        "name": "Sambal Bakar Indonesia"
      },
      "geometry": {
        "type": "Polygon",
        "coordinates": [
          [
            [
              107.610122,
              -6.9085431
            ],
            [
              107.6095778,
              -6.9085586
            ],
            [
              107.609585,
              -6.9088103
            ],
            [
              107.6101293,
              -6.908795
            ],
            [
              107.610122,
              -6.9085431
            ]
          ]
        ]
      },
      "id": "way/119760178"
    },
    {
      "type": "Feature",
      "properties": {
        "@id": "way/119760342",
        "amenity": "restaurant",
        "building": "yes",
        "building:levels": "3",
        "building:roof": "concrete",
        "building:structure": "reinforced_masonry",
        "building:use": "commercial",
        "building:walls": "brick",
        "name": "Bakso Malang Karapitan"
      },
      "geometry": {
        "type": "Polygon",
        "coordinates": [
          [
            [
              107.6104388,
              -6.9095164
            ],
            [
              107.6103092,
              -6.9095175
            ],
            [
              107.6103101,
              -6.9096129
            ],
            [
              107.6104396,
              -6.9096118
            ],
            [
              107.6104388,
              -6.9095164
            ]
          ]
        ]
      },
      "id": "way/119760342"
    },
    {
      "type": "Feature",
      "properties": {
        "@id": "way/124469759",
        "amenity": "restaurant",
        "building": "house",
        "building:levels": "2",
        "building:roof": "asbestos",
        "building:structure": "reinforced_masonry",
        "building:use": "commercial",
        "building:walls": "brick"
      },
      "geometry": {
        "type": "Polygon",
        "coordinates": [
          [
            [
              107.6149442,
              -6.8845701
            ],
            [
              107.614892,
              -6.884618
            ],
            [
              107.6149737,
              -6.8847059
            ],
            [
              107.6150259,
              -6.884658
            ],
            [
              107.6149442,
              -6.8845701
            ]
          ]
        ]
      },
      "id": "way/124469759"
    },
    {
      "type": "Feature",
      "properties": {
        "@id": "way/124817379",
        "amenity": "restaurant",
        "building": "yes",
        "building:levels": "1",
        "building:roof": "tile",
        "building:structure": "reinforced_masonry",
        "building:use": "shop",
        "building:walls": "brick",
        "cuisine": "sundanese",
        "name": "Rumah Makan Ampera"
      },
      "geometry": {
        "type": "Polygon",
        "coordinates": [
          [
            [
              107.622544,
              -6.8860215
            ],
            [
              107.6226309,
              -6.8860998
            ],
            [
              107.6227311,
              -6.8859901
            ],
            [
              107.6226442,
              -6.8859118
            ],
            [
              107.622544,
              -6.8860215
            ]
          ]
        ]
      },
      "id": "way/124817379"
    },
    {
      "type": "Feature",
      "properties": {
        "@id": "way/125177127",
        "amenity": "restaurant",
        "building": "yes",
        "name": "Centrum"
      },
      "geometry": {
        "type": "Polygon",
        "coordinates": [
          [
            [
              107.6162761,
              -6.912227
            ],
            [
              107.6160337,
              -6.912325
            ],
            [
              107.6162492,
              -6.9128463
            ],
            [
              107.6165112,
              -6.9127406
            ],
            [
              107.6162761,
              -6.912227
            ]
          ]
        ]
      },
      "id": "way/125177127"
    },
    {
      "type": "Feature",
      "properties": {
        "@id": "way/153879195",
        "amenity": "restaurant",
        "building": "yes",
        "name": "Sakura Nusa"
      },
      "geometry": {
        "type": "Polygon",
        "coordinates": [
          [
            [
              107.6337773,
              -6.9180822
            ],
            [
              107.6337345,
              -6.9182448
            ],
            [
              107.6342446,
              -6.9183769
            ],
            [
              107.6342873,
              -6.9182142
            ],
            [
              107.6337773,
              -6.9180822
            ]
          ]
        ]
      },
      "id": "way/153879195"
    },
    {
      "type": "Feature",
      "properties": {
        "@id": "way/153879269",
        "amenity": "restaurant",
        "building": "yes",
        "name": "Bajawa Flores"
      },
      "geometry": {
        "type": "Polygon",
        "coordinates": [
          [
            [
              107.634088,
              -6.9178103
            ],
            [
              107.6340524,
              -6.917951
            ],
            [
              107.6341694,
              -6.9179802
            ],
            [
              107.6341448,
              -6.9180776
            ],
            [
              107.6344493,
              -6.9181536
            ],
            [
              107.6345095,
              -6.9179155
            ],
            [
              107.634088,
              -6.9178103
            ]
          ]
        ]
      },
      "id": "way/153879269"
    },
    {
      "type": "Feature",
      "properties": {
        "@id": "way/174262612",
        "amenity": "restaurant",
        "internet_access": "no",
        "internet_access:fee": "no",
        "name": "Rumah Makan Padang Sederhana",
        "operator": "Indonesia",
        "smoking": "no",
        "wheelchair": "no"
      },
      "geometry": {
        "type": "Polygon",
        "coordinates": [
          [
            [
              107.6005071,
              -6.8828908
            ],
            [
              107.6004665,
              -6.8829202
            ],
            [
              107.6004644,
              -6.8829396
            ],
            [
              107.6003435,
              -6.8830656
            ],
            [
              107.6004705,
              -6.8831957
            ],
            [
              107.6005397,
              -6.8831255
            ],
            [
              107.6005041,
              -6.883091
            ],
            [
              107.6005254,
              -6.8830656
            ],
            [
              107.600562,
              -6.8831032
            ],
            [
              107.6006423,
              -6.8830229
            ],
            [
              107.6005905,
              -6.88297
            ],
            [
              107.6005986,
              -6.8829578
            ],
            [
              107.6005559,
              -6.8829182
            ],
            [
              107.6005397,
              -6.8829274
            ],
            [
              107.6005071,
              -6.8828908
            ]
          ]
        ]
      },
      "id": "way/174262612"
    },
    {
      "type": "Feature",
      "properties": {
        "@id": "way/299082464",
        "addr:city": "Bandung, Jawa Barat",
        "addr:street": "Badak Singa",
        "amenity": "restaurant",
        "building": "yes",
        "cuisine": "Lumpia",
        "name": "Lumpia Semarang"
      },
      "geometry": {
        "type": "Polygon",
        "coordinates": [
          [
            [
              107.6106481,
              -6.8970146
            ],
            [
              107.6106457,
              -6.8971955
            ],
            [
              107.6108279,
              -6.8972047
            ],
            [
              107.6108846,
              -6.8971554
            ],
            [
              107.6109511,
              -6.897107
            ],
            [
              107.6109656,
              -6.8970819
            ],
            [
              107.6108419,
              -6.896915
            ],
            [
              107.6106481,
              -6.8970146
            ]
          ]
        ]
      },
      "id": "way/299082464"
    },
    {
      "type": "Feature",
      "properties": {
        "@id": "way/299103743",
        "addr:city": "Bandung, Jawa Barat",
        "addr:street": "Sulanjana",
        "amenity": "restaurant",
        "building": "yes",
        "name": "Bebek Garang"
      },
      "geometry": {
        "type": "Polygon",
        "coordinates": [
          [
            [
              107.6108525,
              -6.8999225
            ],
            [
              107.6107936,
              -6.9001228
            ],
            [
              107.6109878,
              -6.9001791
            ],
            [
              107.6110467,
              -6.8999788
            ],
            [
              107.6108525,
              -6.8999225
            ]
          ]
        ]
      },
      "id": "way/299103743"
    },
    {
      "type": "Feature",
      "properties": {
        "@id": "way/327929452",
        "amenity": "restaurant",
        "building": "yes",
        "cuisine": "Batak_food",
        "designation": "restaurant",
        "name": "Lapo Gundaling"
      },
      "geometry": {
        "type": "Polygon",
        "coordinates": [
          [
            [
              107.618122,
              -6.8978798
            ],
            [
              107.6181274,
              -6.8980183
            ],
            [
              107.6182723,
              -6.898013
            ],
            [
              107.6182722,
              -6.8978532
            ],
            [
              107.618122,
              -6.8978798
            ]
          ]
        ]
      },
      "id": "way/327929452"
    },
    {
      "type": "Feature",
      "properties": {
        "@id": "way/344184000",
        "amenity": "restaurant",
        "building": "yes",
        "name": "Colombia"
      },
      "geometry": {
        "type": "Polygon",
        "coordinates": [
          [
            [
              107.6128589,
              -6.8935488
            ],
            [
              107.6128858,
              -6.8933808
            ],
            [
              107.612782,
              -6.8933617
            ],
            [
              107.6127704,
              -6.8934151
            ],
            [
              107.612682,
              -6.8933999
            ],
            [
              107.6126589,
              -6.8935144
            ],
            [
              107.6128589,
              -6.8935488
            ]
          ]
        ]
      },
      "id": "way/344184000"
    },
    {
      "type": "Feature",
      "properties": {
        "@id": "way/376352095",
        "amenity": "restaurant",
        "building": "yes",
        "cuisine": "western",
        "name": "Noah's Barn"
      },
      "geometry": {
        "type": "Polygon",
        "coordinates": [
          [
            [
              107.6123812,
              -6.8870411
            ],
            [
              107.6124304,
              -6.8870432
            ],
            [
              107.6124287,
              -6.8871247
            ],
            [
              107.6124879,
              -6.8871252
            ],
            [
              107.6124879,
              -6.8871128
            ],
            [
              107.6125544,
              -6.8871145
            ],
            [
              107.6125569,
              -6.8869555
            ],
            [
              107.61245,
              -6.8869506
            ],
            [
              107.6124639,
              -6.8866877
            ],
            [
              107.6126009,
              -6.8866949
            ],
            [
              107.6125964,
              -6.8868364
            ],
            [
              107.6126523,
              -6.8868394
            ],
            [
              107.6126574,
              -6.8866314
            ],
            [
              107.6124021,
              -6.8866197
            ],
            [
              107.6123812,
              -6.8870411
            ]
          ]
        ]
      },
      "id": "way/376352095"
    },
    {
      "type": "Feature",
      "properties": {
        "@id": "way/376352098",
        "amenity": "restaurant",
        "building": "yes",
        "name": "Wijdeblik"
      },
      "geometry": {
        "type": "Polygon",
        "coordinates": [
          [
            [
              107.6117927,
              -6.8865539
            ],
            [
              107.6117929,
              -6.8866917
            ],
            [
              107.611826,
              -6.8866916
            ],
            [
              107.6118262,
              -6.8868528
            ],
            [
              107.6119961,
              -6.8868525
            ],
            [
              107.6119958,
              -6.8866286
            ],
            [
              107.6119957,
              -6.8865536
            ],
            [
              107.6117927,
              -6.8865539
            ]
          ]
        ]
      },
      "id": "way/376352098"
    },
    {
      "type": "Feature",
      "properties": {
        "@id": "way/376352102",
        "amenity": "restaurant",
        "building": "yes",
        "cuisine": "regional",
        "name": "Soto Padang Uda Ujang"
      },
      "geometry": {
        "type": "Polygon",
        "coordinates": [
          [
            [
              107.6174645,
              -6.8960087
            ],
            [
              107.6174381,
              -6.8961082
            ],
            [
              107.6175999,
              -6.8961099
            ],
            [
              107.6176333,
              -6.8959982
            ],
            [
              107.6174645,
              -6.8960087
            ]
          ]
        ]
      },
      "id": "way/376352102"
    },
    {
      "type": "Feature",
      "properties": {
        "@id": "way/376352103",
        "amenity": "restaurant",
        "building": "yes",
        "capacity": "20",
        "cuisine": "regional",
        "name": "Lontong Medan Kak Zahra",
        "takeaway": "yes"
      },
      "geometry": {
        "type": "Polygon",
        "coordinates": [
          [
            [
              107.6174451,
              -6.8920568
            ],
            [
              107.6175574,
              -6.8921447
            ],
            [
              107.617593,
              -6.8921007
            ],
            [
              107.6175274,
              -6.8919815
            ],
            [
              107.6174451,
              -6.8920568
            ]
          ]
        ]
      },
      "id": "way/376352103"
    },
    {
      "type": "Feature",
      "properties": {
        "@id": "way/376352104",
        "amenity": "restaurant",
        "building": "yes",
        "capacity": "50",
        "cuisine": "regional",
        "name": "Boga Raso"
      },
      "geometry": {
        "type": "Polygon",
        "coordinates": [
          [
            [
              107.6148232,
              -6.8860192
            ],
            [
              107.6148566,
              -6.8861274
            ],
            [
              107.6149888,
              -6.8860836
            ],
            [
              107.6150043,
              -6.8860785
            ],
            [
              107.6149692,
              -6.8859703
            ],
            [
              107.6148232,
              -6.8860192
            ]
          ]
        ]
      },
      "id": "way/376352104"
    },
    {
      "type": "Feature",
      "properties": {
        "@id": "way/376352105",
        "air_conditioning": "no",
        "amenity": "restaurant",
        "branch": "Dipatiukur",
        "brand": "Mie Gacoan",
        "brand:wikidata": "Q111995141",
        "building": "yes",
        "capacity": "50",
        "cuisine": "noodle",
        "diet:halal": "only",
        "name": "Mie Gacoan",
        "smoking": "yes",
        "takeaway": "yes"
      },
      "geometry": {
        "type": "Polygon",
        "coordinates": [
          [
            [
              107.6136611,
              -6.8979357
            ],
            [
              107.6135133,
              -6.8977508
            ],
            [
              107.6134428,
              -6.8978021
            ],
            [
              107.6134962,
              -6.8978855
            ],
            [
              107.6133945,
              -6.8979533
            ],
            [
              107.6134218,
              -6.8979942
            ],
            [
              107.6133925,
              -6.8980146
            ],
            [
              107.6134306,
              -6.8980704
            ],
            [
              107.6134772,
              -6.8980447
            ],
            [
              107.6134892,
              -6.8980459
            ],
            [
              107.6135037,
              -6.8980462
            ],
            [
              107.6135173,
              -6.8980454
            ],
            [
              107.613529,
              -6.8980417
            ],
            [
              107.6135384,
              -6.8980335
            ],
            [
              107.6135437,
              -6.8980229
            ],
            [
              107.6135442,
              -6.8980103
            ],
            [
              107.6136611,
              -6.8979357
            ]
          ]
        ]
      },
      "id": "way/376352105"
    },
    {
      "type": "Feature",
      "properties": {
        "@id": "way/376352109",
        "amenity": "restaurant",
        "building": "yes",
        "capacity": "100",
        "cuisine": "japanese",
        "name": "Midori",
        "smoking": "isolated"
      },
      "geometry": {
        "type": "Polygon",
        "coordinates": [
          [
            [
              107.6154021,
              -6.9034433
            ],
            [
              107.6153188,
              -6.9035311
            ],
            [
              107.6153801,
              -6.9035871
            ],
            [
              107.6153936,
              -6.9036491
            ],
            [
              107.6155834,
              -6.9036124
            ],
            [
              107.6155485,
              -6.9035557
            ],
            [
              107.6154021,
              -6.9034433
            ]
          ]
        ]
      },
      "id": "way/376352109"
    },
    {
      "type": "Feature",
      "properties": {
        "@id": "way/376352116",
        "amenity": "restaurant",
        "building": "yes",
        "cuisine": "arab",
        "name": "Qahwa"
      },
      "geometry": {
        "type": "Polygon",
        "coordinates": [
          [
            [
              107.6172034,
              -6.904622
            ],
            [
              107.6174239,
              -6.9046249
            ],
            [
              107.6174153,
              -6.9042694
            ],
            [
              107.617189,
              -6.9042779
            ],
            [
              107.6172034,
              -6.904622
            ]
          ]
        ]
      },
      "id": "way/376352116"
    },
    {
      "type": "Feature",
      "properties": {
        "@id": "way/376352122",
        "amenity": "restaurant",
        "building": "yes",
        "name": "Grill & Suki Time"
      },
      "geometry": {
        "type": "Polygon",
        "coordinates": [
          [
            [
              107.6204015,
              -6.9066488
            ],
            [
              107.6201179,
              -6.9067303
            ],
            [
              107.6201823,
              -6.906948
            ],
            [
              107.6204675,
              -6.9068101
            ],
            [
              107.6204015,
              -6.9066488
            ]
          ]
        ]
      },
      "id": "way/376352122"
    },
    {
      "type": "Feature",
      "properties": {
        "@id": "way/376352125",
        "amenity": "restaurant",
        "building": "yes",
        "cuisine": "regional",
        "name": "Sambel Hejo"
      },
      "geometry": {
        "type": "Polygon",
        "coordinates": [
          [
            [
              107.6160721,
              -6.9167836
            ],
            [
              107.6162705,
              -6.9168362
            ],
            [
              107.6163525,
              -6.9165237
            ],
            [
              107.616133,
              -6.9164528
            ],
            [
              107.6160721,
              -6.9167836
            ]
          ]
        ]
      },
      "id": "way/376352125"
    },
    {
      "type": "Feature",
      "properties": {
        "@id": "way/376352129",
        "amenity": "restaurant",
        "building": "yes",
        "cuisine": "regional",
        "name": "Bakso Avon"
      },
      "geometry": {
        "type": "Polygon",
        "coordinates": [
          [
            [
              107.6184897,
              -6.9217244
            ],
            [
              107.6186292,
              -6.9216602
            ],
            [
              107.6185946,
              -6.9215859
            ],
            [
              107.6184551,
              -6.9216501
            ],
            [
              107.6184897,
              -6.9217244
            ]
          ]
        ]
      },
      "id": "way/376352129"
    },
    {
      "type": "Feature",
      "properties": {
        "@id": "way/376628478",
        "amenity": "restaurant",
        "building": "yes",
        "capacity": "50",
        "cuisine": "Noodle,_Bakso",
        "name": "Mie Linggarjati",
        "smoking": "separated",
        "takeaway": "yes"
      },
      "geometry": {
        "type": "Polygon",
        "coordinates": [
          [
            [
              107.6076495,
              -6.9229452
            ],
            [
              107.6077161,
              -6.9229529
            ],
            [
              107.60772,
              -6.9229202
            ],
            [
              107.6077269,
              -6.9228614
            ],
            [
              107.6076603,
              -6.9228536
            ],
            [
              107.6076495,
              -6.9229452
            ]
          ]
        ]
      },
      "id": "way/376628478"
    },
    {
      "type": "Feature",
      "properties": {
        "@id": "way/377299607",
        "amenity": "restaurant",
        "building": "yes"
      },
      "geometry": {
        "type": "Polygon",
        "coordinates": [
          [
            [
              107.6149051,
              -6.8827912
            ],
            [
              107.6149687,
              -6.8827039
            ],
            [
              107.614865,
              -6.8826182
            ],
            [
              107.6147995,
              -6.8826928
            ],
            [
              107.6149051,
              -6.8827912
            ]
          ]
        ]
      },
      "id": "way/377299607"
    },
    {
      "type": "Feature",
      "properties": {
        "@id": "way/377299616",
        "amenity": "restaurant",
        "building": "yes",
        "name": "Ayam Goreng & Bakar Pringgodani"
      },
      "geometry": {
        "type": "Polygon",
        "coordinates": [
          [
            [
              107.6161348,
              -6.8798117
            ],
            [
              107.6159815,
              -6.879774
            ],
            [
              107.6159773,
              -6.8797906
            ],
            [
              107.6159516,
              -6.8797843
            ],
            [
              107.615936,
              -6.8798471
            ],
            [
              107.6159231,
              -6.879844
            ],
            [
              107.6159113,
              -6.8798917
            ],
            [
              107.6160253,
              -6.8799196
            ],
            [
              107.6160308,
              -6.8798978
            ],
            [
              107.6161086,
              -6.8799169
            ],
            [
              107.6161348,
              -6.8798117
            ]
          ]
        ]
      },
      "id": "way/377299616"
    },
    {
      "type": "Feature",
      "properties": {
        "@id": "way/377299618",
        "amenity": "restaurant",
        "name": "BEKLI"
      },
      "geometry": {
        "type": "Polygon",
        "coordinates": [
          [
            [
              107.6153468,
              -6.8821622
            ],
            [
              107.6153951,
              -6.882093
            ],
            [
              107.6152581,
              -6.8820312
            ],
            [
              107.6152237,
              -6.8820948
            ],
            [
              107.6153468,
              -6.8821622
            ]
          ]
        ]
      },
      "id": "way/377299618"
    },
    {
      "type": "Feature",
      "properties": {
        "@id": "way/377299625",
        "amenity": "restaurant",
        "name": "Bubur Pak Zaenal"
      },
      "geometry": {
        "type": "Polygon",
        "coordinates": [
          [
            [
              107.6149643,
              -6.8830143
            ],
            [
              107.6150149,
              -6.8830467
            ],
            [
              107.6150326,
              -6.8830041
            ],
            [
              107.6149894,
              -6.8829778
            ],
            [
              107.6149643,
              -6.8830143
            ]
          ]
        ]
      },
      "id": "way/377299625"
    },
    {
      "type": "Feature",
      "properties": {
        "@id": "way/377299638",
        "amenity": "restaurant",
        "cuisine": "steak_house",
        "name": "Happy Cow Steak"
      },
      "geometry": {
        "type": "Polygon",
        "coordinates": [
          [
            [
              107.6179147,
              -6.8761555
            ],
            [
              107.6177896,
              -6.8761043
            ],
            [
              107.6177394,
              -6.8762255
            ],
            [
              107.6178644,
              -6.8762766
            ],
            [
              107.6179147,
              -6.8761555
            ]
          ]
        ]
      },
      "id": "way/377299638"
    },
    {
      "type": "Feature",
      "properties": {
        "@id": "way/377299650",
        "amenity": "restaurant",
        "building": "residential",
        "name": "Kantin Tegal Abadi Putra"
      },
      "geometry": {
        "type": "Polygon",
        "coordinates": [
          [
            [
              107.6176516,
              -6.8771213
            ],
            [
              107.6176887,
              -6.877148
            ],
            [
              107.6177251,
              -6.8770981
            ],
            [
              107.6176881,
              -6.8770714
            ],
            [
              107.6176516,
              -6.8771213
            ]
          ]
        ]
      },
      "id": "way/377299650"
    },
    {
      "type": "Feature",
      "properties": {
        "@id": "way/377299651",
        "amenity": "restaurant",
        "name": "Kantin Tegal Abadi"
      },
      "geometry": {
        "type": "Polygon",
        "coordinates": [
          [
            [
              107.6151591,
              -6.882455
            ],
            [
              107.6150676,
              -6.8823868
            ],
            [
              107.6150263,
              -6.8824414
            ],
            [
              107.6151179,
              -6.8825096
            ],
            [
              107.6151591,
              -6.882455
            ]
          ]
        ]
      },
      "id": "way/377299651"
    },
    {
      "type": "Feature",
      "properties": {
        "@id": "way/377299656",
        "amenity": "restaurant",
        "name": "Kedai Mie Dago"
      },
      "geometry": {
        "type": "Polygon",
        "coordinates": [
          [
            [
              107.615248,
              -6.8823376
            ],
            [
              107.6152992,
              -6.8822694
            ],
            [
              107.615098,
              -6.8821205
            ],
            [
              107.6150468,
              -6.8821887
            ],
            [
              107.6151561,
              -6.8822696
            ],
            [
              107.615248,
              -6.8823376
            ]
          ]
        ]
      },
      "id": "way/377299656"
    },
    {
      "type": "Feature",
      "properties": {
        "@id": "way/377299674",
        "amenity": "restaurant",
        "name": "Sam's Strawberry Corner"
      },
      "geometry": {
        "type": "Polygon",
        "coordinates": [
          [
            [
              107.6172862,
              -6.8768883
            ],
            [
              107.6171972,
              -6.8768593
            ],
            [
              107.6171915,
              -6.8768765
            ],
            [
              107.6171189,
              -6.8768529
            ],
            [
              107.61709,
              -6.8769407
            ],
            [
              107.6172233,
              -6.876984
            ],
            [
              107.6172293,
              -6.8769658
            ],
            [
              107.6172575,
              -6.876975
            ],
            [
              107.6172862,
              -6.8768883
            ]
          ]
        ]
      },
      "id": "way/377299674"
    },
    {
      "type": "Feature",
      "properties": {
        "@id": "way/377299678",
        "addr:housenumber": "174",
        "addr:street": "Jalan Ir. H. Djuanda",
        "air_conditioning": "no",
        "amenity": "restaurant",
        "building": "retail",
        "name": "Sate Banyumas"
      },
      "geometry": {
        "type": "Polygon",
        "coordinates": [
          [
            [
              107.6138723,
              -6.8850866
            ],
            [
              107.6138647,
              -6.8851159
            ],
            [
              107.6139356,
              -6.8851339
            ],
            [
              107.6139432,
              -6.8851046
            ],
            [
              107.6138723,
              -6.8850866
            ]
          ]
        ]
      },
      "id": "way/377299678"
    },
    {
      "type": "Feature",
      "properties": {
        "@id": "way/377299685",
        "amenity": "restaurant",
        "name": "Tegal Murni"
      },
      "geometry": {
        "type": "Polygon",
        "coordinates": [
          [
            [
              107.6174894,
              -6.8774508
            ],
            [
              107.6175349,
              -6.8773682
            ],
            [
              107.6174701,
              -6.877332
            ],
            [
              107.617424,
              -6.8774133
            ],
            [
              107.6174894,
              -6.8774508
            ]
          ]
        ]
      },
      "id": "way/377299685"
    },
    {
      "type": "Feature",
      "properties": {
        "@id": "way/377299687",
        "addr:city": "Dago, Coblong, Kota Bandung, Jawa Barat",
        "addr:housenumber": "345",
        "addr:street": "Jl. Ir. H.Djuanda",
        "amenity": "restaurant",
        "name": "Thai Palace"
      },
      "geometry": {
        "type": "Polygon",
        "coordinates": [
          [
            [
              107.6187212,
              -6.8747797
            ],
            [
              107.6185022,
              -6.8746996
            ],
            [
              107.6184539,
              -6.8748296
            ],
            [
              107.6186729,
              -6.8749098
            ],
            [
              107.6187212,
              -6.8747797
            ]
          ]
        ]
      },
      "id": "way/377299687"
    },
    {
      "type": "Feature",
      "properties": {
        "@id": "way/377299724",
        "amenity": "restaurant",
        "name": "Warung Colenak"
      },
      "geometry": {
        "type": "Polygon",
        "coordinates": [
          [
            [
              107.6187433,
              -6.8749918
            ],
            [
              107.6186975,
              -6.8749685
            ],
            [
              107.6186637,
              -6.8750339
            ],
            [
              107.6187095,
              -6.8750572
            ],
            [
              107.6187433,
              -6.8749918
            ]
          ]
        ]
      },
      "id": "way/377299724"
    },
    {
      "type": "Feature",
      "properties": {
        "@id": "way/377299727",
        "amenity": "restaurant",
        "name": "Warung Dago 205"
      },
      "geometry": {
        "type": "Polygon",
        "coordinates": [
          [
            [
              107.6151179,
              -6.8825096
            ],
            [
              107.6150263,
              -6.8824414
            ],
            [
              107.6149956,
              -6.8824821
            ],
            [
              107.6150872,
              -6.8825503
            ],
            [
              107.6151179,
              -6.8825096
            ]
          ]
        ]
      },
      "id": "way/377299727"
    },
    {
      "type": "Feature",
      "properties": {
        "@id": "way/377299729",
        "amenity": "restaurant",
        "name": "Warung Nasi Brokah"
      },
      "geometry": {
        "type": "Polygon",
        "coordinates": [
          [
            [
              107.6191354,
              -6.8741014
            ],
            [
              107.6190932,
              -6.8740818
            ],
            [
              107.6190815,
              -6.8741066
            ],
            [
              107.6191237,
              -6.8741262
            ],
            [
              107.6191354,
              -6.8741014
            ]
          ]
        ]
      },
      "id": "way/377299729"
    },
    {
      "type": "Feature",
      "properties": {
        "@id": "way/377299731",
        "amenity": "restaurant",
        "name": "Warung Nasi Tegal Dua Putri"
      },
      "geometry": {
        "type": "Polygon",
        "coordinates": [
          [
            [
              107.6183335,
              -6.8757173
            ],
            [
              107.6183184,
              -6.8757428
            ],
            [
              107.6183821,
              -6.8757733
            ],
            [
              107.6183976,
              -6.8757454
            ],
            [
              107.6183335,
              -6.8757173
            ]
          ]
        ]
      },
      "id": "way/377299731"
    },
    {
      "type": "Feature",
      "properties": {
        "@id": "way/381032766",
        "addr:city": "Taman Sari, Bandung Wetan, Bandung, Jawa Barat",
        "addr:housenumber": "28",
        "addr:postcode": "40116",
        "addr:street": "Jalan Taman Sari",
        "amenity": "restaurant",
        "building": "retail",
        "cuisine": "ice_cream",
        "name": "WEDRINK @TamanSari 28"
      },
      "geometry": {
        "type": "Polygon",
        "coordinates": [
          [
            [
              107.6085166,
              -6.9024052
            ],
            [
              107.6083339,
              -6.9024083
            ],
            [
              107.6083341,
              -6.9024186
            ],
            [
              107.6082817,
              -6.9024194
            ],
            [
              107.6082821,
              -6.9024415
            ],
            [
              107.6081845,
              -6.9024432
            ],
            [
              107.6081873,
              -6.9026094
            ],
            [
              107.6083018,
              -6.9026075
            ],
            [
              107.6082999,
              -6.9024958
            ],
            [
              107.6083384,
              -6.9024952
            ],
            [
              107.608338,
              -6.9024753
            ],
            [
              107.6083826,
              -6.9024745
            ],
            [
              107.6083832,
              -6.9025051
            ],
            [
              107.6085183,
              -6.9025028
            ],
            [
              107.6085166,
              -6.9024052
            ]
          ]
        ]
      },
      "id": "way/381032766"
    },
    {
      "type": "Feature",
      "properties": {
        "@id": "way/383052744",
        "addr:city": "Bandung",
        "addr:housenumber": "618",
        "addr:street": "Jalan Soekarno-Hatta",
        "amenity": "restaurant",
        "cuisine": "sundanese",
        "delivery": "yes",
        "name": "Ampera",
        "name:en": "Ampera",
        "opening_hours": "09:00-22:00",
        "smoking": "yes",
        "takeaway": "yes"
      },
      "geometry": {
        "type": "Polygon",
        "coordinates": [
          [
            [
              107.663924,
              -6.9394162
            ],
            [
              107.6638989,
              -6.9396513
            ],
            [
              107.6638776,
              -6.9398504
            ],
            [
              107.6641262,
              -6.9398895
            ],
            [
              107.6647568,
              -6.9399885
            ],
            [
              107.6647877,
              -6.9396245
            ],
            [
              107.6649821,
              -6.9396508
            ],
            [
              107.6649862,
              -6.9393482
            ],
            [
              107.6649887,
              -6.939164
            ],
            [
              107.6647258,
              -6.9391772
            ],
            [
              107.6647248,
              -6.9393457
            ],
            [
              107.6647236,
              -6.939539
            ],
            [
              107.6642018,
              -6.9394589
            ],
            [
              107.663924,
              -6.9394162
            ]
          ]
        ]
      },
      "id": "way/383052744"
    },
    {
      "type": "Feature",
      "properties": {
        "@id": "way/383052751",
        "amenity": "restaurant",
        "building": "yes",
        "cuisine": "regional",
        "name": "Kantin",
        "opening_hours": "24/7",
        "smoking": "no",
        "takeaway": "yes"
      },
      "geometry": {
        "type": "Polygon",
        "coordinates": [
          [
            [
              107.6694167,
              -6.9393711
            ],
            [
              107.6695511,
              -6.9393761
            ],
            [
              107.6695503,
              -6.9392072
            ],
            [
              107.6695495,
              -6.9390392
            ],
            [
              107.6694369,
              -6.9390385
            ],
            [
              107.6694381,
              -6.9391907
            ],
            [
              107.6694194,
              -6.9392187
            ],
            [
              107.6694167,
              -6.9393711
            ]
          ]
        ]
      },
      "id": "way/383052751"
    },
    {
      "type": "Feature",
      "properties": {
        "@id": "way/455734002",
        "addr:city": "Bandung",
        "addr:housenumber": "63",
        "addr:street": "Jl. Pajajaran",
        "amenity": "restaurant",
        "building": "yes",
        "cuisine": "asian",
        "diet:vegan": "only",
        "name": "Kehidupan Tidak Pernah Berakhir",
        "opening_hours": "Mo-Su 06:00-21:00"
      },
      "geometry": {
        "type": "Polygon",
        "coordinates": [
          [
            [
              107.5984288,
              -6.906823
            ],
            [
              107.5983743,
              -6.9068172
            ],
            [
              107.5983296,
              -6.9068124
            ],
            [
              107.5983291,
              -6.9068171
            ],
            [
              107.598291,
              -6.9068131
            ],
            [
              107.5982783,
              -6.9069311
            ],
            [
              107.5983109,
              -6.9069346
            ],
            [
              107.5983006,
              -6.9070306
            ],
            [
              107.5984051,
              -6.9070417
            ],
            [
              107.5984288,
              -6.906823
            ]
          ]
        ]
      },
      "id": "way/455734002"
    },
    {
      "type": "Feature",
      "properties": {
        "@id": "way/512168742",
        "air_conditioning": "no",
        "amenity": "restaurant",
        "branch": "Paskal",
        "brand": "Mie Gacoan",
        "brand:wikidata": "Q111995141",
        "building": "yes",
        "cuisine": "noodle",
        "diet:halal": "only",
        "diet:spicy": "yes",
        "name": "Mie Gacoan",
        "opening_hours": "24/7"
      },
      "geometry": {
        "type": "Polygon",
        "coordinates": [
          [
            [
              107.5970348,
              -6.9012712
            ],
            [
              107.5970194,
              -6.90145
            ],
            [
              107.597205,
              -6.9014658
            ],
            [
              107.5972205,
              -6.901287
            ],
            [
              107.5970348,
              -6.9012712
            ]
          ]
        ]
      },
      "id": "way/512168742"
    },
    {
      "type": "Feature",
      "properties": {
        "@id": "way/512276510",
        "addr:full": "Jalan Cihampelas No.43, Tamansari, Bandung Wetan, Kota Bandung, Jawa Barat 40116",
        "amenity": "restaurant",
        "building": "yes",
        "name": "Wastu Nanda"
      },
      "geometry": {
        "type": "Polygon",
        "coordinates": [
          [
            [
              107.6042463,
              -6.9031523
            ],
            [
              107.6042502,
              -6.9030972
            ],
            [
              107.6041906,
              -6.903093
            ],
            [
              107.6041867,
              -6.9031482
            ],
            [
              107.6042463,
              -6.9031523
            ]
          ]
        ]
      },
      "id": "way/512276510"
    },
    {
      "type": "Feature",
      "properties": {
        "@id": "way/512276655",
        "addr:full": "Jalan Cihampelas No. 57, Tamansari, Bandung Wetan, Kota Bandung, Jawa Barat 40116",
        "amenity": "restaurant",
        "building": "yes",
        "name": "Oncom Raos"
      },
      "geometry": {
        "type": "Polygon",
        "coordinates": [
          [
            [
              107.6039386,
              -6.902127
            ],
            [
              107.6039252,
              -6.9022001
            ],
            [
              107.6041022,
              -6.9022321
            ],
            [
              107.6041156,
              -6.902159
            ],
            [
              107.6039386,
              -6.902127
            ]
          ]
        ]
      },
      "id": "way/512276655"
    },
    {
      "type": "Feature",
      "properties": {
        "@id": "way/512335923",
        "amenity": "restaurant",
        "building": "yes",
        "check_date": "2026-07-20",
        "cuisine": "roti_lapissandwich;ice_cream;cake",
        "diet:halal": "yes",
        "name": "Bolen Lilit YOGYA",
        "opening_hours": "Mo-Su 07:00-22:00",
        "takeaway": "yes"
      },
      "geometry": {
        "type": "Polygon",
        "coordinates": [
          [
            [
              107.6142128,
              -6.902609
            ],
            [
              107.6141202,
              -6.9027009
            ],
            [
              107.6142248,
              -6.9028047
            ],
            [
              107.6143174,
              -6.9027128
            ],
            [
              107.6142128,
              -6.902609
            ]
          ]
        ]
      },
      "id": "way/512335923"
    },
    {
      "type": "Feature",
      "properties": {
        "@id": "way/512336167",
        "amenity": "restaurant",
        "building": "yes",
        "name": "The Cellar"
      },
      "geometry": {
        "type": "Polygon",
        "coordinates": [
          [
            [
              107.6146781,
              -6.9001046
            ],
            [
              107.6146791,
              -6.9002311
            ],
            [
              107.6146768,
              -6.9002311
            ],
            [
              107.6146768,
              -6.9004042
            ],
            [
              107.6148753,
              -6.9004042
            ],
            [
              107.6148753,
              -6.9002729
            ],
            [
              107.6149065,
              -6.9002715
            ],
            [
              107.6148998,
              -6.9001264
            ],
            [
              107.6148511,
              -6.9001286
            ],
            [
              107.6148559,
              -6.9002311
            ],
            [
              107.614742,
              -6.9002311
            ],
            [
              107.614741,
              -6.9001042
            ],
            [
              107.6146781,
              -6.9001046
            ]
          ]
        ]
      },
      "id": "way/512336167"
    },
    {
      "type": "Feature",
      "properties": {
        "@id": "way/512704685",
        "addr:street": "Jalan R.E. Martadinata",
        "amenity": "restaurant",
        "building": "yes",
        "cuisine": "indonesian",
        "name": "Paviliun Sunda",
        "outdoor_seating": "yes",
        "payment:coins": "yes",
        "payment:ep_flazz": "yes",
        "payment:gpn_debit": "yes",
        "payment:jcb": "yes",
        "payment:maestro": "yes",
        "payment:mastercard": "yes",
        "payment:notes": "yes",
        "payment:unionpay": "yes",
        "payment:visa": "yes",
        "payment:visa_debit": "yes",
        "payment:visa_electron": "yes",
        "toilets": "yes",
        "toilets:access": "customers",
        "toilets:wheelchair": "limited",
        "wheelchair": "yes"
      },
      "geometry": {
        "type": "Polygon",
        "coordinates": [
          [
            [
              107.6200975,
              -6.9054834
            ],
            [
              107.6200882,
              -6.9056485
            ],
            [
              107.6202149,
              -6.9056556
            ],
            [
              107.6202243,
              -6.9054905
            ],
            [
              107.6200975,
              -6.9054834
            ]
          ]
        ]
      },
      "id": "way/512704685"
    },
    {
      "type": "Feature",
      "properties": {
        "@id": "way/512884399",
        "amenity": "restaurant",
        "building": "yes",
        "name": "Nichi Izakaya Bar & Yakiniku"
      },
      "geometry": {
        "type": "Polygon",
        "coordinates": [
          [
            [
              107.6181906,
              -6.9146085
            ],
            [
              107.6181547,
              -6.914537
            ],
            [
              107.6180216,
              -6.9146028
            ],
            [
              107.6180735,
              -6.9147061
            ],
            [
              107.6181996,
              -6.9146437
            ],
            [
              107.6182004,
              -6.9146453
            ],
            [
              107.6182859,
              -6.9146029
            ],
            [
              107.6182692,
              -6.9145696
            ],
            [
              107.6181906,
              -6.9146085
            ]
          ]
        ]
      },
      "id": "way/512884399"
    },
    {
      "type": "Feature",
      "properties": {
        "@id": "way/513014436",
        "amenity": "restaurant",
        "building": "commercial",
        "cuisine": "chicken",
        "name": "Karmila"
      },
      "geometry": {
        "type": "Polygon",
        "coordinates": [
          [
            [
              107.6176031,
              -6.9182884
            ],
            [
              107.6175935,
              -6.9183998
            ],
            [
              107.6178135,
              -6.9184185
            ],
            [
              107.617823,
              -6.9183071
            ],
            [
              107.6176031,
              -6.9182884
            ]
          ]
        ]
      },
      "id": "way/513014436"
    },
    {
      "type": "Feature",
      "properties": {
        "@id": "way/513259650",
        "amenity": "restaurant",
        "building": "yes",
        "cuisine": "seafood",
        "name": "Aneka 38 Seafood"
      },
      "geometry": {
        "type": "Polygon",
        "coordinates": [
          [
            [
              107.6137327,
              -6.9172247
            ],
            [
              107.6138856,
              -6.917254
            ],
            [
              107.6139079,
              -6.9171394
            ],
            [
              107.613755,
              -6.9171101
            ],
            [
              107.6137327,
              -6.9172247
            ]
          ]
        ]
      },
      "id": "way/513259650"
    },
    {
      "type": "Feature",
      "properties": {
        "@id": "way/513325564",
        "amenity": "restaurant",
        "building": "yes",
        "cuisine": "regional",
        "name": "BMC (Bandoengsche Melk Centrale)"
      },
      "geometry": {
        "type": "Polygon",
        "coordinates": [
          [
            [
              107.6080508,
              -6.9106797
            ],
            [
              107.6080657,
              -6.9111699
            ],
            [
              107.6081568,
              -6.9111671
            ],
            [
              107.6081549,
              -6.9111048
            ],
            [
              107.6082917,
              -6.9111007
            ],
            [
              107.6082776,
              -6.9106369
            ],
            [
              107.6080896,
              -6.9106423
            ],
            [
              107.6080895,
              -6.9105466
            ],
            [
              107.6080318,
              -6.9105469
            ],
            [
              107.6080336,
              -6.9106275
            ],
            [
              107.6080508,
              -6.9106797
            ]
          ]
        ]
      },
      "id": "way/513325564"
    },
    {
      "type": "Feature",
      "properties": {
        "@id": "way/514277461",
        "addr:city": "bandung",
        "addr:housenumber": "8",
        "addr:postcode": "40161",
        "addr:street": "Jalan Boscha",
        "amenity": "restaurant",
        "building": "yes",
        "cuisine": "burger;coffee_shop;sandwich",
        "delivery": "yes",
        "diet:halal": "yes",
        "diet:meat": "yes",
        "name": "BARBAR WINGS",
        "opening_hours": "Mo-Su 07:00-23:00",
        "phone": "+6285624478749",
        "website": "https://barbarwings.wordpress.com/"
      },
      "geometry": {
        "type": "Polygon",
        "coordinates": [
          [
            [
              107.6014361,
              -6.8893695
            ],
            [
              107.6012966,
              -6.8893189
            ],
            [
              107.6012655,
              -6.8894035
            ],
            [
              107.601405,
              -6.8894541
            ],
            [
              107.6014361,
              -6.8893695
            ]
          ]
        ]
      },
      "id": "way/514277461"
    },
    {
      "type": "Feature",
      "properties": {
        "@id": "way/514523448",
        "amenity": "restaurant",
        "building": "yes",
        "name": "Sari Bundo"
      },
      "geometry": {
        "type": "Polygon",
        "coordinates": [
          [
            [
              107.6203483,
              -6.897828
            ],
            [
              107.6203564,
              -6.8979518
            ],
            [
              107.6204913,
              -6.8979431
            ],
            [
              107.6204833,
              -6.8978193
            ],
            [
              107.6203483,
              -6.897828
            ]
          ]
        ]
      },
      "id": "way/514523448"
    },
    {
      "type": "Feature",
      "properties": {
        "@id": "way/517298666",
        "amenity": "restaurant",
        "building": "retail",
        "name": "Ayam KQ5"
      },
      "geometry": {
        "type": "Polygon",
        "coordinates": [
          [
            [
              107.6646007,
              -6.9393205
            ],
            [
              107.6646115,
              -6.9394955
            ],
            [
              107.6647051,
              -6.9394909
            ],
            [
              107.6646984,
              -6.9393239
            ],
            [
              107.6646007,
              -6.9393205
            ]
          ]
        ]
      },
      "id": "way/517298666"
    },
    {
      "type": "Feature",
      "properties": {
        "@id": "way/517374741",
        "addr:city": "Braga",
        "addr:housenumber": "127",
        "addr:street": "Jalan Paledang",
        "amenity": "restaurant",
        "building": "yes",
        "name": "Mie Naripan 127",
        "takeaway": "yes"
      },
      "geometry": {
        "type": "Polygon",
        "coordinates": [
          [
            [
              107.6141558,
              -6.9249464
            ],
            [
              107.6141484,
              -6.925011
            ],
            [
              107.6141904,
              -6.9250157
            ],
            [
              107.6141978,
              -6.9249512
            ],
            [
              107.6141558,
              -6.9249464
            ]
          ]
        ]
      },
      "id": "way/517374741"
    },
    {
      "type": "Feature",
      "properties": {
        "@id": "way/517806522",
        "amenity": "restaurant",
        "building": "yes",
        "name": "Banceuy Nasi Lemak"
      },
      "geometry": {
        "type": "Polygon",
        "coordinates": [
          [
            [
              107.6063412,
              -6.9158707
            ],
            [
              107.6064711,
              -6.9158889
            ],
            [
              107.6064723,
              -6.9158195
            ],
            [
              107.6063531,
              -6.9158271
            ],
            [
              107.6063533,
              -6.9158058
            ],
            [
              107.6063443,
              -6.9158088
            ],
            [
              107.6063436,
              -6.9158225
            ],
            [
              107.6063423,
              -6.9158503
            ],
            [
              107.6063412,
              -6.9158707
            ]
          ]
        ]
      },
      "id": "way/517806522"
    },
    {
      "type": "Feature",
      "properties": {
        "@id": "way/519672860",
        "addr:city": "Bandung",
        "addr:housenumber": "58",
        "addr:province": "Jawa Barat",
        "addr:street": "Jalan Braga",
        "amenity": "restaurant",
        "building": "yes",
        "contact:facebook": "https://www.facebook.com/BragaPermaiBandung",
        "contact:instagram": "bragapermaibandung",
        "contact:whatsapp": "+62 822-1975-1875",
        "cuisine": "regional;indonesian;western",
        "diet:halal": "yes",
        "name": "Braga Permai",
        "old_name": "Maison Bogerijen",
        "phone": "+62 22 4233778",
        "start_date": "1923",
        "website": "https://www.bragapermai.com"
      },
      "geometry": {
        "type": "Polygon",
        "coordinates": [
          [
            [
              107.6093871,
              -6.9173185
            ],
            [
              107.609425,
              -6.9174552
            ],
            [
              107.6095269,
              -6.9174274
            ],
            [
              107.6095724,
              -6.917415
            ],
            [
              107.6096525,
              -6.917393
            ],
            [
              107.6096147,
              -6.9172567
            ],
            [
              107.6095709,
              -6.9172687
            ],
            [
              107.6094816,
              -6.9172938
            ],
            [
              107.6093871,
              -6.9173185
            ]
          ]
        ]
      },
      "id": "way/519672860"
    },
    {
      "type": "Feature",
      "properties": {
        "@id": "way/519673107",
        "amenity": "restaurant",
        "building": "yes",
        "name": "Imperial Chinese Restaurant"
      },
      "geometry": {
        "type": "Polygon",
        "coordinates": [
          [
            [
              107.6084681,
              -6.915644
            ],
            [
              107.6084672,
              -6.9156931
            ],
            [
              107.6085666,
              -6.9156984
            ],
            [
              107.6085668,
              -6.9157089
            ],
            [
              107.6088953,
              -6.9157327
            ],
            [
              107.6088974,
              -6.91567
            ],
            [
              107.6086964,
              -6.9156545
            ],
            [
              107.6084681,
              -6.915644
            ]
          ]
        ]
      },
      "id": "way/519673107"
    },
    {
      "type": "Feature",
      "properties": {
        "@id": "way/520143118",
        "amenity": "restaurant",
        "branch": "Setiabudi",
        "brand": "Mie Gacoan",
        "brand:wikidata": "Q111995141",
        "building": "yes",
        "cuisine": "noodle",
        "name": "Mie Gacoan"
      },
      "geometry": {
        "type": "Polygon",
        "coordinates": [
          [
            [
              107.5937177,
              -6.8661183
            ],
            [
              107.593417,
              -6.8660881
            ],
            [
              107.5934045,
              -6.8662112
            ],
            [
              107.5937052,
              -6.8662414
            ],
            [
              107.5937177,
              -6.8661183
            ]
          ]
        ]
      },
      "id": "way/520143118"
    },
    {
      "type": "Feature",
      "properties": {
        "@id": "way/522949032",
        "amenity": "restaurant",
        "building": "yes",
        "name": "Baby Dutch Pancake"
      },
      "geometry": {
        "type": "Polygon",
        "coordinates": [
          [
            [
              107.6088494,
              -6.8693686
            ],
            [
              107.60878,
              -6.8695043
            ],
            [
              107.6089655,
              -6.8696083
            ],
            [
              107.6090544,
              -6.8694427
            ],
            [
              107.6088494,
              -6.8693686
            ]
          ]
        ]
      },
      "id": "way/522949032"
    },
    {
      "type": "Feature",
      "properties": {
        "@id": "way/522949329",
        "amenity": "restaurant",
        "building": "yes",
        "name": "Fillo Gellato"
      },
      "geometry": {
        "type": "Polygon",
        "coordinates": [
          [
            [
              107.608851,
              -6.8689038
            ],
            [
              107.608835,
              -6.8691062
            ],
            [
              107.608919,
              -6.8691128
            ],
            [
              107.608935,
              -6.8689104
            ],
            [
              107.608851,
              -6.8689038
            ]
          ]
        ]
      },
      "id": "way/522949329"
    },
    {
      "type": "Feature",
      "properties": {
        "@id": "way/523767011",
        "amenity": "restaurant",
        "building": "yes",
        "name": "Warung Gembul"
      },
      "geometry": {
        "type": "Polygon",
        "coordinates": [
          [
            [
              107.6050537,
              -6.8737477
            ],
            [
              107.604881,
              -6.8737116
            ],
            [
              107.60486,
              -6.8738163
            ],
            [
              107.6050254,
              -6.8738571
            ],
            [
              107.6050537,
              -6.8737477
            ]
          ]
        ]
      },
      "id": "way/523767011"
    },
    {
      "type": "Feature",
      "properties": {
        "@id": "way/530164001",
        "addr:full": "Jalan Cihampelas No.70, Tamansari, Bandung Wetan, Kota Bandung, Jawa Barat 40116",
        "amenity": "restaurant",
        "building": "restaurant",
        "name": "Warunk Upnormal"
      },
      "geometry": {
        "type": "Polygon",
        "coordinates": [
          [
            [
              107.6043813,
              -6.901321
            ],
            [
              107.6043808,
              -6.9013836
            ],
            [
              107.6045091,
              -6.9013841
            ],
            [
              107.6045099,
              -6.9013212
            ],
            [
              107.6043813,
              -6.901321
            ]
          ]
        ]
      },
      "id": "way/530164001"
    },
    {
      "type": "Feature",
      "properties": {
        "@id": "way/530164004",
        "addr:full": "Jalan Cihampelas No.72, Tamansari, Bandung Wetan, Kota Bandung, Jawa Barat 40116",
        "amenity": "restaurant",
        "building": "restaurant",
        "name": "Ayam Goreng Raos"
      },
      "geometry": {
        "type": "Polygon",
        "coordinates": [
          [
            [
              107.6043813,
              -6.901454
            ],
            [
              107.6045096,
              -6.9014557
            ],
            [
              107.6045091,
              -6.9013886
            ],
            [
              107.6043811,
              -6.9013873
            ],
            [
              107.6043813,
              -6.901454
            ]
          ]
        ]
      },
      "id": "way/530164004"
    },
    {
      "type": "Feature",
      "properties": {
        "@id": "way/530164007",
        "addr:full": "Jalan Cihampelas No.68, Tamansari, Bandung Wetan, Kota Bandung, Jawa Barat 40116",
        "amenity": "restaurant",
        "building": "restaurant",
        "name": "Bakso Semar Asli"
      },
      "geometry": {
        "type": "Polygon",
        "coordinates": [
          [
            [
              107.6044227,
              -6.9015865
            ],
            [
              107.604416,
              -6.9016397
            ],
            [
              107.6045287,
              -6.9016597
            ],
            [
              107.6045354,
              -6.9016104
            ],
            [
              107.6044227,
              -6.9015865
            ]
          ]
        ]
      },
      "id": "way/530164007"
    },
    {
      "type": "Feature",
      "properties": {
        "@id": "way/530164010",
        "addr:full": "Jalan Cihampelas No.66, Tamansari, Bandung Wetan, Kota Bandung, Jawa Barat 40116",
        "amenity": "restaurant",
        "building": "restaurant",
        "cuisine": "indonesian",
        "dish": "bakso",
        "name": "Bakso Mawar Merona"
      },
      "geometry": {
        "type": "Polygon",
        "coordinates": [
          [
            [
              107.6044422,
              -6.9017542
            ],
            [
              107.6044945,
              -6.9017609
            ],
            [
              107.6044904,
              -6.9017889
            ],
            [
              107.6046909,
              -6.9018135
            ],
            [
              107.604695,
              -6.9017582
            ],
            [
              107.604581,
              -6.9017423
            ],
            [
              107.6045877,
              -6.9016863
            ],
            [
              107.6044589,
              -6.9016717
            ],
            [
              107.6044422,
              -6.9017542
            ]
          ]
        ]
      },
      "id": "way/530164010"
    },
    {
      "type": "Feature",
      "properties": {
        "@id": "way/530164032",
        "addr:full": "Jalan Cihampelas No. 51B, Coblong, Tamansari, Bandung, Jawa Barat, 40131",
        "amenity": "restaurant",
        "building": "restaurant",
        "name": "Warung Nasi Tegal Cihampelas Jaya"
      },
      "geometry": {
        "type": "Polygon",
        "coordinates": [
          [
            [
              107.604191,
              -6.9029299
            ],
            [
              107.6042372,
              -6.9029306
            ],
            [
              107.6042387,
              -6.9028838
            ],
            [
              107.6041912,
              -6.9028838
            ],
            [
              107.604191,
              -6.9029299
            ]
          ]
        ]
      },
      "id": "way/530164032"
    },
    {
      "type": "Feature",
      "properties": {
        "@id": "way/530164078",
        "addr:full": "Jalan Cihampelas No.82, Tamansari, Bandung, Tamansari, Bandung Wetan, Kota Bandung, Jawa Barat 40116",
        "amenity": "restaurant",
        "building": "restaurant",
        "name": "Grandia Patisserie"
      },
      "geometry": {
        "type": "Polygon",
        "coordinates": [
          [
            [
              107.6044261,
              -6.9009155
            ],
            [
              107.604648,
              -6.9009221
            ],
            [
              107.6046494,
              -6.9008795
            ],
            [
              107.6047727,
              -6.9007903
            ],
            [
              107.6047774,
              -6.9006479
            ],
            [
              107.604418,
              -6.9006332
            ],
            [
              107.6044127,
              -6.900781
            ],
            [
              107.6043651,
              -6.900807
            ],
            [
              107.6043637,
              -6.9008675
            ],
            [
              107.6044274,
              -6.9008675
            ],
            [
              107.6044261,
              -6.9009155
            ]
          ]
        ]
      },
      "id": "way/530164078"
    },
    {
      "type": "Feature",
      "properties": {
        "@id": "way/530164122",
        "addr:full": "Jalan Linggawastu no 7, Bandung",
        "amenity": "restaurant",
        "name": "Kedai Lingga 7"
      },
      "geometry": {
        "type": "Polygon",
        "coordinates": [
          [
            [
              107.605159,
              -6.9031775
            ],
            [
              107.6052864,
              -6.9031748
            ],
            [
              107.6052864,
              -6.903086
            ],
            [
              107.6052425,
              -6.903086
            ],
            [
              107.6052425,
              -6.903059
            ],
            [
              107.6051053,
              -6.903063
            ],
            [
              107.605104,
              -6.9030949
            ],
            [
              107.6051737,
              -6.9030936
            ],
            [
              107.6051737,
              -6.9031242
            ],
            [
              107.6051576,
              -6.9031242
            ],
            [
              107.605159,
              -6.9031775
            ]
          ]
        ]
      },
      "id": "way/530164122"
    },
    {
      "type": "Feature",
      "properties": {
        "@id": "way/530164124",
        "addr:full": "Jalan Linggawastu no 5, Bandung",
        "amenity": "restaurant",
        "building": "yes",
        "name": "Rumah Daging"
      },
      "geometry": {
        "type": "Polygon",
        "coordinates": [
          [
            [
              107.6051939,
              -6.9033359
            ],
            [
              107.6052904,
              -6.9033333
            ],
            [
              107.6052904,
              -6.9032294
            ],
            [
              107.6052542,
              -6.9032294
            ],
            [
              107.6052529,
              -6.9031988
            ],
            [
              107.6051348,
              -6.9032054
            ],
            [
              107.6051362,
              -6.9032534
            ],
            [
              107.6051885,
              -6.9032507
            ],
            [
              107.6051939,
              -6.9033359
            ]
          ]
        ]
      },
      "id": "way/530164124"
    },
    {
      "type": "Feature",
      "properties": {
        "@id": "way/530965971",
        "amenity": "restaurant",
        "building": "commercial",
        "cuisine": "mediterranean",
        "delivery": "yes",
        "name": "Kebuli Al-Khalid",
        "takeaway": "only",
        "toilets:access": "private",
        "toilets:wheelchair": "no",
        "wheelchair": "no"
      },
      "geometry": {
        "type": "Polygon",
        "coordinates": [
          [
            [
              107.6608229,
              -6.9156936
            ],
            [
              107.660847,
              -6.9156803
            ],
            [
              107.6608198,
              -6.9156317
            ],
            [
              107.6607957,
              -6.915645
            ],
            [
              107.6608229,
              -6.9156936
            ]
          ]
        ]
      },
      "id": "way/530965971"
    },
    {
      "type": "Feature",
      "properties": {
        "@id": "way/546626775",
        "addr:housenumber": "32",
        "addr:street": "Jalan Tengku Angkasa",
        "amenity": "restaurant",
        "building": "yes",
        "cuisine": "regional",
        "name": "Ayam Geprek Bebas"
      },
      "geometry": {
        "type": "Polygon",
        "coordinates": [
          [
            [
              107.61634,
              -6.891095
            ],
            [
              107.6163775,
              -6.8911682
            ],
            [
              107.6164392,
              -6.8911409
            ],
            [
              107.6164473,
              -6.8911602
            ],
            [
              107.6165338,
              -6.8911256
            ],
            [
              107.6165089,
              -6.8910744
            ],
            [
              107.6165434,
              -6.8910562
            ],
            [
              107.6165202,
              -6.8910057
            ],
            [
              107.61634,
              -6.891095
            ]
          ]
        ]
      },
      "id": "way/546626775"
    },
    {
      "type": "Feature",
      "properties": {
        "@id": "way/546716719",
        "amenity": "restaurant",
        "building": "yes",
        "name": "Upnormal"
      },
      "geometry": {
        "type": "Polygon",
        "coordinates": [
          [
            [
              107.6130184,
              -6.885486
            ],
            [
              107.6130555,
              -6.885541
            ],
            [
              107.6129981,
              -6.8855808
            ],
            [
              107.613057,
              -6.8856691
            ],
            [
              107.6131195,
              -6.8856278
            ],
            [
              107.6131032,
              -6.8856041
            ],
            [
              107.6131231,
              -6.8855909
            ],
            [
              107.6131378,
              -6.8856116
            ],
            [
              107.6132491,
              -6.8855405
            ],
            [
              107.6132135,
              -6.885487
            ],
            [
              107.6131612,
              -6.8855188
            ],
            [
              107.6131007,
              -6.885434
            ],
            [
              107.6130184,
              -6.885486
            ]
          ]
        ]
      },
      "id": "way/546716719"
    },
    {
      "type": "Feature",
      "properties": {
        "@id": "way/547792395",
        "addr:housenumber": "12A",
        "addr:street": "Jalan Hasanudin",
        "amenity": "restaurant",
        "building": "yes",
        "cuisine": "regional",
        "name": "Toko You"
      },
      "geometry": {
        "type": "Polygon",
        "coordinates": [
          [
            [
              107.6146021,
              -6.8950165
            ],
            [
              107.6145977,
              -6.8952159
            ],
            [
              107.6147614,
              -6.8952247
            ],
            [
              107.6147622,
              -6.8952115
            ],
            [
              107.6148366,
              -6.8952141
            ],
            [
              107.6148383,
              -6.8950525
            ],
            [
              107.614687,
              -6.8950446
            ],
            [
              107.614687,
              -6.8950173
            ],
            [
              107.6146021,
              -6.8950165
            ]
          ]
        ]
      },
      "id": "way/547792395"
    },
    {
      "type": "Feature",
      "properties": {
        "@id": "way/550477284",
        "amenity": "restaurant",
        "building": "yes",
        "cuisine": "noodles;yamin",
        "name": "Warung Lela"
      },
      "geometry": {
        "type": "Polygon",
        "coordinates": [
          [
            [
              107.6280096,
              -6.8721892
            ],
            [
              107.6279018,
              -6.8721731
            ],
            [
              107.6278923,
              -6.8722355
            ],
            [
              107.6280001,
              -6.8722516
            ],
            [
              107.6280096,
              -6.8721892
            ]
          ]
        ]
      },
      "id": "way/550477284"
    },
    {
      "type": "Feature",
      "properties": {
        "@id": "way/550633633",
        "addr:city": "Bandung",
        "addr:housenumber": "41",
        "addr:postcode": "40143",
        "addr:street": "Jl. Setiabudhi",
        "air_conditioning": "yes",
        "amenity": "restaurant",
        "building": "yes",
        "cuisine": "indonesian",
        "name": "Foodcourt Rumah Mode",
        "payment:coins": "yes",
        "payment:gopay_id": "yes",
        "payment:notes": "yes"
      },
      "geometry": {
        "type": "Polygon",
        "coordinates": [
          [
            [
              107.599457,
              -6.8827
            ],
            [
              107.5994267,
              -6.8828344
            ],
            [
              107.5993683,
              -6.8828193
            ],
            [
              107.5993543,
              -6.8828785
            ],
            [
              107.599387,
              -6.8829862
            ],
            [
              107.5994886,
              -6.8830094
            ],
            [
              107.5995563,
              -6.8827197
            ],
            [
              107.599457,
              -6.8827
            ]
          ]
        ]
      },
      "id": "way/550633633"
    },
    {
      "type": "Feature",
      "properties": {
        "@id": "way/550634184",
        "amenity": "restaurant",
        "name": "Mr Roastman Experience",
        "opening_hours": "Mo-Fr 08:00-21:00; Sa-Su 07:00-21:00",
        "website": "https://mrroastman.com"
      },
      "geometry": {
        "type": "Polygon",
        "coordinates": [
          [
            [
              107.6052713,
              -6.8731233
            ],
            [
              107.6051532,
              -6.8733035
            ],
            [
              107.6051319,
              -6.873393
            ],
            [
              107.6052066,
              -6.8734116
            ],
            [
              107.6052382,
              -6.8732887
            ],
            [
              107.6053573,
              -6.8733165
            ],
            [
              107.6053934,
              -6.8731496
            ],
            [
              107.6052713,
              -6.8731233
            ]
          ]
        ]
      },
      "id": "way/550634184"
    },
    {
      "type": "Feature",
      "properties": {
        "@id": "way/630779620",
        "amenity": "restaurant",
        "building": "yes",
        "building:use": "residential",
        "name": "Pujasera"
      },
      "geometry": {
        "type": "Polygon",
        "coordinates": [
          [
            [
              107.5724843,
              -6.8734614
            ],
            [
              107.5724818,
              -6.8737284
            ],
            [
              107.5726935,
              -6.8737304
            ],
            [
              107.572696,
              -6.8734634
            ],
            [
              107.5724843,
              -6.8734614
            ]
          ]
        ]
      },
      "id": "way/630779620"
    },
    {
      "type": "Feature",
      "properties": {
        "@id": "way/632234240",
        "amenity": "restaurant",
        "building": "yes",
        "name": "Kantin"
      },
      "geometry": {
        "type": "Polygon",
        "coordinates": [
          [
            [
              107.6046531,
              -6.9471667
            ],
            [
              107.6046546,
              -6.947161
            ],
            [
              107.6045642,
              -6.9471355
            ],
            [
              107.604538,
              -6.9472332
            ],
            [
              107.6046306,
              -6.9472594
            ],
            [
              107.6046531,
              -6.9471667
            ]
          ]
        ]
      },
      "id": "way/632234240"
    },
    {
      "type": "Feature",
      "properties": {
        "@id": "way/632254937",
        "addr:city": "Kota Bandung",
        "addr:housenumber": "3",
        "addr:postcode": "40242",
        "addr:street": "Jalan Peta",
        "amenity": "restaurant",
        "building": "yes",
        "cuisine": "bakso",
        "diet:halal": "yes",
        "diet:local": "yes",
        "diet:meat": "yes",
        "name": "Bakso Beranak Raja & Ratu",
        "opening_hours": "Mo-Su 10:00-22:00"
      },
      "geometry": {
        "type": "Polygon",
        "coordinates": [
          [
            [
              107.6027668,
              -6.9374016
            ],
            [
              107.6027253,
              -6.9373951
            ],
            [
              107.602723,
              -6.9374096
            ],
            [
              107.6026736,
              -6.9374018
            ],
            [
              107.6026536,
              -6.9375263
            ],
            [
              107.6028068,
              -6.9375506
            ],
            [
              107.6028114,
              -6.9375222
            ],
            [
              107.6027714,
              -6.9375159
            ],
            [
              107.6027813,
              -6.9374546
            ],
            [
              107.6027588,
              -6.937451
            ],
            [
              107.6027668,
              -6.9374016
            ]
          ]
        ]
      },
      "id": "way/632254937"
    },
    {
      "type": "Feature",
      "properties": {
        "@id": "way/632651215",
        "amenity": "restaurant",
        "building": "yes",
        "name": "Bumi Sunda"
      },
      "geometry": {
        "type": "Polygon",
        "coordinates": [
          [
            [
              107.6077403,
              -6.9371727
            ],
            [
              107.6076691,
              -6.9371642
            ],
            [
              107.6076667,
              -6.9371839
            ],
            [
              107.6076316,
              -6.9371803
            ],
            [
              107.6076055,
              -6.9373689
            ],
            [
              107.6077626,
              -6.9373873
            ],
            [
              107.6077831,
              -6.937201
            ],
            [
              107.6077383,
              -6.9371966
            ],
            [
              107.6077403,
              -6.9371727
            ]
          ]
        ]
      },
      "id": "way/632651215"
    },
    {
      "type": "Feature",
      "properties": {
        "@id": "way/632651219",
        "amenity": "restaurant",
        "building": "yes",
        "name": "Warung Steak &Shake"
      },
      "geometry": {
        "type": "Polygon",
        "coordinates": [
          [
            [
              107.6082223,
              -6.9371897
            ],
            [
              107.6081187,
              -6.9371802
            ],
            [
              107.6081158,
              -6.9372105
            ],
            [
              107.6081219,
              -6.9372111
            ],
            [
              107.6081087,
              -6.9373521
            ],
            [
              107.6080973,
              -6.937351
            ],
            [
              107.6080906,
              -6.9374231
            ],
            [
              107.6082107,
              -6.9374341
            ],
            [
              107.6082169,
              -6.9373671
            ],
            [
              107.6082743,
              -6.9373724
            ],
            [
              107.6082909,
              -6.9371944
            ],
            [
              107.6082225,
              -6.9371881
            ],
            [
              107.6082223,
              -6.9371897
            ]
          ]
        ]
      },
      "id": "way/632651219"
    },
    {
      "type": "Feature",
      "properties": {
        "@id": "way/632659707",
        "addr:city": "Bandung",
        "addr:country": "ID",
        "addr:housenumber": "169",
        "addr:province": "Jawa Barat",
        "addr:street": "Jalan Buah Batu",
        "amenity": "restaurant",
        "building": "yes",
        "cuisine": "mediterranean",
        "name": "Emado's Shawarma",
        "opening_hours": "Mo-Su 09:00-21:00",
        "takeaway": "yes",
        "wheelchair": "limited"
      },
      "geometry": {
        "type": "Polygon",
        "coordinates": [
          [
            [
              107.6262335,
              -6.9401391
            ],
            [
              107.6261741,
              -6.9400856
            ],
            [
              107.6260464,
              -6.9402228
            ],
            [
              107.6261053,
              -6.9402747
            ],
            [
              107.6262335,
              -6.9401391
            ]
          ]
        ]
      },
      "id": "way/632659707"
    },
    {
      "type": "Feature",
      "properties": {
        "@id": "way/632660187",
        "addr:city": "Bandung",
        "addr:country": "ID",
        "addr:housenumber": "157",
        "addr:province": "Jawa Barat",
        "addr:street": "Jalan Buah Batu",
        "air_conditioning": "yes",
        "amenity": "restaurant",
        "brand": "Richeese Factory",
        "building": "retail",
        "building:levels": "2",
        "building:use": "commercial",
        "cuisine": "pizza",
        "delivery": "Mo-Th 10:00-21:30; Fr-Su 10:00-23:30",
        "highchair": "yes",
        "internet_access": "wlan",
        "internet_access:fee": "no",
        "level": "1",
        "name": "Richeese Pizza",
        "opening_hours": "Mo-Th 10:00-22:00; Fr-Su 10:00-24:00",
        "opening_hours:kitchen": "Mo-Th 10:00-21:30; Fr-Su 10:00-23:30",
        "operator": "Richeese",
        "outdoor_seating": "yes",
        "reservation": "no",
        "roof:shape": "flat",
        "self_service": "no",
        "smoking": "outside",
        "takeaway": "yes",
        "toilets": "yes",
        "toilets:access": "customers",
        "wheelchair": "no"
      },
      "geometry": {
        "type": "Polygon",
        "coordinates": [
          [
            [
              107.624782,
              -6.9385477
            ],
            [
              107.6247316,
              -6.9384921
            ],
            [
              107.6247508,
              -6.9384727
            ],
            [
              107.6246625,
              -6.9383809
            ],
            [
              107.6245713,
              -6.9384765
            ],
            [
              107.6245868,
              -6.9384895
            ],
            [
              107.6245701,
              -6.9385076
            ],
            [
              107.6246045,
              -6.9385425
            ],
            [
              107.6245427,
              -6.9386038
            ],
            [
              107.6246197,
              -6.9386789
            ],
            [
              107.6246817,
              -6.938622
            ],
            [
              107.6246939,
              -6.9386323
            ],
            [
              107.624782,
              -6.9385477
            ]
          ]
        ]
      },
      "id": "way/632660187"
    },
    {
      "type": "Feature",
      "properties": {
        "@id": "way/632679025",
        "addr:city": "Bandung",
        "addr:country": "ID",
        "addr:housenumber": "182",
        "addr:province": "Jawa Barat",
        "addr:street": "Jalan Buah Batu",
        "amenity": "restaurant",
        "brand": "Bu Mus",
        "building": "retail",
        "cuisine": "indonesian;padangan",
        "name": "Bu Mus",
        "opening_hours": "Mo-Su 09:00-21:00",
        "self_service": "no",
        "takeaway": "yes",
        "wheelchair": "limited"
      },
      "geometry": {
        "type": "Polygon",
        "coordinates": [
          [
            [
              107.6247931,
              -6.9393169
            ],
            [
              107.6247296,
              -6.9392531
            ],
            [
              107.6247059,
              -6.9392765
            ],
            [
              107.6247223,
              -6.939293
            ],
            [
              107.6246279,
              -6.9393855
            ],
            [
              107.624675,
              -6.9394328
            ],
            [
              107.6247931,
              -6.9393169
            ]
          ]
        ]
      },
      "id": "way/632679025"
    },
    {
      "type": "Feature",
      "properties": {
        "@id": "way/632681497",
        "addr:housenumber": "232C",
        "addr:street": "Jalan Buah Batu",
        "amenity": "restaurant",
        "building": "yes",
        "cuisine": "indonesian",
        "diet:halal": "yes",
        "name": "Warung Nasi Tegal AR"
      },
      "geometry": {
        "type": "Polygon",
        "coordinates": [
          [
            [
              107.6276622,
              -6.9422934
            ],
            [
              107.6276258,
              -6.9424662
            ],
            [
              107.6277071,
              -6.9424897
            ],
            [
              107.6277348,
              -6.9423643
            ],
            [
              107.6276622,
              -6.9422934
            ]
          ]
        ]
      },
      "id": "way/632681497"
    },
    {
      "type": "Feature",
      "properties": {
        "@id": "way/632681637",
        "addr:city": "Bandung",
        "addr:housenumber": "234",
        "addr:postcode": "40265",
        "addr:province": "Jawa Barat",
        "addr:street": "Jalan Buah Batu",
        "amenity": "restaurant",
        "building": "yes",
        "cuisine": "indonesian;coffee_shop;chicken",
        "diet:halal": "yes",
        "name": "Ayam Kalasan 727",
        "phone": "+6285156094294"
      },
      "geometry": {
        "type": "Polygon",
        "coordinates": [
          [
            [
              107.6287465,
              -6.9434716
            ],
            [
              107.6286955,
              -6.9434147
            ],
            [
              107.628743,
              -6.9433696
            ],
            [
              107.6287194,
              -6.9433439
            ],
            [
              107.62867,
              -6.9433862
            ],
            [
              107.6286429,
              -6.9435447
            ],
            [
              107.6286603,
              -6.9435644
            ],
            [
              107.6287465,
              -6.9434716
            ]
          ]
        ]
      },
      "id": "way/632681637"
    },
    {
      "type": "Feature",
      "properties": {
        "@id": "way/633734524",
        "addr:city": "Bandung",
        "addr:housenumber": "33-1",
        "addr:province": "Jawa Barat",
        "addr:street": "Jalan Sumber Mekar",
        "addr:suburb": "Sumber Sari",
        "amenity": "restaurant",
        "building": "retail",
        "cuisine": "tegalan",
        "name": "Bahari",
        "opening_hours": "Mo-Su 08:00-20:30; PH closed",
        "ref": "HPWBR 17",
        "takeaway": "yes"
      },
      "geometry": {
        "type": "Polygon",
        "coordinates": [
          [
            [
              107.5746299,
              -6.9327116
            ],
            [
              107.5746266,
              -6.9327095
            ],
            [
              107.5746382,
              -6.9326834
            ],
            [
              107.574635,
              -6.9326815
            ],
            [
              107.574645,
              -6.9326653
            ],
            [
              107.5746383,
              -6.9326611
            ],
            [
              107.5746514,
              -6.9326363
            ],
            [
              107.5746461,
              -6.9326327
            ],
            [
              107.5746514,
              -6.932623
            ],
            [
              107.5746227,
              -6.9326052
            ],
            [
              107.5745649,
              -6.9327
            ],
            [
              107.5746176,
              -6.932732
            ],
            [
              107.5746299,
              -6.9327116
            ]
          ]
        ]
      },
      "id": "way/633734524"
    },
    {
      "type": "Feature",
      "properties": {
        "@id": "way/636169272",
        "amenity": "restaurant",
        "building": "yes",
        "name": "Simpang Raya"
      },
      "geometry": {
        "type": "Polygon",
        "coordinates": [
          [
            [
              107.5878224,
              -6.8948565
            ],
            [
              107.5877288,
              -6.8947856
            ],
            [
              107.5875301,
              -6.8950477
            ],
            [
              107.5876237,
              -6.8951186
            ],
            [
              107.5878224,
              -6.8948565
            ]
          ]
        ]
      },
      "id": "way/636169272"
    },
    {
      "type": "Feature",
      "properties": {
        "@id": "way/636425764",
        "amenity": "restaurant",
        "building": "retail",
        "building:use": "commercial",
        "cuisine": "padangan;indonesian",
        "name": "Nanibar Kapau",
        "opening_hours": "Mo-Su 09:00-21:00"
      },
      "geometry": {
        "type": "Polygon",
        "coordinates": [
          [
            [
              107.632183,
              -6.9258845
            ],
            [
              107.6320584,
              -6.9258569
            ],
            [
              107.6320463,
              -6.9259111
            ],
            [
              107.6320376,
              -6.9259091
            ],
            [
              107.6320296,
              -6.9259479
            ],
            [
              107.6320372,
              -6.92595
            ],
            [
              107.6320332,
              -6.9259681
            ],
            [
              107.6320227,
              -6.9259649
            ],
            [
              107.6320123,
              -6.9260033
            ],
            [
              107.6320232,
              -6.9260068
            ],
            [
              107.6320188,
              -6.9260242
            ],
            [
              107.6320494,
              -6.926033
            ],
            [
              107.632047,
              -6.9260435
            ],
            [
              107.6320822,
              -6.926054
            ],
            [
              107.6320853,
              -6.9260426
            ],
            [
              107.632136,
              -6.9260535
            ],
            [
              107.632183,
              -6.9258845
            ]
          ]
        ]
      },
      "id": "way/636425764"
    },
    {
      "type": "Feature",
      "properties": {
        "@id": "way/637407891",
        "amenity": "restaurant",
        "building": "yes",
        "description": "Ini adalah salah satu warungmakan di dagoasri\n#grabcgise2018_team1",
        "name": "Warung Dago Asri"
      },
      "geometry": {
        "type": "Polygon",
        "coordinates": [
          [
            [
              107.6152801,
              -6.8784788
            ],
            [
              107.6153023,
              -6.8785181
            ],
            [
              107.6153251,
              -6.8785534
            ],
            [
              107.6153646,
              -6.8785387
            ],
            [
              107.6153143,
              -6.8784748
            ],
            [
              107.6152801,
              -6.8784788
            ]
          ]
        ]
      },
      "id": "way/637407891"
    },
    {
      "type": "Feature",
      "properties": {
        "@id": "way/637415694",
        "amenity": "restaurant",
        "building": "yes",
        "name": "Restoran Mie"
      },
      "geometry": {
        "type": "Polygon",
        "coordinates": [
          [
            [
              107.6173804,
              -6.8971501
            ],
            [
              107.6173857,
              -6.8972116
            ],
            [
              107.6175184,
              -6.8972063
            ],
            [
              107.6175149,
              -6.8971448
            ],
            [
              107.6173804,
              -6.8971501
            ]
          ]
        ]
      },
      "id": "way/637415694"
    },
    {
      "type": "Feature",
      "properties": {
        "@id": "way/637416757",
        "addr:housenumber": "179",
        "addr:street": "Jalan Cisitu Lama",
        "amenity": "restaurant",
        "building": "yes",
        "capacity": "50",
        "name": "Rumah makan Palanta Minang",
        "opening_hours": "Mo-Sa 08:00-20:00",
        "takeaway": "yes"
      },
      "geometry": {
        "type": "Polygon",
        "coordinates": [
          [
            [
              107.6115538,
              -6.8829301
            ],
            [
              107.6115534,
              -6.8831502
            ],
            [
              107.6116974,
              -6.8831504
            ],
            [
              107.6116977,
              -6.8829303
            ],
            [
              107.6115538,
              -6.8829301
            ]
          ]
        ]
      },
      "id": "way/637416757"
    },
    {
      "type": "Feature",
      "properties": {
        "@id": "way/637421286",
        "amenity": "restaurant",
        "building": "yes",
        "name": "Rumah Makan Bu Tatang"
      },
      "geometry": {
        "type": "Polygon",
        "coordinates": [
          [
            [
              107.6209203,
              -6.8890656
            ],
            [
              107.6209156,
              -6.8891289
            ],
            [
              107.6209311,
              -6.8891369
            ],
            [
              107.6209344,
              -6.8891582
            ],
            [
              107.6210135,
              -6.8891615
            ],
            [
              107.6210062,
              -6.8891109
            ],
            [
              107.6209813,
              -6.8890603
            ],
            [
              107.6209203,
              -6.8890656
            ]
          ]
        ]
      },
      "id": "way/637421286"
    },
    {
      "type": "Feature",
      "properties": {
        "@id": "way/637422881",
        "amenity": "restaurant",
        "building": "yes",
        "name": "Sabana Fried Chicken"
      },
      "geometry": {
        "type": "Polygon",
        "coordinates": [
          [
            [
              107.6118245,
              -6.8822575
            ],
            [
              107.6118258,
              -6.8823368
            ],
            [
              107.6118856,
              -6.8823359
            ],
            [
              107.6118843,
              -6.8822565
            ],
            [
              107.6118245,
              -6.8822575
            ]
          ]
        ]
      },
      "id": "way/637422881"
    },
    {
      "type": "Feature",
      "properties": {
        "@id": "way/637425365",
        "amenity": "restaurant",
        "building": "yes",
        "name": "Rumah Makan Cempaka"
      },
      "geometry": {
        "type": "Polygon",
        "coordinates": [
          [
            [
              107.6109214,
              -6.8797549
            ],
            [
              107.6109133,
              -6.8798308
            ],
            [
              107.6109442,
              -6.8798335
            ],
            [
              107.6110186,
              -6.8798395
            ],
            [
              107.6110153,
              -6.8797576
            ],
            [
              107.6109214,
              -6.8797549
            ]
          ]
        ]
      },
      "id": "way/637425365"
    },
    {
      "type": "Feature",
      "properties": {
        "@id": "way/637426848",
        "amenity": "restaurant",
        "building": "yes",
        "capacity": "15",
        "name": "Dapur Nunomy",
        "opening_hours": "Mo-Sa 08:00-20:00"
      },
      "geometry": {
        "type": "Polygon",
        "coordinates": [
          [
            [
              107.6118412,
              -6.8816905
            ],
            [
              107.6118378,
              -6.8817352
            ],
            [
              107.6119709,
              -6.8817364
            ],
            [
              107.6119664,
              -6.8816938
            ],
            [
              107.6118412,
              -6.8816905
            ]
          ]
        ]
      },
      "id": "way/637426848"
    },
    {
      "type": "Feature",
      "properties": {
        "@id": "way/637428417",
        "amenity": "restaurant",
        "building": "yes",
        "name": "Rumah makan Taraso"
      },
      "geometry": {
        "type": "Polygon",
        "coordinates": [
          [
            [
              107.612471,
              -6.8818923
            ],
            [
              107.6124699,
              -6.8819404
            ],
            [
              107.6125003,
              -6.8819404
            ],
            [
              107.6124992,
              -6.8819718
            ],
            [
              107.6125432,
              -6.8819762
            ],
            [
              107.6125511,
              -6.8818878
            ],
            [
              107.612471,
              -6.8818923
            ]
          ]
        ]
      },
      "id": "way/637428417"
    },
    {
      "type": "Feature",
      "properties": {
        "@id": "way/637429204",
        "addr:city": "Bandung",
        "addr:district": "Bandung Wetan",
        "addr:postcode": "40115",
        "addr:province": "Jawa Barat",
        "addr:street": "Jl. Bahureksa No. 22",
        "addr:subdistrict": "Citarum",
        "amenity": "restaurant",
        "building": "yes",
        "cuisine": "seafood",
        "name": "Sagara Madasari",
        "phone": "+62 853-8504-0626"
      },
      "geometry": {
        "type": "Polygon",
        "coordinates": [
          [
            [
              107.6148804,
              -6.9053951
            ],
            [
              107.6148898,
              -6.9055829
            ],
            [
              107.6149645,
              -6.9055805
            ],
            [
              107.6149528,
              -6.9053905
            ],
            [
              107.6148804,
              -6.9053951
            ]
          ]
        ]
      },
      "id": "way/637429204"
    },
    {
      "type": "Feature",
      "properties": {
        "@id": "way/637429255",
        "addr:housenumber": "14",
        "addr:street": "Gang Cisitu Lama I",
        "amenity": "restaurant",
        "building": "yes",
        "name": "Angkringan Rumah Nenek"
      },
      "geometry": {
        "type": "Polygon",
        "coordinates": [
          [
            [
              107.6127531,
              -6.8822113
            ],
            [
              107.6127502,
              -6.8822805
            ],
            [
              107.6127953,
              -6.8822917
            ],
            [
              107.6127998,
              -6.8822783
            ],
            [
              107.6128336,
              -6.8822783
            ],
            [
              107.6128394,
              -6.8822167
            ],
            [
              107.6127531,
              -6.8822113
            ]
          ]
        ]
      },
      "id": "way/637429255"
    },
    {
      "type": "Feature",
      "properties": {
        "@id": "way/638470830",
        "amenity": "restaurant",
        "building": "yes",
        "cuisine": "asian;padang",
        "diet:halal": "yes",
        "name": "RM. Sederhana"
      },
      "geometry": {
        "type": "Polygon",
        "coordinates": [
          [
            [
              107.5891569,
              -6.8947929
            ],
            [
              107.5891331,
              -6.8947342
            ],
            [
              107.5888809,
              -6.8947116
            ],
            [
              107.5888663,
              -6.8949455
            ],
            [
              107.5889188,
              -6.8949496
            ],
            [
              107.588918,
              -6.8949698
            ],
            [
              107.5889661,
              -6.8949715
            ],
            [
              107.5889651,
              -6.8950203
            ],
            [
              107.5890321,
              -6.8950196
            ],
            [
              107.589031,
              -6.8949834
            ],
            [
              107.58908,
              -6.8950154
            ],
            [
              107.5891812,
              -6.8948743
            ],
            [
              107.5891569,
              -6.8947929
            ]
          ]
        ]
      },
      "id": "way/638470830"
    },
    {
      "type": "Feature",
      "properties": {
        "@id": "way/648355986",
        "addr:city": "Bandung",
        "addr:district": "Coblong",
        "addr:postcode": "40135",
        "addr:province": "Jawa Barat",
        "addr:street": "Jalan Cisitu Indah",
        "addr:subdistrict": "Dago",
        "air_conditioning": "no",
        "amenity": "restaurant",
        "building": "yes",
        "cuisine": "food;fried_food;ayam_geprek",
        "diet:halal": "only",
        "name": "CRISBAR",
        "smoking": "outside"
      },
      "geometry": {
        "type": "Polygon",
        "coordinates": [
          [
            [
              107.6125255,
              -6.8788453
            ],
            [
              107.6125759,
              -6.8788581
            ],
            [
              107.6125636,
              -6.8789062
            ],
            [
              107.6126667,
              -6.8789323
            ],
            [
              107.6126752,
              -6.8788991
            ],
            [
              107.6127234,
              -6.8789113
            ],
            [
              107.6127365,
              -6.8788603
            ],
            [
              107.6127004,
              -6.8788512
            ],
            [
              107.6127082,
              -6.8788207
            ],
            [
              107.6126723,
              -6.8788116
            ],
            [
              107.6126771,
              -6.8787927
            ],
            [
              107.6125474,
              -6.8787599
            ],
            [
              107.6125255,
              -6.8788453
            ]
          ]
        ]
      },
      "id": "way/648355986"
    },
    {
      "type": "Feature",
      "properties": {
        "@id": "way/676065381",
        "amenity": "restaurant",
        "building": "yes",
        "name": "Kantin Asrama Putra",
        "opening_hours": "Mo-Sa 08:00-20:00"
      },
      "geometry": {
        "type": "Polygon",
        "coordinates": [
          [
            [
              107.6273757,
              -6.9697567
            ],
            [
              107.6271729,
              -6.9699262
            ],
            [
              107.6272388,
              -6.9700019
            ],
            [
              107.6272976,
              -6.9700702
            ],
            [
              107.6274987,
              -6.9698995
            ],
            [
              107.6273757,
              -6.9697567
            ]
          ]
        ]
      },
      "id": "way/676065381"
    },
    {
      "type": "Feature",
      "properties": {
        "@id": "way/685566040",
        "amenity": "restaurant",
        "building": "yes",
        "name": "Skyline"
      },
      "geometry": {
        "type": "Polygon",
        "coordinates": [
          [
            [
              107.6384169,
              -6.8583808
            ],
            [
              107.638623,
              -6.8585781
            ],
            [
              107.6388595,
              -6.8583346
            ],
            [
              107.6386534,
              -6.8581373
            ],
            [
              107.6384169,
              -6.8583808
            ]
          ]
        ]
      },
      "id": "way/685566040"
    },
    {
      "type": "Feature",
      "properties": {
        "@id": "way/731259292",
        "amenity": "restaurant",
        "building": "kiosk",
        "name": "Kantin PKM",
        "opening_hours": "Mo-Fr 09:00-16:00"
      },
      "geometry": {
        "type": "Polygon",
        "coordinates": [
          [
            [
              107.5933886,
              -6.8622298
            ],
            [
              107.5933664,
              -6.8624659
            ],
            [
              107.5935591,
              -6.8624838
            ],
            [
              107.5935813,
              -6.8622477
            ],
            [
              107.5933886,
              -6.8622298
            ]
          ]
        ]
      },
      "id": "way/731259292"
    },
    {
      "type": "Feature",
      "properties": {
        "@id": "way/733084313",
        "amenity": "restaurant",
        "building": "yes"
      },
      "geometry": {
        "type": "Polygon",
        "coordinates": [
          [
            [
              107.6736821,
              -6.8774631
            ],
            [
              107.673656,
              -6.8774784
            ],
            [
              107.6736486,
              -6.8774964
            ],
            [
              107.6736539,
              -6.8775403
            ],
            [
              107.673668,
              -6.8775391
            ],
            [
              107.673707,
              -6.8775314
            ],
            [
              107.6737244,
              -6.8774951
            ],
            [
              107.673725,
              -6.8774817
            ],
            [
              107.6736821,
              -6.8774631
            ]
          ]
        ]
      },
      "id": "way/733084313"
    },
    {
      "type": "Feature",
      "properties": {
        "@id": "way/769459958",
        "amenity": "restaurant",
        "building": "yes",
        "cuisine": "noodle;roti_bakar;bubur_kacang_iho",
        "name": "Sadikin"
      },
      "geometry": {
        "type": "Polygon",
        "coordinates": [
          [
            [
              107.6126925,
              -6.8793603
            ],
            [
              107.6126896,
              -6.8794004
            ],
            [
              107.6127332,
              -6.8794035
            ],
            [
              107.6127362,
              -6.8793635
            ],
            [
              107.6126925,
              -6.8793603
            ]
          ]
        ]
      },
      "id": "way/769459958"
    },
    {
      "type": "Feature",
      "properties": {
        "@id": "way/803512883",
        "amenity": "restaurant",
        "building": "yes",
        "name": "Kantin Teknik"
      },
      "geometry": {
        "type": "Polygon",
        "coordinates": [
          [
            [
              107.6308723,
              -6.9777417
            ],
            [
              107.6311019,
              -6.9777411
            ],
            [
              107.6311015,
              -6.9775665
            ],
            [
              107.631032,
              -6.9775666
            ],
            [
              107.6310313,
              -6.9772573
            ],
            [
              107.6308712,
              -6.9772577
            ],
            [
              107.6308723,
              -6.9777417
            ]
          ]
        ]
      },
      "id": "way/803512883"
    },
    {
      "type": "Feature",
      "properties": {
        "@id": "way/829328767",
        "amenity": "restaurant",
        "building": "yes",
        "name": "Es Kelapa Muda Rizky"
      },
      "geometry": {
        "type": "Polygon",
        "coordinates": [
          [
            [
              107.6319972,
              -6.8847345
            ],
            [
              107.632027,
              -6.8847792
            ],
            [
              107.632101,
              -6.8847306
            ],
            [
              107.6320711,
              -6.8846859
            ],
            [
              107.6319972,
              -6.8847345
            ]
          ]
        ]
      },
      "id": "way/829328767"
    },
    {
      "type": "Feature",
      "properties": {
        "@id": "way/855747979",
        "amenity": "restaurant",
        "building": "commercial",
        "building:levels": "1",
        "building:use": "retail",
        "cuisine": "padangan;indonesian",
        "delivery": "yes",
        "name": "Amanah Logam",
        "reservation": "no",
        "takeaway": "yes",
        "wheelchair": "limited"
      },
      "geometry": {
        "type": "Polygon",
        "coordinates": [
          [
            [
              107.6440524,
              -6.9609919
            ],
            [
              107.6441094,
              -6.9609946
            ],
            [
              107.6441119,
              -6.9609408
            ],
            [
              107.6440549,
              -6.9609381
            ],
            [
              107.6440524,
              -6.9609919
            ]
          ]
        ]
      },
      "id": "way/855747979"
    },
    {
      "type": "Feature",
      "properties": {
        "@id": "way/856181235",
        "amenity": "restaurant",
        "building": "yes"
      },
      "geometry": {
        "type": "Polygon",
        "coordinates": [
          [
            [
              107.6349678,
              -6.9810017
            ],
            [
              107.63495,
              -6.9810558
            ],
            [
              107.6350294,
              -6.9810769
            ],
            [
              107.6350471,
              -6.9810228
            ],
            [
              107.6349678,
              -6.9810017
            ]
          ]
        ]
      },
      "id": "way/856181235"
    },
    {
      "type": "Feature",
      "properties": {
        "@id": "way/863208211",
        "amenity": "restaurant",
        "building": "yes",
        "name": "Madu Perhutani"
      },
      "geometry": {
        "type": "Polygon",
        "coordinates": [
          [
            [
              107.5974816,
              -6.843078
            ],
            [
              107.5974457,
              -6.8432008
            ],
            [
              107.5976088,
              -6.8432479
            ],
            [
              107.5976447,
              -6.843125
            ],
            [
              107.5974816,
              -6.843078
            ]
          ]
        ]
      },
      "id": "way/863208211"
    },
    {
      "type": "Feature",
      "properties": {
        "@id": "way/871816999",
        "amenity": "restaurant",
        "building": "yes"
      },
      "geometry": {
        "type": "Polygon",
        "coordinates": [
          [
            [
              107.6193626,
              -6.8674603
            ],
            [
              107.6193874,
              -6.8674869
            ],
            [
              107.619418,
              -6.8674587
            ],
            [
              107.6193931,
              -6.8674322
            ],
            [
              107.6193626,
              -6.8674603
            ]
          ]
        ]
      },
      "id": "way/871816999"
    },
    {
      "type": "Feature",
      "properties": {
        "@id": "way/871821146",
        "amenity": "restaurant",
        "building": "yes"
      },
      "geometry": {
        "type": "Polygon",
        "coordinates": [
          [
            [
              107.6194315,
              -6.867544
            ],
            [
              107.6194662,
              -6.8675899
            ],
            [
              107.6195001,
              -6.8675646
            ],
            [
              107.6194654,
              -6.8675188
            ],
            [
              107.6194315,
              -6.867544
            ]
          ]
        ]
      },
      "id": "way/871821146"
    },
    {
      "type": "Feature",
      "properties": {
        "@id": "way/877472958",
        "addr:city": "Bandung",
        "addr:housenumber": "10",
        "addr:postcode": "40123",
        "addr:street": "Jalan Cikutra Barat",
        "addr:subdistrict": "Cibeunying Kaler",
        "amenity": "restaurant",
        "building": "yes",
        "cuisine": "indonesian",
        "diet:halal": "yes",
        "name": "Bakso Balowo",
        "opening_hours": "Mo-Su 08:00-21:00"
      },
      "geometry": {
        "type": "Polygon",
        "coordinates": [
          [
            [
              107.6342857,
              -6.8922144
            ],
            [
              107.6342827,
              -6.8923284
            ],
            [
              107.6342908,
              -6.8923287
            ],
            [
              107.6342901,
              -6.8923539
            ],
            [
              107.6343418,
              -6.8923553
            ],
            [
              107.6343424,
              -6.8923324
            ],
            [
              107.6343536,
              -6.8923327
            ],
            [
              107.6343565,
              -6.8922237
            ],
            [
              107.6343381,
              -6.8922232
            ],
            [
              107.6343387,
              -6.8922013
            ],
            [
              107.6343077,
              -6.8922005
            ],
            [
              107.6343074,
              -6.8922149
            ],
            [
              107.6342857,
              -6.8922144
            ]
          ]
        ]
      },
      "id": "way/877472958"
    },
    {
      "type": "Feature",
      "properties": {
        "@id": "way/884030176",
        "addr:city": "Bandung",
        "addr:street": "Jalan Cigadung Raya Barat",
        "amenity": "restaurant",
        "building": "yes",
        "cuisine": "chicken;regional;asian",
        "name": "Rumah Makan Padang Takana Raso 2"
      },
      "geometry": {
        "type": "Polygon",
        "coordinates": [
          [
            [
              107.6249186,
              -6.8804692
            ],
            [
              107.624922,
              -6.8805485
            ],
            [
              107.6249323,
              -6.8805481
            ],
            [
              107.6249328,
              -6.8805604
            ],
            [
              107.6249703,
              -6.8805589
            ],
            [
              107.6249663,
              -6.8804671
            ],
            [
              107.6249186,
              -6.8804692
            ]
          ]
        ]
      },
      "id": "way/884030176"
    },
    {
      "type": "Feature",
      "properties": {
        "@id": "way/1082793037",
        "addr:city": "Bandung",
        "addr:district": "Sukajadi",
        "addr:housenumber": "15",
        "addr:neighbourhood": "05/08",
        "addr:postcode": "40161",
        "addr:province": "Jawa Barat",
        "addr:street": "Jalan Bakti",
        "addr:subdistrict": "Pasteur",
        "amenity": "restaurant",
        "building": "house",
        "cuisine": "grill",
        "delivery": "yes",
        "name": "Karnevor.id Bandung",
        "not:name": "Karnevor;BBQ Home Service Bandung;Catering BBQ Bandung;Paket BBQ Bandung",
        "opening_hours": "Mo-Su 09:00-17:00",
        "phone": "+62 851 5820 8204",
        "takeaway": "only",
        "website": "https://www.karnevor.web.id/"
      },
      "geometry": {
        "type": "Polygon",
        "coordinates": [
          [
            [
              107.5994036,
              -6.892979
            ],
            [
              107.5993833,
              -6.893065
            ],
            [
              107.5994946,
              -6.893091
            ],
            [
              107.5995149,
              -6.893005
            ],
            [
              107.5994036,
              -6.892979
            ]
          ]
        ]
      },
      "id": "way/1082793037"
    },
    {
      "type": "Feature",
      "properties": {
        "@id": "way/1126614323",
        "amenity": "restaurant",
        "cuisine": "tegalan",
        "name": "Bahari Selera Nusantara",
        "opening_hours": "Mo-Su 09:00-20:30; PH closed",
        "room": "restaurant",
        "takeaway": "yes",
        "toilets": "no",
        "wheelchair": "limited"
      },
      "geometry": {
        "type": "Polygon",
        "coordinates": [
          [
            [
              107.6614435,
              -6.9161197
            ],
            [
              107.6614807,
              -6.9161663
            ],
            [
              107.6615047,
              -6.9161474
            ],
            [
              107.6615118,
              -6.916109
            ],
            [
              107.6614907,
              -6.9160825
            ],
            [
              107.6614435,
              -6.9161197
            ]
          ]
        ]
      },
      "id": "way/1126614323"
    },
    {
      "type": "Feature",
      "properties": {
        "@id": "way/1144695064",
        "amenity": "restaurant",
        "building": "yes"
      },
      "geometry": {
        "type": "Polygon",
        "coordinates": [
          [
            [
              107.612036,
              -6.8974664
            ],
            [
              107.6120301,
              -6.897593
            ],
            [
              107.6121884,
              -6.8976003
            ],
            [
              107.6121905,
              -6.8975552
            ],
            [
              107.6122131,
              -6.8975563
            ],
            [
              107.6122169,
              -6.8974748
            ],
            [
              107.612036,
              -6.8974664
            ]
          ]
        ]
      },
      "id": "way/1144695064"
    },
    {
      "type": "Feature",
      "properties": {
        "@id": "way/1144695068",
        "amenity": "restaurant",
        "building": "yes"
      },
      "geometry": {
        "type": "Polygon",
        "coordinates": [
          [
            [
              107.6119076,
              -6.8973901
            ],
            [
              107.6118969,
              -6.8974966
            ],
            [
              107.6120096,
              -6.8975078
            ],
            [
              107.6120253,
              -6.8973529
            ],
            [
              107.6119696,
              -6.8973474
            ],
            [
              107.6119647,
              -6.8973958
            ],
            [
              107.6119076,
              -6.8973901
            ]
          ]
        ]
      },
      "id": "way/1144695068"
    },
    {
      "type": "Feature",
      "properties": {
        "@id": "way/1145008446",
        "addr:city": "Bandung",
        "addr:housenumber": "30",
        "addr:province": "Jawa Barat",
        "addr:street": "Jl. Pahlawan, Cikutra, Kec. Cibeunying Kidul",
        "amenity": "restaurant",
        "building": "yes",
        "cuisine": "chicken",
        "name": "Ayam Penyet Indomart",
        "opening_hours": "Mo-Su 06:00-22:00",
        "phone": "+62 22-7272144"
      },
      "geometry": {
        "type": "Polygon",
        "coordinates": [
          [
            [
              107.634118,
              -6.8987272
            ],
            [
              107.6342077,
              -6.8987493
            ],
            [
              107.634227,
              -6.8986719
            ],
            [
              107.6341373,
              -6.8986498
            ],
            [
              107.634118,
              -6.8987272
            ]
          ]
        ]
      },
      "id": "way/1145008446"
    },
    {
      "type": "Feature",
      "properties": {
        "@id": "way/1158408614",
        "addr:city": "Bandung",
        "addr:country": "ID",
        "addr:housenumber": "153",
        "addr:province": "Jawa Barat",
        "addr:street": "Jalan Buah Batu",
        "amenity": "restaurant",
        "building": "yes",
        "cuisine": "steak_house",
        "delivery": "Mo-Su 10:30-21:30",
        "internet_access": "wlan",
        "internet_access:fee": "no",
        "level": "1",
        "name": "Justus Steak House",
        "opening_hours": "Mo-Su 10:00-22:00",
        "opening_hours:kitchen": "Mo-Su 10:30-21:30",
        "reservation": "no",
        "reservation:conditional": "PH @ recommended",
        "self_service": "no",
        "takeaway": "yes",
        "toilets": "yes",
        "toilets:access": "customers",
        "wheelchair": "limited"
      },
      "geometry": {
        "type": "Polygon",
        "coordinates": [
          [
            [
              107.6248244,
              -6.9388485
            ],
            [
              107.6249329,
              -6.9387425
            ],
            [
              107.6248722,
              -6.9386813
            ],
            [
              107.6247636,
              -6.9387873
            ],
            [
              107.6248244,
              -6.9388485
            ]
          ]
        ]
      },
      "id": "way/1158408614"
    },
    {
      "type": "Feature",
      "properties": {
        "@id": "way/1158488683",
        "amenity": "restaurant",
        "building": "yes",
        "cuisine": "noodle",
        "name": "Golden Lamian",
        "opening_hours": "Mo-Su 09:00-21:00",
        "wheelchair": "limited"
      },
      "geometry": {
        "type": "Polygon",
        "coordinates": [
          [
            [
              107.6252341,
              -6.9391772
            ],
            [
              107.6252002,
              -6.9391453
            ],
            [
              107.625121,
              -6.939229
            ],
            [
              107.6251546,
              -6.9392607
            ],
            [
              107.6252341,
              -6.9391772
            ]
          ]
        ]
      },
      "id": "way/1158488683"
    },
    {
      "type": "Feature",
      "properties": {
        "@id": "way/1193303202",
        "amenity": "restaurant",
        "building": "yes"
      },
      "geometry": {
        "type": "Polygon",
        "coordinates": [
          [
            [
              107.6116956,
              -6.8902737
            ],
            [
              107.6116952,
              -6.8903066
            ],
            [
              107.6117541,
              -6.8903073
            ],
            [
              107.6117545,
              -6.8902745
            ],
            [
              107.6116956,
              -6.8902737
            ]
          ]
        ]
      },
      "id": "way/1193303202"
    },
    {
      "type": "Feature",
      "properties": {
        "@id": "way/1193615133",
        "amenity": "restaurant",
        "branch": "Buahbatu",
        "brand": "Mie Gacoan",
        "brand:wikidata": "Q111995141",
        "building": "retail",
        "cuisine": "noodle",
        "name": "Mie Gacoan"
      },
      "geometry": {
        "type": "Polygon",
        "coordinates": [
          [
            [
              107.6335453,
              -6.9476061
            ],
            [
              107.6335477,
              -6.9476526
            ],
            [
              107.6334977,
              -6.9476551
            ],
            [
              107.6334605,
              -6.9476038
            ],
            [
              107.6334066,
              -6.9476423
            ],
            [
              107.6334623,
              -6.9477191
            ],
            [
              107.6335552,
              -6.9477144
            ],
            [
              107.633557,
              -6.9477504
            ],
            [
              107.633719,
              -6.9477422
            ],
            [
              107.6337116,
              -6.9475976
            ],
            [
              107.6335453,
              -6.9476061
            ]
          ]
        ]
      },
      "id": "way/1193615133"
    },
    {
      "type": "Feature",
      "properties": {
        "@id": "way/1197094103",
        "amenity": "restaurant",
        "building": "yes"
      },
      "geometry": {
        "type": "Polygon",
        "coordinates": [
          [
            [
              107.6126369,
              -6.8793553
            ],
            [
              107.6126339,
              -6.8793954
            ],
            [
              107.6126776,
              -6.8793985
            ],
            [
              107.6126805,
              -6.8793585
            ],
            [
              107.6126369,
              -6.8793553
            ]
          ]
        ]
      },
      "id": "way/1197094103"
    },
    {
      "type": "Feature",
      "properties": {
        "@id": "way/1206655960",
        "amenity": "restaurant",
        "branch": "Gatot Subroto",
        "brand": "Mie Gacoan",
        "brand:wikidata": "Q111995141",
        "building": "yes",
        "cuisine": "noodle",
        "name": "Mie Gacoan",
        "opening_hours": "24/7"
      },
      "geometry": {
        "type": "Polygon",
        "coordinates": [
          [
            [
              107.6278952,
              -6.9248405
            ],
            [
              107.6278849,
              -6.9248823
            ],
            [
              107.6278432,
              -6.9248721
            ],
            [
              107.6278033,
              -6.9250331
            ],
            [
              107.6278648,
              -6.9250481
            ],
            [
              107.6278732,
              -6.9250145
            ],
            [
              107.6280263,
              -6.925052
            ],
            [
              107.6280628,
              -6.924905
            ],
            [
              107.6280073,
              -6.9248914
            ],
            [
              107.6280129,
              -6.9248693
            ],
            [
              107.6278952,
              -6.9248405
            ]
          ]
        ]
      },
      "id": "way/1206655960"
    },
    {
      "type": "Feature",
      "properties": {
        "@id": "way/1207394467",
        "addr:city": "Bandung",
        "addr:housenumber": "5-7",
        "addr:postcode": "40111",
        "addr:street": "Jalan Sumatra",
        "amenity": "restaurant",
        "building": "yes",
        "cuisine": "pizza;chicken;coffee_shop",
        "name": "Velcro Lounge & Social Place",
        "phone": "+62 813-1313-7743",
        "website": "https://www.instagram.com/velcro.socialplace/"
      },
      "geometry": {
        "type": "Polygon",
        "coordinates": [
          [
            [
              107.6128747,
              -6.9169531
            ],
            [
              107.6128641,
              -6.9170681
            ],
            [
              107.6128545,
              -6.9171713
            ],
            [
              107.6129537,
              -6.9171804
            ],
            [
              107.612974,
              -6.9169622
            ],
            [
              107.6128747,
              -6.9169531
            ]
          ]
        ]
      },
      "id": "way/1207394467"
    },
    {
      "type": "Feature",
      "properties": {
        "@id": "way/1209059248",
        "amenity": "restaurant",
        "branch": "Summarecon Bandung",
        "brand": "Mie Gacoan",
        "brand:wikidata": "Q111995141",
        "building": "yes",
        "cuisine": "noodle",
        "name": "Mie Gacoan"
      },
      "geometry": {
        "type": "Polygon",
        "coordinates": [
          [
            [
              107.6873336,
              -6.956293
            ],
            [
              107.6872985,
              -6.9564638
            ],
            [
              107.6872916,
              -6.9564972
            ],
            [
              107.6879618,
              -6.9566331
            ],
            [
              107.6880038,
              -6.9564288
            ],
            [
              107.6873336,
              -6.956293
            ]
          ]
        ]
      },
      "id": "way/1209059248"
    },
    {
      "type": "Feature",
      "properties": {
        "@id": "way/1222527764",
        "amenity": "restaurant",
        "building": "yes",
        "name": "Tepi Kota"
      },
      "geometry": {
        "type": "Polygon",
        "coordinates": [
          [
            [
              107.6699853,
              -6.9110845
            ],
            [
              107.6699343,
              -6.9113042
            ],
            [
              107.6700853,
              -6.9114196
            ],
            [
              107.6701745,
              -6.9110351
            ],
            [
              107.6699853,
              -6.9110845
            ]
          ]
        ]
      },
      "id": "way/1222527764"
    },
    {
      "type": "Feature",
      "properties": {
        "@id": "way/1229803714",
        "addr:city": "Bandung",
        "addr:postcode": "40173",
        "addr:street": "Jalan Pajajaran",
        "air_conditioning": "yes",
        "amenity": "restaurant",
        "building": "commercial",
        "diet:halal": "yes",
        "name": "Toko Kue Anugrah Cipta Rasa",
        "opening_hours": "Mo-Su 05:00-22:00"
      },
      "geometry": {
        "type": "Polygon",
        "coordinates": [
          [
            [
              107.5949814,
              -6.9069065
            ],
            [
              107.5950221,
              -6.9071282
            ],
            [
              107.5950604,
              -6.9071206
            ],
            [
              107.5950127,
              -6.9068995
            ],
            [
              107.5949814,
              -6.9069065
            ]
          ]
        ]
      },
      "id": "way/1229803714"
    },
    {
      "type": "Feature",
      "properties": {
        "@id": "way/1229803716",
        "addr:city": "Husen Sastranegara",
        "addr:street": "Jalan Pajajaran",
        "amenity": "restaurant",
        "brand": "Pizza Hut",
        "brand:wikidata": "Q191615",
        "building": "yes",
        "cuisine": "pizza",
        "name": "Pizza Hut"
      },
      "geometry": {
        "type": "Polygon",
        "coordinates": [
          [
            [
              107.5893449,
              -6.9066527
            ],
            [
              107.5893413,
              -6.9068305
            ],
            [
              107.5894686,
              -6.9068341
            ],
            [
              107.5894733,
              -6.9066503
            ],
            [
              107.5893449,
              -6.9066527
            ]
          ]
        ]
      },
      "id": "way/1229803716"
    },
    {
      "type": "Feature",
      "properties": {
        "@id": "way/1293082124",
        "amenity": "restaurant",
        "building": "yes",
        "name": "Gubuk Makan Mang Engking"
      },
      "geometry": {
        "type": "Polygon",
        "coordinates": [
          [
            [
              107.641001,
              -6.9150858
            ],
            [
              107.6409788,
              -6.9151114
            ],
            [
              107.64111,
              -6.9152237
            ],
            [
              107.6411246,
              -6.9152069
            ],
            [
              107.6411971,
              -6.9152689
            ],
            [
              107.6412621,
              -6.9151941
            ],
            [
              107.6411895,
              -6.915132
            ],
            [
              107.641209,
              -6.9151096
            ],
            [
              107.6410778,
              -6.9149974
            ],
            [
              107.6410583,
              -6.9150198
            ],
            [
              107.6409782,
              -6.9149513
            ],
            [
              107.6409209,
              -6.9150173
            ],
            [
              107.641001,
              -6.9150858
            ]
          ]
        ]
      },
      "id": "way/1293082124"
    },
    {
      "type": "Feature",
      "properties": {
        "@id": "way/1293345623",
        "addr:city": "Bandung",
        "addr:housenumber": "108",
        "addr:postcode": "40261",
        "addr:street": "Jalan Naripan",
        "amenity": "restaurant",
        "building": "yes",
        "name": "Mie Naripan"
      },
      "geometry": {
        "type": "Polygon",
        "coordinates": [
          [
            [
              107.6178107,
              -6.9214416
            ],
            [
              107.6177788,
              -6.921437
            ],
            [
              107.6177692,
              -6.9215034
            ],
            [
              107.6177625,
              -6.9215504
            ],
            [
              107.6178646,
              -6.9215649
            ],
            [
              107.6178714,
              -6.9215179
            ],
            [
              107.6179209,
              -6.9215249
            ],
            [
              107.6179305,
              -6.9214586
            ],
            [
              107.6178807,
              -6.9214515
            ],
            [
              107.6178864,
              -6.9214124
            ],
            [
              107.6178163,
              -6.9214024
            ],
            [
              107.6178107,
              -6.9214416
            ]
          ]
        ]
      },
      "id": "way/1293345623"
    },
    {
      "type": "Feature",
      "properties": {
        "@id": "way/1293369798",
        "amenity": "restaurant",
        "building": "yes",
        "name": "Kantin Ruang Riung"
      },
      "geometry": {
        "type": "Polygon",
        "coordinates": [
          [
            [
              107.6286143,
              -6.9743098
            ],
            [
              107.6286185,
              -6.9744515
            ],
            [
              107.6289358,
              -6.974448
            ],
            [
              107.6289343,
              -6.9743156
            ],
            [
              107.6286143,
              -6.9743098
            ]
          ]
        ]
      },
      "id": "way/1293369798"
    },
    {
      "type": "Feature",
      "properties": {
        "@id": "way/1293369799",
        "amenity": "restaurant",
        "building": "yes",
        "name": "Kantin Asrama Putri"
      },
      "geometry": {
        "type": "Polygon",
        "coordinates": [
          [
            [
              107.6293452,
              -6.9740789
            ],
            [
              107.6292563,
              -6.9740738
            ],
            [
              107.6292,
              -6.9741833
            ],
            [
              107.6291736,
              -6.9743886
            ],
            [
              107.6292942,
              -6.9744074
            ],
            [
              107.6293452,
              -6.9740789
            ]
          ]
        ]
      },
      "id": "way/1293369799"
    },
    {
      "type": "Feature",
      "properties": {
        "@id": "way/1293421749",
        "amenity": "restaurant",
        "building": "yes",
        "name": "Richeese Factory"
      },
      "geometry": {
        "type": "Polygon",
        "coordinates": [
          [
            [
              107.5979626,
              -6.9067269
            ],
            [
              107.5979435,
              -6.906785
            ],
            [
              107.598083,
              -6.9068303
            ],
            [
              107.5981021,
              -6.9067722
            ],
            [
              107.5979626,
              -6.9067269
            ]
          ]
        ]
      },
      "id": "way/1293421749"
    },
    {
      "type": "Feature",
      "properties": {
        "@id": "way/1293529661",
        "amenity": "restaurant",
        "building": "yes",
        "name": "Warung Nasi Ibu Imas"
      },
      "geometry": {
        "type": "Polygon",
        "coordinates": [
          [
            [
              107.6071257,
              -6.9272456
            ],
            [
              107.6071063,
              -6.9274373
            ],
            [
              107.6072232,
              -6.927449
            ],
            [
              107.6072426,
              -6.9272573
            ],
            [
              107.6071257,
              -6.9272456
            ]
          ]
        ]
      },
      "id": "way/1293529661"
    },
    {
      "type": "Feature",
      "properties": {
        "@id": "way/1293545509",
        "air_conditioning": "no",
        "amenity": "restaurant",
        "brand": "Mie Gacoan",
        "brand:wikidata": "Q111995141",
        "building": "yes",
        "cuisine": "noodle",
        "diet:halal": "only",
        "name": "Mie Gacoan"
      },
      "geometry": {
        "type": "Polygon",
        "coordinates": [
          [
            [
              107.6131546,
              -6.9175217
            ],
            [
              107.6128303,
              -6.917471
            ],
            [
              107.6127952,
              -6.917692
            ],
            [
              107.6129401,
              -6.9177146
            ],
            [
              107.6131345,
              -6.9176481
            ],
            [
              107.6131546,
              -6.9175217
            ]
          ]
        ]
      },
      "id": "way/1293545509"
    },
    {
      "type": "Feature",
      "properties": {
        "@id": "way/1299816092",
        "amenity": "restaurant",
        "building": "yes",
        "diet:halal": "yes",
        "name": "Mie Jakarta"
      },
      "geometry": {
        "type": "Polygon",
        "coordinates": [
          [
            [
              107.604445,
              -6.8748368
            ],
            [
              107.6042997,
              -6.8748007
            ],
            [
              107.6042801,
              -6.8748756
            ],
            [
              107.6044336,
              -6.8749005
            ],
            [
              107.604445,
              -6.8748368
            ]
          ]
        ]
      },
      "id": "way/1299816092"
    },
    {
      "type": "Feature",
      "properties": {
        "@id": "way/1299816094",
        "amenity": "restaurant",
        "building": "yes",
        "name": "Kantin Favorit"
      },
      "geometry": {
        "type": "Polygon",
        "coordinates": [
          [
            [
              107.6046449,
              -6.8743682
            ],
            [
              107.6046583,
              -6.8743015
            ],
            [
              107.6045497,
              -6.8742778
            ],
            [
              107.6045374,
              -6.8743485
            ],
            [
              107.6046449,
              -6.8743682
            ]
          ]
        ]
      },
      "id": "way/1299816094"
    },
    {
      "type": "Feature",
      "properties": {
        "@id": "way/1299816095",
        "amenity": "restaurant",
        "building": "yes",
        "cuisine": "padang_restaurant",
        "name": "Putra Kapau"
      },
      "geometry": {
        "type": "Polygon",
        "coordinates": [
          [
            [
              107.6045287,
              -6.8743242
            ],
            [
              107.604542,
              -6.8742627
            ],
            [
              107.6044738,
              -6.8742407
            ],
            [
              107.6043871,
              -6.8742266
            ],
            [
              107.6043685,
              -6.8742846
            ],
            [
              107.6045287,
              -6.8743242
            ]
          ]
        ]
      },
      "id": "way/1299816095"
    },
    {
      "type": "Feature",
      "properties": {
        "@id": "way/1299816097",
        "amenity": "restaurant",
        "building": "yes",
        "name": "Warbam"
      },
      "geometry": {
        "type": "Polygon",
        "coordinates": [
          [
            [
              107.6045504,
              -6.8747352
            ],
            [
              107.6045691,
              -6.8746492
            ],
            [
              107.6044598,
              -6.8746212
            ],
            [
              107.6044386,
              -6.8747056
            ],
            [
              107.6044651,
              -6.8747125
            ],
            [
              107.6045504,
              -6.8747352
            ]
          ]
        ]
      },
      "id": "way/1299816097"
    },
    {
      "type": "Feature",
      "properties": {
        "@id": "way/1299816101",
        "addr:city": "Bandung",
        "addr:district": "Cidadap",
        "addr:housenumber": "5",
        "addr:postcode": "40141",
        "addr:province": "Jawa Barat",
        "addr:street": "Jalan Bukit Indah",
        "addr:subdistrict": "Hegarmanah",
        "amenity": "restaurant",
        "building": "yes",
        "name": "Warung BI 5"
      },
      "geometry": {
        "type": "Polygon",
        "coordinates": [
          [
            [
              107.6035143,
              -6.8743335
            ],
            [
              107.6036027,
              -6.8743248
            ],
            [
              107.6035936,
              -6.8742336
            ],
            [
              107.6035052,
              -6.8742423
            ],
            [
              107.6035143,
              -6.8743335
            ]
          ]
        ]
      },
      "id": "way/1299816101"
    },
    {
      "type": "Feature",
      "properties": {
        "@id": "way/1299816105",
        "amenity": "restaurant",
        "building": "yes",
        "name": "Warung Prasmanan"
      },
      "geometry": {
        "type": "Polygon",
        "coordinates": [
          [
            [
              107.6047225,
              -6.8739746
            ],
            [
              107.6047442,
              -6.8738872
            ],
            [
              107.6046496,
              -6.8738663
            ],
            [
              107.6046423,
              -6.873913
            ],
            [
              107.6046564,
              -6.8739166
            ],
            [
              107.6046468,
              -6.8739612
            ],
            [
              107.6047225,
              -6.8739746
            ]
          ]
        ]
      },
      "id": "way/1299816105"
    },
    {
      "type": "Feature",
      "properties": {
        "@id": "way/1301822795",
        "amenity": "restaurant",
        "building": "yes",
        "cuisine": "indonesian",
        "diet:halal": "yes",
        "name": "BSA Bakso Semar Asli"
      },
      "geometry": {
        "type": "Polygon",
        "coordinates": [
          [
            [
              107.6289628,
              -6.9437033
            ],
            [
              107.6288386,
              -6.9438226
            ],
            [
              107.6288722,
              -6.9438568
            ],
            [
              107.6290019,
              -6.9437416
            ],
            [
              107.6289628,
              -6.9437033
            ]
          ]
        ]
      },
      "id": "way/1301822795"
    },
    {
      "type": "Feature",
      "properties": {
        "@id": "way/1320550144",
        "amenity": "restaurant",
        "name": "Gadis Desa"
      },
      "geometry": {
        "type": "Polygon",
        "coordinates": [
          [
            [
              107.5890993,
              -6.8545023
            ],
            [
              107.5890483,
              -6.8544863
            ],
            [
              107.5889866,
              -6.8545236
            ],
            [
              107.5889343,
              -6.8546874
            ],
            [
              107.5889531,
              -6.8547819
            ],
            [
              107.5890228,
              -6.8548405
            ],
            [
              107.58911,
              -6.8548951
            ],
            [
              107.5891891,
              -6.8548072
            ],
            [
              107.5890993,
              -6.8545023
            ]
          ]
        ]
      },
      "id": "way/1320550144"
    },
    {
      "type": "Feature",
      "properties": {
        "@id": "way/1334244943",
        "amenity": "restaurant",
        "building": "yes",
        "name": "Sate Blora"
      },
      "geometry": {
        "type": "Polygon",
        "coordinates": [
          [
            [
              107.5978446,
              -6.9075258
            ],
            [
              107.5978535,
              -6.9076499
            ],
            [
              107.5980426,
              -6.9076366
            ],
            [
              107.5980337,
              -6.9075124
            ],
            [
              107.5978446,
              -6.9075258
            ]
          ]
        ]
      },
      "id": "way/1334244943"
    },
    {
      "type": "Feature",
      "properties": {
        "@id": "way/1337664381",
        "amenity": "restaurant",
        "brand": "Mie Gacoan",
        "brand:wikidata": "Q111995141",
        "building": "retail",
        "cuisine": "noodle",
        "name": "Mie Gacoan"
      },
      "geometry": {
        "type": "Polygon",
        "coordinates": [
          [
            [
              107.612884,
              -6.8887097
            ],
            [
              107.6128714,
              -6.8888752
            ],
            [
              107.6131214,
              -6.8888939
            ],
            [
              107.613134,
              -6.8887285
            ],
            [
              107.612884,
              -6.8887097
            ]
          ]
        ]
      },
      "id": "way/1337664381"
    },
    {
      "type": "Feature",
      "properties": {
        "@id": "way/1356957274",
        "amenity": "restaurant",
        "building": "commercial",
        "name": "Hongsin Restaurant"
      },
      "geometry": {
        "type": "Polygon",
        "coordinates": [
          [
            [
              107.6066031,
              -6.9160908
            ],
            [
              107.6065869,
              -6.9161753
            ],
            [
              107.606781,
              -6.9161998
            ],
            [
              107.6067969,
              -6.9161031
            ],
            [
              107.6066031,
              -6.9160908
            ]
          ]
        ]
      },
      "id": "way/1356957274"
    },
    {
      "type": "Feature",
      "properties": {
        "@id": "way/1357797768",
        "amenity": "restaurant",
        "building": "yes",
        "name": "Warung Nasi Bapak Jana"
      },
      "geometry": {
        "type": "Polygon",
        "coordinates": [
          [
            [
              107.6058006,
              -6.9179781
            ],
            [
              107.6058027,
              -6.9180911
            ],
            [
              107.6058332,
              -6.9181244
            ],
            [
              107.6058941,
              -6.9181274
            ],
            [
              107.6058931,
              -6.9179539
            ],
            [
              107.6058006,
              -6.9179781
            ]
          ]
        ]
      },
      "id": "way/1357797768"
    },
    {
      "type": "Feature",
      "properties": {
        "@id": "way/1358671241",
        "amenity": "restaurant",
        "building": "commercial",
        "name": "Simpang Raya Bandung"
      },
      "geometry": {
        "type": "Polygon",
        "coordinates": [
          [
            [
              107.6076925,
              -6.9226132
            ],
            [
              107.6076603,
              -6.9228536
            ],
            [
              107.6077269,
              -6.9228614
            ],
            [
              107.6077466,
              -6.922863
            ],
            [
              107.6077779,
              -6.9226242
            ],
            [
              107.6076925,
              -6.9226132
            ]
          ]
        ]
      },
      "id": "way/1358671241"
    },
    {
      "type": "Feature",
      "properties": {
        "@id": "way/1358671247",
        "amenity": "restaurant",
        "building": "yes",
        "name": "Mie Baso Tjiong Lung"
      },
      "geometry": {
        "type": "Polygon",
        "coordinates": [
          [
            [
              107.6077839,
              -6.9226225
            ],
            [
              107.6077708,
              -6.9227482
            ],
            [
              107.607828,
              -6.9227546
            ],
            [
              107.6078418,
              -6.9226296
            ],
            [
              107.6077839,
              -6.9226225
            ]
          ]
        ]
      },
      "id": "way/1358671247"
    },
    {
      "type": "Feature",
      "properties": {
        "@id": "way/1358671248",
        "amenity": "restaurant",
        "building": "commercial",
        "name": "Warteg Ekasari"
      },
      "geometry": {
        "type": "Polygon",
        "coordinates": [
          [
            [
              107.6078418,
              -6.9226296
            ],
            [
              107.607828,
              -6.9227546
            ],
            [
              107.6078735,
              -6.9227602
            ],
            [
              107.6078869,
              -6.9226357
            ],
            [
              107.6078418,
              -6.9226296
            ]
          ]
        ]
      },
      "id": "way/1358671248"
    },
    {
      "type": "Feature",
      "properties": {
        "@id": "way/1358671249",
        "amenity": "restaurant",
        "building": "yes",
        "name": "Rumah Makan Fajar"
      },
      "geometry": {
        "type": "Polygon",
        "coordinates": [
          [
            [
              107.6078869,
              -6.9226357
            ],
            [
              107.6078735,
              -6.9227602
            ],
            [
              107.6079137,
              -6.9227652
            ],
            [
              107.6079277,
              -6.9226404
            ],
            [
              107.6078869,
              -6.9226357
            ]
          ]
        ]
      },
      "id": "way/1358671249"
    },
    {
      "type": "Feature",
      "properties": {
        "@id": "way/1358671260",
        "amenity": "restaurant",
        "building": "yes",
        "name": "Nasi Kapau Unicah"
      },
      "geometry": {
        "type": "Polygon",
        "coordinates": [
          [
            [
              107.6082203,
              -6.9226741
            ],
            [
              107.6082221,
              -6.9227523
            ],
            [
              107.6082212,
              -6.9227824
            ],
            [
              107.6082205,
              -6.9228058
            ],
            [
              107.6082604,
              -6.9228055
            ],
            [
              107.6082864,
              -6.9228047
            ],
            [
              107.6082859,
              -6.9227801
            ],
            [
              107.6083099,
              -6.9227796
            ],
            [
              107.6083132,
              -6.9226794
            ],
            [
              107.6082203,
              -6.9226741
            ]
          ]
        ]
      },
      "id": "way/1358671260"
    },
    {
      "type": "Feature",
      "properties": {
        "@id": "way/1381598920",
        "amenity": "restaurant",
        "building": "yes",
        "cuisine": "barbecue",
        "name": "Kong BBQ Shabu Dimsum"
      },
      "geometry": {
        "type": "Polygon",
        "coordinates": [
          [
            [
              107.6057083,
              -6.9530631
            ],
            [
              107.6056953,
              -6.9532018
            ],
            [
              107.6057551,
              -6.9532073
            ],
            [
              107.6057681,
              -6.9530686
            ],
            [
              107.6057083,
              -6.9530631
            ]
          ]
        ]
      },
      "id": "way/1381598920"
    },
    {
      "type": "Feature",
      "properties": {
        "@id": "way/1381598927",
        "amenity": "restaurant",
        "building": "yes",
        "cuisine": "barbecue",
        "name": "Maboo BBQ Resto"
      },
      "geometry": {
        "type": "Polygon",
        "coordinates": [
          [
            [
              107.6062665,
              -6.9531861
            ],
            [
              107.606209,
              -6.9532982
            ],
            [
              107.6062485,
              -6.9533181
            ],
            [
              107.606304,
              -6.9532034
            ],
            [
              107.6062665,
              -6.9531861
            ]
          ]
        ]
      },
      "id": "way/1381598927"
    },
    {
      "type": "Feature",
      "properties": {
        "@id": "way/1381598931",
        "amenity": "restaurant",
        "building": "yes",
        "cuisine": "thai",
        "name": "Sawasdee"
      },
      "geometry": {
        "type": "Polygon",
        "coordinates": [
          [
            [
              107.6062359,
              -6.9530031
            ],
            [
              107.6063572,
              -6.9530553
            ],
            [
              107.6063753,
              -6.9530217
            ],
            [
              107.6062547,
              -6.9529669
            ],
            [
              107.6062359,
              -6.9530031
            ]
          ]
        ]
      },
      "id": "way/1381598931"
    },
    {
      "type": "Feature",
      "properties": {
        "@id": "way/1381598932",
        "amenity": "restaurant",
        "building": "yes",
        "name": "Kedai Hashi"
      },
      "geometry": {
        "type": "Polygon",
        "coordinates": [
          [
            [
              107.6062547,
              -6.9529669
            ],
            [
              107.6063753,
              -6.9530217
            ],
            [
              107.6063982,
              -6.9529722
            ],
            [
              107.6062775,
              -6.9529173
            ],
            [
              107.6062547,
              -6.9529669
            ]
          ]
        ]
      },
      "id": "way/1381598932"
    },
    {
      "type": "Feature",
      "properties": {
        "@id": "way/1381598946",
        "amenity": "restaurant",
        "building": "yes",
        "name": "Restoran Maduma Naramamora"
      },
      "geometry": {
        "type": "Polygon",
        "coordinates": [
          [
            [
              107.6059202,
              -6.9530221
            ],
            [
              107.6059167,
              -6.953068
            ],
            [
              107.6059163,
              -6.9530728
            ],
            [
              107.6060587,
              -6.9530834
            ],
            [
              107.6060625,
              -6.9530327
            ],
            [
              107.6059202,
              -6.9530221
            ]
          ]
        ]
      },
      "id": "way/1381598946"
    },
    {
      "type": "Feature",
      "properties": {
        "@id": "way/1411121312",
        "addr:housenumber": "116",
        "addr:street": "Jalan Dipatiukur",
        "amenity": "restaurant",
        "building": "yes",
        "cuisine": "indonesian",
        "name": "Warung Nasi SPG"
      },
      "geometry": {
        "type": "Polygon",
        "coordinates": [
          [
            [
              107.6150484,
              -6.8866233
            ],
            [
              107.6150619,
              -6.8866596
            ],
            [
              107.6152098,
              -6.8866053
            ],
            [
              107.6151963,
              -6.886569
            ],
            [
              107.6150484,
              -6.8866233
            ]
          ]
        ]
      },
      "id": "way/1411121312"
    },
    {
      "type": "Feature",
      "properties": {
        "@id": "way/1417983395",
        "amenity": "restaurant",
        "cuisine": "steak",
        "landuse": "retail",
        "name": "Justus steak house"
      },
      "geometry": {
        "type": "Polygon",
        "coordinates": [
          [
            [
              107.6114074,
              -6.9009639
            ],
            [
              107.6113933,
              -6.9011747
            ],
            [
              107.6118781,
              -6.9013943
            ],
            [
              107.6119525,
              -6.9012274
            ],
            [
              107.6114074,
              -6.9009639
            ]
          ]
        ]
      },
      "id": "way/1417983395"
    },
    {
      "type": "Feature",
      "properties": {
        "@id": "way/1447132089",
        "addr:street": "Jalan Sunda",
        "amenity": "restaurant",
        "building": "yes",
        "cuisine": "indonesian",
        "name": "Warteg Sinar Jaya",
        "opening_hours": "24/7"
      },
      "geometry": {
        "type": "Polygon",
        "coordinates": [
          [
            [
              107.6173449,
              -6.9217096
            ],
            [
              107.6173375,
              -6.9217843
            ],
            [
              107.6175612,
              -6.9218062
            ],
            [
              107.6175687,
              -6.9217316
            ],
            [
              107.6173449,
              -6.9217096
            ]
          ]
        ]
      },
      "id": "way/1447132089"
    },
    {
      "type": "Feature",
      "properties": {
        "@id": "way/1466766554",
        "addr:housenumber": "33A",
        "addr:street": "Jalan Cisitu Lama",
        "amenity": "restaurant",
        "building": "yes",
        "name": "Kantin Adoel"
      },
      "geometry": {
        "type": "Polygon",
        "coordinates": [
          [
            [
              107.6120241,
              -6.8796872
            ],
            [
              107.6119328,
              -6.8796773
            ],
            [
              107.611929,
              -6.8797115
            ],
            [
              107.6120203,
              -6.8797214
            ],
            [
              107.6120241,
              -6.8796872
            ]
          ]
        ]
      },
      "id": "way/1466766554"
    },
    {
      "type": "Feature",
      "properties": {
        "@id": "way/1466766555",
        "amenity": "restaurant",
        "building": "yes",
        "name": "RM Situ Jaya"
      },
      "geometry": {
        "type": "Polygon",
        "coordinates": [
          [
            [
              107.6120274,
              -6.8796475
            ],
            [
              107.6119361,
              -6.8796376
            ],
            [
              107.6119323,
              -6.8796718
            ],
            [
              107.6120236,
              -6.8796817
            ],
            [
              107.6120274,
              -6.8796475
            ]
          ]
        ]
      },
      "id": "way/1466766555"
    },
    {
      "type": "Feature",
      "properties": {
        "@id": "way/1467046949",
        "amenity": "restaurant",
        "building": "yes",
        "cuisine": "noodle",
        "name": "Wizzmie"
      },
      "geometry": {
        "type": "Polygon",
        "coordinates": [
          [
            [
              107.5461643,
              -6.8764168
            ],
            [
              107.5460548,
              -6.8765603
            ],
            [
              107.5460977,
              -6.8765925
            ],
            [
              107.546045,
              -6.8766615
            ],
            [
              107.5460816,
              -6.8766891
            ],
            [
              107.5460651,
              -6.8767107
            ],
            [
              107.5461248,
              -6.8767557
            ],
            [
              107.5461822,
              -6.8766804
            ],
            [
              107.5462222,
              -6.8767104
            ],
            [
              107.5463434,
              -6.8765515
            ],
            [
              107.5461643,
              -6.8764168
            ]
          ]
        ]
      },
      "id": "way/1467046949"
    },
    {
      "type": "Feature",
      "properties": {
        "@id": "way/1469407754",
        "addr:housenumber": "252",
        "addr:street": "Jalan Soekarno-Hatta",
        "amenity": "restaurant",
        "cuisine": "indonesian",
        "delivery": "Mo-Su 06:00-20:45",
        "level": "0",
        "name": "Soto Seger Boyolali",
        "opening_hours": "Mo-Su 06:00-21:00",
        "opening_hours:kitchen": "Mo-Su 06:00-20:45",
        "outdoor_seating": "yes",
        "self_service": "yes",
        "takeaway": "yes",
        "toilets": "yes",
        "toilets:access": "customers",
        "wheelchair": "limited"
      },
      "geometry": {
        "type": "Polygon",
        "coordinates": [
          [
            [
              107.6660105,
              -6.9393748
            ],
            [
              107.665985,
              -6.9395472
            ],
            [
              107.6661975,
              -6.9395712
            ],
            [
              107.6662092,
              -6.9393944
            ],
            [
              107.6661082,
              -6.9393844
            ],
            [
              107.6660105,
              -6.9393748
            ]
          ]
        ]
      },
      "id": "way/1469407754"
    },
    {
      "type": "Feature",
      "properties": {
        "@id": "way/1503537676",
        "amenity": "restaurant",
        "building": "yes",
        "name": "Asstro Heritage"
      },
      "geometry": {
        "type": "Polygon",
        "coordinates": [
          [
            [
              107.6330862,
              -6.9180193
            ],
            [
              107.6329381,
              -6.9181007
            ],
            [
              107.6330277,
              -6.9182613
            ],
            [
              107.6331758,
              -6.9181798
            ],
            [
              107.6330862,
              -6.9180193
            ]
          ]
        ]
      },
      "id": "way/1503537676"
    },
    {
      "type": "Feature",
      "properties": {
        "@id": "node/31288741",
        "amenity": "restaurant",
        "name": "Terazza"
      },
      "geometry": {
        "type": "Point",
        "coordinates": [
          107.5811614,
          -6.8869435
        ]
      },
      "id": "node/31288741"
    },
    {
      "type": "Feature",
      "properties": {
        "@id": "node/31288745",
        "amenity": "restaurant",
        "name": "Inti Laut"
      },
      "geometry": {
        "type": "Point",
        "coordinates": [
          107.5816872,
          -6.8873695
        ]
      },
      "id": "node/31288745"
    },
    {
      "type": "Feature",
      "properties": {
        "@id": "node/32041537",
        "amenity": "restaurant",
        "name": "Grace"
      },
      "geometry": {
        "type": "Point",
        "coordinates": [
          107.5944013,
          -6.8815495
        ]
      },
      "id": "node/32041537"
    },
    {
      "type": "Feature",
      "properties": {
        "@id": "node/32041585",
        "amenity": "restaurant",
        "created_by": "JOSM",
        "name": "Tomodachi"
      },
      "geometry": {
        "type": "Point",
        "coordinates": [
          107.5959997,
          -6.8807109
        ]
      },
      "id": "node/32041585"
    },
    {
      "type": "Feature",
      "properties": {
        "@id": "node/32041593",
        "addr:city": "Bandung",
        "addr:housenumber": "174",
        "addr:street": "Jl. Setiabudhi",
        "amenity": "restaurant",
        "name": "Suis Butcher Steak House"
      },
      "geometry": {
        "type": "Point",
        "coordinates": [
          107.5940509,
          -6.8715552
        ]
      },
      "id": "node/32041593"
    },
    {
      "type": "Feature",
      "properties": {
        "@id": "node/32041600",
        "amenity": "restaurant",
        "name": "Ikan Bakar Pak Chi Met"
      },
      "geometry": {
        "type": "Point",
        "coordinates": [
          107.5962969,
          -6.8858733
        ]
      },
      "id": "node/32041600"
    },
    {
      "type": "Feature",
      "properties": {
        "@id": "node/32041651",
        "amenity": "restaurant",
        "name": "Ikan Bakar Cianjur"
      },
      "geometry": {
        "type": "Point",
        "coordinates": [
          107.5964539,
          -6.8752093
        ]
      },
      "id": "node/32041651"
    },
    {
      "type": "Feature",
      "properties": {
        "@id": "node/32041698",
        "addr:city": "Bandung",
        "addr:housenumber": "171",
        "addr:street": "Jalan Cipaganti",
        "amenity": "restaurant",
        "name": "Ny. Suharti"
      },
      "geometry": {
        "type": "Point",
        "coordinates": [
          107.6012683,
          -6.8843694
        ]
      },
      "id": "node/32041698"
    },
    {
      "type": "Feature",
      "properties": {
        "@id": "node/32041903",
        "addr:city": "Bandung, Jawa Barat",
        "addr:housenumber": "160",
        "addr:street": "Jalan Pasirkaliki",
        "amenity": "restaurant",
        "cuisine": "regional",
        "name": "Bumbu Desa Pasir Kaliki"
      },
      "geometry": {
        "type": "Point",
        "coordinates": [
          107.5978878,
          -6.9027926
        ]
      },
      "id": "node/32041903"
    },
    {
      "type": "Feature",
      "properties": {
        "@id": "node/32519040",
        "amenity": "restaurant",
        "created_by": "JOSM",
        "name": "Sapu Lidi"
      },
      "geometry": {
        "type": "Point",
        "coordinates": [
          107.6036158,
          -6.8977742
        ]
      },
      "id": "node/32519040"
    },
    {
      "type": "Feature",
      "properties": {
        "@id": "node/32519044",
        "addr:city": "Bandung",
        "addr:housenumber": "1",
        "addr:postcode": "40163",
        "addr:street": "Jalan Setra Ria",
        "amenity": "restaurant",
        "cuisine": "seafood",
        "name": "Raja Rasa"
      },
      "geometry": {
        "type": "Point",
        "coordinates": [
          107.5838387,
          -6.8799127
        ]
      },
      "id": "node/32519044"
    },
    {
      "type": "Feature",
      "properties": {
        "@id": "node/32519045",
        "amenity": "restaurant",
        "name": "Oishii Steak"
      },
      "geometry": {
        "type": "Point",
        "coordinates": [
          107.5931889,
          -6.9058695
        ]
      },
      "id": "node/32519045"
    },
    {
      "type": "Feature",
      "properties": {
        "@id": "node/32519051",
        "addr:city": "Cihapit, Bandung, Jawa Barat",
        "addr:housenumber": "67",
        "addr:street": "Jalan R.E. Martadinata",
        "amenity": "restaurant",
        "name": "Dakken"
      },
      "geometry": {
        "type": "Point",
        "coordinates": [
          107.6176217,
          -6.9057417
        ]
      },
      "id": "node/32519051"
    },
    {
      "type": "Feature",
      "properties": {
        "@id": "node/32519052",
        "amenity": "restaurant",
        "building": "yes",
        "building:levels": "5",
        "building:roof": "tile",
        "building:structure": "confined_masonry",
        "building:use": "accommodation",
        "building:walls": "brick",
        "name": "Dago Panyawangan"
      },
      "geometry": {
        "type": "Point",
        "coordinates": [
          107.61281,
          -6.8914029
        ]
      },
      "id": "node/32519052"
    },
    {
      "type": "Feature",
      "properties": {
        "@id": "node/32519055",
        "amenity": "restaurant",
        "name": "Simpang Raya"
      },
      "geometry": {
        "type": "Point",
        "coordinates": [
          107.6195912,
          -6.8990133
        ]
      },
      "id": "node/32519055"
    },
    {
      "type": "Feature",
      "properties": {
        "@id": "node/32519056",
        "addr:city": "Bandung, Jawa BArat",
        "addr:housenumber": "53",
        "addr:street": "Jl. Surapati",
        "amenity": "restaurant",
        "name": "Sindang Reret"
      },
      "geometry": {
        "type": "Point",
        "coordinates": [
          107.6197139,
          -6.8990098
        ]
      },
      "id": "node/32519056"
    },
    {
      "type": "Feature",
      "properties": {
        "@id": "node/32519340",
        "amenity": "restaurant",
        "name": "Yoghurt Cisangkuy"
      },
      "geometry": {
        "type": "Point",
        "coordinates": [
          107.6214397,
          -6.9018456
        ]
      },
      "id": "node/32519340"
    },
    {
      "type": "Feature",
      "properties": {
        "@id": "node/32519342",
        "addr:housenumber": "41",
        "addr:postcode": "40114",
        "addr:street": "Jalan Cilaki",
        "amenity": "restaurant",
        "name": "Road Cafe"
      },
      "geometry": {
        "type": "Point",
        "coordinates": [
          107.6271646,
          -6.9055352
        ]
      },
      "id": "node/32519342"
    },
    {
      "type": "Feature",
      "properties": {
        "@id": "node/479720008",
        "addr:city": "Bandung",
        "addr:housenumber": "12",
        "addr:street": "Jalan Kiputih",
        "amenity": "restaurant",
        "name": "Bumi Sangkuriang",
        "opening_hours": "Mo-Su 07:00-23:00",
        "phone": "+62 22 2032661",
        "website": "https://bumi-sangkuriang.business.site/"
      },
      "geometry": {
        "type": "Point",
        "coordinates": [
          107.6090526,
          -6.8668218
        ]
      },
      "id": "node/479720008"
    },
    {
      "type": "Feature",
      "properties": {
        "@id": "node/1107877729",
        "amenity": "restaurant",
        "name": "Sate Pak Ginno",
        "wheelchair": "yes"
      },
      "geometry": {
        "type": "Point",
        "coordinates": [
          107.6183923,
          -6.9167625
        ]
      },
      "id": "node/1107877729"
    },
    {
      "type": "Feature",
      "properties": {
        "@id": "node/1108586477",
        "addr:city": "Bandung, Jawa Barat",
        "addr:street": "Jl. Ranggagading",
        "amenity": "restaurant",
        "name": "Madthari"
      },
      "geometry": {
        "type": "Point",
        "coordinates": [
          107.6104139,
          -6.9027613
        ]
      },
      "id": "node/1108586477"
    },
    {
      "type": "Feature",
      "properties": {
        "@id": "node/1108586489",
        "amenity": "restaurant",
        "name": "Sate Maulana Yusuf"
      },
      "geometry": {
        "type": "Point",
        "coordinates": [
          107.6134343,
          -6.9009918
        ]
      },
      "id": "node/1108586489"
    },
    {
      "type": "Feature",
      "properties": {
        "@id": "node/1158819807",
        "amenity": "restaurant",
        "name": "Sate Karjan"
      },
      "geometry": {
        "type": "Point",
        "coordinates": [
          107.5983597,
          -6.9126453
        ]
      },
      "id": "node/1158819807"
    },
    {
      "type": "Feature",
      "properties": {
        "@id": "node/1308708818",
        "addr:city": "Bandung",
        "addr:housenumber": "8",
        "addr:postcode": "40161",
        "addr:street": "jalan boscha",
        "amenity": "restaurant",
        "name": "Barbar Wing's",
        "opening_hours": "Mo-Su 06:00-23:55",
        "phone": "+6285624478749",
        "smoking": "outside",
        "website": "https://barbarwings.wordpress.com/"
      },
      "geometry": {
        "type": "Point",
        "coordinates": [
          107.6030848,
          -6.898751
        ]
      },
      "id": "node/1308708818"
    },
    {
      "type": "Feature",
      "properties": {
        "@id": "node/1341941792",
        "addr:city": "Lb. Siliwangi, Coblong, Kota Bandung, Jawa Barat",
        "addr:housenumber": "127",
        "addr:street": "Jl. Ir. H.Djuanda",
        "amenity": "restaurant",
        "cuisine": "regional",
        "name": "dago panyawangan",
        "name:en": "Panyawangan"
      },
      "geometry": {
        "type": "Point",
        "coordinates": [
          107.6167462,
          -6.8867215
        ]
      },
      "id": "node/1341941792"
    },
    {
      "type": "Feature",
      "properties": {
        "@id": "node/1342896154",
        "amenity": "restaurant",
        "name": "Dago Panineungan",
        "name:en": "Panineungan"
      },
      "geometry": {
        "type": "Point",
        "coordinates": [
          107.6138988,
          -6.8872957
        ]
      },
      "id": "node/1342896154"
    },
    {
      "type": "Feature",
      "properties": {
        "@id": "node/1346794366",
        "addr:city": "Bandung, Jawa Barat",
        "addr:street": "Jl. Dipatiukur",
        "amenity": "restaurant",
        "name": "B'gana restoran",
        "name:it": "B'gana"
      },
      "geometry": {
        "type": "Point",
        "coordinates": [
          107.6147191,
          -6.8972541
        ]
      },
      "id": "node/1346794366"
    },
    {
      "type": "Feature",
      "properties": {
        "@id": "node/1346794387",
        "addr:city": "Bandung, Jawa Barat",
        "addr:housenumber": "2",
        "addr:street": "Jl. Pager Gunung",
        "amenity": "restaurant",
        "name": "Victoria"
      },
      "geometry": {
        "type": "Point",
        "coordinates": [
          107.6152372,
          -6.8968401
        ]
      },
      "id": "node/1346794387"
    },
    {
      "type": "Feature",
      "properties": {
        "@id": "node/1352129471",
        "amenity": "restaurant",
        "name": "Ampera"
      },
      "geometry": {
        "type": "Point",
        "coordinates": [
          107.6369137,
          -6.8982722
        ]
      },
      "id": "node/1352129471"
    },
    {
      "type": "Feature",
      "properties": {
        "@id": "node/1385420759",
        "amenity": "restaurant",
        "name": "Rumah Makan Padang"
      },
      "geometry": {
        "type": "Point",
        "coordinates": [
          107.6148998,
          -6.8837407
        ]
      },
      "id": "node/1385420759"
    },
    {
      "type": "Feature",
      "properties": {
        "@id": "node/1655715182",
        "amenity": "restaurant",
        "name": "Warung Surabi Setiabudhi"
      },
      "geometry": {
        "type": "Point",
        "coordinates": [
          107.5938519,
          -6.8682748
        ]
      },
      "id": "node/1655715182"
    },
    {
      "type": "Feature",
      "properties": {
        "@id": "node/1656979199",
        "amenity": "restaurant",
        "cuisine": "regional",
        "name": "RM Padang Mirasari"
      },
      "geometry": {
        "type": "Point",
        "coordinates": [
          107.5758245,
          -6.8823595
        ]
      },
      "id": "node/1656979199"
    },
    {
      "type": "Feature",
      "properties": {
        "@id": "node/1656979200",
        "amenity": "restaurant",
        "name": "RM Padang Siang Malam"
      },
      "geometry": {
        "type": "Point",
        "coordinates": [
          107.5762796,
          -6.8823742
        ]
      },
      "id": "node/1656979200"
    },
    {
      "type": "Feature",
      "properties": {
        "@id": "node/1657013613",
        "amenity": "restaurant",
        "cuisine": "regional",
        "name": "RM Daun Pisang"
      },
      "geometry": {
        "type": "Point",
        "coordinates": [
          107.5957989,
          -6.873753
        ]
      },
      "id": "node/1657013613"
    },
    {
      "type": "Feature",
      "properties": {
        "@id": "node/1657158617",
        "amenity": "restaurant",
        "cuisine": "regional",
        "name": "Warung Tekko"
      },
      "geometry": {
        "type": "Point",
        "coordinates": [
          107.5962776,
          -6.8744394
        ]
      },
      "id": "node/1657158617"
    },
    {
      "type": "Feature",
      "properties": {
        "@id": "node/1657158618",
        "amenity": "restaurant",
        "cuisine": "kebab",
        "name": "Kambing Bakar Cairo"
      },
      "geometry": {
        "type": "Point",
        "coordinates": [
          107.5917527,
          -6.8703438
        ]
      },
      "id": "node/1657158618"
    },
    {
      "type": "Feature",
      "properties": {
        "@id": "node/1660110853",
        "amenity": "restaurant",
        "cuisine": "pizza",
        "name": "Pizza Hut"
      },
      "geometry": {
        "type": "Point",
        "coordinates": [
          107.6025761,
          -6.8831642
        ]
      },
      "id": "node/1660110853"
    },
    {
      "type": "Feature",
      "properties": {
        "@id": "node/1666758044",
        "amenity": "restaurant",
        "cuisine": "regional",
        "name": "RM Padang Sederhana"
      },
      "geometry": {
        "type": "Point",
        "coordinates": [
          107.6005782,
          -6.8828983
        ]
      },
      "id": "node/1666758044"
    },
    {
      "type": "Feature",
      "properties": {
        "@id": "node/1668245119",
        "amenity": "restaurant",
        "cuisine": "regional",
        "name": "Kantin Garasi"
      },
      "geometry": {
        "type": "Point",
        "coordinates": [
          107.6089129,
          -6.8943171
        ]
      },
      "id": "node/1668245119"
    },
    {
      "type": "Feature",
      "properties": {
        "@id": "node/1676404546",
        "addr:city": "Bandung",
        "addr:housenumber": "172",
        "addr:street": "Jalan Setiabudi",
        "amenity": "restaurant",
        "name": "Bebek Goreng H. Slamet"
      },
      "geometry": {
        "type": "Point",
        "coordinates": [
          107.5941246,
          -6.8716969
        ]
      },
      "id": "node/1676404546"
    },
    {
      "type": "Feature",
      "properties": {
        "@id": "node/1700556142",
        "amenity": "restaurant",
        "cuisine": "regional",
        "name": "Ayam Cobek Langganan"
      },
      "geometry": {
        "type": "Point",
        "coordinates": [
          107.6016546,
          -6.9010333
        ]
      },
      "id": "node/1700556142"
    },
    {
      "type": "Feature",
      "properties": {
        "@id": "node/1746761937",
        "amenity": "restaurant",
        "cuisine": "japanese",
        "name": "Bebek Crispy",
        "name:en": "Shin Men"
      },
      "geometry": {
        "type": "Point",
        "coordinates": [
          107.6050826,
          -6.8934997
        ]
      },
      "id": "node/1746761937"
    },
    {
      "type": "Feature",
      "properties": {
        "@id": "node/1873943402",
        "amenity": "restaurant",
        "name": "Pempek Pak Raden"
      },
      "geometry": {
        "type": "Point",
        "coordinates": [
          107.5802874,
          -6.8825278
        ]
      },
      "id": "node/1873943402"
    },
    {
      "type": "Feature",
      "properties": {
        "@id": "node/1924435646",
        "amenity": "restaurant",
        "cuisine": "regional",
        "name": "BMK"
      },
      "geometry": {
        "type": "Point",
        "coordinates": [
          107.6050187,
          -6.8939367
        ]
      },
      "id": "node/1924435646"
    },
    {
      "type": "Feature",
      "properties": {
        "@id": "node/1924450381",
        "addr:city": "Pasteur, Sukajadi, Kota Bandung, Jawa Barat",
        "addr:housenumber": "3",
        "addr:street": "JL Prof. Eyckman",
        "amenity": "restaurant",
        "cuisine": "german",
        "name": "Mama’s Greman Restaurant"
      },
      "geometry": {
        "type": "Point",
        "coordinates": [
          107.6031089,
          -6.8959285
        ]
      },
      "id": "node/1924450381"
    },
    {
      "type": "Feature",
      "properties": {
        "@id": "node/1969331842",
        "amenity": "restaurant",
        "brand": "Pizza Hut",
        "brand:wikidata": "Q191615",
        "cuisine": "pizza",
        "name": "Pizza Hut"
      },
      "geometry": {
        "type": "Point",
        "coordinates": [
          107.6125356,
          -6.9009712
        ]
      },
      "id": "node/1969331842"
    },
    {
      "type": "Feature",
      "properties": {
        "@id": "node/2095980185",
        "amenity": "restaurant",
        "name": "Kedai Bibie",
        "source": "survey"
      },
      "geometry": {
        "type": "Point",
        "coordinates": [
          107.5939841,
          -6.8689658
        ]
      },
      "id": "node/2095980185"
    },
    {
      "type": "Feature",
      "properties": {
        "@id": "node/2258183015",
        "amenity": "restaurant",
        "cuisine": "regional",
        "name": "Kampung Baso"
      },
      "geometry": {
        "type": "Point",
        "coordinates": [
          107.5958927,
          -6.8561749
        ]
      },
      "id": "node/2258183015"
    },
    {
      "type": "Feature",
      "properties": {
        "@id": "node/2429254335",
        "addr:city": "Bandung",
        "addr:housenumber": "#97",
        "addr:postcode": "40261",
        "addr:street": "Jalan Lengkong Besar",
        "amenity": "restaurant",
        "name": "Atmosphere Resort Cafe",
        "name:en": "Atmosphere"
      },
      "geometry": {
        "type": "Point",
        "coordinates": [
          107.6132906,
          -6.9267334
        ]
      },
      "id": "node/2429254335"
    },
    {
      "type": "Feature",
      "properties": {
        "@id": "node/2429258324",
        "amenity": "restaurant",
        "name": "Baso Malang Enggal"
      },
      "geometry": {
        "type": "Point",
        "coordinates": [
          107.6196988,
          -6.924869
        ]
      },
      "id": "node/2429258324"
    },
    {
      "type": "Feature",
      "properties": {
        "@id": "node/2429262280",
        "addr:housenumber": "94",
        "addr:street": "Jalan Dipatiukur",
        "amenity": "restaurant",
        "name": "Pempek Pak Raden"
      },
      "geometry": {
        "type": "Point",
        "coordinates": [
          107.615515,
          -6.8879183
        ]
      },
      "id": "node/2429262280"
    },
    {
      "type": "Feature",
      "properties": {
        "@id": "node/2490686956",
        "amenity": "restaurant",
        "name": "Baso Semar"
      },
      "geometry": {
        "type": "Point",
        "coordinates": [
          107.6170063,
          -6.9198235
        ]
      },
      "id": "node/2490686956"
    },
    {
      "type": "Feature",
      "properties": {
        "@id": "node/2491840024",
        "amenity": "restaurant",
        "name": "Warung Steak and Shake"
      },
      "geometry": {
        "type": "Point",
        "coordinates": [
          107.6131868,
          -6.9230613
        ]
      },
      "id": "node/2491840024"
    },
    {
      "type": "Feature",
      "properties": {
        "@id": "node/2491855814",
        "amenity": "restaurant",
        "name": "Bloemen"
      },
      "geometry": {
        "type": "Point",
        "coordinates": [
          107.6016212,
          -6.8880195
        ]
      },
      "id": "node/2491855814"
    },
    {
      "type": "Feature",
      "properties": {
        "@id": "node/2492054087",
        "amenity": "restaurant",
        "cuisine": "japanese",
        "name": "Gokana"
      },
      "geometry": {
        "type": "Point",
        "coordinates": [
          107.6057343,
          -6.8936141
        ]
      },
      "id": "node/2492054087"
    },
    {
      "type": "Feature",
      "properties": {
        "@id": "node/2494582240",
        "amenity": "restaurant",
        "name": "Kopi Panggang"
      },
      "geometry": {
        "type": "Point",
        "coordinates": [
          107.6202679,
          -6.8696348
        ]
      },
      "id": "node/2494582240"
    },
    {
      "type": "Feature",
      "properties": {
        "@id": "node/2494582243",
        "addr:city": "Bandung",
        "addr:housenumber": "#99A-101",
        "addr:postcode": "40563",
        "addr:street": "Jalan Dago Giri",
        "amenity": "restaurant",
        "name": "Lawangwangi Cafe & Creative Space"
      },
      "geometry": {
        "type": "Point",
        "coordinates": [
          107.6275129,
          -6.8476429
        ]
      },
      "id": "node/2494582243"
    },
    {
      "type": "Feature",
      "properties": {
        "@id": "node/2496127734",
        "amenity": "restaurant",
        "name": "Gudeg Banda"
      },
      "geometry": {
        "type": "Point",
        "coordinates": [
          107.6208472,
          -6.9067229
        ]
      },
      "id": "node/2496127734"
    },
    {
      "type": "Feature",
      "properties": {
        "@id": "node/2496127740",
        "amenity": "restaurant",
        "name": "Bebek van Java"
      },
      "geometry": {
        "type": "Point",
        "coordinates": [
          107.6200544,
          -6.907068
        ]
      },
      "id": "node/2496127740"
    },
    {
      "type": "Feature",
      "properties": {
        "@id": "node/2496127741",
        "addr:city": "Bandung",
        "addr:housenumber": "45",
        "addr:street": "Jalan Lombok",
        "amenity": "restaurant",
        "name": "Tama Gochi All You Can Eat"
      },
      "geometry": {
        "type": "Point",
        "coordinates": [
          107.6197771,
          -6.9068905
        ]
      },
      "id": "node/2496127741"
    },
    {
      "type": "Feature",
      "properties": {
        "@id": "node/2496127742",
        "amenity": "restaurant",
        "name": "Warung Steak and Shake"
      },
      "geometry": {
        "type": "Point",
        "coordinates": [
          107.6184011,
          -6.9104934
        ]
      },
      "id": "node/2496127742"
    },
    {
      "type": "Feature",
      "properties": {
        "@id": "node/2497173677",
        "amenity": "restaurant",
        "cuisine": "korean",
        "name": "Mujigae"
      },
      "geometry": {
        "type": "Point",
        "coordinates": [
          107.6050758,
          -6.8937286
        ]
      },
      "id": "node/2497173677"
    },
    {
      "type": "Feature",
      "properties": {
        "@id": "node/2497173678",
        "amenity": "restaurant",
        "level": "2",
        "name": "Gigglebox"
      },
      "geometry": {
        "type": "Point",
        "coordinates": [
          107.6050973,
          -6.8931108
        ]
      },
      "id": "node/2497173678"
    },
    {
      "type": "Feature",
      "properties": {
        "@id": "node/2497173763",
        "amenity": "restaurant",
        "brand": "Pizza Hut",
        "brand:wikidata": "Q191615",
        "cuisine": "pizza",
        "dish": "pizza",
        "name": "Pizza Hut",
        "opening_hours": "Mo-Su 10:00-22:00"
      },
      "geometry": {
        "type": "Point",
        "coordinates": [
          107.6267052,
          -6.9110685
        ]
      },
      "id": "node/2497173763"
    },
    {
      "type": "Feature",
      "properties": {
        "@id": "node/2725732963",
        "addr:city": "Bandung",
        "addr:housenumber": "16",
        "addr:street": "Astina",
        "amenity": "restaurant",
        "capacity": "50",
        "cuisine": "sundanese",
        "name": "Warung Nasi Kang EWOK",
        "phone": "+62 22 6038783; +62 22 92035359"
      },
      "geometry": {
        "type": "Point",
        "coordinates": [
          107.5961955,
          -6.9052749
        ]
      },
      "id": "node/2725732963"
    },
    {
      "type": "Feature",
      "properties": {
        "@id": "node/3001806573",
        "addr:city": "Bandung",
        "addr:housenumber": "299",
        "addr:postcode": "40241",
        "addr:street": "Jendral Sudirman",
        "amenity": "restaurant",
        "capacity": "125",
        "check_date:opening_hours": "2023-07-23",
        "cuisine": "chicken",
        "name": "Chicken Farms",
        "opening_hours": "09:00-21:00",
        "smoking": "separated"
      },
      "geometry": {
        "type": "Point",
        "coordinates": [
          107.5935729,
          -6.9196306
        ]
      },
      "id": "node/3001806573"
    },
    {
      "type": "Feature",
      "properties": {
        "@id": "node/3017729954",
        "amenity": "restaurant",
        "cuisine": "regional",
        "name": "Kantin Salman"
      },
      "geometry": {
        "type": "Point",
        "coordinates": [
          107.610979,
          -6.8942667
        ]
      },
      "id": "node/3017729954"
    },
    {
      "type": "Feature",
      "properties": {
        "@id": "node/3017729959",
        "amenity": "restaurant",
        "name": "Kantin GKU"
      },
      "geometry": {
        "type": "Point",
        "coordinates": [
          107.6087349,
          -6.8903481
        ]
      },
      "id": "node/3017729959"
    },
    {
      "type": "Feature",
      "properties": {
        "@id": "node/3017729960",
        "amenity": "restaurant",
        "name": "Kantin Borju"
      },
      "geometry": {
        "type": "Point",
        "coordinates": [
          107.6093626,
          -6.8905771
        ]
      },
      "id": "node/3017729960"
    },
    {
      "type": "Feature",
      "properties": {
        "@id": "node/3017729961",
        "amenity": "restaurant",
        "name": "Kantin Barak"
      },
      "geometry": {
        "type": "Point",
        "coordinates": [
          107.6116156,
          -6.8917009
        ]
      },
      "id": "node/3017729961"
    },
    {
      "type": "Feature",
      "properties": {
        "@id": "node/3017729963",
        "amenity": "restaurant",
        "name": "KBL"
      },
      "geometry": {
        "type": "Point",
        "coordinates": [
          107.6088476,
          -6.8883084
        ]
      },
      "id": "node/3017729963"
    },
    {
      "type": "Feature",
      "properties": {
        "@id": "node/3064180843",
        "amenity": "restaurant"
      },
      "geometry": {
        "type": "Point",
        "coordinates": [
          107.6127822,
          -6.8792672
        ]
      },
      "id": "node/3064180843"
    },
    {
      "type": "Feature",
      "properties": {
        "@id": "node/3064183062",
        "amenity": "restaurant"
      },
      "geometry": {
        "type": "Point",
        "coordinates": [
          107.6172141,
          -6.8898807
        ]
      },
      "id": "node/3064183062"
    },
    {
      "type": "Feature",
      "properties": {
        "@id": "node/3148868098",
        "addr:city": "Bandung",
        "addr:housenumber": "45",
        "addr:street": "Jalan Pelajar Pejuang 45",
        "amenity": "restaurant",
        "cuisine": "burger",
        "name": "Jackstar"
      },
      "geometry": {
        "type": "Point",
        "coordinates": [
          107.6276337,
          -6.9256802
        ]
      },
      "id": "node/3148868098"
    },
    {
      "type": "Feature",
      "properties": {
        "@id": "node/3155746370",
        "addr:city": "Bandung",
        "addr:housenumber": "70",
        "addr:postcode": "40111",
        "addr:street": "Braga",
        "amenity": "restaurant",
        "cuisine": "asian",
        "name": "Bandung Suki Restaurant",
        "name:en": "Bandung Suki",
        "opening_hours": "Mon-Sat: 10 AM - 10 PM, Sun & Holiday: 08 AM - 10 PM",
        "phone": "+62 22 420-7452",
        "smoking": "separated"
      },
      "geometry": {
        "type": "Point",
        "coordinates": [
          107.6093123,
          -6.9169297
        ]
      },
      "id": "node/3155746370"
    },
    {
      "type": "Feature",
      "properties": {
        "@id": "node/3349809771",
        "alt_name": "WarBan",
        "amenity": "restaurant",
        "name": "Warung Bandrek"
      },
      "geometry": {
        "type": "Point",
        "coordinates": [
          107.6541334,
          -6.8448579
        ]
      },
      "id": "node/3349809771"
    },
    {
      "type": "Feature",
      "properties": {
        "@id": "node/3351632794",
        "amenity": "restaurant",
        "cuisine": "asian",
        "name": "AEP's Nasi Goreng"
      },
      "geometry": {
        "type": "Point",
        "coordinates": [
          107.5934101,
          -6.869891
        ]
      },
      "id": "node/3351632794"
    },
    {
      "type": "Feature",
      "properties": {
        "@id": "node/3386314313",
        "amenity": "restaurant",
        "bus": "yes",
        "name": "Angkringan Losari",
        "ref": "Banceuy/ABC"
      },
      "geometry": {
        "type": "Point",
        "coordinates": [
          107.6067686,
          -6.9188476
        ]
      },
      "id": "node/3386314313"
    },
    {
      "type": "Feature",
      "properties": {
        "@id": "node/3424716400",
        "addr:city": "Bandung",
        "addr:housenumber": "128",
        "addr:street": "Jalan Laks. R.E. Martadinata",
        "amenity": "restaurant",
        "name": "Sederhana"
      },
      "geometry": {
        "type": "Point",
        "coordinates": [
          107.627266,
          -6.91157
        ]
      },
      "id": "node/3424716400"
    },
    {
      "type": "Feature",
      "properties": {
        "@id": "node/3429603279",
        "amenity": "restaurant",
        "name": "Ayam Bakar Wong Song"
      },
      "geometry": {
        "type": "Point",
        "coordinates": [
          107.6289496,
          -6.9136255
        ]
      },
      "id": "node/3429603279"
    },
    {
      "type": "Feature",
      "properties": {
        "@id": "node/3429872583",
        "amenity": "restaurant",
        "name": "Cizz"
      },
      "geometry": {
        "type": "Point",
        "coordinates": [
          107.6304057,
          -6.9161351
        ]
      },
      "id": "node/3429872583"
    },
    {
      "type": "Feature",
      "properties": {
        "@id": "node/3431431053",
        "amenity": "restaurant",
        "name": "Kopi Anjis"
      },
      "geometry": {
        "type": "Point",
        "coordinates": [
          107.6222637,
          -6.9287447
        ]
      },
      "id": "node/3431431053"
    },
    {
      "type": "Feature",
      "properties": {
        "@id": "node/3757788976",
        "amenity": "restaurant",
        "cuisine": "korean",
        "name": "Gangnam Pocha"
      },
      "geometry": {
        "type": "Point",
        "coordinates": [
          107.6150099,
          -6.8838733
        ]
      },
      "id": "node/3757788976"
    },
    {
      "type": "Feature",
      "properties": {
        "@id": "node/3797907540",
        "addr:city": "Bandung, Jawa Barat",
        "addr:postcode": "40132",
        "addr:street": "Jalan Ir. H. Juanda",
        "amenity": "restaurant",
        "capacity": "20",
        "cuisine": "regional",
        "name": "Sop Kaki",
        "opening_hours": "18:00-24:00",
        "takeaway": "yes"
      },
      "geometry": {
        "type": "Point",
        "coordinates": [
          107.613195,
          -6.8986257
        ]
      },
      "id": "node/3797907540"
    },
    {
      "type": "Feature",
      "properties": {
        "@id": "node/3797908063",
        "air_conditioning": "no",
        "amenity": "restaurant",
        "capacity": "5",
        "cuisine": "regional",
        "diet:halal": "yes",
        "name": "Lontong Kari Gempol",
        "opening_hours": "06:00-10:00",
        "takeaway": "yes"
      },
      "geometry": {
        "type": "Point",
        "coordinates": [
          107.6154995,
          -6.9031083
        ]
      },
      "id": "node/3797908063"
    },
    {
      "type": "Feature",
      "properties": {
        "@id": "node/3797908082",
        "amenity": "restaurant",
        "capacity": "20",
        "cuisine": "regional",
        "name": "Bakso Arief",
        "takeaway": "yes"
      },
      "geometry": {
        "type": "Point",
        "coordinates": [
          107.6140864,
          -6.9045738
        ]
      },
      "id": "node/3797908082"
    },
    {
      "type": "Feature",
      "properties": {
        "@id": "node/3797908083",
        "amenity": "restaurant",
        "cuisine": "regional",
        "name": "Dianti Daily"
      },
      "geometry": {
        "type": "Point",
        "coordinates": [
          107.6141887,
          -6.9045936
        ]
      },
      "id": "node/3797908083"
    },
    {
      "type": "Feature",
      "properties": {
        "@id": "node/3797908084",
        "amenity": "restaurant",
        "cuisine": "korean",
        "name": "Soo Moo Hun"
      },
      "geometry": {
        "type": "Point",
        "coordinates": [
          107.6141388,
          -6.9046556
        ]
      },
      "id": "node/3797908084"
    },
    {
      "type": "Feature",
      "properties": {
        "@id": "node/3797908148",
        "amenity": "restaurant",
        "cuisine": "chicken",
        "name": "Ayam Goreng Nikmat",
        "takeaway": "yes"
      },
      "geometry": {
        "type": "Point",
        "coordinates": [
          107.6169434,
          -6.919286
        ]
      },
      "id": "node/3797908148"
    },
    {
      "type": "Feature",
      "properties": {
        "@id": "node/3802205384",
        "addr:city": "Bandung, Jawa Barat",
        "addr:housenumber": "185-189",
        "addr:street": "Jalan Pasir Kaliki",
        "amenity": "restaurant",
        "check_date:opening_hours": "2022-08-09",
        "name": "Bebek Kaleyo",
        "opening_hours": "Mo-Sa 11:00-23:00",
        "website": "https://www.kaleyo.com"
      },
      "geometry": {
        "type": "Point",
        "coordinates": [
          107.5970316,
          -6.9007525
        ]
      },
      "id": "node/3802205384"
    },
    {
      "type": "Feature",
      "properties": {
        "@id": "node/3803628057",
        "amenity": "restaurant",
        "cuisine": "padang",
        "name": "Ambun Pagi"
      },
      "geometry": {
        "type": "Point",
        "coordinates": [
          107.595882,
          -6.8964177
        ]
      },
      "id": "node/3803628057"
    },
    {
      "type": "Feature",
      "properties": {
        "@id": "node/3806721273",
        "amenity": "restaurant",
        "name": "Aem Pek 322 Dago",
        "name:en": "Aem Pek"
      },
      "geometry": {
        "type": "Point",
        "coordinates": [
          107.6169053,
          -6.8782448
        ]
      },
      "id": "node/3806721273"
    },
    {
      "type": "Feature",
      "properties": {
        "@id": "node/3806721278",
        "amenity": "restaurant",
        "name": "Baso Malang 336"
      },
      "geometry": {
        "type": "Point",
        "coordinates": [
          107.6169412,
          -6.878149
        ]
      },
      "id": "node/3806721278"
    },
    {
      "type": "Feature",
      "properties": {
        "@id": "node/3806721279",
        "amenity": "restaurant",
        "name": "Baso dan Batagor H.Dartowahab"
      },
      "geometry": {
        "type": "Point",
        "coordinates": [
          107.6140131,
          -6.8846311
        ]
      },
      "id": "node/3806721279"
    },
    {
      "type": "Feature",
      "properties": {
        "@id": "node/3806721290",
        "amenity": "restaurant",
        "name": "Goelali"
      },
      "geometry": {
        "type": "Point",
        "coordinates": [
          107.6163564,
          -6.8803626
        ]
      },
      "id": "node/3806721290"
    },
    {
      "type": "Feature",
      "properties": {
        "@id": "node/3806721295",
        "amenity": "restaurant",
        "name": "Kebab Turki"
      },
      "geometry": {
        "type": "Point",
        "coordinates": [
          107.6161344,
          -6.8811193
        ]
      },
      "id": "node/3806721295"
    },
    {
      "type": "Feature",
      "properties": {
        "@id": "node/3806721296",
        "amenity": "restaurant",
        "cuisine": "chinese",
        "name": "Kedai Chinese Food Nikmat",
        "name:en": "Kedai Nikmat"
      },
      "geometry": {
        "type": "Point",
        "coordinates": [
          107.616787,
          -6.8786715
        ]
      },
      "id": "node/3806721296"
    },
    {
      "type": "Feature",
      "properties": {
        "@id": "node/3806721297",
        "amenity": "restaurant",
        "name": "Kedai Roti 280"
      },
      "geometry": {
        "type": "Point",
        "coordinates": [
          107.6163385,
          -6.8804359
        ]
      },
      "id": "node/3806721297"
    },
    {
      "type": "Feature",
      "properties": {
        "@id": "node/3806721298",
        "amenity": "restaurant",
        "name": "Lomie & Bakmie Inam Bonjol"
      },
      "geometry": {
        "type": "Point",
        "coordinates": [
          107.6161217,
          -6.8811754
        ]
      },
      "id": "node/3806721298"
    },
    {
      "type": "Feature",
      "properties": {
        "@id": "node/3806721299",
        "amenity": "restaurant",
        "name": "Mie Baso Sapi Panghegar"
      },
      "geometry": {
        "type": "Point",
        "coordinates": [
          107.6167785,
          -6.8787037
        ]
      },
      "id": "node/3806721299"
    },
    {
      "type": "Feature",
      "properties": {
        "@id": "node/3806721300",
        "amenity": "restaurant",
        "name": "Nasi Timbal"
      },
      "geometry": {
        "type": "Point",
        "coordinates": [
          107.6167362,
          -6.8788817
        ]
      },
      "id": "node/3806721300"
    },
    {
      "type": "Feature",
      "properties": {
        "@id": "node/3806721308",
        "amenity": "restaurant",
        "name": "RAMEN HOUSE YAGAMI",
        "name:en": "Ramen House Yagami"
      },
      "geometry": {
        "type": "Point",
        "coordinates": [
          107.6135695,
          -6.8845352
        ]
      },
      "id": "node/3806721308"
    },
    {
      "type": "Feature",
      "properties": {
        "@id": "node/3806721322",
        "amenity": "restaurant",
        "name": "Toko Restu"
      },
      "geometry": {
        "type": "Point",
        "coordinates": [
          107.6147436,
          -6.8834273
        ]
      },
      "id": "node/3806721322"
    },
    {
      "type": "Feature",
      "properties": {
        "@id": "node/3806746614",
        "amenity": "restaurant",
        "name": "Dendeng Batokok Dago"
      },
      "geometry": {
        "type": "Point",
        "coordinates": [
          107.6179507,
          -6.8767404
        ]
      },
      "id": "node/3806746614"
    },
    {
      "type": "Feature",
      "properties": {
        "@id": "node/3806758498",
        "amenity": "restaurant",
        "name": "Bakmi Jogja"
      },
      "geometry": {
        "type": "Point",
        "coordinates": [
          107.6191251,
          -6.8745715
        ]
      },
      "id": "node/3806758498"
    },
    {
      "type": "Feature",
      "properties": {
        "@id": "node/3806758500",
        "amenity": "restaurant",
        "name": "Roti Gareng"
      },
      "geometry": {
        "type": "Point",
        "coordinates": [
          107.6191486,
          -6.8745072
        ]
      },
      "id": "node/3806758500"
    },
    {
      "type": "Feature",
      "properties": {
        "@id": "node/3806758502",
        "amenity": "restaurant",
        "name": "Warteg Dua Putri"
      },
      "geometry": {
        "type": "Point",
        "coordinates": [
          107.6190813,
          -6.8746857
        ]
      },
      "id": "node/3806758502"
    },
    {
      "type": "Feature",
      "properties": {
        "@id": "node/3807746623",
        "amenity": "restaurant",
        "name": "Bamboo Shack Cafe"
      },
      "geometry": {
        "type": "Point",
        "coordinates": [
          107.6209107,
          -6.8674478
        ]
      },
      "id": "node/3807746623"
    },
    {
      "type": "Feature",
      "properties": {
        "@id": "node/3807746627",
        "amenity": "restaurant",
        "name": "Kambing Soon"
      },
      "geometry": {
        "type": "Point",
        "coordinates": [
          107.620125,
          -6.8717491
        ]
      },
      "id": "node/3807746627"
    },
    {
      "type": "Feature",
      "properties": {
        "@id": "node/3807746631",
        "amenity": "restaurant",
        "name": "Rumah Makan Pak Kumis 999"
      },
      "geometry": {
        "type": "Point",
        "coordinates": [
          107.6208871,
          -6.8675629
        ]
      },
      "id": "node/3807746631"
    },
    {
      "type": "Feature",
      "properties": {
        "@id": "node/3807746632",
        "amenity": "restaurant",
        "name": "SOBREMESA RESTO",
        "name:en": "Sobremesa"
      },
      "geometry": {
        "type": "Point",
        "coordinates": [
          107.6205977,
          -6.8698557
        ]
      },
      "id": "node/3807746632"
    },
    {
      "type": "Feature",
      "properties": {
        "@id": "node/3807746638",
        "amenity": "restaurant",
        "name": "Warung Nasi Rengganis"
      },
      "geometry": {
        "type": "Point",
        "coordinates": [
          107.6204523,
          -6.8699337
        ]
      },
      "id": "node/3807746638"
    },
    {
      "type": "Feature",
      "properties": {
        "@id": "node/3807746639",
        "amenity": "restaurant",
        "name": "Warung Tegal Makga Jaya"
      },
      "geometry": {
        "type": "Point",
        "coordinates": [
          107.6196056,
          -6.8734448
        ]
      },
      "id": "node/3807746639"
    },
    {
      "type": "Feature",
      "properties": {
        "@id": "node/3809369311",
        "amenity": "restaurant",
        "name": "Dj Studio Pedas Gila"
      },
      "geometry": {
        "type": "Point",
        "coordinates": [
          107.620412,
          -6.867961
        ]
      },
      "id": "node/3809369311"
    },
    {
      "type": "Feature",
      "properties": {
        "@id": "node/3809369327",
        "amenity": "restaurant",
        "name": "Warkop Pancong"
      },
      "geometry": {
        "type": "Point",
        "coordinates": [
          107.6204866,
          -6.8677746
        ]
      },
      "id": "node/3809369327"
    },
    {
      "type": "Feature",
      "properties": {
        "@id": "node/3809662418",
        "amenity": "restaurant",
        "name": "Ngopi Doeloe"
      },
      "geometry": {
        "type": "Point",
        "coordinates": [
          107.6276202,
          -6.926744
        ]
      },
      "id": "node/3809662418"
    },
    {
      "type": "Feature",
      "properties": {
        "@id": "node/3809666549",
        "amenity": "restaurant",
        "name": "Nasi Penjara"
      },
      "geometry": {
        "type": "Point",
        "coordinates": [
          107.6136333,
          -6.9027187
        ]
      },
      "id": "node/3809666549"
    },
    {
      "type": "Feature",
      "properties": {
        "@id": "node/3816558659",
        "addr:housenumber": "44",
        "addr:street": "Jalan Veteran",
        "amenity": "restaurant",
        "name": "Dapur Thailand",
        "phone": "+62 22 4209268"
      },
      "geometry": {
        "type": "Point",
        "coordinates": [
          107.6161559,
          -6.9194536
        ]
      },
      "id": "node/3816558659"
    },
    {
      "type": "Feature",
      "properties": {
        "@id": "node/3818319733",
        "amenity": "restaurant",
        "name": "Herb & Spice"
      },
      "geometry": {
        "type": "Point",
        "coordinates": [
          107.5973876,
          -6.9026858
        ]
      },
      "id": "node/3818319733"
    },
    {
      "type": "Feature",
      "properties": {
        "@id": "node/3818634238",
        "amenity": "restaurant",
        "name": "Bakmi Jogja"
      },
      "geometry": {
        "type": "Point",
        "coordinates": [
          107.5970159,
          -6.8966337
        ]
      },
      "id": "node/3818634238"
    },
    {
      "type": "Feature",
      "properties": {
        "@id": "node/3818634239",
        "amenity": "restaurant",
        "name": "Waroeng Milk and Shake"
      },
      "geometry": {
        "type": "Point",
        "coordinates": [
          107.5970217,
          -6.8967854
        ]
      },
      "id": "node/3818634239"
    },
    {
      "type": "Feature",
      "properties": {
        "@id": "node/3820681048",
        "addr:housenumber": "119D",
        "addr:street": "Jl. Dr. Djunjunan",
        "amenity": "restaurant",
        "cuisine": "Sundanese",
        "name": "Ampera",
        "opening_hours": "Mo-Su 09:00-22:00",
        "website": "http://www.amperadalemkaum.com/?m=1"
      },
      "geometry": {
        "type": "Point",
        "coordinates": [
          107.5880348,
          -6.8951185
        ]
      },
      "id": "node/3820681048"
    },
    {
      "type": "Feature",
      "properties": {
        "@id": "node/4084457201",
        "amenity": "restaurant",
        "name": "Raa Cha"
      },
      "geometry": {
        "type": "Point",
        "coordinates": [
          107.6051095,
          -6.893351
        ]
      },
      "id": "node/4084457201"
    },
    {
      "type": "Feature",
      "properties": {
        "@id": "node/4087803423",
        "amenity": "restaurant",
        "name": "Ampera"
      },
      "geometry": {
        "type": "Point",
        "coordinates": [
          107.5950246,
          -6.8594667
        ]
      },
      "id": "node/4087803423"
    },
    {
      "type": "Feature",
      "properties": {
        "@id": "node/4087805054",
        "addr:city": "Bandung",
        "addr:housenumber": "85",
        "addr:street": "Jalan Ir. H. Juanda",
        "amenity": "restaurant",
        "internet_access": "wlan",
        "name": "Madame Sari",
        "phone": "+62 22 2509495"
      },
      "geometry": {
        "type": "Point",
        "coordinates": [
          107.6121376,
          -6.8975809
        ]
      },
      "id": "node/4087805054"
    },
    {
      "type": "Feature",
      "properties": {
        "@id": "node/4087805724",
        "amenity": "restaurant",
        "name": "Raja Sunda"
      },
      "geometry": {
        "type": "Point",
        "coordinates": [
          107.5907416,
          -6.8969429
        ]
      },
      "id": "node/4087805724"
    },
    {
      "type": "Feature",
      "properties": {
        "@id": "node/4142931293",
        "amenity": "restaurant",
        "cuisine": "asian",
        "name": "Tizi's Cafe",
        "name:en": "Tizi's",
        "opening_hours": "Mo-Su 10:00-21:00"
      },
      "geometry": {
        "type": "Point",
        "coordinates": [
          107.6137095,
          -6.8829482
        ]
      },
      "id": "node/4142931293"
    },
    {
      "type": "Feature",
      "properties": {
        "@id": "node/4144142393",
        "addr:city": "Bandung",
        "addr:housenumber": "#11A",
        "addr:postcode": "40142",
        "addr:street": "Jalan Rancabentang",
        "amenity": "restaurant",
        "internet_access": "wlan",
        "name": "Miss Bee Providore",
        "opening_hours": "Mo-Su 07:00-23:00"
      },
      "geometry": {
        "type": "Point",
        "coordinates": [
          107.6091207,
          -6.868265
        ]
      },
      "id": "node/4144142393"
    },
    {
      "type": "Feature",
      "properties": {
        "@id": "node/4144193089",
        "addr:street": "Jalan Gunung Agung",
        "amenity": "restaurant",
        "internet_access": "wlan",
        "name": "Maxi's House",
        "opening_hours": "Mo-Su 10:00-22:00"
      },
      "geometry": {
        "type": "Point",
        "coordinates": [
          107.6073027,
          -6.8679495
        ]
      },
      "id": "node/4144193089"
    },
    {
      "type": "Feature",
      "properties": {
        "@id": "node/4169205936",
        "addr:city": "Cipedes",
        "addr:housenumber": "23",
        "addr:street": "Jalan Bungur",
        "amenity": "restaurant",
        "name": "Cafe Oz"
      },
      "geometry": {
        "type": "Point",
        "coordinates": [
          107.5942858,
          -6.8805774
        ]
      },
      "id": "node/4169205936"
    },
    {
      "type": "Feature",
      "properties": {
        "@id": "node/4169205937",
        "addr:city": "Cipedes",
        "addr:housenumber": "29",
        "addr:street": "Jalan Bungur",
        "amenity": "restaurant",
        "name": "District 29"
      },
      "geometry": {
        "type": "Point",
        "coordinates": [
          107.5940974,
          -6.8799945
        ]
      },
      "id": "node/4169205937"
    },
    {
      "type": "Feature",
      "properties": {
        "@id": "node/4255671008",
        "addr:city": "Bandung",
        "addr:housenumber": "#293-295",
        "addr:postcode": "40559",
        "addr:street": "Jalan Dr. Setiabudi",
        "amenity": "restaurant",
        "name": "Rumah Sosis"
      },
      "geometry": {
        "type": "Point",
        "coordinates": [
          107.5957541,
          -6.8543222
        ]
      },
      "id": "node/4255671008"
    },
    {
      "type": "Feature",
      "properties": {
        "@id": "node/4256131112",
        "addr:city": "Bandung",
        "addr:housenumber": "25",
        "addr:postcode": "40112",
        "addr:street": "Jalan Veteran",
        "amenity": "restaurant",
        "name": "Batagor Kingsley",
        "payment:coins": "yes",
        "payment:credit_cards": "no",
        "payment:debit_cards": "no",
        "payment:electronic_purses": "no",
        "payment:notes": "yes",
        "wheelchair": "limited"
      },
      "geometry": {
        "type": "Point",
        "coordinates": [
          107.6153692,
          -6.9190972
        ]
      },
      "id": "node/4256131112"
    },
    {
      "type": "Feature",
      "properties": {
        "@id": "node/4256137089",
        "addr:city": "Bandung",
        "addr:housenumber": "1",
        "addr:postcode": "40132",
        "addr:street": "Jalan Dayang Sumbi",
        "amenity": "restaurant",
        "name": "Beehive Cafe & Eatery"
      },
      "geometry": {
        "type": "Point",
        "coordinates": [
          107.6127573,
          -6.8875201
        ]
      },
      "id": "node/4256137089"
    },
    {
      "type": "Feature",
      "properties": {
        "@id": "node/4256164272",
        "addr:city": "Bandung",
        "addr:housenumber": "#48",
        "addr:postcode": "40115",
        "addr:street": "Jalan Ir. H. Juanda",
        "amenity": "restaurant",
        "cuisine": "japanese",
        "name": "Hanamasa"
      },
      "geometry": {
        "type": "Point",
        "coordinates": [
          107.6123933,
          -6.9010104
        ]
      },
      "id": "node/4256164272"
    },
    {
      "type": "Feature",
      "properties": {
        "@id": "node/4258324190",
        "addr:city": "Bandung",
        "addr:housenumber": "#9",
        "addr:postcode": "40111",
        "addr:street": "Jalan Sumatra",
        "amenity": "restaurant",
        "cuisine": "japanese",
        "name": "Sushi Tei"
      },
      "geometry": {
        "type": "Point",
        "coordinates": [
          107.6133076,
          -6.9173914
        ]
      },
      "id": "node/4258324190"
    },
    {
      "type": "Feature",
      "properties": {
        "@id": "node/4258347459",
        "addr:city": "Bandung",
        "addr:housenumber": "38",
        "addr:postcode": "40263",
        "addr:street": "Jalan Patuha",
        "amenity": "restaurant",
        "cuisine": "indonesian;sundanese",
        "diet:vegetarian": "yes",
        "name": "Dapoer Pandan Wangi"
      },
      "geometry": {
        "type": "Point",
        "coordinates": [
          107.6240018,
          -6.9284008
        ]
      },
      "id": "node/4258347459"
    },
    {
      "type": "Feature",
      "properties": {
        "@id": "node/4320535079",
        "addr:city": "Bandung, Jawa Barat",
        "addr:housenumber": "12",
        "addr:street": "Jl. Citarum, Bandung Wetan, Cihapit,",
        "amenity": "restaurant",
        "cuisine": "Glosis",
        "name": "Glosis Restaurant"
      },
      "geometry": {
        "type": "Point",
        "coordinates": [
          107.6227839,
          -6.9049365
        ]
      },
      "id": "node/4320535079"
    },
    {
      "type": "Feature",
      "properties": {
        "@id": "node/4320599452",
        "addr:city": "Bandung, Jawa Barat",
        "addr:housenumber": "64",
        "addr:street": "Jalan Cisangkuy",
        "amenity": "restaurant",
        "name": "Winner Bratwurst"
      },
      "geometry": {
        "type": "Point",
        "coordinates": [
          107.6214808,
          -6.9019264
        ]
      },
      "id": "node/4320599452"
    },
    {
      "type": "Feature",
      "properties": {
        "@id": "node/4320623921",
        "addr:city": "Bandung, Jawa Barat",
        "addr:housenumber": "154",
        "addr:street": "alan Ciumbuleuit",
        "amenity": "restaurant",
        "name": "Kepiting Chef Epi"
      },
      "geometry": {
        "type": "Point",
        "coordinates": [
          107.6060351,
          -6.8672236
        ]
      },
      "id": "node/4320623921"
    },
    {
      "type": "Feature",
      "properties": {
        "@id": "node/4320644772",
        "addr:city": "Bandung, Jawa Barat",
        "addr:housenumber": "157",
        "addr:street": "Jl. Sukajadi",
        "amenity": "restaurant",
        "cuisine": "japanese",
        "name": "Kedai Ling-Ling"
      },
      "geometry": {
        "type": "Point",
        "coordinates": [
          107.5962474,
          -6.8856245
        ]
      },
      "id": "node/4320644772"
    },
    {
      "type": "Feature",
      "properties": {
        "@id": "node/4320658157",
        "addr:city": "Kopo Square Sayati Margahayu, Jawa Barat",
        "addr:housenumber": "45",
        "addr:street": "Jl. Raya Kopo Bihbul",
        "amenity": "restaurant",
        "name": "Gubug Makan Mang Engking"
      },
      "geometry": {
        "type": "Point",
        "coordinates": [
          107.5794773,
          -6.9653246
        ]
      },
      "id": "node/4320658157"
    },
    {
      "type": "Feature",
      "properties": {
        "@id": "node/4320676328",
        "addr:city": "Bandung, Jawa Barat",
        "addr:housenumber": "276",
        "addr:street": "Jl. Setiabudhi",
        "amenity": "restaurant",
        "name": "The Heritage Kitchen & Gallery BDG"
      },
      "geometry": {
        "type": "Point",
        "coordinates": [
          107.5953286,
          -6.8611951
        ]
      },
      "id": "node/4320676328"
    },
    {
      "type": "Feature",
      "properties": {
        "@id": "node/4320683854",
        "addr:city": "Sumur Bandung, Kota Bandung, Jawa Barat",
        "addr:housenumber": "42",
        "addr:street": "Jl. Naripan",
        "amenity": "restaurant",
        "name": "Wingz O Wingz Cafe And Resto"
      },
      "geometry": {
        "type": "Point",
        "coordinates": [
          107.614136,
          -6.9205607
        ]
      },
      "id": "node/4320683854"
    },
    {
      "type": "Feature",
      "properties": {
        "@id": "node/4320691228",
        "addr:city": "Bandung",
        "addr:housenumber": "90",
        "addr:street": "Jalan R.E. Martadinata",
        "amenity": "restaurant",
        "name": "Gaya Brasserie"
      },
      "geometry": {
        "type": "Point",
        "coordinates": [
          107.624401,
          -6.9082315
        ]
      },
      "id": "node/4320691228"
    },
    {
      "type": "Feature",
      "properties": {
        "@id": "node/4320702955",
        "addr:city": "Bandung",
        "addr:housenumber": "23",
        "addr:street": "banda",
        "amenity": "restaurant",
        "name": "BonChon"
      },
      "geometry": {
        "type": "Point",
        "coordinates": [
          107.6165469,
          -6.9047843
        ]
      },
      "id": "node/4320702955"
    },
    {
      "type": "Feature",
      "properties": {
        "@id": "node/4320704774",
        "amenity": "restaurant",
        "name": "Kedai Nasi Bajamba Kapau"
      },
      "geometry": {
        "type": "Point",
        "coordinates": [
          107.6158864,
          -6.9065739
        ]
      },
      "id": "node/4320704774"
    },
    {
      "type": "Feature",
      "properties": {
        "@id": "node/4320710020",
        "addr:city": "Ciumbuleuit, Cidadap, Bandung, Jawa Barat",
        "addr:housenumber": "18",
        "addr:street": "Jl. Rancabentang",
        "amenity": "restaurant",
        "cuisine": "Family_Restaurant",
        "name": "Waroeng Ethnic"
      },
      "geometry": {
        "type": "Point",
        "coordinates": [
          107.6076398,
          -6.8710838
        ]
      },
      "id": "node/4320710020"
    },
    {
      "type": "Feature",
      "properties": {
        "@id": "node/4320729128",
        "addr:city": "Bandung",
        "addr:housenumber": "63",
        "addr:street": "L. L. R. E. Martadinata",
        "amenity": "restaurant",
        "name": "Warung Sangrai"
      },
      "geometry": {
        "type": "Point",
        "coordinates": [
          107.616762,
          -6.9055992
        ]
      },
      "id": "node/4320729128"
    },
    {
      "type": "Feature",
      "properties": {
        "@id": "node/4320737157",
        "addr:city": "Bandung, Jawa Barat",
        "addr:housenumber": "390",
        "addr:street": "JL. Insinyur Haji Juanda",
        "amenity": "restaurant",
        "name": "Feast Restaurant",
        "name:en": "Feast"
      },
      "geometry": {
        "type": "Point",
        "coordinates": [
          107.6192351,
          -6.8742543
        ]
      },
      "id": "node/4320737157"
    },
    {
      "type": "Feature",
      "properties": {
        "@id": "node/4320749637",
        "addr:city": "Bandung",
        "addr:housenumber": "32",
        "addr:street": "Banda",
        "amenity": "restaurant",
        "name": "Balista Signature"
      },
      "geometry": {
        "type": "Point",
        "coordinates": [
          107.6167643,
          -6.905619
        ]
      },
      "id": "node/4320749637"
    },
    {
      "type": "Feature",
      "properties": {
        "@id": "node/4320793364",
        "addr:city": "Bandung",
        "addr:housenumber": "10",
        "addr:street": "Jalan Karang sari",
        "amenity": "restaurant",
        "name": "Vermont Restaurant"
      },
      "geometry": {
        "type": "Point",
        "coordinates": [
          107.5983139,
          -6.8810535
        ]
      },
      "id": "node/4320793364"
    },
    {
      "type": "Feature",
      "properties": {
        "@id": "node/4320805756",
        "addr:city": "Bandung",
        "addr:housenumber": "74",
        "addr:street": "setiabudi",
        "amenity": "restaurant",
        "name": "Blackball"
      },
      "geometry": {
        "type": "Point",
        "coordinates": [
          107.5981916,
          -6.8799997
        ]
      },
      "id": "node/4320805756"
    },
    {
      "type": "Feature",
      "properties": {
        "@id": "node/4320810759",
        "addr:city": "bandung",
        "addr:housenumber": "67",
        "addr:street": "Jalan Dr. Setiabudi, Gegerkalong Sukasari",
        "amenity": "restaurant",
        "name": "Ikan Bakar Cianjur"
      },
      "geometry": {
        "type": "Point",
        "coordinates": [
          107.5938724,
          -6.8677255
        ]
      },
      "id": "node/4320810759"
    },
    {
      "type": "Feature",
      "properties": {
        "@id": "node/4320821104",
        "addr:city": "Bandung",
        "addr:housenumber": "85",
        "addr:street": "Jalan Setiabudi",
        "amenity": "restaurant",
        "name": "Ikan Pesmol Cianjur"
      },
      "geometry": {
        "type": "Point",
        "coordinates": [
          107.5966884,
          -6.8755338
        ]
      },
      "id": "node/4320821104"
    },
    {
      "type": "Feature",
      "properties": {
        "@id": "node/4320824982",
        "addr:city": "Bandung",
        "addr:housenumber": "20",
        "addr:street": "Jalan Sumatra",
        "amenity": "restaurant",
        "name": "East and West Resto & Bar"
      },
      "geometry": {
        "type": "Point",
        "coordinates": [
          107.613811,
          -6.9167187
        ]
      },
      "id": "node/4320824982"
    },
    {
      "type": "Feature",
      "properties": {
        "@id": "node/4320841831",
        "addr:city": "Bandung, Jawa Barat",
        "addr:housenumber": "45",
        "addr:street": "Jl. Lengkong Besar",
        "amenity": "restaurant",
        "name": "Eatalia"
      },
      "geometry": {
        "type": "Point",
        "coordinates": [
          107.6118868,
          -6.924126
        ]
      },
      "id": "node/4320841831"
    },
    {
      "type": "Feature",
      "properties": {
        "@id": "node/4320853779",
        "addr:city": "Babakan Ciamis, Sumur Bandung, Kota Bandung, Jawa Barat",
        "addr:housenumber": "31",
        "addr:street": "Jl. Sumatera",
        "amenity": "restaurant",
        "name": "Praoe Seafood"
      },
      "geometry": {
        "type": "Point",
        "coordinates": [
          107.6135284,
          -6.914155
        ]
      },
      "id": "node/4320853779"
    },
    {
      "type": "Feature",
      "properties": {
        "@id": "node/4320864438",
        "addr:city": "Hegarmanah, Cidadap, Bandung, Jawa Barat",
        "addr:housenumber": "28",
        "addr:street": "Jalan Hegarmanah",
        "amenity": "restaurant",
        "cuisine": "Japanese_Restaurant",
        "name": "Saisan Japanese Cuisine"
      },
      "geometry": {
        "type": "Point",
        "coordinates": [
          107.6009453,
          -6.8791733
        ]
      },
      "id": "node/4320864438"
    },
    {
      "type": "Feature",
      "properties": {
        "@id": "node/4320870346",
        "addr:city": "Cihapit, Bandung Wetan, Bandung, Jawa Barat",
        "addr:housenumber": "61",
        "addr:street": "Jalan Anggrek",
        "amenity": "restaurant",
        "cuisine": "seafood_restaurant",
        "name": "Parit 9 Seafood",
        "name:en": "Parit 9"
      },
      "geometry": {
        "type": "Point",
        "coordinates": [
          107.6306581,
          -6.9104912
        ]
      },
      "id": "node/4320870346"
    },
    {
      "type": "Feature",
      "properties": {
        "@id": "node/4320925493",
        "addr:city": "Bandung, Jawa Barat",
        "addr:housenumber": "18",
        "addr:street": "Jl. Pasirkaliki",
        "amenity": "restaurant",
        "name": "Grand Eastern"
      },
      "geometry": {
        "type": "Point",
        "coordinates": [
          107.5982134,
          -6.9151627
        ]
      },
      "id": "node/4320925493"
    },
    {
      "type": "Feature",
      "properties": {
        "@id": "node/4320934811",
        "addr:city": "Dago, Coblong, Kota Bandung, Jawa Barat",
        "addr:housenumber": "345",
        "addr:street": "Jl. Ir. H.Djuanda",
        "amenity": "restaurant",
        "name": "Thai Palace"
      },
      "geometry": {
        "type": "Point",
        "coordinates": [
          107.6188318,
          -6.8748841
        ]
      },
      "id": "node/4320934811"
    },
    {
      "type": "Feature",
      "properties": {
        "@id": "node/4320941004",
        "addr:city": "Bandung",
        "addr:street": "Jl. Karangsari, Sukajadi",
        "amenity": "restaurant",
        "name": "Saka Bistro & Bar"
      },
      "geometry": {
        "type": "Point",
        "coordinates": [
          107.5986064,
          -6.8810858
        ]
      },
      "id": "node/4320941004"
    },
    {
      "type": "Feature",
      "properties": {
        "@id": "node/4321003454",
        "addr:city": "bandung",
        "addr:housenumber": "371/181",
        "addr:street": "Jl. Sukajadi Atas , Gegerkalong, Sukasari",
        "amenity": "restaurant",
        "name": "TJENDANA BISTRO",
        "name:en": "Tjendana Bistro"
      },
      "geometry": {
        "type": "Point",
        "coordinates": [
          107.5964138,
          -6.8826195
        ]
      },
      "id": "node/4321003454"
    },
    {
      "type": "Feature",
      "properties": {
        "@id": "node/4321020958",
        "addr:city": "bandung",
        "addr:housenumber": "5",
        "addr:street": "Jl. Dr. Rajiman , Pasir Kaliki, Cicendo, Kota Bandung,",
        "amenity": "restaurant",
        "cuisine": "korean",
        "name": "Bornga"
      },
      "geometry": {
        "type": "Point",
        "coordinates": [
          107.5989336,
          -6.9039231
        ]
      },
      "id": "node/4321020958"
    },
    {
      "type": "Feature",
      "properties": {
        "@id": "node/4321036011",
        "addr:city": "Bandung",
        "addr:housenumber": "91",
        "addr:street": "Capitol Plaza, Jl. Jendral Sudirman, Karanganyar, Astanaanyar",
        "amenity": "restaurant",
        "name": "sudirman street food"
      },
      "geometry": {
        "type": "Point",
        "coordinates": [
          107.6002017,
          -6.9204002
        ]
      },
      "id": "node/4321036011"
    },
    {
      "type": "Feature",
      "properties": {
        "@id": "node/4321049832",
        "addr:city": "Bandung",
        "addr:housenumber": "152",
        "addr:street": "Jl. Cibadak, Karanganyar, Astanaanyar",
        "amenity": "restaurant",
        "name": "Cibadak Food Market"
      },
      "geometry": {
        "type": "Point",
        "coordinates": [
          107.6003966,
          -6.9216518
        ]
      },
      "id": "node/4321049832"
    },
    {
      "type": "Feature",
      "properties": {
        "@id": "node/4322644193",
        "addr:city": "Bandung, Jawa Barat",
        "addr:housenumber": "17",
        "addr:street": "Jl. Ranca Kendal Luhur",
        "amenity": "restaurant",
        "name": "Boemi Joglo",
        "opening_hours": "Mo-Su 10:00-22:00",
        "phone": "+62 22 2501344"
      },
      "geometry": {
        "type": "Point",
        "coordinates": [
          107.6286286,
          -6.8679701
        ]
      },
      "id": "node/4322644193"
    },
    {
      "type": "Feature",
      "properties": {
        "@id": "node/4322665307",
        "addr:city": "Bandung, Jawa Barat",
        "addr:housenumber": "33",
        "addr:street": "Jl. Bukit Pakar Timur",
        "amenity": "restaurant",
        "name": "Sierra Cafe & Lounge"
      },
      "geometry": {
        "type": "Point",
        "coordinates": [
          107.6288477,
          -6.8631564
        ]
      },
      "id": "node/4322665307"
    },
    {
      "type": "Feature",
      "properties": {
        "@id": "node/4322668890",
        "addr:city": "Bandung",
        "addr:housenumber": "34",
        "addr:street": "Jalan Braga",
        "amenity": "restaurant",
        "cuisine": "chicken",
        "name": "Ayam Geprek Pangeran"
      },
      "geometry": {
        "type": "Point",
        "coordinates": [
          107.6096852,
          -6.9185493
        ]
      },
      "id": "node/4322668890"
    },
    {
      "type": "Feature",
      "properties": {
        "@id": "node/4322669484",
        "addr:city": "Bandung, Jawa Barat",
        "addr:housenumber": "53",
        "addr:street": "Jalan Doktor Setiabudi",
        "amenity": "restaurant",
        "name": "Porto Restaurant"
      },
      "geometry": {
        "type": "Point",
        "coordinates": [
          107.5984107,
          -6.8797792
        ]
      },
      "id": "node/4322669484"
    },
    {
      "type": "Feature",
      "properties": {
        "@id": "node/4322674972",
        "addr:city": "Bandung, Kota Bandung, Jawa Barat",
        "addr:street": "Jl. Karangsari",
        "amenity": "restaurant",
        "name": "Jubilare Dine and Wine"
      },
      "geometry": {
        "type": "Point",
        "coordinates": [
          107.5982247,
          -6.8810021
        ]
      },
      "id": "node/4322674972"
    },
    {
      "type": "Feature",
      "properties": {
        "@id": "node/4322677519",
        "addr:city": "Bandung, Jawa Barat",
        "addr:housenumber": "67",
        "addr:street": "Jl. Pasirkaliki",
        "amenity": "restaurant",
        "cuisine": "indonesian",
        "name": "Rijsttafel Resto"
      },
      "geometry": {
        "type": "Point",
        "coordinates": [
          107.5977039,
          -6.9097236
        ]
      },
      "id": "node/4322677519"
    },
    {
      "type": "Feature",
      "properties": {
        "@id": "node/4322680459",
        "addr:city": "Ciateul, Regol, Pasirluyu, Bandung, Kota Bandung, Jawa Barat",
        "addr:housenumber": "22",
        "addr:street": "Jl. BKR",
        "amenity": "restaurant",
        "cuisine": "cake",
        "name": "The Dreams Cake"
      },
      "geometry": {
        "type": "Point",
        "coordinates": [
          107.6193999,
          -6.9379902
        ]
      },
      "id": "node/4322680459"
    },
    {
      "type": "Feature",
      "properties": {
        "@id": "node/4322684148",
        "addr:city": "Bandung, Jawa Barat",
        "addr:housenumber": "71",
        "addr:street": "Jl. Pasirkaliki",
        "amenity": "restaurant",
        "cuisine": "Noodle_Shop",
        "name": "Fuku Ramen"
      },
      "geometry": {
        "type": "Point",
        "coordinates": [
          107.5976897,
          -6.9095532
        ]
      },
      "id": "node/4322684148"
    },
    {
      "type": "Feature",
      "properties": {
        "@id": "node/4322688658",
        "addr:city": "Dago, Tamansari, Bandung, Kota Bandung, Jawa Barat",
        "addr:housenumber": "15",
        "addr:street": "Jl. Ir. H. Djuanda",
        "amenity": "restaurant",
        "cuisine": "cake_shop",
        "name": "THE HARVEST DAGO",
        "name:en": "The Harvest"
      },
      "geometry": {
        "type": "Point",
        "coordinates": [
          107.6104147,
          -6.905355
        ]
      },
      "id": "node/4322688658"
    },
    {
      "type": "Feature",
      "properties": {
        "@id": "node/4326481406",
        "addr:city": "Bandung, Jawa Barat",
        "addr:housenumber": "16",
        "addr:street": "Jalan Pasirkaliki, Kompleks Ruko Grand Eastern, Kebon Jeruk, Andir,",
        "amenity": "restaurant",
        "name": "Kenken Bigul Kitchen"
      },
      "geometry": {
        "type": "Point",
        "coordinates": [
          107.5982452,
          -6.9153616
        ]
      },
      "id": "node/4326481406"
    },
    {
      "type": "Feature",
      "properties": {
        "@id": "node/4326486305",
        "addr:city": "Bandung",
        "addr:housenumber": "#18",
        "addr:street": "Jl. Ambon, Citarum, Bandung Wetan",
        "amenity": "restaurant",
        "name": "Hanken Kitchen"
      },
      "geometry": {
        "type": "Point",
        "coordinates": [
          107.6190397,
          -6.9072846
        ]
      },
      "id": "node/4326486305"
    },
    {
      "type": "Feature",
      "properties": {
        "@id": "node/4326487152",
        "addr:city": "Bandung",
        "addr:street": "Jalan Kebon Kawung, Pasirkaliki, Cicendo, Pasir Kaliki, Cicendo",
        "amenity": "restaurant",
        "name": "Kandang Ayam Kebon Kawung"
      },
      "geometry": {
        "type": "Point",
        "coordinates": [
          107.5992553,
          -6.9124832
        ]
      },
      "id": "node/4326487152"
    },
    {
      "type": "Feature",
      "properties": {
        "@id": "node/4326490087",
        "addr:city": "Bandung",
        "addr:housenumber": "45-47",
        "addr:street": "Jalan Kebon Kawung",
        "amenity": "restaurant",
        "name": "Mandarin Restaurant",
        "name:zh": "华人菜馆",
        "payment:coins": "yes",
        "payment:notes": "yes",
        "phone": "+62224266250"
      },
      "geometry": {
        "type": "Point",
        "coordinates": [
          107.5983485,
          -6.9124458
        ]
      },
      "id": "node/4326490087"
    },
    {
      "type": "Feature",
      "properties": {
        "@id": "node/4326505745",
        "addr:city": "Bandung",
        "addr:housenumber": "28",
        "addr:street": "Jalan Kebon Kawung , Pasirkaliki, Cicendo",
        "amenity": "restaurant",
        "name": "Warung Nasi Ampera"
      },
      "geometry": {
        "type": "Point",
        "coordinates": [
          107.6011252,
          -6.9123909
        ]
      },
      "id": "node/4326505745"
    },
    {
      "type": "Feature",
      "properties": {
        "@id": "node/4326510048",
        "addr:city": "Bandung",
        "addr:housenumber": "2",
        "addr:street": "Jl. Kebon Kawung",
        "amenity": "restaurant",
        "name": "Red Tulip Resto Restoran",
        "name:en": "Red Tulip"
      },
      "geometry": {
        "type": "Point",
        "coordinates": [
          107.6038437,
          -6.9125398
        ]
      },
      "id": "node/4326510048"
    },
    {
      "type": "Feature",
      "properties": {
        "@id": "node/4326555372",
        "addr:city": "Bandung, Jawa Barat",
        "addr:housenumber": "47",
        "addr:street": "Jl. Tm. Cibeunying Sel.",
        "amenity": "restaurant",
        "cuisine": "regional",
        "name": "Roemah Nenek"
      },
      "geometry": {
        "type": "Point",
        "coordinates": [
          107.6237201,
          -6.9043132
        ]
      },
      "id": "node/4326555372"
    },
    {
      "type": "Feature",
      "properties": {
        "@id": "node/4326595197",
        "addr:city": "Bandung",
        "addr:housenumber": "128A",
        "addr:street": "Jalan Riau",
        "amenity": "restaurant",
        "cuisine": "mexican_restaurant",
        "name": "Perky Pedro: Comidas Y Bebidas Planet Daging",
        "name:en": "Perky Pedro"
      },
      "geometry": {
        "type": "Point",
        "coordinates": [
          107.6271109,
          -6.9111906
        ]
      },
      "id": "node/4326595197"
    },
    {
      "type": "Feature",
      "properties": {
        "@id": "node/4326600885",
        "addr:city": "Bandung",
        "addr:housenumber": "52A",
        "addr:street": "Jalan Ir Sutami",
        "amenity": "restaurant",
        "name": "Myeong Ga"
      },
      "geometry": {
        "type": "Point",
        "coordinates": [
          107.5895741,
          -6.8775851
        ]
      },
      "id": "node/4326600885"
    },
    {
      "type": "Feature",
      "properties": {
        "@id": "node/4326603897",
        "addr:city": "bandung, Jawa Barat",
        "addr:street": "Jl. L. L. RE.Martadinata",
        "amenity": "restaurant",
        "cuisine": "Ramen_Restaurant",
        "name": "Hakata Ikkousha"
      },
      "geometry": {
        "type": "Point",
        "coordinates": [
          107.629507,
          -6.9154611
        ]
      },
      "id": "node/4326603897"
    },
    {
      "type": "Feature",
      "properties": {
        "@id": "node/4326604852",
        "addr:city": "Ciburial, Cimenyan, Ciburial, Cimenyan, Bandung, Jawa Barat",
        "addr:housenumber": "19",
        "addr:street": "Jalan Bukit Pakar Timur",
        "amenity": "restaurant",
        "name": "Cocorico Cafe and Resto"
      },
      "geometry": {
        "type": "Point",
        "coordinates": [
          107.6295709,
          -6.8628549
        ]
      },
      "id": "node/4326604852"
    },
    {
      "type": "Feature",
      "properties": {
        "@id": "node/4326610522",
        "addr:city": ", Antapani Wetan, Arcamanik, Kota Bandung, Jawa Barat",
        "addr:housenumber": "324",
        "addr:postcode": "40291",
        "addr:street": "Jalan Terusan Jakarta",
        "amenity": "restaurant",
        "name": "Bakso Barbel Agung Hercules",
        "opening_hours": "Su-Fr 10:30-20:30; Sa 10:30-21:00"
      },
      "geometry": {
        "type": "Point",
        "coordinates": [
          107.6678531,
          -6.9159462
        ]
      },
      "id": "node/4326610522"
    },
    {
      "type": "Feature",
      "properties": {
        "@id": "node/4326619590",
        "addr:city": "Bandung, Jawa Barat",
        "addr:street": "Jl. Pasirkaliki",
        "amenity": "restaurant",
        "cuisine": "bakery",
        "name": "Anata Cake & Bakery"
      },
      "geometry": {
        "type": "Point",
        "coordinates": [
          107.5973555,
          -6.9018086
        ]
      },
      "id": "node/4326619590"
    },
    {
      "type": "Feature",
      "properties": {
        "@id": "node/4326640119",
        "addr:city": "Bandung",
        "addr:housenumber": "92C",
        "addr:street": "Jl. Naripan",
        "amenity": "restaurant",
        "name": "Kedai Nyonya Rumah"
      },
      "geometry": {
        "type": "Point",
        "coordinates": [
          107.6170492,
          -6.9211852
        ]
      },
      "id": "node/4326640119"
    },
    {
      "type": "Feature",
      "properties": {
        "@id": "node/4326747446",
        "addr:city": "Bandung",
        "addr:housenumber": "163",
        "addr:street": "JL Sukajadi , Pasteur, Sukajadi",
        "amenity": "restaurant",
        "name": "Tomodachi Restaurant",
        "name:en": "Tomodachi"
      },
      "geometry": {
        "type": "Point",
        "coordinates": [
          107.5969999,
          -6.889864
        ]
      },
      "id": "node/4326747446"
    },
    {
      "type": "Feature",
      "properties": {
        "@id": "node/4326775715",
        "addr:city": "Bandung, Jawa Barat",
        "addr:housenumber": "10",
        "addr:street": "Jl. Maulana Yusuf , Citarum",
        "amenity": "restaurant",
        "name": "Blackpepper resto & cafe"
      },
      "geometry": {
        "type": "Point",
        "coordinates": [
          107.6134266,
          -6.9011504
        ]
      },
      "id": "node/4326775715"
    },
    {
      "type": "Feature",
      "properties": {
        "@id": "node/4326815228",
        "addr:city": "Bandung",
        "addr:housenumber": "48",
        "addr:street": "Jl. Purnawarman",
        "amenity": "restaurant",
        "name": "Lumiere Bistro and Art Gallery"
      },
      "geometry": {
        "type": "Point",
        "coordinates": [
          107.6095953,
          -6.9051622
        ]
      },
      "id": "node/4326815228"
    },
    {
      "type": "Feature",
      "properties": {
        "@id": "node/4326817355",
        "addr:city": "Bandung",
        "addr:housenumber": "201",
        "addr:street": "Jl. L. L. RE.Martadinata",
        "amenity": "restaurant",
        "name": "Sapi Unggul Indonesia"
      },
      "geometry": {
        "type": "Point",
        "coordinates": [
          107.6289424,
          -6.9127336
        ]
      },
      "id": "node/4326817355"
    },
    {
      "type": "Feature",
      "properties": {
        "@id": "node/4326817808",
        "addr:city": "Bandung, Jawa Barat",
        "addr:housenumber": "9",
        "addr:street": "Jl. Sulanjana , Tamansari, Bandung Wetan",
        "amenity": "restaurant",
        "name": "Javan Steak"
      },
      "geometry": {
        "type": "Point",
        "coordinates": [
          107.6115953,
          -6.9000351
        ]
      },
      "id": "node/4326817808"
    },
    {
      "type": "Feature",
      "properties": {
        "@id": "node/4326818793",
        "addr:city": "Bandung, Jawa Barat",
        "addr:housenumber": "56A",
        "addr:street": "Jl. Cihampelas",
        "amenity": "restaurant",
        "name": "Warunk Upnormal"
      },
      "geometry": {
        "type": "Point",
        "coordinates": [
          107.6044599,
          -6.9022555
        ]
      },
      "id": "node/4326818793"
    },
    {
      "type": "Feature",
      "properties": {
        "@id": "node/4326822673",
        "addr:city": "Bandung, Jawa Barat",
        "addr:housenumber": "66",
        "addr:street": "Jalan Garuda",
        "amenity": "restaurant",
        "name": "Yellow Truck Coffee",
        "name:en": "Yellow Truck"
      },
      "geometry": {
        "type": "Point",
        "coordinates": [
          107.5779293,
          -6.9118683
        ]
      },
      "id": "node/4326822673"
    },
    {
      "type": "Feature",
      "properties": {
        "@id": "node/4326823777",
        "addr:city": "Merdeka, Sumur Bandung, Kota Bandung, Jawa Barat",
        "addr:housenumber": "55",
        "addr:street": "Jl. Gandapura",
        "amenity": "restaurant",
        "name": "The Larder"
      },
      "geometry": {
        "type": "Point",
        "coordinates": [
          107.6262194,
          -6.9130997
        ]
      },
      "id": "node/4326823777"
    },
    {
      "type": "Feature",
      "properties": {
        "@id": "node/4326829300",
        "addr:city": "Bandung, Jawa Barat",
        "addr:street": "Jl. Sulanjana",
        "amenity": "restaurant",
        "name": "NINE'SQUARE Bar&Resto",
        "name:en": "Nine Square"
      },
      "geometry": {
        "type": "Point",
        "coordinates": [
          107.611426,
          -6.8999
        ]
      },
      "id": "node/4326829300"
    },
    {
      "type": "Feature",
      "properties": {
        "@id": "node/4326832448",
        "amenity": "restaurant",
        "cuisine": "patisserie",
        "name": "Lucio Luciano Patisseries",
        "name:en": "Lucio Luciano"
      },
      "geometry": {
        "type": "Point",
        "coordinates": [
          107.6144085,
          -6.8926493
        ]
      },
      "id": "node/4326832448"
    },
    {
      "type": "Feature",
      "properties": {
        "@id": "node/4326833521",
        "addr:city": "Cipaganti, Coblong, Kota Bandung, Jawa Barat",
        "addr:housenumber": "5",
        "addr:street": "Jl. Prof. Eyckman",
        "amenity": "restaurant",
        "name": "Love Meat Tender"
      },
      "geometry": {
        "type": "Point",
        "coordinates": [
          107.6031687,
          -6.8959401
        ]
      },
      "id": "node/4326833521"
    },
    {
      "type": "Feature",
      "properties": {
        "@id": "node/4326834404",
        "addr:city": "Bandung",
        "addr:housenumber": "14",
        "addr:street": "JL Sulanjana",
        "amenity": "restaurant",
        "name": "Legian Terrace Cafe",
        "name:en": "Legian Terrace"
      },
      "geometry": {
        "type": "Point",
        "coordinates": [
          107.6115847,
          -6.8997957
        ]
      },
      "id": "node/4326834404"
    },
    {
      "type": "Feature",
      "properties": {
        "@id": "node/4326837928",
        "addr:city": "Cihapit, Bandung Wetan, Bandung, Jawa Barat",
        "addr:housenumber": "10",
        "addr:street": "Jl. Citarum",
        "amenity": "restaurant",
        "name": "Le Marly"
      },
      "geometry": {
        "type": "Point",
        "coordinates": [
          107.6223404,
          -6.9051254
        ]
      },
      "id": "node/4326837928"
    },
    {
      "type": "Feature",
      "properties": {
        "@id": "node/4326840306",
        "addr:city": "Cihapit, Bandung Wetan, Bandung, Jawa Barat",
        "addr:housenumber": "34",
        "addr:street": "Jalan Citarum",
        "amenity": "restaurant",
        "name": "RM Alas Daun"
      },
      "geometry": {
        "type": "Point",
        "coordinates": [
          107.6250691,
          -6.9016748
        ]
      },
      "id": "node/4326840306"
    },
    {
      "type": "Feature",
      "properties": {
        "@id": "node/4326855496",
        "addr:city": "Burangrang, Lengkong, Kota Bandung, Jawa Barat",
        "addr:housenumber": "38",
        "addr:street": "Jl. Burangrang",
        "amenity": "restaurant",
        "cuisine": "views_Indonesian_Restaurant",
        "name": "Bakso Boedjangan"
      },
      "geometry": {
        "type": "Point",
        "coordinates": [
          107.6193988,
          -6.9268716
        ]
      },
      "id": "node/4326855496"
    },
    {
      "type": "Feature",
      "properties": {
        "@id": "node/4326858393",
        "addr:city": "Isola, Sukajadi, Kota Bandung, Jawa Barat",
        "addr:housenumber": "49",
        "addr:street": "Jl. Setiabudhi",
        "amenity": "restaurant",
        "cuisine": "korean",
        "name": "Seorae Setiabudi Bandung"
      },
      "geometry": {
        "type": "Point",
        "coordinates": [
          107.5959097,
          -6.8548349
        ]
      },
      "id": "node/4326858393"
    },
    {
      "type": "Feature",
      "properties": {
        "@id": "node/4326871085",
        "addr:city": "Sukasari, Bandung, Jawa Barat",
        "addr:housenumber": "23",
        "addr:street": "Jalan Terusan Prof. Dr Sutami Kav.",
        "amenity": "restaurant",
        "name": "Old Ben's Garage & Coffee"
      },
      "geometry": {
        "type": "Point",
        "coordinates": [
          107.5806276,
          -6.8802525
        ]
      },
      "id": "node/4326871085"
    },
    {
      "type": "Feature",
      "properties": {
        "@id": "node/4326872989",
        "addr:city": "Bandung Wetan, Jawa Barat",
        "addr:housenumber": "1",
        "addr:street": "Jalan Bahureksa",
        "amenity": "restaurant",
        "name": "Kane Pizzeria"
      },
      "geometry": {
        "type": "Point",
        "coordinates": [
          107.6135667,
          -6.905339
        ]
      },
      "id": "node/4326872989"
    },
    {
      "type": "Feature",
      "properties": {
        "@id": "node/4326880572",
        "addr:city": "Bandung, Jawa Barat",
        "addr:housenumber": "30",
        "addr:street": "Jl. Sulanjana , Tamansari, Bandung Wetan",
        "amenity": "restaurant",
        "name": "Bubur Ayam Mang H. Oyo"
      },
      "geometry": {
        "type": "Point",
        "coordinates": [
          107.6106804,
          -6.899456
        ]
      },
      "id": "node/4326880572"
    },
    {
      "type": "Feature",
      "properties": {
        "@id": "node/4326883566",
        "addr:city": "Bandung, Jawa Barat",
        "addr:housenumber": "19",
        "addr:street": "Jl. Sumatera",
        "amenity": "restaurant",
        "name": "Indischetafel Resto"
      },
      "geometry": {
        "type": "Point",
        "coordinates": [
          107.6136019,
          -6.9164865
        ]
      },
      "id": "node/4326883566"
    },
    {
      "type": "Feature",
      "properties": {
        "@id": "node/4326886137",
        "addr:city": "Cipaganti, Coblong, Bandung, Jawa Barat",
        "addr:housenumber": "205",
        "addr:street": "Jl. Cihampelas",
        "amenity": "restaurant",
        "cuisine": "indonesian",
        "name": "Giannis"
      },
      "geometry": {
        "type": "Point",
        "coordinates": [
          107.603936,
          -6.8869718
        ]
      },
      "id": "node/4326886137"
    },
    {
      "type": "Feature",
      "properties": {
        "@id": "node/4327152529",
        "addr:city": "Bandung",
        "addr:housenumber": "1",
        "addr:street": "Jalan Terusan Perintis",
        "amenity": "restaurant",
        "name": "Eerma'sm Kitchen"
      },
      "geometry": {
        "type": "Point",
        "coordinates": [
          107.5757293,
          -6.8815585
        ]
      },
      "id": "node/4327152529"
    },
    {
      "type": "Feature",
      "properties": {
        "@id": "node/4327160050",
        "addr:city": "Bandung, Jawa Barat",
        "addr:street": "Jl. Raya Kopo",
        "amenity": "restaurant",
        "name": "Holland Bakery"
      },
      "geometry": {
        "type": "Point",
        "coordinates": [
          107.5772567,
          -6.9639551
        ]
      },
      "id": "node/4327160050"
    },
    {
      "type": "Feature",
      "properties": {
        "@id": "node/4327165751",
        "addr:city": "Bandung, Jawa Barat",
        "addr:street": "Jalan Kopo",
        "amenity": "restaurant",
        "name": "Donat Madu"
      },
      "geometry": {
        "type": "Point",
        "coordinates": [
          107.5763951,
          -6.9656134
        ]
      },
      "id": "node/4327165751"
    },
    {
      "type": "Feature",
      "properties": {
        "@id": "node/4327170898",
        "addr:city": "Bandung, Jawa Barat",
        "addr:housenumber": "111",
        "addr:street": "Jl. Raya Kopo",
        "amenity": "restaurant",
        "name": "Kartika Sari"
      },
      "geometry": {
        "type": "Point",
        "coordinates": [
          107.575379,
          -6.9678738
        ]
      },
      "id": "node/4327170898"
    },
    {
      "type": "Feature",
      "properties": {
        "@id": "node/4327188288",
        "addr:city": "Bandung",
        "addr:housenumber": "7",
        "addr:street": "Komplek Taman Kopo Indah I Blok. Q",
        "amenity": "restaurant",
        "name": "Ozt Cafe and Steakhouse"
      },
      "geometry": {
        "type": "Point",
        "coordinates": [
          107.5653165,
          -6.9635574
        ]
      },
      "id": "node/4327188288"
    },
    {
      "type": "Feature",
      "properties": {
        "@id": "node/4327190059",
        "addr:city": "Bandung",
        "addr:housenumber": "129",
        "addr:street": "No., Jl. Ciumbuleuit",
        "amenity": "restaurant",
        "name": "CAWIT (Cabe Rawit)",
        "name:it": "Cawit"
      },
      "geometry": {
        "type": "Point",
        "coordinates": [
          107.604058,
          -6.8768509
        ]
      },
      "id": "node/4327190059"
    },
    {
      "type": "Feature",
      "properties": {
        "@id": "node/4327190453",
        "addr:city": "Bandung, Jawa Barat",
        "addr:street": "taman kopo",
        "amenity": "restaurant",
        "name": "Bakmie Aloi",
        "name:en": "Bakmi yahudi"
      },
      "geometry": {
        "type": "Point",
        "coordinates": [
          107.5644016,
          -6.9639867
        ]
      },
      "id": "node/4327190453"
    },
    {
      "type": "Feature",
      "properties": {
        "@id": "node/4327198081",
        "addr:city": "Bandung, Jawa Barat",
        "addr:street": "Komplek Taman Kopo Indah 2 Blok 5",
        "amenity": "restaurant",
        "name": "Richeese Factory"
      },
      "geometry": {
        "type": "Point",
        "coordinates": [
          107.5584851,
          -6.9617036
        ]
      },
      "id": "node/4327198081"
    },
    {
      "type": "Feature",
      "properties": {
        "@id": "node/4327206126",
        "addr:city": "Bandung",
        "addr:housenumber": "22",
        "addr:street": "Jalan Taman Kopo Indah 2",
        "amenity": "restaurant",
        "name": "Coco Suki"
      },
      "geometry": {
        "type": "Point",
        "coordinates": [
          107.5605413,
          -6.9597287
        ]
      },
      "id": "node/4327206126"
    },
    {
      "type": "Feature",
      "properties": {
        "@id": "node/4327207872",
        "addr:city": "Bandung",
        "addr:housenumber": "4",
        "addr:street": "Jalan Taman Kopo Indah 2 Ruko 1A",
        "amenity": "restaurant",
        "name": "D'plate"
      },
      "geometry": {
        "type": "Point",
        "coordinates": [
          107.5615028,
          -6.9574629
        ]
      },
      "id": "node/4327207872"
    },
    {
      "type": "Feature",
      "properties": {
        "@id": "node/4327209170",
        "addr:city": "Bandung",
        "addr:housenumber": "5",
        "addr:street": "Jl. Taman Kopo Indah 2 blok 1A",
        "amenity": "restaurant",
        "name": "Star Kitchen"
      },
      "geometry": {
        "type": "Point",
        "coordinates": [
          107.561661,
          -6.9568387
        ]
      },
      "id": "node/4327209170"
    },
    {
      "type": "Feature",
      "properties": {
        "@id": "node/4327210184",
        "addr:city": "Bandung",
        "addr:housenumber": "15",
        "addr:street": "Jalan Taman Kopo Indah 2 Blok 1B",
        "amenity": "restaurant",
        "cuisine": "chinese",
        "name": "Nasi Campur Bintang Baru"
      },
      "geometry": {
        "type": "Point",
        "coordinates": [
          107.5615567,
          -6.956099
        ]
      },
      "id": "node/4327210184"
    },
    {
      "type": "Feature",
      "properties": {
        "@id": "node/4327214690",
        "addr:city": "Bandung",
        "addr:street": "Jl. Taman Kopo Indah 2",
        "amenity": "restaurant",
        "cuisine": "chinese",
        "name": "Asia Bagus"
      },
      "geometry": {
        "type": "Point",
        "coordinates": [
          107.5623899,
          -6.9538094
        ]
      },
      "id": "node/4327214690"
    },
    {
      "type": "Feature",
      "properties": {
        "@id": "node/4327219160",
        "addr:city": "Bandung, Jawa Barat",
        "addr:housenumber": "18",
        "addr:street": "l. Taman Kopo Indah III Blok A",
        "amenity": "restaurant",
        "name": "Ayam Goreng Tulang Lunak Rahayu - Be Yoghurt and Juice"
      },
      "geometry": {
        "type": "Point",
        "coordinates": [
          107.5570812,
          -6.9607296
        ]
      },
      "id": "node/4327219160"
    },
    {
      "type": "Feature",
      "properties": {
        "@id": "node/4327225479",
        "addr:city": "Bandung",
        "addr:street": "Jl. Taman Kopo Indah III",
        "amenity": "restaurant",
        "name": "Kwetiaw Bakar"
      },
      "geometry": {
        "type": "Point",
        "coordinates": [
          107.5558687,
          -6.9628238
        ]
      },
      "id": "node/4327225479"
    },
    {
      "type": "Feature",
      "properties": {
        "@id": "node/4327227263",
        "addr:city": "Bandung",
        "addr:street": "Jl. Taman Kopo Indah III",
        "amenity": "restaurant",
        "name": "Iga Bakar Mang Opan"
      },
      "geometry": {
        "type": "Point",
        "coordinates": [
          107.5548327,
          -6.9650043
        ]
      },
      "id": "node/4327227263"
    },
    {
      "type": "Feature",
      "properties": {
        "@id": "node/4327947541",
        "addr:city": "Bandung, Jawa Barat",
        "addr:housenumber": "8D",
        "addr:street": "Jl. Surya Sumantri",
        "amenity": "restaurant",
        "cuisine": "pizza",
        "name": "Dominos Pizza"
      },
      "geometry": {
        "type": "Point",
        "coordinates": [
          107.5816811,
          -6.8816289
        ]
      },
      "id": "node/4327947541"
    },
    {
      "type": "Feature",
      "properties": {
        "@id": "node/4327947863",
        "addr:city": "Bandung, Jawa Barat",
        "addr:housenumber": "5C",
        "addr:street": "Jl. Surya Sumantri",
        "amenity": "restaurant",
        "name": "Kedai Waka Waka"
      },
      "geometry": {
        "type": "Point",
        "coordinates": [
          107.581227,
          -6.8810961
        ]
      },
      "id": "node/4327947863"
    },
    {
      "type": "Feature",
      "properties": {
        "@id": "node/4327953327",
        "addr:city": "Dago Pakar, Ciburial, Cimenyan, Bandung, Jawa Barat",
        "addr:housenumber": "28",
        "addr:street": "Jl. Lembah Pakar Timur",
        "amenity": "restaurant",
        "name": "Directions The Valley Resort Hotel",
        "name:en": "Directions The Valley"
      },
      "geometry": {
        "type": "Point",
        "coordinates": [
          107.6339147,
          -6.8634983
        ]
      },
      "id": "node/4327953327"
    },
    {
      "type": "Feature",
      "properties": {
        "@id": "node/4327975257",
        "addr:city": "Bandung, Jawa Barat",
        "addr:housenumber": "151-153",
        "addr:street": "Jl. Jendral Sudirman",
        "amenity": "restaurant",
        "name": "Hongkong Restaurant",
        "name:en": "Hongkong"
      },
      "geometry": {
        "type": "Point",
        "coordinates": [
          107.599052,
          -6.9202649
        ]
      },
      "id": "node/4327975257"
    },
    {
      "type": "Feature",
      "properties": {
        "@id": "node/4327978185",
        "addr:city": "Bandung, Jawa Barat",
        "addr:housenumber": "51",
        "addr:street": "Jl. Dipatiukur",
        "amenity": "restaurant",
        "name": "Nasi Goreng Mafia",
        "opening_hours": "Mo-Th 10:00-23:00; Fr-Su 11:00-24:00"
      },
      "geometry": {
        "type": "Point",
        "coordinates": [
          107.6174367,
          -6.8919882
        ]
      },
      "id": "node/4327978185"
    },
    {
      "type": "Feature",
      "properties": {
        "@id": "node/4327980993",
        "addr:city": "Bandung",
        "addr:housenumber": "479B",
        "addr:street": "Jl. Soekarno - Hatta",
        "amenity": "restaurant",
        "cuisine": "Restaurant_or_Cafe",
        "name": "Sari Sunda Restaurant"
      },
      "geometry": {
        "type": "Point",
        "coordinates": [
          107.6234324,
          -6.9489967
        ]
      },
      "id": "node/4327980993"
    },
    {
      "type": "Feature",
      "properties": {
        "@id": "node/4327989798",
        "addr:city": "Bandung",
        "addr:housenumber": "107",
        "addr:street": "Jl. Dr. Djunjunan",
        "amenity": "restaurant",
        "cuisine": "indonesian",
        "name": "Saung Kabayan"
      },
      "geometry": {
        "type": "Point",
        "coordinates": [
          107.5893761,
          -6.8958519
        ]
      },
      "id": "node/4327989798"
    },
    {
      "type": "Feature",
      "properties": {
        "@id": "node/4327993521",
        "addr:city": "Bandung, Jawa Barat",
        "addr:housenumber": "170",
        "addr:street": "Jalan Pasirkaliki",
        "amenity": "restaurant",
        "name": "Kafetaria 170",
        "opening_hours": "Mo-Fr, Su 07:00-21:00; Sa 07:00-22:00",
        "website": "http://kafetaria170.com/"
      },
      "geometry": {
        "type": "Point",
        "coordinates": [
          107.5975823,
          -6.9021588
        ]
      },
      "id": "node/4327993521"
    },
    {
      "type": "Feature",
      "properties": {
        "@id": "node/4327995101",
        "addr:city": "Bandung, Jawa Barat",
        "addr:housenumber": "14",
        "addr:street": "Jl. Cipaganti",
        "amenity": "restaurant",
        "name": "Melbourne Kitchen"
      },
      "geometry": {
        "type": "Point",
        "coordinates": [
          107.6026978,
          -6.9027733
        ]
      },
      "id": "node/4327995101"
    },
    {
      "type": "Feature",
      "properties": {
        "@id": "node/4328013345",
        "addr:city": "Bandung",
        "addr:housenumber": "123",
        "addr:street": "Jl. Cihampelas",
        "amenity": "restaurant",
        "cuisine": "indonesian",
        "name": "Kambing Bakar Cairo"
      },
      "geometry": {
        "type": "Point",
        "coordinates": [
          107.6037639,
          -6.8968528
        ]
      },
      "id": "node/4328013345"
    },
    {
      "type": "Feature",
      "properties": {
        "@id": "node/4328027160",
        "addr:city": "Bandung",
        "addr:housenumber": "70",
        "addr:street": "JL. Pelajar Pejuang 45,",
        "amenity": "restaurant",
        "name": "Abuba Steak"
      },
      "geometry": {
        "type": "Point",
        "coordinates": [
          107.6254099,
          -6.9330981
        ]
      },
      "id": "node/4328027160"
    },
    {
      "type": "Feature",
      "properties": {
        "@id": "node/4328028634",
        "addr:city": "Bandung",
        "addr:housenumber": "121",
        "addr:street": "JL. Pelajar Pejuang 45",
        "amenity": "restaurant",
        "name": "Okoh Japanese Restaurant"
      },
      "geometry": {
        "type": "Point",
        "coordinates": [
          107.6247857,
          -6.9352035
        ]
      },
      "id": "node/4328028634"
    },
    {
      "type": "Feature",
      "properties": {
        "@id": "node/4328031796",
        "addr:city": "Bandung",
        "addr:housenumber": "2",
        "addr:street": "Jl. Halimun",
        "amenity": "restaurant",
        "name": "Hungry Station"
      },
      "geometry": {
        "type": "Point",
        "coordinates": [
          107.6201892,
          -6.9257329
        ]
      },
      "id": "node/4328031796"
    },
    {
      "type": "Feature",
      "properties": {
        "@id": "node/4328084639",
        "addr:city": "Bandung",
        "addr:housenumber": "70",
        "addr:street": "Jalan HOS. Tjokroaminoto",
        "amenity": "restaurant",
        "name": "Lomie Karuhun"
      },
      "geometry": {
        "type": "Point",
        "coordinates": [
          107.5979615,
          -6.9106044
        ]
      },
      "id": "node/4328084639"
    },
    {
      "type": "Feature",
      "properties": {
        "@id": "node/4328085896",
        "addr:city": "Bandung",
        "addr:housenumber": "72",
        "addr:street": "Jalan HOS. Tjokroaminoto",
        "amenity": "restaurant",
        "name": "Strudel's Signature"
      },
      "geometry": {
        "type": "Point",
        "coordinates": [
          107.5979568,
          -6.9104931
        ]
      },
      "id": "node/4328085896"
    },
    {
      "type": "Feature",
      "properties": {
        "@id": "node/4328090099",
        "addr:city": "Bandung, Jawa Barat",
        "addr:housenumber": "94",
        "addr:street": "Jl. Pasirkaliki",
        "amenity": "restaurant",
        "name": "Rumah Makan Santung"
      },
      "geometry": {
        "type": "Point",
        "coordinates": [
          107.597875,
          -6.9093991
        ]
      },
      "id": "node/4328090099"
    },
    {
      "type": "Feature",
      "properties": {
        "@id": "node/4328092026",
        "addr:city": "Bandung, Jawa Barat",
        "addr:housenumber": "96",
        "addr:street": "JL. Pasir Kaliki",
        "amenity": "restaurant",
        "name": "Gepuk Ny. Ong"
      },
      "geometry": {
        "type": "Point",
        "coordinates": [
          107.5978563,
          -6.908961
        ]
      },
      "id": "node/4328092026"
    },
    {
      "type": "Feature",
      "properties": {
        "@id": "node/4328100799",
        "addr:city": "Bandung",
        "addr:housenumber": "41-43",
        "addr:street": "Hilton Bandung Hotel, JL. Hos Tjokroaminoto, Arjuna",
        "amenity": "restaurant",
        "name": "Magma Lounge"
      },
      "geometry": {
        "type": "Point",
        "coordinates": [
          107.597758,
          -6.9129657
        ]
      },
      "id": "node/4328100799"
    },
    {
      "type": "Feature",
      "properties": {
        "@id": "node/4328103422",
        "addr:city": "Bandung, Jawa Barat",
        "addr:housenumber": "10",
        "addr:street": "Jl. Pasirkaliki, Kb. Jeruk, Andir",
        "amenity": "restaurant",
        "name": "Ayam Goreng Tempo Doeloe"
      },
      "geometry": {
        "type": "Point",
        "coordinates": [
          107.5982369,
          -6.9156161
        ]
      },
      "id": "node/4328103422"
    },
    {
      "type": "Feature",
      "properties": {
        "@id": "node/4328109076",
        "addr:city": "Bandung, Jawa Barat",
        "addr:housenumber": "120",
        "addr:street": "Jl. Kb. Jati , Kb. Jeruk, Andir",
        "amenity": "restaurant",
        "name": "Tjiang Restaurant",
        "name:en": "Tjiang"
      },
      "geometry": {
        "type": "Point",
        "coordinates": [
          107.597541,
          -6.9162559
        ]
      },
      "id": "node/4328109076"
    },
    {
      "type": "Feature",
      "properties": {
        "@id": "node/4328112767",
        "addr:city": "Bandung, Jawa Barat",
        "addr:housenumber": "177",
        "addr:street": "Jalan Kebon Jati",
        "amenity": "restaurant",
        "name": "Bubur Ahong"
      },
      "geometry": {
        "type": "Point",
        "coordinates": [
          107.5968616,
          -6.9164135
        ]
      },
      "id": "node/4328112767"
    },
    {
      "type": "Feature",
      "properties": {
        "@id": "node/4328122520",
        "addr:city": "Bandung, Jawa Barat",
        "addr:housenumber": "56",
        "addr:street": "Jalan Gardujati, Andir",
        "amenity": "restaurant",
        "name": "He Fu Restaurant",
        "name:en": "He Fu"
      },
      "geometry": {
        "type": "Point",
        "coordinates": [
          107.5981687,
          -6.9172755
        ]
      },
      "id": "node/4328122520"
    },
    {
      "type": "Feature",
      "properties": {
        "@id": "node/4328124994",
        "addr:city": "Bandung, Jawa Barat",
        "addr:housenumber": "81-83",
        "addr:street": "Jl. Gardujati , Kebon Jeruk",
        "amenity": "restaurant",
        "name": "Ming Yen Asli"
      },
      "geometry": {
        "type": "Point",
        "coordinates": [
          107.5981524,
          -6.9173543
        ]
      },
      "id": "node/4328124994"
    },
    {
      "type": "Feature",
      "properties": {
        "@id": "node/4328126842",
        "addr:city": "Bandung",
        "addr:housenumber": "38",
        "addr:street": "Gg. Sukamanah",
        "amenity": "restaurant",
        "cuisine": "seafood",
        "name": "Seafood Mas Gondrong"
      },
      "geometry": {
        "type": "Point",
        "coordinates": [
          107.5931426,
          -6.9182827
        ]
      },
      "id": "node/4328126842"
    },
    {
      "type": "Feature",
      "properties": {
        "@id": "node/4328127549",
        "addr:city": "Bandung",
        "addr:housenumber": "1",
        "addr:street": "Jl. Kelenteng",
        "amenity": "restaurant",
        "name": "Bebek Kelenteng Restaurant",
        "name:en": "Bebek Kelenteng"
      },
      "geometry": {
        "type": "Point",
        "coordinates": [
          107.5929285,
          -6.919323
        ]
      },
      "id": "node/4328127549"
    },
    {
      "type": "Feature",
      "properties": {
        "@id": "node/4328129180",
        "addr:city": "Bandung",
        "addr:housenumber": "451",
        "addr:street": "Jalan Jendral Sudirman",
        "amenity": "restaurant",
        "name": "Bubur Ayam Pa' Otong"
      },
      "geometry": {
        "type": "Point",
        "coordinates": [
          107.5889867,
          -6.918928
        ]
      },
      "id": "node/4328129180"
    },
    {
      "type": "Feature",
      "properties": {
        "@id": "node/4328137008",
        "addr:city": "Bandung",
        "addr:housenumber": "10",
        "addr:street": "Jalan PETA",
        "amenity": "restaurant",
        "name": "Mie Pangsit Pematang Siantar"
      },
      "geometry": {
        "type": "Point",
        "coordinates": [
          107.5954123,
          -6.9370934
        ]
      },
      "id": "node/4328137008"
    },
    {
      "type": "Feature",
      "properties": {
        "@id": "node/4328146492",
        "addr:city": "Bandung",
        "addr:housenumber": "489",
        "addr:street": "Jalan Soekarno-Hatta",
        "amenity": "restaurant",
        "name": "Lee Ramen Bar"
      },
      "geometry": {
        "type": "Point",
        "coordinates": [
          107.6254604,
          -6.9493489
        ]
      },
      "id": "node/4328146492"
    },
    {
      "type": "Feature",
      "properties": {
        "@id": "node/4328159384",
        "addr:city": "Bandung",
        "addr:housenumber": "293A",
        "addr:street": "Jl. Cibadak",
        "amenity": "restaurant",
        "cuisine": "Noodle_Shop",
        "name": "Bakmie Karet"
      },
      "geometry": {
        "type": "Point",
        "coordinates": [
          107.5927319,
          -6.9204135
        ]
      },
      "id": "node/4328159384"
    },
    {
      "type": "Feature",
      "properties": {
        "@id": "node/4328160941",
        "addr:city": "Bandung",
        "addr:housenumber": "25-27",
        "addr:street": "Jl. Pasirkaliki Blok B",
        "amenity": "restaurant",
        "name": "Mie Rica Kejaksaan"
      },
      "geometry": {
        "type": "Point",
        "coordinates": [
          107.5965701,
          -6.9150458
        ]
      },
      "id": "node/4328160941"
    },
    {
      "type": "Feature",
      "properties": {
        "@id": "node/4328178661",
        "addr:city": "Bandung, Jawa Barat",
        "addr:housenumber": "8",
        "addr:street": "Jl. Harianbanga",
        "amenity": "restaurant",
        "cuisine": "sushi",
        "name": "Sushi Den"
      },
      "geometry": {
        "type": "Point",
        "coordinates": [
          107.6093707,
          -6.902495
        ]
      },
      "id": "node/4328178661"
    },
    {
      "type": "Feature",
      "properties": {
        "@id": "node/4328180206",
        "addr:city": "Bandung, Jawa Barat",
        "addr:street": "Jl. Taman Sari",
        "amenity": "restaurant",
        "cuisine": "Ramen_Restaurant",
        "name": "Udin Ramen"
      },
      "geometry": {
        "type": "Point",
        "coordinates": [
          107.6092063,
          -6.900301
        ]
      },
      "id": "node/4328180206"
    },
    {
      "type": "Feature",
      "properties": {
        "@id": "node/4328187726",
        "addr:city": "Bandung",
        "addr:street": "Jl. Ir. H.Djuanda",
        "amenity": "restaurant",
        "name": "Nasi Goreng Gentayangan"
      },
      "geometry": {
        "type": "Point",
        "coordinates": [
          107.6137119,
          -6.8885603
        ]
      },
      "id": "node/4328187726"
    },
    {
      "type": "Feature",
      "properties": {
        "@id": "node/4328198157",
        "addr:city": "Bandung",
        "addr:housenumber": "33",
        "addr:street": "Jl. Sukamaju",
        "amenity": "restaurant",
        "name": "Warung Steak Pasadena"
      },
      "geometry": {
        "type": "Point",
        "coordinates": [
          107.5990536,
          -6.8895762
        ]
      },
      "id": "node/4328198157"
    },
    {
      "type": "Feature",
      "properties": {
        "@id": "node/4328218462",
        "addr:city": "Bandung, Jawa Barat",
        "addr:street": "Jalan Prof. Dr. Surya Sumantri",
        "amenity": "restaurant",
        "cuisine": "belgian_restaurant",
        "name": "The Volcano Resto & Cafe",
        "name:en": "The Volcano"
      },
      "geometry": {
        "type": "Point",
        "coordinates": [
          107.5825971,
          -6.8810304
        ]
      },
      "id": "node/4328218462"
    },
    {
      "type": "Feature",
      "properties": {
        "@id": "node/4328255023",
        "addr:city": "Bandung, Jawa Barat",
        "addr:street": "Jalan Taman Kopo Indah II",
        "amenity": "restaurant",
        "name": "Swike Gardujati"
      },
      "geometry": {
        "type": "Point",
        "coordinates": [
          107.56327,
          -6.96392
        ]
      },
      "id": "node/4328255023"
    },
    {
      "type": "Feature",
      "properties": {
        "@id": "node/4328255986",
        "addr:city": "Bandung",
        "addr:housenumber": "107",
        "addr:street": "Taman Kopo Indah 1 Blok F",
        "amenity": "restaurant",
        "name": "Pempek Dakocan318"
      },
      "geometry": {
        "type": "Point",
        "coordinates": [
          107.5662142,
          -6.9641564
        ]
      },
      "id": "node/4328255986"
    },
    {
      "type": "Feature",
      "properties": {
        "@id": "node/4328257325",
        "addr:city": "Bandung",
        "addr:street": "Jalan Raya Taman Kopo I",
        "amenity": "restaurant",
        "name": "Mentari Resto"
      },
      "geometry": {
        "type": "Point",
        "coordinates": [
          107.5688564,
          -6.9651681
        ]
      },
      "id": "node/4328257325"
    },
    {
      "type": "Feature",
      "properties": {
        "@id": "node/4329254729",
        "addr:city": "Bandung",
        "addr:housenumber": "183",
        "addr:street": "Jl. Taman Pramuka , Cihapit",
        "amenity": "restaurant",
        "name": "Bakmi Jogja Bengawan"
      },
      "geometry": {
        "type": "Point",
        "coordinates": [
          107.6276613,
          -6.9105624
        ]
      },
      "id": "node/4329254729"
    },
    {
      "type": "Feature",
      "properties": {
        "@id": "node/4329257063",
        "addr:city": "Bandung",
        "addr:housenumber": "189",
        "addr:street": "Jalan Letnan Laut Raden Eddy Martadinata",
        "amenity": "restaurant",
        "name": "Sop Konro Marannu"
      },
      "geometry": {
        "type": "Point",
        "coordinates": [
          107.6276989,
          -6.9113656
        ]
      },
      "id": "node/4329257063"
    },
    {
      "type": "Feature",
      "properties": {
        "@id": "node/4329266751",
        "addr:city": "Bandung",
        "addr:housenumber": "191",
        "addr:street": "JL RE. Martadinata (Riau)",
        "amenity": "restaurant",
        "name": "Fruitopia"
      },
      "geometry": {
        "type": "Point",
        "coordinates": [
          107.6281662,
          -6.9118276
        ]
      },
      "id": "node/4329266751"
    },
    {
      "type": "Feature",
      "properties": {
        "@id": "node/4329272990",
        "addr:city": "Bandung",
        "addr:street": "Jl. Riau, Bandung Wetan",
        "amenity": "restaurant",
        "name": "Mie Jogja Pak Karso"
      },
      "geometry": {
        "type": "Point",
        "coordinates": [
          107.6281825,
          -6.9124405
        ]
      },
      "id": "node/4329272990"
    },
    {
      "type": "Feature",
      "properties": {
        "@id": "node/4329436128",
        "addr:city": "Bandung",
        "addr:housenumber": "17",
        "addr:street": "Jl. Pahlawan , Cikutra",
        "amenity": "restaurant",
        "branch": "Pahlawan",
        "brand": "California Fried Chicken",
        "brand:wikidata": "Q5020502",
        "cuisine": "chicken",
        "name": "CFC",
        "name:en": "CFC"
      },
      "geometry": {
        "type": "Point",
        "coordinates": [
          107.63409,
          -6.8994995
        ]
      },
      "id": "node/4329436128"
    },
    {
      "type": "Feature",
      "properties": {
        "@id": "node/4329439350",
        "addr:city": "Bandung",
        "amenity": "restaurant",
        "name": "Mie Merapi"
      },
      "geometry": {
        "type": "Point",
        "coordinates": [
          107.6338765,
          -6.8986559
        ]
      },
      "id": "node/4329439350"
    },
    {
      "type": "Feature",
      "properties": {
        "@id": "node/4329445347",
        "addr:city": "Bandung",
        "addr:housenumber": "16",
        "addr:street": "Jl. PH.H. Mustofa , Cikutra",
        "amenity": "restaurant",
        "name": "Heidami Ramen"
      },
      "geometry": {
        "type": "Point",
        "coordinates": [
          107.6347887,
          -6.8980078
        ]
      },
      "id": "node/4329445347"
    },
    {
      "type": "Feature",
      "properties": {
        "@id": "node/4329462845",
        "addr:city": "Bandung",
        "addr:housenumber": "73",
        "addr:street": "Jl. Pahlawan",
        "amenity": "restaurant",
        "name": "Resep Moyang"
      },
      "geometry": {
        "type": "Point",
        "coordinates": [
          107.6346062,
          -6.8954547
        ]
      },
      "id": "node/4329462845"
    },
    {
      "type": "Feature",
      "properties": {
        "@id": "node/4329510946",
        "addr:city": "Bandung, Jawa Barat",
        "addr:housenumber": "96",
        "addr:street": "Jalan Dipatiukur",
        "amenity": "restaurant",
        "name": "Ceker Setan"
      },
      "geometry": {
        "type": "Point",
        "coordinates": [
          107.6154079,
          -6.8876325
        ]
      },
      "id": "node/4329510946"
    },
    {
      "type": "Feature",
      "properties": {
        "@id": "node/4329511638",
        "addr:city": "Bandung",
        "addr:street": "Jl. Taman Sari",
        "amenity": "restaurant",
        "name": "CFC Kebun Binatang",
        "name:en": "CFC"
      },
      "geometry": {
        "type": "Point",
        "coordinates": [
          107.6079525,
          -6.890292
        ]
      },
      "id": "node/4329511638"
    },
    {
      "type": "Feature",
      "properties": {
        "@id": "node/4329516993",
        "addr:city": "Bandung",
        "addr:housenumber": "161",
        "addr:street": "Jalan Ir. Haji Juanda",
        "amenity": "restaurant",
        "name": "Saisan"
      },
      "geometry": {
        "type": "Point",
        "coordinates": [
          107.6132269,
          -6.8874739
        ]
      },
      "id": "node/4329516993"
    },
    {
      "type": "Feature",
      "properties": {
        "@id": "node/4329523439",
        "addr:city": "Bandung, Jawa Barat",
        "addr:housenumber": "68",
        "addr:street": "Jl. Dipatiukur",
        "amenity": "restaurant",
        "name": "Steak Ranjang"
      },
      "geometry": {
        "type": "Point",
        "coordinates": [
          107.6169022,
          -6.890525
        ]
      },
      "id": "node/4329523439"
    },
    {
      "type": "Feature",
      "properties": {
        "@id": "node/4329526433",
        "addr:city": "Bandung, Jawa Barat",
        "addr:housenumber": "42/60",
        "addr:street": "Jl. Dipatiukur",
        "amenity": "restaurant",
        "name": "Kedai Lontong Medan Ka' Zahra"
      },
      "geometry": {
        "type": "Point",
        "coordinates": [
          107.6176016,
          -6.8922074
        ]
      },
      "id": "node/4329526433"
    },
    {
      "type": "Feature",
      "properties": {
        "@id": "node/4329530805",
        "addr:city": "Bandung",
        "addr:housenumber": "9",
        "addr:street": "Jl. Imam Bonjol",
        "amenity": "restaurant",
        "name": "Lomie Imam Bonjol"
      },
      "geometry": {
        "type": "Point",
        "coordinates": [
          107.6153131,
          -6.8924156
        ]
      },
      "id": "node/4329530805"
    },
    {
      "type": "Feature",
      "properties": {
        "@id": "node/4329535509",
        "addr:city": "Bandung, Jawa Barat",
        "addr:street": "Jl. Hasanudin",
        "amenity": "restaurant",
        "cuisine": "Seafood_Restaurant",
        "name": "Kerang Ajaib DU"
      },
      "geometry": {
        "type": "Point",
        "coordinates": [
          107.6173147,
          -6.8948256
        ]
      },
      "id": "node/4329535509"
    },
    {
      "type": "Feature",
      "properties": {
        "@id": "node/4329546450",
        "addr:city": "Bandung, Jawa Barat",
        "addr:housenumber": "11",
        "addr:street": "Jl. H. Wasid",
        "amenity": "restaurant",
        "name": "Aji Anom"
      },
      "geometry": {
        "type": "Point",
        "coordinates": [
          107.6156768,
          -6.8976182
        ]
      },
      "id": "node/4329546450"
    },
    {
      "type": "Feature",
      "properties": {
        "@id": "node/4329561884",
        "addr:city": "Bandung, Jawa Barat",
        "addr:street": "Jalan Dipatiukur",
        "amenity": "restaurant",
        "name": "L'Societe Dine & Bar"
      },
      "geometry": {
        "type": "Point",
        "coordinates": [
          107.6149453,
          -6.8981525
        ]
      },
      "id": "node/4329561884"
    },
    {
      "type": "Feature",
      "properties": {
        "@id": "node/4329565488",
        "addr:city": "Bandung",
        "addr:housenumber": "49",
        "addr:street": "Jl. Surapati",
        "amenity": "restaurant",
        "name": "Bale Gazeeboe"
      },
      "geometry": {
        "type": "Point",
        "coordinates": [
          107.6194663,
          -6.8990246
        ]
      },
      "id": "node/4329565488"
    },
    {
      "type": "Feature",
      "properties": {
        "@id": "node/4329575240",
        "addr:city": "Bandung",
        "addr:housenumber": "319",
        "addr:street": "Jl. Jenderal Sudirman",
        "amenity": "restaurant",
        "name": "Istana Raja Cobra"
      },
      "geometry": {
        "type": "Point",
        "coordinates": [
          107.5927733,
          -6.9195683
        ]
      },
      "id": "node/4329575240"
    },
    {
      "type": "Feature",
      "properties": {
        "@id": "node/4329577520",
        "addr:city": "Bandung",
        "addr:housenumber": "171",
        "addr:street": "Jalan Jendral Sudirman",
        "amenity": "restaurant",
        "name": "Sate Dj"
      },
      "geometry": {
        "type": "Point",
        "coordinates": [
          107.5939635,
          -6.9195066
        ]
      },
      "id": "node/4329577520"
    },
    {
      "type": "Feature",
      "properties": {
        "@id": "node/4329579352",
        "addr:city": "Bandung",
        "addr:housenumber": "245",
        "addr:street": "Jl. Jendral Sudirman",
        "amenity": "restaurant",
        "diet:vegetarian": "only",
        "name": "KwangMing Vegetarian"
      },
      "geometry": {
        "type": "Point",
        "coordinates": [
          107.5954646,
          -6.9198568
        ]
      },
      "id": "node/4329579352"
    },
    {
      "type": "Feature",
      "properties": {
        "@id": "node/4329580936",
        "addr:city": "Bandung",
        "addr:street": "Jl. Jendral Sudirman",
        "amenity": "restaurant",
        "cuisine": "chinese",
        "name": "Tahu YUN-YI"
      },
      "geometry": {
        "type": "Point",
        "coordinates": [
          107.5963305,
          -6.9199557
        ]
      },
      "id": "node/4329580936"
    },
    {
      "type": "Feature",
      "properties": {
        "@id": "node/4329591338",
        "addr:city": "Bandung",
        "addr:street": "Jalan Sukabiru",
        "amenity": "restaurant",
        "cuisine": "italian",
        "name": "La Piccola Italia"
      },
      "geometry": {
        "type": "Point",
        "coordinates": [
          107.6331073,
          -6.975454
        ]
      },
      "id": "node/4329591338"
    },
    {
      "type": "Feature",
      "properties": {
        "@id": "node/4329599521",
        "addr:city": "Bandung",
        "addr:housenumber": "143",
        "addr:street": "Jl. Cikutra",
        "amenity": "restaurant",
        "cuisine": "Japanese_Restaurant",
        "name": "Jigoku Ramen"
      },
      "geometry": {
        "type": "Point",
        "coordinates": [
          107.6435216,
          -6.8982719
        ]
      },
      "id": "node/4329599521"
    },
    {
      "type": "Feature",
      "properties": {
        "@id": "node/4329604283",
        "addr:city": "Bandung",
        "addr:street": "Jl. Cikutra",
        "amenity": "restaurant",
        "name": "Jigoku Kitchen"
      },
      "geometry": {
        "type": "Point",
        "coordinates": [
          107.6436331,
          -6.8983404
        ]
      },
      "id": "node/4329604283"
    },
    {
      "type": "Feature",
      "properties": {
        "@id": "node/4329605668",
        "addr:city": "Bandung",
        "addr:housenumber": "129A",
        "addr:street": "Jalan Cikutra",
        "amenity": "restaurant",
        "name": "Angkringan Si Meong"
      },
      "geometry": {
        "type": "Point",
        "coordinates": [
          107.6434172,
          -6.89895
        ]
      },
      "id": "node/4329605668"
    },
    {
      "type": "Feature",
      "properties": {
        "@id": "node/4329605943",
        "addr:city": "Bandung",
        "addr:housenumber": "176",
        "addr:street": "Jalan Cikutra",
        "amenity": "restaurant",
        "cuisine": "indonesian",
        "name": "Yurin",
        "opening_hours": "Mo-Su 08:00-21:00; 2026 Feb 18-2026 Mar 20 Mo-Su 18:00-21:00 open \"Ramadhan (Reguler)\"; 2026 Feb 18-2026 Mar 20 Mo-Su 02:00-04:15 open \"Ramadhan (Sahur) \"; 2026 Mar 21-2026 Mar 25 closed \"Idul Fitri\"",
        "self_service": "yes",
        "takeaway": "Mo-Su 08:00-21:00; 2026 Feb 18 - 2026 Mar 20 Mo-Su 14:00-21:00,02:00-04:15; 2026 Mar 21-2026 Mar 25 closed \"Idul Fitri\""
      },
      "geometry": {
        "type": "Point",
        "coordinates": [
          107.6435269,
          -6.8991169
        ]
      },
      "id": "node/4329605943"
    },
    {
      "type": "Feature",
      "properties": {
        "@id": "node/4329621133",
        "addr:city": "bandung",
        "addr:housenumber": "193",
        "addr:street": "Jl. Setiabudh",
        "amenity": "restaurant",
        "name": "Wonjo Korean Barbeque"
      },
      "geometry": {
        "type": "Point",
        "coordinates": [
          107.5937278,
          -6.8668806
        ]
      },
      "id": "node/4329621133"
    },
    {
      "type": "Feature",
      "properties": {
        "@id": "node/4329624776",
        "addr:city": "Bandung",
        "addr:housenumber": "175",
        "addr:street": "Jalan Dokter Setiabudhi",
        "amenity": "restaurant",
        "name": "Waroeng Setiabudhi Surabi & Baso Kampung"
      },
      "geometry": {
        "type": "Point",
        "coordinates": [
          107.5936571,
          -6.8677159
        ]
      },
      "id": "node/4329624776"
    },
    {
      "type": "Feature",
      "properties": {
        "@id": "node/4329625681",
        "addr:city": "Bandung",
        "addr:housenumber": "206C",
        "addr:street": "Jl. Setiabudhi",
        "amenity": "restaurant",
        "cuisine": "steak",
        "name": "My Little Kitchen (MYLK Steakhouse)"
      },
      "geometry": {
        "type": "Point",
        "coordinates": [
          107.5937916,
          -6.8686153
        ]
      },
      "id": "node/4329625681"
    },
    {
      "type": "Feature",
      "properties": {
        "@id": "node/4329633659",
        "addr:city": "Bandung",
        "addr:housenumber": "159",
        "addr:street": "Jalan Doktor Setiabudi",
        "amenity": "restaurant",
        "name": "Ma' Uneh"
      },
      "geometry": {
        "type": "Point",
        "coordinates": [
          107.593519,
          -6.8689556
        ]
      },
      "id": "node/4329633659"
    },
    {
      "type": "Feature",
      "properties": {
        "@id": "node/4329641605",
        "addr:city": "Bandung",
        "addr:housenumber": "1",
        "addr:street": "Jalan Geger Kalong Hilir",
        "amenity": "restaurant",
        "name": "Nobu Ramen & Sushi"
      },
      "geometry": {
        "type": "Point",
        "coordinates": [
          107.594601,
          -6.8713736
        ]
      },
      "id": "node/4329641605"
    },
    {
      "type": "Feature",
      "properties": {
        "@id": "node/4329643263",
        "addr:city": "Bandung",
        "addr:housenumber": "170",
        "addr:street": "Jl. Setiabudhi",
        "amenity": "restaurant",
        "name": "Abuba Steak"
      },
      "geometry": {
        "type": "Point",
        "coordinates": [
          107.5937423,
          -6.8707908
        ]
      },
      "id": "node/4329643263"
    },
    {
      "type": "Feature",
      "properties": {
        "@id": "node/4329652298",
        "addr:city": "Bandung",
        "addr:housenumber": "140",
        "addr:street": "Jl. Setiabudhi",
        "amenity": "restaurant",
        "name": "Ayam Djogja"
      },
      "geometry": {
        "type": "Point",
        "coordinates": [
          107.5964663,
          -6.8747901
        ]
      },
      "id": "node/4329652298"
    },
    {
      "type": "Feature",
      "properties": {
        "@id": "node/4329667846",
        "addr:city": "Bandung",
        "addr:housenumber": "228",
        "addr:street": "Jl. Sukajadi",
        "amenity": "restaurant",
        "name": "Ramen 38 Chaya Bandung",
        "name:en": "Ramen 38 Chaya"
      },
      "geometry": {
        "type": "Point",
        "coordinates": [
          107.5964269,
          -6.8794456
        ]
      },
      "id": "node/4329667846"
    },
    {
      "type": "Feature",
      "properties": {
        "@id": "node/4329668751",
        "addr:city": "Bandung",
        "addr:street": "Jl. Sukahaji Permai",
        "amenity": "restaurant",
        "name": "MENARA BAKMI",
        "name:en": "Menara Bakmi"
      },
      "geometry": {
        "type": "Point",
        "coordinates": [
          107.5960754,
          -6.8791683
        ]
      },
      "id": "node/4329668751"
    },
    {
      "type": "Feature",
      "properties": {
        "@id": "node/4329670481",
        "addr:city": "Bandung",
        "addr:housenumber": "23",
        "addr:street": "Jl. Karangsari",
        "amenity": "restaurant",
        "name": "Bridge Coffee Boutique & Dining",
        "name:it": "Bridge"
      },
      "geometry": {
        "type": "Point",
        "coordinates": [
          107.5972527,
          -6.8809958
        ]
      },
      "id": "node/4329670481"
    },
    {
      "type": "Feature",
      "properties": {
        "@id": "node/4329674547",
        "addr:city": "Bandung",
        "addr:housenumber": "48-50",
        "addr:street": "Jalan Tamblong",
        "amenity": "restaurant",
        "name": "MARLO KITCHEN"
      },
      "geometry": {
        "type": "Point",
        "coordinates": [
          107.6125521,
          -6.91908
        ]
      },
      "id": "node/4329674547"
    },
    {
      "type": "Feature",
      "properties": {
        "@id": "node/4329679223",
        "addr:city": "Bandung",
        "addr:housenumber": "26",
        "addr:street": "Jl. Dr. Cipto , Pasir Kaliki",
        "amenity": "restaurant",
        "name": "Rumah Tungku"
      },
      "geometry": {
        "type": "Point",
        "coordinates": [
          107.6009336,
          -6.9053771
        ]
      },
      "id": "node/4329679223"
    },
    {
      "type": "Feature",
      "properties": {
        "@id": "node/4329700089",
        "addr:city": "Bandung",
        "addr:street": "Jl. Dr. Rajiman, Pasir Kaliki, Cicendo",
        "amenity": "restaurant",
        "name": "Saung Radjiman"
      },
      "geometry": {
        "type": "Point",
        "coordinates": [
          107.600752,
          -6.9038425
        ]
      },
      "id": "node/4329700089"
    },
    {
      "type": "Feature",
      "properties": {
        "@id": "node/4331914672",
        "addr:city": "Bandung, Jawa Barat",
        "addr:housenumber": "92",
        "addr:street": "Jl. Kopo Bihbul, Sayati.",
        "amenity": "restaurant",
        "branch": "Kopo Bandung",
        "brand": "Pizza Hut",
        "brand:wikidata": "Q191615",
        "cuisine": "pizza",
        "name": "Pizza Hut"
      },
      "geometry": {
        "type": "Point",
        "coordinates": [
          107.5757499,
          -6.9663341
        ]
      },
      "id": "node/4331914672"
    },
    {
      "type": "Feature",
      "properties": {
        "@id": "node/4352496389",
        "addr:housenumber": "23",
        "addr:postcode": "40194",
        "addr:street": "Jalan A.H Nasution",
        "amenity": "restaurant",
        "cuisine": "indonesian",
        "name": "Resto Keluarga",
        "opening_hours": "Mo-Su 09:00-22:30",
        "phone": "+62 22 87790028",
        "website": "https://www.zomato.com/id/bandung/ayam-penyet-joko-solo-mandalajati"
      },
      "geometry": {
        "type": "Point",
        "coordinates": [
          107.6672996,
          -6.9039846
        ]
      },
      "id": "node/4352496389"
    },
    {
      "type": "Feature",
      "properties": {
        "@id": "node/4365930312",
        "addr:city": "Bandung",
        "addr:postcode": "40174",
        "addr:street": "Jalan Pajajaran",
        "amenity": "restaurant",
        "name": "Wisata Kuliner Bandara Huseinsastranegara"
      },
      "geometry": {
        "type": "Point",
        "coordinates": [
          107.5794215,
          -6.9040985
        ]
      },
      "id": "node/4365930312"
    },
    {
      "type": "Feature",
      "properties": {
        "@id": "node/4367024650",
        "addr:city": "Bandung",
        "addr:housenumber": "114",
        "addr:postcode": "40113",
        "addr:street": "Jalan R.E. Martadinata",
        "amenity": "restaurant",
        "cuisine": "ramen",
        "name": "Tsuka Ramen"
      },
      "geometry": {
        "type": "Point",
        "coordinates": [
          107.6259586,
          -6.9105164
        ]
      },
      "id": "node/4367024650"
    },
    {
      "type": "Feature",
      "properties": {
        "@id": "node/4367420978",
        "addr:city": "Bandung",
        "addr:housenumber": "75",
        "addr:postcode": "40391",
        "addr:street": "Jl. Baru Laksana",
        "amenity": "restaurant",
        "name": "Dago Bakery Punclut Cafe"
      },
      "geometry": {
        "type": "Point",
        "coordinates": [
          107.6228747,
          -6.8423415
        ]
      },
      "id": "node/4367420978"
    },
    {
      "type": "Feature",
      "properties": {
        "@id": "node/4367437571",
        "addr:city": "Bandung",
        "addr:housenumber": "123",
        "addr:postcode": "40263",
        "addr:street": "Jalan Lodaya",
        "amenity": "restaurant",
        "check_date": "2026-06-28",
        "check_date:opening_hours": "2026-06-28",
        "cuisine": "indonesian",
        "name": "Mie Baso Akung",
        "opening_hours": "Sa-Th 10:00-20:00"
      },
      "geometry": {
        "type": "Point",
        "coordinates": [
          107.6252304,
          -6.9320455
        ]
      },
      "id": "node/4367437571"
    },
    {
      "type": "Feature",
      "properties": {
        "@id": "node/4367985891",
        "addr:postcode": "40131",
        "amenity": "restaurant",
        "cuisine": "japanese",
        "name": "Yoshinoya"
      },
      "geometry": {
        "type": "Point",
        "coordinates": [
          107.6054344,
          -6.8939186
        ]
      },
      "id": "node/4367985891"
    },
    {
      "type": "Feature",
      "properties": {
        "@id": "node/4368837989",
        "amenity": "restaurant",
        "name": "Baso Cuanki & Batagor Serayu"
      },
      "geometry": {
        "type": "Point",
        "coordinates": [
          107.6257541,
          -6.9090714
        ]
      },
      "id": "node/4368837989"
    },
    {
      "type": "Feature",
      "properties": {
        "@id": "node/4369040400",
        "amenity": "restaurant",
        "name": "RM Ampera"
      },
      "geometry": {
        "type": "Point",
        "coordinates": [
          107.6050417,
          -6.8989615
        ]
      },
      "id": "node/4369040400"
    },
    {
      "type": "Feature",
      "properties": {
        "@id": "node/4370063123",
        "amenity": "restaurant",
        "name": "Warunk Upnormal"
      },
      "geometry": {
        "type": "Point",
        "coordinates": [
          107.6092222,
          -6.9167985
        ]
      },
      "id": "node/4370063123"
    },
    {
      "type": "Feature",
      "properties": {
        "@id": "node/4370466980",
        "amenity": "restaurant",
        "name": "Dapur Dahapati"
      },
      "geometry": {
        "type": "Point",
        "coordinates": [
          107.60234,
          -6.8873777
        ]
      },
      "id": "node/4370466980"
    },
    {
      "type": "Feature",
      "properties": {
        "@id": "node/4370478568",
        "amenity": "restaurant",
        "cuisine": "indonesian",
        "delivery": "yes",
        "level": "2",
        "name": "Bebek Kaleyo",
        "opening_hours": "Mo-Sa 09:00-21:00",
        "opening_hours:kitchen": "Mo-Sa 09:00-20:30",
        "smoking": "yes",
        "takeaway": "yes",
        "toilets": "yes",
        "toilets:access": "customers",
        "wheelchair": "limited"
      },
      "geometry": {
        "type": "Point",
        "coordinates": [
          107.6305201,
          -6.9448984
        ]
      },
      "id": "node/4370478568"
    },
    {
      "type": "Feature",
      "properties": {
        "@id": "node/4373086558",
        "amenity": "restaurant",
        "name": "Bumbu Desa Rumah Mode"
      },
      "geometry": {
        "type": "Point",
        "coordinates": [
          107.5997553,
          -6.8825002
        ]
      },
      "id": "node/4373086558"
    },
    {
      "type": "Feature",
      "properties": {
        "@id": "node/4373091810",
        "amenity": "restaurant",
        "name": "Eaton Bakery"
      },
      "geometry": {
        "type": "Point",
        "coordinates": [
          107.5992425,
          -6.8829404
        ]
      },
      "id": "node/4373091810"
    },
    {
      "type": "Feature",
      "properties": {
        "@id": "node/4373091831",
        "amenity": "restaurant",
        "name": "Surabi Rumah Mode"
      },
      "geometry": {
        "type": "Point",
        "coordinates": [
          107.6000043,
          -6.8829031
        ]
      },
      "id": "node/4373091831"
    },
    {
      "type": "Feature",
      "properties": {
        "@id": "node/4373118986",
        "amenity": "restaurant",
        "name": "Warung Sate Shinta"
      },
      "geometry": {
        "type": "Point",
        "coordinates": [
          107.5868538,
          -6.8937427
        ]
      },
      "id": "node/4373118986"
    },
    {
      "type": "Feature",
      "properties": {
        "@id": "node/4373144304",
        "amenity": "restaurant",
        "name": "Mouton Slice And Grill",
        "name:en": "Mouton"
      },
      "geometry": {
        "type": "Point",
        "coordinates": [
          107.6268819,
          -6.9116564
        ]
      },
      "id": "node/4373144304"
    },
    {
      "type": "Feature",
      "properties": {
        "@id": "node/4373206434",
        "amenity": "restaurant",
        "name": "Bellamie Boulangerie"
      },
      "geometry": {
        "type": "Point",
        "coordinates": [
          107.6237299,
          -6.9070587
        ]
      },
      "id": "node/4373206434"
    },
    {
      "type": "Feature",
      "properties": {
        "@id": "node/4374132496",
        "addr:city": "Bandung",
        "addr:housenumber": "5",
        "addr:postcode": "40115",
        "addr:street": "Jalan Progo",
        "amenity": "restaurant",
        "name": "Tokyo Connection"
      },
      "geometry": {
        "type": "Point",
        "coordinates": [
          107.6175664,
          -6.9045876
        ]
      },
      "id": "node/4374132496"
    },
    {
      "type": "Feature",
      "properties": {
        "@id": "node/4374235509",
        "addr:city": "Bandung, Jawa Barat",
        "addr:housenumber": "54",
        "addr:postcode": "40116",
        "addr:street": "Jalan Taman Sari",
        "amenity": "restaurant",
        "cuisine": "steak_house",
        "name": "Waroeng Steak And Shake"
      },
      "geometry": {
        "type": "Point",
        "coordinates": [
          107.6094398,
          -6.9001488
        ]
      },
      "id": "node/4374235509"
    },
    {
      "type": "Feature",
      "properties": {
        "@id": "node/4375120920",
        "addr:city": "Bandung",
        "addr:housenumber": "9",
        "addr:postcode": "40115",
        "addr:street": "Jalan Sultan Agung",
        "amenity": "restaurant",
        "name": "Rumah Makan Legoh",
        "name:en": "Legoh"
      },
      "geometry": {
        "type": "Point",
        "coordinates": [
          107.6119068,
          -6.9043768
        ]
      },
      "id": "node/4375120920"
    },
    {
      "type": "Feature",
      "properties": {
        "@id": "node/4398549923",
        "amenity": "restaurant",
        "name": "CO&CO Space"
      },
      "geometry": {
        "type": "Point",
        "coordinates": [
          107.6137089,
          -6.8979509
        ]
      },
      "id": "node/4398549923"
    },
    {
      "type": "Feature",
      "properties": {
        "@id": "node/4398549924",
        "amenity": "restaurant",
        "name": "Butterfield Kitchen"
      },
      "geometry": {
        "type": "Point",
        "coordinates": [
          107.6138041,
          -6.897885
        ]
      },
      "id": "node/4398549924"
    },
    {
      "type": "Feature",
      "properties": {
        "@id": "node/4402479636",
        "amenity": "restaurant",
        "name": "Ayam Penyet Surabaya"
      },
      "geometry": {
        "type": "Point",
        "coordinates": [
          107.6078605,
          -6.9190188
        ]
      },
      "id": "node/4402479636"
    },
    {
      "type": "Feature",
      "properties": {
        "@id": "node/4404017506",
        "amenity": "restaurant",
        "name": "Kue Tiau Sapi Asli A88",
        "opening_hours": "Mo-Sa 09:00-09:30"
      },
      "geometry": {
        "type": "Point",
        "coordinates": [
          107.5984722,
          -6.9207251
        ]
      },
      "id": "node/4404017506"
    },
    {
      "type": "Feature",
      "properties": {
        "@id": "node/4407610669",
        "amenity": "restaurant",
        "name": "Tahu SB"
      },
      "geometry": {
        "type": "Point",
        "coordinates": [
          107.5985499,
          -6.9229988
        ]
      },
      "id": "node/4407610669"
    },
    {
      "type": "Feature",
      "properties": {
        "@id": "node/4447691092",
        "amenity": "restaurant",
        "name": "Rumah Makan Podomoro",
        "name:it": "Podomoro"
      },
      "geometry": {
        "type": "Point",
        "coordinates": [
          107.6326913,
          -6.974414
        ]
      },
      "id": "node/4447691092"
    },
    {
      "type": "Feature",
      "properties": {
        "@id": "node/4447753693",
        "amenity": "restaurant",
        "name": "McDoen"
      },
      "geometry": {
        "type": "Point",
        "coordinates": [
          107.633288,
          -6.97448
        ]
      },
      "id": "node/4447753693"
    },
    {
      "type": "Feature",
      "properties": {
        "@id": "node/4468009743",
        "amenity": "restaurant",
        "name": "Warteg Hipster"
      },
      "geometry": {
        "type": "Point",
        "coordinates": [
          107.6141365,
          -6.9052744
        ]
      },
      "id": "node/4468009743"
    },
    {
      "type": "Feature",
      "properties": {
        "@id": "node/4470387372",
        "amenity": "restaurant",
        "name": "Bakso Boedjangan"
      },
      "geometry": {
        "type": "Point",
        "coordinates": [
          107.5833286,
          -6.9073948
        ]
      },
      "id": "node/4470387372"
    },
    {
      "type": "Feature",
      "properties": {
        "@id": "node/4515219205",
        "addr:city": "Bandung",
        "addr:housenumber": "5",
        "addr:postcode": "40115",
        "addr:street": "Jalan Flores",
        "amenity": "restaurant",
        "capacity": "100",
        "cuisine": "coffee_shop",
        "delivery": "no",
        "name": "Flores Number Five",
        "smoking": "dedicated",
        "takeaway": "yes"
      },
      "geometry": {
        "type": "Point",
        "coordinates": [
          107.6181452,
          -6.9084123
        ]
      },
      "id": "node/4515219205"
    },
    {
      "type": "Feature",
      "properties": {
        "@id": "node/4542484993",
        "addr:street": "Jalan Burangrang",
        "amenity": "restaurant",
        "name": "Bakso Tjap Haji"
      },
      "geometry": {
        "type": "Point",
        "coordinates": [
          107.6199116,
          -6.9248012
        ]
      },
      "id": "node/4542484993"
    },
    {
      "type": "Feature",
      "properties": {
        "@id": "node/4547680368",
        "amenity": "restaurant",
        "building:floor": "3",
        "name": "Pepper Lunch",
        "opening_hours": "Mo-Su 10:00-22:00"
      },
      "geometry": {
        "type": "Point",
        "coordinates": [
          107.5968488,
          -6.9058067
        ]
      },
      "id": "node/4547680368"
    },
    {
      "type": "Feature",
      "properties": {
        "@id": "node/4550671036",
        "amenity": "restaurant",
        "name": "Fella"
      },
      "geometry": {
        "type": "Point",
        "coordinates": [
          107.6143036,
          -6.9061987
        ]
      },
      "id": "node/4550671036"
    },
    {
      "type": "Feature",
      "properties": {
        "@id": "node/4554066323",
        "amenity": "restaurant",
        "cuisine": "indonesian",
        "name": "Katsunyaka"
      },
      "geometry": {
        "type": "Point",
        "coordinates": [
          107.6057065,
          -6.8933618
        ]
      },
      "id": "node/4554066323"
    },
    {
      "type": "Feature",
      "properties": {
        "@id": "node/4560221630",
        "amenity": "restaurant",
        "name": "Tjoenkie"
      },
      "geometry": {
        "type": "Point",
        "coordinates": [
          107.6017398,
          -6.9202633
        ]
      },
      "id": "node/4560221630"
    },
    {
      "type": "Feature",
      "properties": {
        "@id": "node/4561525204",
        "amenity": "restaurant",
        "name": "Cop-Copine"
      },
      "geometry": {
        "type": "Point",
        "coordinates": [
          107.5968379,
          -6.887541
        ]
      },
      "id": "node/4561525204"
    },
    {
      "type": "Feature",
      "properties": {
        "@id": "node/4564568005",
        "amenity": "restaurant",
        "name": "Borobudor"
      },
      "geometry": {
        "type": "Point",
        "coordinates": [
          107.6039898,
          -6.8999911
        ]
      },
      "id": "node/4564568005"
    },
    {
      "type": "Feature",
      "properties": {
        "@id": "node/4566756042",
        "amenity": "restaurant",
        "name": "Koffie Tijd!"
      },
      "geometry": {
        "type": "Point",
        "coordinates": [
          107.6247453,
          -6.9021861
        ]
      },
      "id": "node/4566756042"
    },
    {
      "type": "Feature",
      "properties": {
        "@id": "node/4567988592",
        "amenity": "restaurant",
        "name": "Trailer Cafe"
      },
      "geometry": {
        "type": "Point",
        "coordinates": [
          107.586321,
          -6.8939783
        ]
      },
      "id": "node/4567988592"
    },
    {
      "type": "Feature",
      "properties": {
        "@id": "node/4691521502",
        "addr:city": "Bandung",
        "addr:housenumber": "11",
        "addr:postcode": "40112",
        "addr:street": "Jalan Button",
        "amenity": "restaurant",
        "cuisine": "tea;sausage;coffee_shop;steak_house;indonesian;pasta;chicken;diner;barbecue",
        "email": "keukenvanelsje@gmail.com",
        "internet_access": "wlan",
        "name": "de Keuken van Elsje",
        "opening_hours": "Mo-Su 10:00-22:00",
        "phone": "+62 22 20528782",
        "website": "http://www.facebook.com/keukenvanelsje"
      },
      "geometry": {
        "type": "Point",
        "coordinates": [
          107.6155488,
          -6.9185448
        ]
      },
      "id": "node/4691521502"
    },
    {
      "type": "Feature",
      "properties": {
        "@id": "node/4784488922",
        "amenity": "restaurant",
        "name": "Iga Bakar Si Jangkung"
      },
      "geometry": {
        "type": "Point",
        "coordinates": [
          107.6022782,
          -6.8952024
        ]
      },
      "id": "node/4784488922"
    },
    {
      "type": "Feature",
      "properties": {
        "@id": "node/4991479921",
        "amenity": "restaurant",
        "name": "Rumah Makan Partugoan",
        "name:en": "Lapo Partugoan (Khas Batak)"
      },
      "geometry": {
        "type": "Point",
        "coordinates": [
          107.5773986,
          -6.8780412
        ]
      },
      "id": "node/4991479921"
    },
    {
      "type": "Feature",
      "properties": {
        "@id": "node/5042411981",
        "amenity": "restaurant",
        "name": "Foodlife"
      },
      "geometry": {
        "type": "Point",
        "coordinates": [
          107.6277228,
          -6.9528421
        ]
      },
      "id": "node/5042411981"
    },
    {
      "type": "Feature",
      "properties": {
        "@id": "node/5058394221",
        "amenity": "restaurant",
        "cuisine": "indonesian",
        "name": "S'ei Sapi Lamalera"
      },
      "geometry": {
        "type": "Point",
        "coordinates": [
          107.6173956,
          -6.8982686
        ]
      },
      "id": "node/5058394221"
    },
    {
      "type": "Feature",
      "properties": {
        "@id": "node/5061207022",
        "amenity": "restaurant",
        "name": "Soto Sedaap Boyolali"
      },
      "geometry": {
        "type": "Point",
        "coordinates": [
          107.6135993,
          -6.9023115
        ]
      },
      "id": "node/5061207022"
    },
    {
      "type": "Feature",
      "properties": {
        "@id": "node/5119336923",
        "amenity": "restaurant",
        "name": "Pepper Lunch"
      },
      "geometry": {
        "type": "Point",
        "coordinates": [
          107.5961947,
          -6.8903288
        ]
      },
      "id": "node/5119336923"
    },
    {
      "type": "Feature",
      "properties": {
        "@id": "node/5119336925",
        "amenity": "restaurant"
      },
      "geometry": {
        "type": "Point",
        "coordinates": [
          107.5963214,
          -6.8903231
        ]
      },
      "id": "node/5119336925"
    },
    {
      "type": "Feature",
      "properties": {
        "@id": "node/5119336927",
        "amenity": "restaurant",
        "name": "Zen Bu"
      },
      "geometry": {
        "type": "Point",
        "coordinates": [
          107.5960529,
          -6.889655
        ]
      },
      "id": "node/5119336927"
    },
    {
      "type": "Feature",
      "properties": {
        "@id": "node/5119336928",
        "amenity": "restaurant",
        "name": "I-Tasuki"
      },
      "geometry": {
        "type": "Point",
        "coordinates": [
          107.5960491,
          -6.8890381
        ]
      },
      "id": "node/5119336928"
    },
    {
      "type": "Feature",
      "properties": {
        "@id": "node/5119336929",
        "amenity": "restaurant",
        "name": "Zuki Suki"
      },
      "geometry": {
        "type": "Point",
        "coordinates": [
          107.5960213,
          -6.8884652
        ]
      },
      "id": "node/5119336929"
    },
    {
      "type": "Feature",
      "properties": {
        "@id": "node/5119339730",
        "amenity": "restaurant",
        "name": "Shin Men"
      },
      "geometry": {
        "type": "Point",
        "coordinates": [
          107.5962561,
          -6.8903255
        ]
      },
      "id": "node/5119339730"
    },
    {
      "type": "Feature",
      "properties": {
        "@id": "node/5119339731",
        "amenity": "restaurant",
        "name": "Domino's"
      },
      "geometry": {
        "type": "Point",
        "coordinates": [
          107.5963924,
          -6.8903206
        ]
      },
      "id": "node/5119339731"
    },
    {
      "type": "Feature",
      "properties": {
        "@id": "node/5119339734",
        "amenity": "restaurant",
        "name": "Rempah Bistro"
      },
      "geometry": {
        "type": "Point",
        "coordinates": [
          107.5960614,
          -6.889791
        ]
      },
      "id": "node/5119339734"
    },
    {
      "type": "Feature",
      "properties": {
        "@id": "node/5119339735",
        "amenity": "restaurant",
        "name": "Gula Merah"
      },
      "geometry": {
        "type": "Point",
        "coordinates": [
          107.5960331,
          -6.8887545
        ]
      },
      "id": "node/5119339735"
    },
    {
      "type": "Feature",
      "properties": {
        "@id": "node/5119341922",
        "amenity": "restaurant",
        "name": "Sumo Boo!"
      },
      "geometry": {
        "type": "Point",
        "coordinates": [
          107.5964328,
          -6.8903808
        ]
      },
      "id": "node/5119341922"
    },
    {
      "type": "Feature",
      "properties": {
        "@id": "node/5119341923",
        "amenity": "restaurant",
        "name": "The Duck King"
      },
      "geometry": {
        "type": "Point",
        "coordinates": [
          107.5961745,
          -6.8883223
        ]
      },
      "id": "node/5119341923"
    },
    {
      "type": "Feature",
      "properties": {
        "@id": "node/5119357521",
        "amenity": "restaurant",
        "name": "Red Bean"
      },
      "geometry": {
        "type": "Point",
        "coordinates": [
          107.5960375,
          -6.888838
        ]
      },
      "id": "node/5119357521"
    },
    {
      "type": "Feature",
      "properties": {
        "@id": "node/5119724827",
        "amenity": "restaurant",
        "name": "Tawan"
      },
      "geometry": {
        "type": "Point",
        "coordinates": [
          107.5960569,
          -6.8902714
        ]
      },
      "id": "node/5119724827"
    },
    {
      "type": "Feature",
      "properties": {
        "@id": "node/5175797665",
        "amenity": "restaurant",
        "name": "Warteg Hipster"
      },
      "geometry": {
        "type": "Point",
        "coordinates": [
          107.6157894,
          -6.9195711
        ]
      },
      "id": "node/5175797665"
    },
    {
      "type": "Feature",
      "properties": {
        "@id": "node/5181200166",
        "amenity": "restaurant",
        "name": "Istana Boneka"
      },
      "geometry": {
        "type": "Point",
        "coordinates": [
          107.6044205,
          -6.8917426
        ]
      },
      "id": "node/5181200166"
    },
    {
      "type": "Feature",
      "properties": {
        "@id": "node/5181202343",
        "amenity": "restaurant",
        "dish": "baso",
        "food": "Indonesian",
        "name": "Baso Solo Luwes 2"
      },
      "geometry": {
        "type": "Point",
        "coordinates": [
          107.6073974,
          -6.8846654
        ]
      },
      "id": "node/5181202343"
    },
    {
      "type": "Feature",
      "properties": {
        "@id": "node/5181203097",
        "amenity": "restaurant",
        "name": "Simpang Tigo Jaya"
      },
      "geometry": {
        "type": "Point",
        "coordinates": [
          107.6043639,
          -6.8914629
        ]
      },
      "id": "node/5181203097"
    },
    {
      "type": "Feature",
      "properties": {
        "@id": "node/5182895109",
        "amenity": "restaurant",
        "name": "Warteg Panorama"
      },
      "geometry": {
        "type": "Point",
        "coordinates": [
          107.5942055,
          -6.8650516
        ]
      },
      "id": "node/5182895109"
    },
    {
      "type": "Feature",
      "properties": {
        "@id": "node/5268872149",
        "addr:city": "Bandung",
        "addr:housenumber": "508",
        "addr:postcode": "40266",
        "addr:street": "Soekarno Hatta",
        "amenity": "restaurant",
        "cuisine": "sunda",
        "name": "Rumah Makan Cibiuk"
      },
      "geometry": {
        "type": "Point",
        "coordinates": [
          107.6384563,
          -6.9468855
        ]
      },
      "id": "node/5268872149"
    },
    {
      "type": "Feature",
      "properties": {
        "@id": "node/5268872150",
        "addr:city": "Bandung",
        "addr:housenumber": "508",
        "addr:postcode": "40266",
        "addr:street": "Soekarno Hatta",
        "amenity": "restaurant",
        "cuisine": "padang",
        "name": "Rumah Makan Sederhana",
        "name:en": "Sederhana"
      },
      "geometry": {
        "type": "Point",
        "coordinates": [
          107.6382191,
          -6.94702
        ]
      },
      "id": "node/5268872150"
    },
    {
      "type": "Feature",
      "properties": {
        "@id": "node/5332544175",
        "amenity": "restaurant",
        "name": "Chiba"
      },
      "geometry": {
        "type": "Point",
        "coordinates": [
          107.5993145,
          -6.9045335
        ]
      },
      "id": "node/5332544175"
    },
    {
      "type": "Feature",
      "properties": {
        "@id": "node/5403427622",
        "amenity": "restaurant",
        "name": "Rumah Makan Tjap Ajam"
      },
      "geometry": {
        "type": "Point",
        "coordinates": [
          107.6137582,
          -6.9205355
        ]
      },
      "id": "node/5403427622"
    },
    {
      "type": "Feature",
      "properties": {
        "@id": "node/5518516429",
        "amenity": "restaurant",
        "cuisine": "indonesian",
        "name": "Restoran Simpang Raya"
      },
      "geometry": {
        "type": "Point",
        "coordinates": [
          107.5852302,
          -6.8926072
        ]
      },
      "id": "node/5518516429"
    },
    {
      "type": "Feature",
      "properties": {
        "@id": "node/5518555023",
        "amenity": "restaurant",
        "cuisine": "indonesian",
        "name": "Warung Cepot"
      },
      "geometry": {
        "type": "Point",
        "coordinates": [
          107.5984194,
          -6.9085032
        ]
      },
      "id": "node/5518555023"
    },
    {
      "type": "Feature",
      "properties": {
        "@id": "node/5518555025",
        "amenity": "restaurant",
        "cuisine": "japanese",
        "name": "Sushi Tei"
      },
      "geometry": {
        "type": "Point",
        "coordinates": [
          107.5963943,
          -6.8783734
        ]
      },
      "id": "node/5518555025"
    },
    {
      "type": "Feature",
      "properties": {
        "@id": "node/5539416555",
        "amenity": "restaurant",
        "name": "Gormetaria"
      },
      "geometry": {
        "type": "Point",
        "coordinates": [
          107.597561,
          -6.9016624
        ]
      },
      "id": "node/5539416555"
    },
    {
      "type": "Feature",
      "properties": {
        "@id": "node/5539416558",
        "amenity": "restaurant",
        "name": "Eatboss"
      },
      "geometry": {
        "type": "Point",
        "coordinates": [
          107.597659,
          -6.9044343
        ]
      },
      "id": "node/5539416558"
    },
    {
      "type": "Feature",
      "properties": {
        "@id": "node/5550171082",
        "amenity": "restaurant",
        "name": "Resto & Coffee 1001"
      },
      "geometry": {
        "type": "Point",
        "coordinates": [
          107.6057222,
          -6.893814
        ]
      },
      "id": "node/5550171082"
    },
    {
      "type": "Feature",
      "properties": {
        "@id": "node/5550171792",
        "amenity": "restaurant",
        "name": "Kenzu"
      },
      "geometry": {
        "type": "Point",
        "coordinates": [
          107.6056125,
          -6.8942378
        ]
      },
      "id": "node/5550171792"
    },
    {
      "type": "Feature",
      "properties": {
        "@id": "node/5550171863",
        "amenity": "restaurant",
        "name": "Ikugo"
      },
      "geometry": {
        "type": "Point",
        "coordinates": [
          107.6057199,
          -6.8939722
        ]
      },
      "id": "node/5550171863"
    },
    {
      "type": "Feature",
      "properties": {
        "@id": "node/5550171878",
        "amenity": "restaurant",
        "name": "Upnormal"
      },
      "geometry": {
        "type": "Point",
        "coordinates": [
          107.6056536,
          -6.8941224
        ]
      },
      "id": "node/5550171878"
    },
    {
      "type": "Feature",
      "properties": {
        "@id": "node/5552457062",
        "amenity": "restaurant",
        "description": "Favorite restaurant of Sukarno in Bandung",
        "name": "Warung Bu Eha"
      },
      "geometry": {
        "type": "Point",
        "coordinates": [
          107.6225601,
          -6.9084924
        ]
      },
      "id": "node/5552457062"
    },
    {
      "type": "Feature",
      "properties": {
        "@id": "node/5556174885",
        "amenity": "restaurant",
        "name": "Batagor Kahuripan"
      },
      "geometry": {
        "type": "Point",
        "coordinates": [
          107.6247886,
          -6.9086216
        ]
      },
      "id": "node/5556174885"
    },
    {
      "type": "Feature",
      "properties": {
        "@id": "node/5556987041",
        "amenity": "restaurant",
        "cuisine": "padang",
        "name": "Restoran Sederhana Pasteur Masakan Padang"
      },
      "geometry": {
        "type": "Point",
        "coordinates": [
          107.5891041,
          -6.8948961
        ]
      },
      "id": "node/5556987041"
    },
    {
      "type": "Feature",
      "properties": {
        "@id": "node/5558512491",
        "amenity": "restaurant",
        "name": "Warung Manado"
      },
      "geometry": {
        "type": "Point",
        "coordinates": [
          107.6030518,
          -6.9005394
        ]
      },
      "id": "node/5558512491"
    },
    {
      "type": "Feature",
      "properties": {
        "@id": "node/5558799026",
        "amenity": "restaurant",
        "name": "Simpang Raya Bandung"
      },
      "geometry": {
        "type": "Point",
        "coordinates": [
          107.6077303,
          -6.9227199
        ]
      },
      "id": "node/5558799026"
    },
    {
      "type": "Feature",
      "properties": {
        "@id": "node/5561892264",
        "amenity": "restaurant",
        "name": "Kalpa Tree"
      },
      "geometry": {
        "type": "Point",
        "coordinates": [
          107.609991,
          -6.8662192
        ]
      },
      "id": "node/5561892264"
    },
    {
      "type": "Feature",
      "properties": {
        "@id": "node/5564099646",
        "addr:housenumber": "3",
        "addr:street": "Jalan Veteran",
        "amenity": "restaurant",
        "name": "Bakso So'un & Mie Ayam Lodaya",
        "opening_hours": "Tu-Su 11:00-21:00",
        "phone": "+62224231145"
      },
      "geometry": {
        "type": "Point",
        "coordinates": [
          107.6138211,
          -6.9183508
        ]
      },
      "id": "node/5564099646"
    },
    {
      "type": "Feature",
      "properties": {
        "@id": "node/5566331130",
        "amenity": "restaurant",
        "name": "Bakso Malang Enggal"
      },
      "geometry": {
        "type": "Point",
        "coordinates": [
          107.5914757,
          -6.8970431
        ]
      },
      "id": "node/5566331130"
    },
    {
      "type": "Feature",
      "properties": {
        "@id": "node/5749156621",
        "amenity": "restaurant",
        "name": "Batagor & mie baso"
      },
      "geometry": {
        "type": "Point",
        "coordinates": [
          107.590788,
          -6.9062762
        ]
      },
      "id": "node/5749156621"
    },
    {
      "type": "Feature",
      "properties": {
        "@id": "node/5803815254",
        "amenity": "restaurant",
        "name": "The Suga Rush"
      },
      "geometry": {
        "type": "Point",
        "coordinates": [
          107.6092353,
          -6.9174178
        ]
      },
      "id": "node/5803815254"
    },
    {
      "type": "Feature",
      "properties": {
        "@id": "node/5803815256",
        "amenity": "restaurant",
        "cuisine": "indonesian",
        "name": "Nasi Goreng Rempah Abang"
      },
      "geometry": {
        "type": "Point",
        "coordinates": [
          107.608836,
          -6.9169772
        ]
      },
      "id": "node/5803815256"
    },
    {
      "type": "Feature",
      "properties": {
        "@id": "node/5803815257",
        "amenity": "restaurant",
        "name": "Justus Steakhouse"
      },
      "geometry": {
        "type": "Point",
        "coordinates": [
          107.6087448,
          -6.9170955
        ]
      },
      "id": "node/5803815257"
    },
    {
      "type": "Feature",
      "properties": {
        "@id": "node/5803815259",
        "amenity": "restaurant",
        "name": "Uday",
        "name:en": "Uday"
      },
      "geometry": {
        "type": "Point",
        "coordinates": [
          107.6085855,
          -6.9171422
        ]
      },
      "id": "node/5803815259"
    },
    {
      "type": "Feature",
      "properties": {
        "@id": "node/5803815260",
        "amenity": "restaurant",
        "name": "Giggle Box"
      },
      "geometry": {
        "type": "Point",
        "coordinates": [
          107.608385,
          -6.917202
        ]
      },
      "id": "node/5803815260"
    },
    {
      "type": "Feature",
      "properties": {
        "@id": "node/5803815356",
        "addr:housenumber": "60",
        "addr:street": "Jalan Braga",
        "amenity": "restaurant",
        "name": "Warung Bu Tris"
      },
      "geometry": {
        "type": "Point",
        "coordinates": [
          107.6094194,
          -6.91746
        ]
      },
      "id": "node/5803815356"
    },
    {
      "type": "Feature",
      "properties": {
        "@id": "node/5803815553",
        "addr:housenumber": "69",
        "addr:street": "Jalan Braga",
        "amenity": "restaurant",
        "name": "Warung C'mar",
        "opening_hours": "Mo-Su 10:00-22:00"
      },
      "geometry": {
        "type": "Point",
        "coordinates": [
          107.6092962,
          -6.9176115
        ]
      },
      "id": "node/5803815553"
    },
    {
      "type": "Feature",
      "properties": {
        "@id": "node/5803815654",
        "amenity": "restaurant",
        "name": "Punya Cerita"
      },
      "geometry": {
        "type": "Point",
        "coordinates": [
          107.6093892,
          -6.9173678
        ]
      },
      "id": "node/5803815654"
    },
    {
      "type": "Feature",
      "properties": {
        "@id": "node/5803815657",
        "amenity": "restaurant",
        "name": "Tokyo Connection"
      },
      "geometry": {
        "type": "Point",
        "coordinates": [
          107.6083528,
          -6.9171028
        ]
      },
      "id": "node/5803815657"
    },
    {
      "type": "Feature",
      "properties": {
        "@id": "node/5803815755",
        "amenity": "restaurant",
        "cuisine": "indonesian",
        "name": "Bakso Boedjangan",
        "opening_hours": "Mo-Su 10:00-22:00"
      },
      "geometry": {
        "type": "Point",
        "coordinates": [
          107.6087546,
          -6.9169993
        ]
      },
      "id": "node/5803815755"
    },
    {
      "type": "Feature",
      "properties": {
        "@id": "node/5818209256",
        "addr:city": "Bandung",
        "addr:housenumber": "3",
        "addr:postcode": "40132",
        "addr:street": "Jalan Dayang Sumbi",
        "amenity": "restaurant",
        "cuisine": "indonesian",
        "internet_access": "wlan",
        "name": "Kapulaga",
        "opening_hours": "Mo-Su 08:00-22:00",
        "phone": "+62 22 2506195",
        "website": "https://www.zomato.com/id/bandung/kapulaga-indonesian-bistro-dago"
      },
      "geometry": {
        "type": "Point",
        "coordinates": [
          107.612487,
          -6.887513
        ]
      },
      "id": "node/5818209256"
    },
    {
      "type": "Feature",
      "properties": {
        "@id": "node/5829065094",
        "amenity": "restaurant",
        "cuisine": "japanese",
        "name": "Gyu Katu"
      },
      "geometry": {
        "type": "Point",
        "coordinates": [
          107.6133452,
          -6.8993196
        ]
      },
      "id": "node/5829065094"
    },
    {
      "type": "Feature",
      "properties": {
        "@id": "node/5834487286",
        "addr:housenumber": "127B",
        "addr:postcode": "40195",
        "amenity": "restaurant",
        "name": "Kedai Pachay"
      },
      "geometry": {
        "type": "Point",
        "coordinates": [
          107.6755431,
          -6.9045127
        ]
      },
      "id": "node/5834487286"
    },
    {
      "type": "Feature",
      "properties": {
        "@id": "node/6151203589",
        "amenity": "restaurant",
        "cuisine": "regional",
        "name": "Dalaraos"
      },
      "geometry": {
        "type": "Point",
        "coordinates": [
          107.6063465,
          -6.8844734
        ]
      },
      "id": "node/6151203589"
    },
    {
      "type": "Feature",
      "properties": {
        "@id": "node/6162914473",
        "amenity": "restaurant",
        "name": "Se'Indonesia"
      },
      "geometry": {
        "type": "Point",
        "coordinates": [
          107.5973403,
          -6.9041234
        ]
      },
      "id": "node/6162914473"
    },
    {
      "type": "Feature",
      "properties": {
        "@id": "node/6165491454",
        "amenity": "restaurant",
        "cuisine": "japanese",
        "level": "4",
        "name": "Gokana"
      },
      "geometry": {
        "type": "Point",
        "coordinates": [
          107.5965298,
          -6.9056495
        ]
      },
      "id": "node/6165491454"
    },
    {
      "type": "Feature",
      "properties": {
        "@id": "node/6170790695",
        "amenity": "restaurant",
        "cuisine": "indonesian",
        "name": "Kiosk"
      },
      "geometry": {
        "type": "Point",
        "coordinates": [
          107.6084609,
          -6.917021
        ]
      },
      "id": "node/6170790695"
    },
    {
      "type": "Feature",
      "properties": {
        "@id": "node/6178047242",
        "amenity": "restaurant",
        "name": "Raacha"
      },
      "geometry": {
        "type": "Point",
        "coordinates": [
          107.5973527,
          -6.9056577
        ]
      },
      "id": "node/6178047242"
    },
    {
      "type": "Feature",
      "properties": {
        "@id": "node/6180070466",
        "amenity": "restaurant",
        "cuisine": "pizza",
        "name": "Richeese Pizza"
      },
      "geometry": {
        "type": "Point",
        "coordinates": [
          107.6285112,
          -6.9129873
        ]
      },
      "id": "node/6180070466"
    },
    {
      "type": "Feature",
      "properties": {
        "@id": "node/6418849588",
        "air_conditioning": "no",
        "amenity": "restaurant",
        "diet:halal": "only",
        "name": "Sate Ahmad Naswawi"
      },
      "geometry": {
        "type": "Point",
        "coordinates": [
          107.6286872,
          -6.9125227
        ]
      },
      "id": "node/6418849588"
    },
    {
      "type": "Feature",
      "properties": {
        "@id": "node/6418849593",
        "amenity": "restaurant",
        "name": "Sha-Waregna"
      },
      "geometry": {
        "type": "Point",
        "coordinates": [
          107.5922348,
          -6.8780483
        ]
      },
      "id": "node/6418849593"
    },
    {
      "type": "Feature",
      "properties": {
        "@id": "node/6593020153",
        "amenity": "restaurant",
        "cuisine": "indonesian",
        "name": "Bakso Boedjangan",
        "payment:coins": "yes",
        "payment:gopay_id": "yes",
        "payment:notes": "yes",
        "payment:ovo": "yes"
      },
      "geometry": {
        "type": "Point",
        "coordinates": [
          107.6173966,
          -6.906393
        ]
      },
      "id": "node/6593020153"
    },
    {
      "type": "Feature",
      "properties": {
        "@id": "node/6593983973",
        "addr:housenumber": "57",
        "addr:street": "Jalan Pasir Kaliki",
        "amenity": "restaurant",
        "branch": "Pasirkaliki",
        "cuisine": "chinese",
        "description": "Special Chasio Garing Madu & Chinese Food",
        "name": "Tjiang",
        "outdoor_seating": "yes",
        "payment:coins": "yes",
        "payment:notes": "yes",
        "wheelchair": "limited"
      },
      "geometry": {
        "type": "Point",
        "coordinates": [
          107.5977589,
          -6.910716
        ]
      },
      "id": "node/6593983973"
    },
    {
      "type": "Feature",
      "properties": {
        "@id": "node/6656658444",
        "addr:city": "Bandung",
        "addr:postcode": "40175",
        "addr:street": "Jalan Dakota",
        "amenity": "restaurant",
        "branch": "Dakota",
        "brand": "California Fried Chicken",
        "brand:wikidata": "Q5020502",
        "cuisine": "chicken",
        "name": "CFC",
        "smoking": "outside",
        "takeaway": "yes"
      },
      "geometry": {
        "type": "Point",
        "coordinates": [
          107.5718325,
          -6.8913214
        ]
      },
      "id": "node/6656658444"
    },
    {
      "type": "Feature",
      "properties": {
        "@id": "node/6679908485",
        "amenity": "restaurant",
        "name": "ROBAKUS Roti Bakar Kukus"
      },
      "geometry": {
        "type": "Point",
        "coordinates": [
          107.6189787,
          -6.8886687
        ]
      },
      "id": "node/6679908485"
    },
    {
      "type": "Feature",
      "properties": {
        "@id": "node/6711694594",
        "amenity": "restaurant",
        "name": "Mangkok Ayam"
      },
      "geometry": {
        "type": "Point",
        "coordinates": [
          107.5973504,
          -6.9058303
        ]
      },
      "id": "node/6711694594"
    },
    {
      "type": "Feature",
      "properties": {
        "@id": "node/6715441648",
        "air_conditioning": "no",
        "amenity": "restaurant",
        "brand": "Roti'O",
        "brand:wikidata": "Q124354233",
        "cuisine": "bread",
        "diet:halal": "only",
        "name": "Roti'O",
        "shop": "bakery"
      },
      "geometry": {
        "type": "Point",
        "coordinates": [
          107.6021311,
          -6.9145711
        ]
      },
      "id": "node/6715441648"
    },
    {
      "type": "Feature",
      "properties": {
        "@id": "node/6728835591",
        "amenity": "restaurant",
        "name": "Kantin Tong Tong"
      },
      "geometry": {
        "type": "Point",
        "coordinates": [
          107.5819186,
          -6.8808327
        ]
      },
      "id": "node/6728835591"
    },
    {
      "type": "Feature",
      "properties": {
        "@id": "node/6728852430",
        "amenity": "restaurant",
        "name": "Raja Sunda"
      },
      "geometry": {
        "type": "Point",
        "coordinates": [
          107.5912071,
          -6.8970234
        ]
      },
      "id": "node/6728852430"
    },
    {
      "type": "Feature",
      "properties": {
        "@id": "node/6790495486",
        "amenity": "restaurant",
        "name": "Talago Biru"
      },
      "geometry": {
        "type": "Point",
        "coordinates": [
          107.6664854,
          -6.9040399
        ]
      },
      "id": "node/6790495486"
    },
    {
      "type": "Feature",
      "properties": {
        "@id": "node/6794719088",
        "amenity": "restaurant",
        "name": "Jingga"
      },
      "geometry": {
        "type": "Point",
        "coordinates": [
          107.6655565,
          -6.9029451
        ]
      },
      "id": "node/6794719088"
    },
    {
      "type": "Feature",
      "properties": {
        "@id": "node/6856906886",
        "amenity": "restaurant",
        "name": "Indonesian yummy street food"
      },
      "geometry": {
        "type": "Point",
        "coordinates": [
          107.6119813,
          -6.9226022
        ]
      },
      "id": "node/6856906886"
    },
    {
      "type": "Feature",
      "properties": {
        "@id": "node/7079247770",
        "addr:housenumber": "9",
        "addr:street": "Jalan Emong",
        "amenity": "restaurant",
        "name": "Se'i Sapi Lamalera",
        "opening_hours": "Fr, Sa 10:00-23:00; Mo-Th, Su 10:00-22:00",
        "website": "https://seilamalera.com/"
      },
      "geometry": {
        "type": "Point",
        "coordinates": [
          107.6183981,
          -6.9249539
        ]
      },
      "id": "node/7079247770"
    },
    {
      "type": "Feature",
      "properties": {
        "@id": "node/7079868210",
        "addr:housenumber": "139a",
        "addr:street": "Jl. Pungkur",
        "amenity": "restaurant",
        "name": "Popia Tiam",
        "opening_hours": "Mo-Su 09:00-22:00"
      },
      "geometry": {
        "type": "Point",
        "coordinates": [
          107.6125525,
          -6.9313423
        ]
      },
      "id": "node/7079868210"
    },
    {
      "type": "Feature",
      "properties": {
        "@id": "node/7083442360",
        "amenity": "restaurant",
        "name": "Toko Lily"
      },
      "geometry": {
        "type": "Point",
        "coordinates": [
          107.6040806,
          -6.9000896
        ]
      },
      "id": "node/7083442360"
    },
    {
      "type": "Feature",
      "properties": {
        "@id": "node/7083454191",
        "amenity": "restaurant",
        "name": "Mi Nampol"
      },
      "geometry": {
        "type": "Point",
        "coordinates": [
          107.624076,
          -6.9041311
        ]
      },
      "id": "node/7083454191"
    },
    {
      "type": "Feature",
      "properties": {
        "@id": "node/7087733240",
        "amenity": "restaurant",
        "name": "D'Cost"
      },
      "geometry": {
        "type": "Point",
        "coordinates": [
          107.6057251,
          -6.893725
        ]
      },
      "id": "node/7087733240"
    },
    {
      "type": "Feature",
      "properties": {
        "@id": "node/7100471185",
        "amenity": "restaurant",
        "cuisine": "indonesian",
        "name": "Mie Setan Cijerah"
      },
      "geometry": {
        "type": "Point",
        "coordinates": [
          107.5609404,
          -6.8742007
        ]
      },
      "id": "node/7100471185"
    },
    {
      "type": "Feature",
      "properties": {
        "@id": "node/7298044874",
        "amenity": "restaurant",
        "name": "Bagul Gianyar"
      },
      "geometry": {
        "type": "Point",
        "coordinates": [
          107.5977119,
          -6.9107444
        ]
      },
      "id": "node/7298044874"
    },
    {
      "type": "Feature",
      "properties": {
        "@id": "node/8045853136",
        "addr:city": "Bandung",
        "addr:housenumber": "No 11A",
        "addr:postcode": "40263",
        "addr:street": "Jalan Terusan Galunggung",
        "amenity": "restaurant",
        "cuisine": "regional;Nasi_Padang;Kapau;Masakan_Padang",
        "name": "Nasi Kapau Uni Iyang",
        "opening_hours": "Mo-Su 09:30-21:00",
        "phone": "+62 819 3370 9999",
        "takeaway": "yes"
      },
      "geometry": {
        "type": "Point",
        "coordinates": [
          107.6250214,
          -6.9288257
        ]
      },
      "id": "node/8045853136"
    },
    {
      "type": "Feature",
      "properties": {
        "@id": "node/8062550327",
        "addr:housenumber": "309",
        "addr:street": "Jalan Insinyur Haji Juanda",
        "amenity": "restaurant",
        "name": "Ayam Goreng Karawaci"
      },
      "geometry": {
        "type": "Point",
        "coordinates": [
          107.6172128,
          -6.8772699
        ]
      },
      "id": "node/8062550327"
    },
    {
      "type": "Feature",
      "properties": {
        "@id": "node/8442271432",
        "amenity": "restaurant",
        "cuisine": "sundanese",
        "name": "RM Sangkan Hurip Punclut Pusat"
      },
      "geometry": {
        "type": "Point",
        "coordinates": [
          107.6137911,
          -6.851575
        ]
      },
      "id": "node/8442271432"
    },
    {
      "type": "Feature",
      "properties": {
        "@id": "node/8442837466",
        "amenity": "restaurant",
        "name": "Mie Rica Kejaksaan"
      },
      "geometry": {
        "type": "Point",
        "coordinates": [
          107.6101923,
          -6.9184679
        ]
      },
      "id": "node/8442837466"
    },
    {
      "type": "Feature",
      "properties": {
        "@id": "node/9209462330",
        "amenity": "restaurant",
        "cuisine": "japanese",
        "name": "Sushi Tei"
      },
      "geometry": {
        "type": "Point",
        "coordinates": [
          107.5955503,
          -6.8902387
        ]
      },
      "id": "node/9209462330"
    },
    {
      "type": "Feature",
      "properties": {
        "@id": "node/9213367317",
        "addr:housenumber": "108",
        "addr:postcode": "40141",
        "addr:street": "Jalan Ciumbuleuit",
        "amenity": "restaurant",
        "cuisine": "barbecue;steak_house",
        "internet_access": "wlan",
        "name": "Mr. Roastman Experience",
        "opening_hours": "Mo-Su 08:00-23:00",
        "phone": "+6281122332208"
      },
      "geometry": {
        "type": "Point",
        "coordinates": [
          107.6053069,
          -6.8731826
        ]
      },
      "id": "node/9213367317"
    },
    {
      "type": "Feature",
      "properties": {
        "@id": "node/9248886117",
        "addr:housenumber": "108",
        "addr:postcode": "40141",
        "addr:street": "Jalan Ciumbuleuit",
        "amenity": "restaurant",
        "cuisine": "american;coffee_shop;indonesian",
        "internet_access": "wlan",
        "name": "Waroeng Milenial",
        "opening_hours": "Mo-Su 10:00-21:00",
        "phone": "+6282112191656"
      },
      "geometry": {
        "type": "Point",
        "coordinates": [
          107.6051703,
          -6.8730196
        ]
      },
      "id": "node/9248886117"
    },
    {
      "type": "Feature",
      "properties": {
        "@id": "node/9805774343",
        "amenity": "restaurant",
        "name": "Chung Gi Wa - Sukajadi"
      },
      "geometry": {
        "type": "Point",
        "coordinates": [
          107.580079,
          -6.8825712
        ]
      },
      "id": "node/9805774343"
    },
    {
      "type": "Feature",
      "properties": {
        "@id": "node/9816562175",
        "amenity": "restaurant",
        "name": "Kantin Sekolah Rabbani",
        "opening_hours": "Mo-Sa 07:00-15:00;PH off;SH off"
      },
      "geometry": {
        "type": "Point",
        "coordinates": [
          107.6811293,
          -6.9148453
        ]
      },
      "id": "node/9816562175"
    },
    {
      "type": "Feature",
      "properties": {
        "@id": "node/9833516017",
        "addr:city": "Kota Bandung",
        "addr:housenumber": "60",
        "addr:kecamatan": "Lengkong",
        "addr:kelurahan": "Malabar",
        "addr:postcode": "40262",
        "addr:province": "Jawa Barat",
        "addr:street": "Jalan Malabar",
        "amenity": "restaurant",
        "contact:instagram": "https://www.instagram.com/makanponyo",
        "contact:website": "http://www.makanponyo.com",
        "contact:whatsapp": "+62 812 2299 7772",
        "cuisine": "indonesian;sundanese",
        "diet:vegan": "yes",
        "name": "Ponyo"
      },
      "geometry": {
        "type": "Point",
        "coordinates": [
          107.6236929,
          -6.9249268
        ]
      },
      "id": "node/9833516017"
    },
    {
      "type": "Feature",
      "properties": {
        "@id": "node/9835239617",
        "addr:city": "Bandung",
        "addr:street": "Jalan Wastukencana",
        "alt_name": "Kampoeng Kuring",
        "amenity": "restaurant",
        "cuisine": "indonesian",
        "diet:vegan": "yes",
        "diet:vegetarian": "yes",
        "name": "Kampung Kuring"
      },
      "geometry": {
        "type": "Point",
        "coordinates": [
          107.6046209,
          -6.904474
        ]
      },
      "id": "node/9835239617"
    },
    {
      "type": "Feature",
      "properties": {
        "@id": "node/9840550617",
        "amenity": "restaurant",
        "cuisine": "coffee_shop;indonesian",
        "name": "Kopi Tahura"
      },
      "geometry": {
        "type": "Point",
        "coordinates": [
          107.6308839,
          -6.8581104
        ]
      },
      "id": "node/9840550617"
    },
    {
      "type": "Feature",
      "properties": {
        "@id": "node/9842973417",
        "addr:city": "Bandung",
        "addr:housenumber": "186",
        "addr:street": "Jalan Sukajadi",
        "amenity": "restaurant",
        "contact:facebook": "https://www.facebook.com/spiceaffair.bdg/",
        "contact:phone": "+62 226 440 1234",
        "cuisine": "indian",
        "diet:vegan": "yes",
        "diet:vegetarian": "yes",
        "name": "Spice Affair",
        "opening_hours": "Mo-Su 11:30-21:30"
      },
      "geometry": {
        "type": "Point",
        "coordinates": [
          107.59674,
          -6.8844363
        ]
      },
      "id": "node/9842973417"
    },
    {
      "type": "Feature",
      "properties": {
        "@id": "node/9932988485",
        "amenity": "restaurant",
        "cuisine": "padang",
        "name": "Padang Merdeka"
      },
      "geometry": {
        "type": "Point",
        "coordinates": [
          107.6142255,
          -6.9003961
        ]
      },
      "id": "node/9932988485"
    },
    {
      "type": "Feature",
      "properties": {
        "@id": "node/9933897081",
        "amenity": "restaurant",
        "name": "The White Clover"
      },
      "geometry": {
        "type": "Point",
        "coordinates": [
          107.6015846,
          -6.9051142
        ]
      },
      "id": "node/9933897081"
    },
    {
      "type": "Feature",
      "properties": {
        "@id": "node/9933920605",
        "amenity": "restaurant",
        "cuisine": "indonesian",
        "dish": "sate",
        "name": "Sate Maranggi Hj Maya Pasteur"
      },
      "geometry": {
        "type": "Point",
        "coordinates": [
          107.5885194,
          -6.894676
        ]
      },
      "id": "node/9933920605"
    },
    {
      "type": "Feature",
      "properties": {
        "@id": "node/9936823889",
        "amenity": "restaurant",
        "name": "Mimi teh"
      },
      "geometry": {
        "type": "Point",
        "coordinates": [
          107.6135049,
          -6.9028428
        ]
      },
      "id": "node/9936823889"
    },
    {
      "type": "Feature",
      "properties": {
        "@id": "node/9938373551",
        "amenity": "restaurant",
        "name": "Solaria"
      },
      "geometry": {
        "type": "Point",
        "coordinates": [
          107.6416342,
          -6.9162226
        ]
      },
      "id": "node/9938373551"
    },
    {
      "type": "Feature",
      "properties": {
        "@id": "node/9938661332",
        "amenity": "restaurant",
        "name": "Bumahai"
      },
      "geometry": {
        "type": "Point",
        "coordinates": [
          107.6417667,
          -6.9165173
        ]
      },
      "id": "node/9938661332"
    },
    {
      "type": "Feature",
      "properties": {
        "@id": "node/9939299283",
        "amenity": "restaurant",
        "name": "Wingz o Wingz"
      },
      "geometry": {
        "type": "Point",
        "coordinates": [
          107.6280099,
          -6.9041351
        ]
      },
      "id": "node/9939299283"
    },
    {
      "type": "Feature",
      "properties": {
        "@id": "node/9942283587",
        "amenity": "restaurant",
        "name": "Bakmitopia"
      },
      "geometry": {
        "type": "Point",
        "coordinates": [
          107.605689,
          -6.8940427
        ]
      },
      "id": "node/9942283587"
    },
    {
      "type": "Feature",
      "properties": {
        "@id": "node/10000802733",
        "amenity": "restaurant",
        "name": "Warung Nenek Nafisah"
      },
      "geometry": {
        "type": "Point",
        "coordinates": [
          107.5777699,
          -6.885306
        ]
      },
      "id": "node/10000802733"
    },
    {
      "type": "Feature",
      "properties": {
        "@id": "node/10153301887",
        "addr:city": "Kota Bandung",
        "addr:housenumber": "46",
        "addr:postcode": "40121",
        "addr:street": "Jalan WR. Supratman",
        "amenity": "restaurant",
        "name": "AYAM PENYET RIA",
        "opening_hours": "Mo-Su 10:00-22:00"
      },
      "geometry": {
        "type": "Point",
        "coordinates": [
          107.6321409,
          -6.9094781
        ]
      },
      "id": "node/10153301887"
    },
    {
      "type": "Feature",
      "properties": {
        "@id": "node/10303849506",
        "amenity": "restaurant",
        "cuisine": "tegalan",
        "name": "Bahari",
        "opening_hours": "Mo-Su 08:00-20:30; PH closed",
        "takeaway": "yes",
        "wheelchair": "limited"
      },
      "geometry": {
        "type": "Point",
        "coordinates": [
          107.6596812,
          -6.9172988
        ]
      },
      "id": "node/10303849506"
    },
    {
      "type": "Feature",
      "properties": {
        "@id": "node/10724763101",
        "addr:city": "Bandung",
        "addr:housenumber": "No 359 B (Bawah Tower)",
        "addr:postcode": "40255",
        "addr:street": "Jalan Mohammad Toha",
        "amenity": "restaurant",
        "cuisine": "indonesian",
        "name": "Warung Nasi Pecel Kebumen | Mamah Via Toha",
        "opening_hours": "Mo-Su 07:00-19:00"
      },
      "geometry": {
        "type": "Point",
        "coordinates": [
          107.6122622,
          -6.9553972
        ]
      },
      "id": "node/10724763101"
    },
    {
      "type": "Feature",
      "properties": {
        "@id": "node/10732021605",
        "amenity": "restaurant",
        "name": "Nasi campur Bintang"
      },
      "geometry": {
        "type": "Point",
        "coordinates": [
          107.5932634,
          -6.9177994
        ]
      },
      "id": "node/10732021605"
    },
    {
      "type": "Feature",
      "properties": {
        "@id": "node/10740306005",
        "addr:housenumber": "145",
        "addr:street": "Jalan Pajajaran",
        "amenity": "restaurant",
        "changing_table": "no",
        "cuisine": "indonesian",
        "highchair": "no",
        "name": "Kedai Bu Ai",
        "opening_hours": "Mo-Su 09:00-18:00",
        "outdoor_seating": "yes",
        "phone": "+62 226038712",
        "smoking": "no",
        "toilets": "yes",
        "toilets:access": "customers",
        "toilets:wheelchair": "limited",
        "wheelchair": "limited"
      },
      "geometry": {
        "type": "Point",
        "coordinates": [
          107.5883826,
          -6.9069909
        ]
      },
      "id": "node/10740306005"
    },
    {
      "type": "Feature",
      "properties": {
        "@id": "node/10742670249",
        "amenity": "restaurant",
        "name": "Liliwetan"
      },
      "geometry": {
        "type": "Point",
        "coordinates": [
          107.6286944,
          -6.9052088
        ]
      },
      "id": "node/10742670249"
    },
    {
      "type": "Feature",
      "properties": {
        "@id": "node/10743117494",
        "alt_name": "Dapoer Angklung",
        "amenity": "restaurant",
        "name": "Dapur Angklung"
      },
      "geometry": {
        "type": "Point",
        "coordinates": [
          107.654862,
          -6.898016
        ]
      },
      "id": "node/10743117494"
    },
    {
      "type": "Feature",
      "properties": {
        "@id": "node/10743200032",
        "alt_name": "Mie Bakso Ngidam Sari",
        "amenity": "restaurant",
        "name": "Mie Baso Ngidam Sari"
      },
      "geometry": {
        "type": "Point",
        "coordinates": [
          107.6452348,
          -6.9242587
        ]
      },
      "id": "node/10743200032"
    },
    {
      "type": "Feature",
      "properties": {
        "@id": "node/10772994513",
        "amenity": "restaurant",
        "cuisine": "korean",
        "name": "Suki & Grill Time",
        "opening_hours": "Mo-Su 09:00-21:00",
        "takeaway": "yes",
        "wheelchair": "limited"
      },
      "geometry": {
        "type": "Point",
        "coordinates": [
          107.6249953,
          -6.9389573
        ]
      },
      "id": "node/10772994513"
    },
    {
      "type": "Feature",
      "properties": {
        "@id": "node/10772994542",
        "amenity": "restaurant",
        "cuisine": "noodle",
        "name": "Ramen Bajuri",
        "opening_hours": "Mo-Su 09:00-21:00",
        "takeaway": "yes",
        "wheelchair": "limited"
      },
      "geometry": {
        "type": "Point",
        "coordinates": [
          107.6253284,
          -6.9394675
        ]
      },
      "id": "node/10772994542"
    },
    {
      "type": "Feature",
      "properties": {
        "@id": "node/10800580601",
        "addr:city": "Kel. Kacapiring",
        "addr:housenumber": "17",
        "addr:postcode": "40271",
        "addr:street": "Jalan Jakarta",
        "amenity": "restaurant",
        "cuisine": "asian;indonesian",
        "name": "Dapoer Sadoloer",
        "opening_hours": "Mo-Su 09:00-21:00",
        "phone": "+6289504586487"
      },
      "geometry": {
        "type": "Point",
        "coordinates": [
          107.6364708,
          -6.9144606
        ]
      },
      "id": "node/10800580601"
    },
    {
      "type": "Feature",
      "properties": {
        "@id": "node/10898696307",
        "alt_name": "Warteg Kydin Bahari",
        "amenity": "restaurant",
        "cuisine": "tegalan",
        "indoor_seating": "yes",
        "internet_access:fee": "no",
        "name": "Kydin Bahari",
        "official_name": "Warung Tegal Kydin Bahari",
        "opening_hours": "Mo-Su 08:00-20:00",
        "takeaway": "yes",
        "toilets:access": "private",
        "wheelchair": "no"
      },
      "geometry": {
        "type": "Point",
        "coordinates": [
          107.6627296,
          -6.9470408
        ]
      },
      "id": "node/10898696307"
    },
    {
      "type": "Feature",
      "properties": {
        "@id": "node/10996460406",
        "amenity": "restaurant",
        "name": "Ngopi di Kebon"
      },
      "geometry": {
        "type": "Point",
        "coordinates": [
          107.675126,
          -6.8693199
        ]
      },
      "id": "node/10996460406"
    },
    {
      "type": "Feature",
      "properties": {
        "@id": "node/11010808889",
        "amenity": "restaurant",
        "name": "Khoe Pek Goan Bloemenstad Bandung",
        "opening_hours": "Mo-Su 07:30-21:00"
      },
      "geometry": {
        "type": "Point",
        "coordinates": [
          107.6291177,
          -6.9083222
        ]
      },
      "id": "node/11010808889"
    },
    {
      "type": "Feature",
      "properties": {
        "@id": "node/11013530705",
        "amenity": "restaurant",
        "name": "Justus"
      },
      "geometry": {
        "type": "Point",
        "coordinates": [
          107.6050563,
          -6.8934069
        ]
      },
      "id": "node/11013530705"
    },
    {
      "type": "Feature",
      "properties": {
        "@id": "node/11024204312",
        "amenity": "restaurant",
        "branch": "Transmart Buahbatu",
        "brand": "Restoran",
        "cuisine": "chinese;fish",
        "name": "Imperial Chicken & Dimsum",
        "opening_hours": "Mo-Su 09:00-21:00"
      },
      "geometry": {
        "type": "Point",
        "coordinates": [
          107.6387895,
          -6.9669793
        ]
      },
      "id": "node/11024204312"
    },
    {
      "type": "Feature",
      "properties": {
        "@id": "node/11024204315",
        "amenity": "restaurant",
        "branch": "Transmart Buahbatu",
        "cuisine": "japanese",
        "name": "Suki Time",
        "opening_hours": "Mo-Su 09:00-21:00"
      },
      "geometry": {
        "type": "Point",
        "coordinates": [
          107.6388601,
          -6.9672684
        ]
      },
      "id": "node/11024204315"
    },
    {
      "type": "Feature",
      "properties": {
        "@id": "node/11024204316",
        "amenity": "restaurant",
        "branch": "Transmart Buahbatu",
        "cuisine": "noodle;japanese",
        "name": "Gokana",
        "opening_hours": "Mo-Su 09:00-21:00"
      },
      "geometry": {
        "type": "Point",
        "coordinates": [
          107.6387289,
          -6.9670754
        ]
      },
      "id": "node/11024204316"
    },
    {
      "type": "Feature",
      "properties": {
        "@id": "node/11043877834",
        "amenity": "restaurant",
        "cuisine": "padang",
        "name": "Sederhana",
        "opening_hours": "Mo-Su 08:00-21:00"
      },
      "geometry": {
        "type": "Point",
        "coordinates": [
          107.6284471,
          -6.9048976
        ]
      },
      "id": "node/11043877834"
    },
    {
      "type": "Feature",
      "properties": {
        "@id": "node/11047567832",
        "amenity": "restaurant",
        "name": "Kedai Kalaman"
      },
      "geometry": {
        "type": "Point",
        "coordinates": [
          107.5800838,
          -6.9044402
        ]
      },
      "id": "node/11047567832"
    },
    {
      "type": "Feature",
      "properties": {
        "@id": "node/11047621610",
        "amenity": "restaurant",
        "name": "Roti'O"
      },
      "geometry": {
        "type": "Point",
        "coordinates": [
          107.5802488,
          -6.9040791
        ]
      },
      "id": "node/11047621610"
    },
    {
      "type": "Feature",
      "properties": {
        "@id": "node/11047679855",
        "amenity": "restaurant",
        "name": "Wingz Stop"
      },
      "geometry": {
        "type": "Point",
        "coordinates": [
          107.6134529,
          -6.9068088
        ]
      },
      "id": "node/11047679855"
    },
    {
      "type": "Feature",
      "properties": {
        "@id": "node/11049057895",
        "amenity": "restaurant",
        "name": "Waroeng Steak and Shake",
        "opening_hours": "Mo-Th 11:00-22:00; Fr 12:45-23:00; Sa,Su 10:00-23:00"
      },
      "geometry": {
        "type": "Point",
        "coordinates": [
          107.6162257,
          -6.8901476
        ]
      },
      "id": "node/11049057895"
    },
    {
      "type": "Feature",
      "properties": {
        "@id": "node/11052098364",
        "amenity": "restaurant",
        "name": "Bumus"
      },
      "geometry": {
        "type": "Point",
        "coordinates": [
          107.620462,
          -6.9040033
        ]
      },
      "id": "node/11052098364"
    },
    {
      "type": "Feature",
      "properties": {
        "@id": "node/11052105148",
        "amenity": "restaurant",
        "cuisine": "japanese",
        "name": "Chabu Hachi"
      },
      "geometry": {
        "type": "Point",
        "coordinates": [
          107.6270058,
          -6.9053582
        ]
      },
      "id": "node/11052105148"
    },
    {
      "type": "Feature",
      "properties": {
        "@id": "node/11054226150",
        "amenity": "restaurant",
        "cuisine": "indonesian",
        "name": "Dapur Solo"
      },
      "geometry": {
        "type": "Point",
        "coordinates": [
          107.6047328,
          -6.8947462
        ]
      },
      "id": "node/11054226150"
    },
    {
      "type": "Feature",
      "properties": {
        "@id": "node/11054250607",
        "amenity": "restaurant",
        "name": "Fresh Suki"
      },
      "geometry": {
        "type": "Point",
        "coordinates": [
          107.6050894,
          -6.8936666
        ]
      },
      "id": "node/11054250607"
    },
    {
      "type": "Feature",
      "properties": {
        "@id": "node/11063089366",
        "addr:street": "Jalan Braga",
        "air_conditioning": "yes",
        "amenity": "restaurant",
        "cuisine": "noodle",
        "name": "Bakmie Tjo Kin",
        "opening_hours": "Mo-Su 08:00-22:00",
        "outdoor_seating": "yes",
        "start_date": "2020",
        "toilets": "yes",
        "toilets:access": "customers",
        "wheelchair": "no"
      },
      "geometry": {
        "type": "Point",
        "coordinates": [
          107.6092183,
          -6.9173701
        ]
      },
      "id": "node/11063089366"
    },
    {
      "type": "Feature",
      "properties": {
        "@id": "node/11064401812",
        "amenity": "restaurant",
        "name": "Warung Lodeh"
      },
      "geometry": {
        "type": "Point",
        "coordinates": [
          107.6188161,
          -6.9058136
        ]
      },
      "id": "node/11064401812"
    },
    {
      "type": "Feature",
      "properties": {
        "@id": "node/11064404581",
        "amenity": "restaurant",
        "name": "Ampera"
      },
      "geometry": {
        "type": "Point",
        "coordinates": [
          107.6374414,
          -6.8983318
        ]
      },
      "id": "node/11064404581"
    },
    {
      "type": "Feature",
      "properties": {
        "@id": "node/11066404381",
        "amenity": "restaurant",
        "name": "150 Coffee and Garden"
      },
      "geometry": {
        "type": "Point",
        "coordinates": [
          107.648662,
          -6.9087814
        ]
      },
      "id": "node/11066404381"
    },
    {
      "type": "Feature",
      "properties": {
        "@id": "node/11070379388",
        "amenity": "restaurant",
        "name": "Dapur Thailand"
      },
      "geometry": {
        "type": "Point",
        "coordinates": [
          107.6167183,
          -6.923578
        ]
      },
      "id": "node/11070379388"
    },
    {
      "type": "Feature",
      "properties": {
        "@id": "node/11102885594",
        "amenity": "restaurant",
        "name": "RM Padang Malah Dicubo"
      },
      "geometry": {
        "type": "Point",
        "coordinates": [
          107.6028187,
          -6.9156425
        ]
      },
      "id": "node/11102885594"
    },
    {
      "type": "Feature",
      "properties": {
        "@id": "node/11107825847",
        "amenity": "restaurant",
        "name": "Warung Cobek Aneka"
      },
      "geometry": {
        "type": "Point",
        "coordinates": [
          107.6120978,
          -6.879916
        ]
      },
      "id": "node/11107825847"
    },
    {
      "type": "Feature",
      "properties": {
        "@id": "node/11107825858",
        "amenity": "restaurant",
        "cuisine": "meat;duck",
        "name": "Bebek Ali Borme"
      },
      "geometry": {
        "type": "Point",
        "coordinates": [
          107.6167681,
          -6.8918986
        ]
      },
      "id": "node/11107825858"
    },
    {
      "type": "Feature",
      "properties": {
        "@id": "node/11135462905",
        "addr:housenumber": "3",
        "addr:postcode": "40171",
        "addr:street": "Jalan Harian Banga",
        "amenity": "restaurant",
        "cuisine": "indonesian",
        "name": "Pecel Madun"
      },
      "geometry": {
        "type": "Point",
        "coordinates": [
          107.6088905,
          -6.9024389
        ]
      },
      "id": "node/11135462905"
    },
    {
      "type": "Feature",
      "properties": {
        "@id": "node/11142011598",
        "amenity": "restaurant",
        "name": "Warteg Simpang Dago"
      },
      "geometry": {
        "type": "Point",
        "coordinates": [
          107.6139102,
          -6.885158
        ]
      },
      "id": "node/11142011598"
    },
    {
      "type": "Feature",
      "properties": {
        "@id": "node/11171494537",
        "addr:city": "Bandung",
        "addr:postcode": "40288",
        "addr:street": "Jalan Raya Cikoneng",
        "amenity": "restaurant",
        "cuisine": "es_teh",
        "diet:halal": "yes",
        "name": "ES TEH POCI CIKONENG PESONA BALI",
        "opening_hours": "Mo-Su 09:00-21:00",
        "phone": "+62 851-8666-6987"
      },
      "geometry": {
        "type": "Point",
        "coordinates": [
          107.6349699,
          -6.9809135
        ]
      },
      "id": "node/11171494537"
    },
    {
      "type": "Feature",
      "properties": {
        "@id": "node/11415319632",
        "amenity": "restaurant",
        "name": "Durian NdoL"
      },
      "geometry": {
        "type": "Point",
        "coordinates": [
          107.5981544,
          -6.9176973
        ]
      },
      "id": "node/11415319632"
    },
    {
      "type": "Feature",
      "properties": {
        "@id": "node/11473161269",
        "addr:housenumber": "216",
        "addr:postcode": "40133",
        "addr:street": "Jalan Cihampelas",
        "amenity": "restaurant",
        "cuisine": "chicken;indonesian;local;tea",
        "diet:vegetarian": "yes",
        "name": "Ma'Oin Ayam Bakar Dan Goreng",
        "opening_hours": "Mo-Su 06:00-23:00",
        "operator": "Ma'Oin",
        "phone": "+62 821-1971-6257"
      },
      "geometry": {
        "type": "Point",
        "coordinates": [
          107.6043047,
          -6.8901223
        ]
      },
      "id": "node/11473161269"
    },
    {
      "type": "Feature",
      "properties": {
        "@id": "node/11553149013",
        "alt_name": "Warteg Bahari",
        "amenity": "restaurant",
        "cuisine": "tegalan;indonesian",
        "indoor_seating": "yes",
        "name": "Bahari",
        "official_name": "Warung Tegal Bahari",
        "takeaway": "yes"
      },
      "geometry": {
        "type": "Point",
        "coordinates": [
          107.630798,
          -6.9439022
        ]
      },
      "id": "node/11553149013"
    },
    {
      "type": "Feature",
      "properties": {
        "@id": "node/11608070659",
        "amenity": "restaurant",
        "cuisine": "noodle",
        "name": "Bakmie Maman 3 Gardujati"
      },
      "geometry": {
        "type": "Point",
        "coordinates": [
          107.5983421,
          -6.918186
        ]
      },
      "id": "node/11608070659"
    },
    {
      "type": "Feature",
      "properties": {
        "@id": "node/11729913198",
        "addr:city": "Bandung",
        "addr:postcode": "40171",
        "addr:street": "Jalan Doktor Louis Otten",
        "addr:unit": "1",
        "amenity": "restaurant",
        "cuisine": "burger",
        "name": "Bomber Burger",
        "opening_hours": "10.30 am-10.00 pm",
        "phone": "+6285864482696"
      },
      "geometry": {
        "type": "Point",
        "coordinates": [
          107.6007649,
          -6.9035798
        ]
      },
      "id": "node/11729913198"
    },
    {
      "type": "Feature",
      "properties": {
        "@id": "node/11732804363",
        "amenity": "restaurant",
        "cuisine": "coffee_shop",
        "diet:halal": "yes"
      },
      "geometry": {
        "type": "Point",
        "coordinates": [
          107.6352498,
          -6.895995
        ]
      },
      "id": "node/11732804363"
    },
    {
      "type": "Feature",
      "properties": {
        "@id": "node/11866561174",
        "amenity": "restaurant",
        "cuisine": "indonesian",
        "name": "Warung Cepot Hidangan Indonesia",
        "website": "https://www.warungcepot.com/"
      },
      "geometry": {
        "type": "Point",
        "coordinates": [
          107.5981989,
          -6.908369
        ]
      },
      "id": "node/11866561174"
    },
    {
      "type": "Feature",
      "properties": {
        "@id": "node/11916191487",
        "amenity": "restaurant",
        "changing_table": "no",
        "cuisine": "chicken;coffee_shop;indonesian;wings",
        "highchair": "no",
        "internet_access": "no",
        "name": "Kopi Kursi Kayu × Hayam Lengkuas",
        "opening_hours": "Mo-Fr 09:00-22:00; Sa-Su 09:00-23:00",
        "outdoor_seating": "yes",
        "payment:cash": "yes",
        "payment:qr_code": "yes",
        "smoking": "no",
        "takeaway": "yes",
        "toilets": "yes",
        "toilets:access": "permissive",
        "toilets:wheelchair": "no",
        "wheelchair": "no"
      },
      "geometry": {
        "type": "Point",
        "coordinates": [
          107.5794318,
          -6.8825421
        ]
      },
      "id": "node/11916191487"
    },
    {
      "type": "Feature",
      "properties": {
        "@id": "node/11984849397",
        "amenity": "restaurant",
        "cuisine": "indonesian",
        "name": "Bakso Mantep"
      },
      "geometry": {
        "type": "Point",
        "coordinates": [
          107.6074018,
          -6.9105149
        ]
      },
      "id": "node/11984849397"
    },
    {
      "type": "Feature",
      "properties": {
        "@id": "node/11987427565",
        "amenity": "restaurant",
        "name": "Raa Chaa Suki & BBQ"
      },
      "geometry": {
        "type": "Point",
        "coordinates": [
          107.6113549,
          -6.9088771
        ]
      },
      "id": "node/11987427565"
    },
    {
      "type": "Feature",
      "properties": {
        "@id": "node/11987473754",
        "amenity": "restaurant",
        "name": "D'Cost"
      },
      "geometry": {
        "type": "Point",
        "coordinates": [
          107.6109231,
          -6.9091554
        ]
      },
      "id": "node/11987473754"
    },
    {
      "type": "Feature",
      "properties": {
        "@id": "node/11987489552",
        "amenity": "restaurant",
        "name": "Baso by Mister Baso"
      },
      "geometry": {
        "type": "Point",
        "coordinates": [
          107.6111349,
          -6.9082061
        ]
      },
      "id": "node/11987489552"
    },
    {
      "type": "Feature",
      "properties": {
        "@id": "node/11987497230",
        "amenity": "restaurant",
        "name": "Bakso Diet Bandung"
      },
      "geometry": {
        "type": "Point",
        "coordinates": [
          107.6115292,
          -6.9083419
        ]
      },
      "id": "node/11987497230"
    },
    {
      "type": "Feature",
      "properties": {
        "@id": "node/11987500955",
        "amenity": "restaurant",
        "name": "Ramen Ya!"
      },
      "geometry": {
        "type": "Point",
        "coordinates": [
          107.6108989,
          -6.9084071
        ]
      },
      "id": "node/11987500955"
    },
    {
      "type": "Feature",
      "properties": {
        "@id": "node/11987503915",
        "amenity": "restaurant",
        "name": "Mie Tarik King"
      },
      "geometry": {
        "type": "Point",
        "coordinates": [
          107.6113495,
          -6.9087306
        ]
      },
      "id": "node/11987503915"
    },
    {
      "type": "Feature",
      "properties": {
        "@id": "node/11987506951",
        "amenity": "restaurant",
        "name": "Kimukatsu"
      },
      "geometry": {
        "type": "Point",
        "coordinates": [
          107.6109526,
          -6.9085789
        ]
      },
      "id": "node/11987506951"
    },
    {
      "type": "Feature",
      "properties": {
        "@id": "node/11987510412",
        "amenity": "restaurant",
        "name": "Ayam Goreng Fatmawati"
      },
      "geometry": {
        "type": "Point",
        "coordinates": [
          107.6114541,
          -6.9084883
        ]
      },
      "id": "node/11987510412"
    },
    {
      "type": "Feature",
      "properties": {
        "@id": "node/11987514068",
        "amenity": "restaurant",
        "name": "Steak Moen Moen"
      },
      "geometry": {
        "type": "Point",
        "coordinates": [
          107.6114166,
          -6.9082993
        ]
      },
      "id": "node/11987514068"
    },
    {
      "type": "Feature",
      "properties": {
        "@id": "node/11987515778",
        "amenity": "restaurant",
        "name": "Kedai C-Meonk"
      },
      "geometry": {
        "type": "Point",
        "coordinates": [
          107.6114166,
          -6.9083632
        ]
      },
      "id": "node/11987515778"
    },
    {
      "type": "Feature",
      "properties": {
        "@id": "node/11987520648",
        "amenity": "restaurant",
        "name": "Ramen N Sushi Box"
      },
      "geometry": {
        "type": "Point",
        "coordinates": [
          107.6115681,
          -6.9085256
        ]
      },
      "id": "node/11987520648"
    },
    {
      "type": "Feature",
      "properties": {
        "@id": "node/11987524029",
        "amenity": "restaurant",
        "name": "Gokana Ramen"
      },
      "geometry": {
        "type": "Point",
        "coordinates": [
          107.6111779,
          -6.9087559
        ]
      },
      "id": "node/11987524029"
    },
    {
      "type": "Feature",
      "properties": {
        "@id": "node/11987524179",
        "amenity": "restaurant",
        "name": "Yamie Hot Plate"
      },
      "geometry": {
        "type": "Point",
        "coordinates": [
          107.6113468,
          -6.9085163
        ]
      },
      "id": "node/11987524179"
    },
    {
      "type": "Feature",
      "properties": {
        "@id": "node/11987524438",
        "amenity": "restaurant",
        "name": "Lucky Ducky"
      },
      "geometry": {
        "type": "Point",
        "coordinates": [
          107.6114501,
          -6.9086281
        ]
      },
      "id": "node/11987524438"
    },
    {
      "type": "Feature",
      "properties": {
        "@id": "node/11987526833",
        "amenity": "restaurant",
        "name": "Shigeru Sushi"
      },
      "geometry": {
        "type": "Point",
        "coordinates": [
          107.611489,
          -6.9087014
        ]
      },
      "id": "node/11987526833"
    },
    {
      "type": "Feature",
      "properties": {
        "@id": "node/11987527994",
        "amenity": "restaurant",
        "name": "Justus Burger & Steak"
      },
      "geometry": {
        "type": "Point",
        "coordinates": [
          107.6113683,
          -6.9084444
        ]
      },
      "id": "node/11987527994"
    },
    {
      "type": "Feature",
      "properties": {
        "@id": "node/11987528958",
        "amenity": "restaurant",
        "name": "Asian Grill Express"
      },
      "geometry": {
        "type": "Point",
        "coordinates": [
          107.6113442,
          -6.9084005
        ]
      },
      "id": "node/11987528958"
    },
    {
      "type": "Feature",
      "properties": {
        "@id": "node/11987529015",
        "amenity": "restaurant",
        "name": "Issy Lacha Pratta"
      },
      "geometry": {
        "type": "Point",
        "coordinates": [
          107.6113696,
          -6.9083046
        ]
      },
      "id": "node/11987529015"
    },
    {
      "type": "Feature",
      "properties": {
        "@id": "node/11987529194",
        "amenity": "restaurant",
        "name": "Nasi Bakar Kama-Kan"
      },
      "geometry": {
        "type": "Point",
        "coordinates": [
          107.6115024,
          -6.9084111
        ]
      },
      "id": "node/11987529194"
    },
    {
      "type": "Feature",
      "properties": {
        "@id": "node/11987539703",
        "amenity": "restaurant",
        "name": "Saung Soto"
      },
      "geometry": {
        "type": "Point",
        "coordinates": [
          107.611316,
          -6.908475
        ]
      },
      "id": "node/11987539703"
    },
    {
      "type": "Feature",
      "properties": {
        "@id": "node/11988975410",
        "amenity": "restaurant",
        "name": "Sushi Tei"
      },
      "geometry": {
        "type": "Point",
        "coordinates": [
          107.6363128,
          -6.9262618
        ]
      },
      "id": "node/11988975410"
    },
    {
      "type": "Feature",
      "properties": {
        "@id": "node/11989036241",
        "amenity": "restaurant",
        "name": "Kimukatsu"
      },
      "geometry": {
        "type": "Point",
        "coordinates": [
          107.6368761,
          -6.9259848
        ]
      },
      "id": "node/11989036241"
    },
    {
      "type": "Feature",
      "properties": {
        "@id": "node/11989061356",
        "amenity": "restaurant",
        "name": "Zenbu"
      },
      "geometry": {
        "type": "Point",
        "coordinates": [
          107.6360553,
          -6.92652
        ]
      },
      "id": "node/11989061356"
    },
    {
      "type": "Feature",
      "properties": {
        "@id": "node/11989063564",
        "amenity": "restaurant",
        "name": "ShushiGo!"
      },
      "geometry": {
        "type": "Point",
        "coordinates": [
          107.636396,
          -6.92652
        ]
      },
      "id": "node/11989063564"
    },
    {
      "type": "Feature",
      "properties": {
        "@id": "node/11989065668",
        "amenity": "restaurant",
        "brand": "Bakmi GM",
        "brand:wikidata": "Q25464984",
        "cuisine": "noodle",
        "name": "Bakmi GM"
      },
      "geometry": {
        "type": "Point",
        "coordinates": [
          107.6364309,
          -6.9258357
        ]
      },
      "id": "node/11989065668"
    },
    {
      "type": "Feature",
      "properties": {
        "@id": "node/11989076895",
        "amenity": "restaurant",
        "name": "Shigeru"
      },
      "geometry": {
        "type": "Point",
        "coordinates": [
          107.636809,
          -6.9251168
        ]
      },
      "id": "node/11989076895"
    },
    {
      "type": "Feature",
      "properties": {
        "@id": "node/11989076896",
        "amenity": "restaurant",
        "name": "Ichiban Sushi"
      },
      "geometry": {
        "type": "Point",
        "coordinates": [
          107.6367205,
          -6.9255375
        ]
      },
      "id": "node/11989076896"
    },
    {
      "type": "Feature",
      "properties": {
        "@id": "node/11989076897",
        "amenity": "restaurant",
        "name": "Go! Go! Curry"
      },
      "geometry": {
        "type": "Point",
        "coordinates": [
          107.6366374,
          -6.9263124
        ]
      },
      "id": "node/11989076897"
    },
    {
      "type": "Feature",
      "properties": {
        "@id": "node/11989076899",
        "amenity": "restaurant",
        "name": "Dapur Solo"
      },
      "geometry": {
        "type": "Point",
        "coordinates": [
          107.6368815,
          -6.9252979
        ]
      },
      "id": "node/11989076899"
    },
    {
      "type": "Feature",
      "properties": {
        "@id": "node/11989077906",
        "amenity": "restaurant",
        "name": "Rempah Bistro"
      },
      "geometry": {
        "type": "Point",
        "coordinates": [
          107.637029,
          -6.9248133
        ]
      },
      "id": "node/11989077906"
    },
    {
      "type": "Feature",
      "properties": {
        "@id": "node/11989077907",
        "amenity": "restaurant",
        "name": "Ta Wan"
      },
      "geometry": {
        "type": "Point",
        "coordinates": [
          107.6364657,
          -6.9262245
        ]
      },
      "id": "node/11989077907"
    },
    {
      "type": "Feature",
      "properties": {
        "@id": "node/11989081537",
        "amenity": "restaurant",
        "name": "Yakiniku Like"
      },
      "geometry": {
        "type": "Point",
        "coordinates": [
          107.6364925,
          -6.9255482
        ]
      },
      "id": "node/11989081537"
    },
    {
      "type": "Feature",
      "properties": {
        "@id": "node/11989082926",
        "amenity": "restaurant",
        "name": "Ojju"
      },
      "geometry": {
        "type": "Point",
        "coordinates": [
          107.6365945,
          -6.9251168
        ]
      },
      "id": "node/11989082926"
    },
    {
      "type": "Feature",
      "properties": {
        "@id": "node/11989083592",
        "amenity": "restaurant",
        "name": "Tom Sushi"
      },
      "geometry": {
        "type": "Point",
        "coordinates": [
          107.6368976,
          -6.9256094
        ]
      },
      "id": "node/11989083592"
    },
    {
      "type": "Feature",
      "properties": {
        "@id": "node/11989085592",
        "amenity": "restaurant",
        "name": "Giggle Box"
      },
      "geometry": {
        "type": "Point",
        "coordinates": [
          107.6367205,
          -6.9259156
        ]
      },
      "id": "node/11989085592"
    },
    {
      "type": "Feature",
      "properties": {
        "@id": "node/11989085736",
        "amenity": "restaurant",
        "name": "A&W"
      },
      "geometry": {
        "type": "Point",
        "coordinates": [
          107.6365301,
          -6.9253112
        ]
      },
      "id": "node/11989085736"
    },
    {
      "type": "Feature",
      "properties": {
        "@id": "node/11989085740",
        "amenity": "restaurant",
        "name": "The Duck King"
      },
      "geometry": {
        "type": "Point",
        "coordinates": [
          107.6366293,
          -6.926552
        ]
      },
      "id": "node/11989085740"
    },
    {
      "type": "Feature",
      "properties": {
        "@id": "node/11989086599",
        "amenity": "restaurant",
        "brand": "Solaria",
        "brand:wikidata": "Q118136107",
        "cuisine": "indonesian",
        "name": "Solaria"
      },
      "geometry": {
        "type": "Point",
        "coordinates": [
          107.6367983,
          -6.9260541
        ]
      },
      "id": "node/11989086599"
    },
    {
      "type": "Feature",
      "properties": {
        "@id": "node/11989086600",
        "amenity": "restaurant",
        "name": "Gokana"
      },
      "geometry": {
        "type": "Point",
        "coordinates": [
          107.6366642,
          -6.9253911
        ]
      },
      "id": "node/11989086600"
    },
    {
      "type": "Feature",
      "properties": {
        "@id": "node/11989086867",
        "amenity": "restaurant",
        "name": "Pepper Lunch"
      },
      "geometry": {
        "type": "Point",
        "coordinates": [
          107.6362619,
          -6.926355
        ]
      },
      "id": "node/11989086867"
    },
    {
      "type": "Feature",
      "properties": {
        "@id": "node/11989087017",
        "amenity": "restaurant",
        "name": "Grill Time"
      },
      "geometry": {
        "type": "Point",
        "coordinates": [
          107.6366669,
          -6.9252553
        ]
      },
      "id": "node/11989087017"
    },
    {
      "type": "Feature",
      "properties": {
        "@id": "node/11989087378",
        "amenity": "restaurant",
        "name": "Gyu Katsu Nikaido"
      },
      "geometry": {
        "type": "Point",
        "coordinates": [
          107.6365301,
          -6.9257479
        ]
      },
      "id": "node/11989087378"
    },
    {
      "type": "Feature",
      "properties": {
        "@id": "node/11989087858",
        "amenity": "restaurant",
        "name": "Arigato Sushi"
      },
      "geometry": {
        "type": "Point",
        "coordinates": [
          107.6365972,
          -6.9248639
        ]
      },
      "id": "node/11989087858"
    },
    {
      "type": "Feature",
      "properties": {
        "@id": "node/11989088773",
        "amenity": "restaurant",
        "name": "Ramen Ya!"
      },
      "geometry": {
        "type": "Point",
        "coordinates": [
          107.6364014,
          -6.9260008
        ]
      },
      "id": "node/11989088773"
    },
    {
      "type": "Feature",
      "properties": {
        "@id": "node/11989091188",
        "amenity": "restaurant",
        "name": "Raa Cha"
      },
      "geometry": {
        "type": "Point",
        "coordinates": [
          107.6368305,
          -6.9253591
        ]
      },
      "id": "node/11989091188"
    },
    {
      "type": "Feature",
      "properties": {
        "@id": "node/11989099470",
        "amenity": "restaurant",
        "name": "Golden Lamian"
      },
      "geometry": {
        "type": "Point",
        "coordinates": [
          107.6366213,
          -6.9255242
        ]
      },
      "id": "node/11989099470"
    },
    {
      "type": "Feature",
      "properties": {
        "@id": "node/11989185368",
        "amenity": "restaurant",
        "name": "Warung Mie CGV"
      },
      "geometry": {
        "type": "Point",
        "coordinates": [
          107.6089302,
          -6.9080037
        ]
      },
      "id": "node/11989185368"
    },
    {
      "type": "Feature",
      "properties": {
        "@id": "node/11989228007",
        "amenity": "restaurant",
        "name": "Soto Dirra"
      },
      "geometry": {
        "type": "Point",
        "coordinates": [
          107.6090696,
          -6.9082354
        ]
      },
      "id": "node/11989228007"
    },
    {
      "type": "Feature",
      "properties": {
        "@id": "node/11989238235",
        "amenity": "restaurant",
        "name": "Resto Ramsteak Cianjur"
      },
      "geometry": {
        "type": "Point",
        "coordinates": [
          107.6100232,
          -6.936835
        ]
      },
      "id": "node/11989238235"
    },
    {
      "type": "Feature",
      "properties": {
        "@id": "node/11989261489",
        "amenity": "restaurant",
        "name": "Asian Grill Express"
      },
      "geometry": {
        "type": "Point",
        "coordinates": [
          107.6088604,
          -6.9081608
        ]
      },
      "id": "node/11989261489"
    },
    {
      "type": "Feature",
      "properties": {
        "@id": "node/11989264999",
        "amenity": "restaurant",
        "name": "Pempek Sungai Musi"
      },
      "geometry": {
        "type": "Point",
        "coordinates": [
          107.6087585,
          -6.9081262
        ]
      },
      "id": "node/11989264999"
    },
    {
      "type": "Feature",
      "properties": {
        "@id": "node/11989268478",
        "amenity": "restaurant",
        "name": "Miehotplet Express"
      },
      "geometry": {
        "type": "Point",
        "coordinates": [
          107.6088363,
          -6.9080024
        ]
      },
      "id": "node/11989268478"
    },
    {
      "type": "Feature",
      "properties": {
        "@id": "node/11989268916",
        "amenity": "restaurant",
        "name": "Dapur Neng Geulis"
      },
      "geometry": {
        "type": "Point",
        "coordinates": [
          107.6091112,
          -6.9081781
        ]
      },
      "id": "node/11989268916"
    },
    {
      "type": "Feature",
      "properties": {
        "@id": "node/11989280172",
        "amenity": "restaurant",
        "name": "Nasi Goreng Bistik Sawah Kurung"
      },
      "geometry": {
        "type": "Point",
        "coordinates": [
          107.6116238,
          -6.9360102
        ]
      },
      "id": "node/11989280172"
    },
    {
      "type": "Feature",
      "properties": {
        "@id": "node/11989401250",
        "amenity": "restaurant",
        "name": "Mie Baso Ramdhan"
      },
      "geometry": {
        "type": "Point",
        "coordinates": [
          107.6132378,
          -6.9345318
        ]
      },
      "id": "node/11989401250"
    },
    {
      "type": "Feature",
      "properties": {
        "@id": "node/11989401251",
        "amenity": "restaurant",
        "name": "Ayam Geprek Jogja"
      },
      "geometry": {
        "type": "Point",
        "coordinates": [
          107.613681,
          -6.9342203
        ]
      },
      "id": "node/11989401251"
    },
    {
      "type": "Feature",
      "properties": {
        "@id": "node/11989402140",
        "amenity": "restaurant",
        "name": "Ayam Goreng Sinar Pemuda 2"
      },
      "geometry": {
        "type": "Point",
        "coordinates": [
          107.615859,
          -6.930307
        ]
      },
      "id": "node/11989402140"
    },
    {
      "type": "Feature",
      "properties": {
        "@id": "node/11989412687",
        "amenity": "restaurant",
        "name": "Bebek Garang"
      },
      "geometry": {
        "type": "Point",
        "coordinates": [
          107.6167414,
          -6.9270739
        ]
      },
      "id": "node/11989412687"
    },
    {
      "type": "Feature",
      "properties": {
        "@id": "node/11989413333",
        "alt_name": "Warteg HPWBR Bahari",
        "amenity": "restaurant",
        "name": "HPWBR Bahari"
      },
      "geometry": {
        "type": "Point",
        "coordinates": [
          107.6164155,
          -6.9295947
        ]
      },
      "id": "node/11989413333"
    },
    {
      "type": "Feature",
      "properties": {
        "@id": "node/11989415208",
        "amenity": "restaurant",
        "name": "Kokka Pan & Pot"
      },
      "geometry": {
        "type": "Point",
        "coordinates": [
          107.6167897,
          -6.9268196
        ]
      },
      "id": "node/11989415208"
    },
    {
      "type": "Feature",
      "properties": {
        "@id": "node/11989415305",
        "amenity": "restaurant",
        "name": "Baso Aci Ganteng"
      },
      "geometry": {
        "type": "Point",
        "coordinates": [
          107.6151797,
          -6.9324097
        ]
      },
      "id": "node/11989415305"
    },
    {
      "type": "Feature",
      "properties": {
        "@id": "node/11989415537",
        "amenity": "restaurant",
        "name": "Warung Steak Warjo"
      },
      "geometry": {
        "type": "Point",
        "coordinates": [
          107.61753,
          -6.9241882
        ]
      },
      "id": "node/11989415537"
    },
    {
      "type": "Feature",
      "properties": {
        "@id": "node/11989417973",
        "amenity": "restaurant",
        "name": "RM Sabana Kapau"
      },
      "geometry": {
        "type": "Point",
        "coordinates": [
          107.6145561,
          -6.9327352
        ]
      },
      "id": "node/11989417973"
    },
    {
      "type": "Feature",
      "properties": {
        "@id": "node/11989418360",
        "amenity": "restaurant",
        "name": "Kantin Rai"
      },
      "geometry": {
        "type": "Point",
        "coordinates": [
          107.6145018,
          -6.9327759
        ]
      },
      "id": "node/11989418360"
    },
    {
      "type": "Feature",
      "properties": {
        "@id": "node/11989422319",
        "amenity": "restaurant",
        "name": "Ayam Gepuk Pak Gembus"
      },
      "geometry": {
        "type": "Point",
        "coordinates": [
          107.6159099,
          -6.9301445
        ]
      },
      "id": "node/11989422319"
    },
    {
      "type": "Feature",
      "properties": {
        "@id": "node/11989425916",
        "amenity": "restaurant",
        "name": "SirLoin Beef House"
      },
      "geometry": {
        "type": "Point",
        "coordinates": [
          107.6170888,
          -6.9255309
        ]
      },
      "id": "node/11989425916"
    },
    {
      "type": "Feature",
      "properties": {
        "@id": "node/11989431419",
        "amenity": "restaurant",
        "name": "Sate Gule Kambing HM Haris"
      },
      "geometry": {
        "type": "Point",
        "coordinates": [
          107.6170928,
          -6.9221679
        ]
      },
      "id": "node/11989431419"
    },
    {
      "type": "Feature",
      "properties": {
        "@id": "node/11989433992",
        "amenity": "restaurant",
        "name": "Tenong Cilukba"
      },
      "geometry": {
        "type": "Point",
        "coordinates": [
          107.6168266,
          -6.9277988
        ]
      },
      "id": "node/11989433992"
    },
    {
      "type": "Feature",
      "properties": {
        "@id": "node/11989437369",
        "amenity": "restaurant",
        "name": "Sambal Bakar Sultan"
      },
      "geometry": {
        "type": "Point",
        "coordinates": [
          107.617133,
          -6.9266146
        ]
      },
      "id": "node/11989437369"
    },
    {
      "type": "Feature",
      "properties": {
        "@id": "node/11989521613",
        "amenity": "restaurant",
        "name": "Kisah Manis"
      },
      "geometry": {
        "type": "Point",
        "coordinates": [
          107.6177895,
          -6.9188256
        ]
      },
      "id": "node/11989521613"
    },
    {
      "type": "Feature",
      "properties": {
        "@id": "node/11989537474",
        "amenity": "restaurant",
        "name": "Pinuka Catering & Resto"
      },
      "geometry": {
        "type": "Point",
        "coordinates": [
          107.6186579,
          -6.921262
        ]
      },
      "id": "node/11989537474"
    },
    {
      "type": "Feature",
      "properties": {
        "@id": "node/11989585079",
        "amenity": "restaurant",
        "name": "Ayam Taliwang Khas Lombok"
      },
      "geometry": {
        "type": "Point",
        "coordinates": [
          107.6182602,
          -6.9112789
        ]
      },
      "id": "node/11989585079"
    },
    {
      "type": "Feature",
      "properties": {
        "@id": "node/11989586228",
        "amenity": "restaurant",
        "name": "Lumiko"
      },
      "geometry": {
        "type": "Point",
        "coordinates": [
          107.6165396,
          -6.9118054
        ]
      },
      "id": "node/11989586228"
    },
    {
      "type": "Feature",
      "properties": {
        "@id": "node/11989768835",
        "amenity": "restaurant",
        "name": "Wingz O Wingz"
      },
      "geometry": {
        "type": "Point",
        "coordinates": [
          107.6143395,
          -6.9380957
        ]
      },
      "id": "node/11989768835"
    },
    {
      "type": "Feature",
      "properties": {
        "@id": "node/11989769631",
        "amenity": "restaurant",
        "name": "Secbowl Cloud Kitchen"
      },
      "geometry": {
        "type": "Point",
        "coordinates": [
          107.6106354,
          -6.93744
        ]
      },
      "id": "node/11989769631"
    },
    {
      "type": "Feature",
      "properties": {
        "@id": "node/11989786316",
        "amenity": "restaurant",
        "name": "Gepuk Ny. Ong"
      },
      "geometry": {
        "type": "Point",
        "coordinates": [
          107.6242523,
          -6.9382861
        ]
      },
      "id": "node/11989786316"
    },
    {
      "type": "Feature",
      "properties": {
        "@id": "node/11989797530",
        "amenity": "restaurant",
        "name": "Spesial Soto Boyolali"
      },
      "geometry": {
        "type": "Point",
        "coordinates": [
          107.624198,
          -6.9381716
        ]
      },
      "id": "node/11989797530"
    },
    {
      "type": "Feature",
      "properties": {
        "@id": "node/11989798285",
        "amenity": "restaurant",
        "name": "Ayam Serundeng Ceu Odah"
      },
      "geometry": {
        "type": "Point",
        "coordinates": [
          107.6242342,
          -6.9382688
        ]
      },
      "id": "node/11989798285"
    },
    {
      "type": "Feature",
      "properties": {
        "@id": "node/11989877213",
        "amenity": "restaurant",
        "name": "Shaburi & Kintan Buffet"
      },
      "geometry": {
        "type": "Point",
        "coordinates": [
          107.5961944,
          -6.890207
        ]
      },
      "id": "node/11989877213"
    },
    {
      "type": "Feature",
      "properties": {
        "@id": "node/11989894102",
        "amenity": "restaurant",
        "name": "RamenYa!"
      },
      "geometry": {
        "type": "Point",
        "coordinates": [
          107.596187,
          -6.8903994
        ]
      },
      "id": "node/11989894102"
    },
    {
      "type": "Feature",
      "properties": {
        "@id": "node/11989899094",
        "amenity": "restaurant",
        "name": "Marugame Udon"
      },
      "geometry": {
        "type": "Point",
        "coordinates": [
          107.5963546,
          -6.8903841
        ]
      },
      "id": "node/11989899094"
    },
    {
      "type": "Feature",
      "properties": {
        "@id": "node/11989904876",
        "amenity": "restaurant",
        "name": "Fish and Co"
      },
      "geometry": {
        "type": "Point",
        "coordinates": [
          107.5962594,
          -6.8903694
        ]
      },
      "id": "node/11989904876"
    },
    {
      "type": "Feature",
      "properties": {
        "@id": "node/11989920371",
        "amenity": "restaurant",
        "name": "Solaria"
      },
      "geometry": {
        "type": "Point",
        "coordinates": [
          107.5963399,
          -6.890456
        ]
      },
      "id": "node/11989920371"
    },
    {
      "type": "Feature",
      "properties": {
        "@id": "node/11989938460",
        "amenity": "restaurant",
        "name": "Tom Sushi"
      },
      "geometry": {
        "type": "Point",
        "coordinates": [
          107.5963064,
          -6.8900725
        ]
      },
      "id": "node/11989938460"
    },
    {
      "type": "Feature",
      "properties": {
        "@id": "node/11989944589",
        "amenity": "restaurant",
        "name": "Ramen 1"
      },
      "geometry": {
        "type": "Point",
        "coordinates": [
          107.5958919,
          -6.8902802
        ]
      },
      "id": "node/11989944589"
    },
    {
      "type": "Feature",
      "properties": {
        "@id": "node/11989945577",
        "amenity": "restaurant",
        "name": "Gyukaku"
      },
      "geometry": {
        "type": "Point",
        "coordinates": [
          107.5960441,
          -6.8895219
        ]
      },
      "id": "node/11989945577"
    },
    {
      "type": "Feature",
      "properties": {
        "@id": "node/11989945578",
        "amenity": "restaurant",
        "name": "Kasugai Ramen"
      },
      "geometry": {
        "type": "Point",
        "coordinates": [
          107.596482,
          -6.8902775
        ]
      },
      "id": "node/11989945578"
    },
    {
      "type": "Feature",
      "properties": {
        "@id": "node/11989946038",
        "amenity": "restaurant",
        "name": "Justus Steak House"
      },
      "geometry": {
        "type": "Point",
        "coordinates": [
          107.5957847,
          -6.8893868
        ]
      },
      "id": "node/11989946038"
    },
    {
      "type": "Feature",
      "properties": {
        "@id": "node/11989946949",
        "amenity": "restaurant",
        "name": "Tiga Wonton"
      },
      "geometry": {
        "type": "Point",
        "coordinates": [
          107.596073,
          -6.890428
        ]
      },
      "id": "node/11989946949"
    },
    {
      "type": "Feature",
      "properties": {
        "@id": "node/11989951680",
        "amenity": "restaurant",
        "name": "Sate Khas Senayan"
      },
      "geometry": {
        "type": "Point",
        "coordinates": [
          107.596183,
          -6.8882644
        ]
      },
      "id": "node/11989951680"
    },
    {
      "type": "Feature",
      "properties": {
        "@id": "node/11989952373",
        "amenity": "restaurant",
        "name": "Rempah Bistro"
      },
      "geometry": {
        "type": "Point",
        "coordinates": [
          107.5962031,
          -6.8904733
        ]
      },
      "id": "node/11989952373"
    },
    {
      "type": "Feature",
      "properties": {
        "@id": "node/11989952374",
        "amenity": "restaurant",
        "name": "Sushi Hiro"
      },
      "geometry": {
        "type": "Point",
        "coordinates": [
          107.5956801,
          -6.8903055
        ]
      },
      "id": "node/11989952374"
    },
    {
      "type": "Feature",
      "properties": {
        "@id": "node/11989966553",
        "amenity": "restaurant",
        "name": "Yamie Hot Plate"
      },
      "geometry": {
        "type": "Point",
        "coordinates": [
          107.597044,
          -6.9056512
        ]
      },
      "id": "node/11989966553"
    },
    {
      "type": "Feature",
      "properties": {
        "@id": "node/11989976186",
        "amenity": "restaurant",
        "name": "Happy Suki Gyukatsu & BBQ"
      },
      "geometry": {
        "type": "Point",
        "coordinates": [
          107.5968039,
          -6.9056885
        ]
      },
      "id": "node/11989976186"
    },
    {
      "type": "Feature",
      "properties": {
        "@id": "node/11989989345",
        "amenity": "restaurant",
        "name": "Mie Tarik King"
      },
      "geometry": {
        "type": "Point",
        "coordinates": [
          107.5967395,
          -6.9058176
        ]
      },
      "id": "node/11989989345"
    },
    {
      "type": "Feature",
      "properties": {
        "@id": "node/11990103354",
        "amenity": "restaurant",
        "name": "Bandung People's Place"
      },
      "geometry": {
        "type": "Point",
        "coordinates": [
          107.5985943,
          -6.9063555
        ]
      },
      "id": "node/11990103354"
    },
    {
      "type": "Feature",
      "properties": {
        "@id": "node/11990113951",
        "amenity": "restaurant",
        "name": "Rumah Makan Santung"
      },
      "geometry": {
        "type": "Point",
        "coordinates": [
          107.5998294,
          -6.9069959
        ]
      },
      "id": "node/11990113951"
    },
    {
      "type": "Feature",
      "properties": {
        "@id": "node/11990121205",
        "amenity": "restaurant",
        "name": "Rose Flower Restaurant"
      },
      "geometry": {
        "type": "Point",
        "coordinates": [
          107.6188999,
          -6.9217839
        ]
      },
      "id": "node/11990121205"
    },
    {
      "type": "Feature",
      "properties": {
        "@id": "node/11990123401",
        "amenity": "restaurant",
        "name": "Warung Nasi Indra Rasa"
      },
      "geometry": {
        "type": "Point",
        "coordinates": [
          107.5953092,
          -6.9452646
        ]
      },
      "id": "node/11990123401"
    },
    {
      "type": "Feature",
      "properties": {
        "@id": "node/11990128302",
        "amenity": "restaurant",
        "name": "Baso Putra Solo"
      },
      "geometry": {
        "type": "Point",
        "coordinates": [
          107.5954263,
          -6.9461256
        ]
      },
      "id": "node/11990128302"
    },
    {
      "type": "Feature",
      "properties": {
        "@id": "node/11990136347",
        "amenity": "restaurant",
        "name": "Ayam Bakar Merot"
      },
      "geometry": {
        "type": "Point",
        "coordinates": [
          107.5953548,
          -6.9451361
        ]
      },
      "id": "node/11990136347"
    },
    {
      "type": "Feature",
      "properties": {
        "@id": "node/11990142257",
        "amenity": "restaurant",
        "name": "Bebek Gahar"
      },
      "geometry": {
        "type": "Point",
        "coordinates": [
          107.6216733,
          -6.9202968
        ]
      },
      "id": "node/11990142257"
    },
    {
      "type": "Feature",
      "properties": {
        "@id": "node/11990150155",
        "amenity": "restaurant",
        "name": "Sinar Gobah Masakan Padang"
      },
      "geometry": {
        "type": "Point",
        "coordinates": [
          107.5954259,
          -6.9461539
        ]
      },
      "id": "node/11990150155"
    },
    {
      "type": "Feature",
      "properties": {
        "@id": "node/11990165407",
        "amenity": "restaurant",
        "name": "Mie Aceh 86"
      },
      "geometry": {
        "type": "Point",
        "coordinates": [
          107.6056619,
          -6.9235752
        ]
      },
      "id": "node/11990165407"
    },
    {
      "type": "Feature",
      "properties": {
        "@id": "node/11990172950",
        "amenity": "restaurant",
        "name": "Nasi Pecel Surabaya"
      },
      "geometry": {
        "type": "Point",
        "coordinates": [
          107.6054339,
          -6.9236763
        ]
      },
      "id": "node/11990172950"
    },
    {
      "type": "Feature",
      "properties": {
        "@id": "node/11990173382",
        "amenity": "restaurant",
        "name": "Mie Bakso Tulang Sapi & Ayam AA"
      },
      "geometry": {
        "type": "Point",
        "coordinates": [
          107.6060823,
          -6.9243673
        ]
      },
      "id": "node/11990173382"
    },
    {
      "type": "Feature",
      "properties": {
        "@id": "node/11990174760",
        "amenity": "restaurant",
        "name": "Yo Ramen"
      },
      "geometry": {
        "type": "Point",
        "coordinates": [
          107.6059704,
          -6.9236444
        ]
      },
      "id": "node/11990174760"
    },
    {
      "type": "Feature",
      "properties": {
        "@id": "node/11990180299",
        "amenity": "restaurant",
        "name": "Saung Nikmat GMR"
      },
      "geometry": {
        "type": "Point",
        "coordinates": [
          107.6057692,
          -6.9237482
        ]
      },
      "id": "node/11990180299"
    },
    {
      "type": "Feature",
      "properties": {
        "@id": "node/11990181113",
        "amenity": "restaurant",
        "name": "Bakmi Djogja Arjuna"
      },
      "geometry": {
        "type": "Point",
        "coordinates": [
          107.60545,
          -6.9237296
        ]
      },
      "id": "node/11990181113"
    },
    {
      "type": "Feature",
      "properties": {
        "@id": "node/11990185016",
        "amenity": "restaurant",
        "name": "Nasi Kebuli 1881"
      },
      "geometry": {
        "type": "Point",
        "coordinates": [
          107.605399,
          -6.9237802
        ]
      },
      "id": "node/11990185016"
    },
    {
      "type": "Feature",
      "properties": {
        "@id": "node/11990189711",
        "amenity": "restaurant",
        "name": "Iga Bakar Si Jangkung"
      },
      "geometry": {
        "type": "Point",
        "coordinates": [
          107.6054902,
          -6.9235539
        ]
      },
      "id": "node/11990189711"
    },
    {
      "type": "Feature",
      "properties": {
        "@id": "node/11990189712",
        "amenity": "restaurant",
        "name": "Bebek Ireng Suroboyo Cak Baz"
      },
      "geometry": {
        "type": "Point",
        "coordinates": [
          107.6055989,
          -6.9236138
        ]
      },
      "id": "node/11990189712"
    },
    {
      "type": "Feature",
      "properties": {
        "@id": "node/11990189833",
        "amenity": "restaurant",
        "name": "Rumah Makan Basalero Masakan Padang"
      },
      "geometry": {
        "type": "Point",
        "coordinates": [
          107.6039962,
          -6.9240138
        ]
      },
      "id": "node/11990189833"
    },
    {
      "type": "Feature",
      "properties": {
        "@id": "node/11990190440",
        "amenity": "restaurant",
        "name": "Alam Sunda"
      },
      "geometry": {
        "type": "Point",
        "coordinates": [
          107.6039701,
          -6.9237882
        ]
      },
      "id": "node/11990190440"
    },
    {
      "type": "Feature",
      "properties": {
        "@id": "node/11990198033",
        "amenity": "restaurant",
        "name": "Baso Malang Raos"
      },
      "geometry": {
        "type": "Point",
        "coordinates": [
          107.6055224,
          -6.9236444
        ]
      },
      "id": "node/11990198033"
    },
    {
      "type": "Feature",
      "properties": {
        "@id": "node/11990199572",
        "amenity": "restaurant",
        "brand": "California Fried Chicken",
        "brand:wikidata": "Q5020502",
        "cuisine": "chicken",
        "name": "CFC"
      },
      "geometry": {
        "type": "Point",
        "coordinates": [
          107.6058979,
          -6.9238787
        ]
      },
      "id": "node/11990199572"
    },
    {
      "type": "Feature",
      "properties": {
        "@id": "node/11990220085",
        "amenity": "restaurant",
        "name": "Warung Nasi Ampera"
      },
      "geometry": {
        "type": "Point",
        "coordinates": [
          107.604003,
          -6.923874
        ]
      },
      "id": "node/11990220085"
    },
    {
      "type": "Feature",
      "properties": {
        "@id": "node/11990909758",
        "amenity": "restaurant",
        "brand": "Solaria",
        "brand:wikidata": "Q118136107",
        "cuisine": "indonesian",
        "name": "Solaria"
      },
      "geometry": {
        "type": "Point",
        "coordinates": [
          107.6046829,
          -6.9229401
        ]
      },
      "id": "node/11990909758"
    },
    {
      "type": "Feature",
      "properties": {
        "@id": "node/11990914043",
        "amenity": "restaurant",
        "name": "Baso Cuanki"
      },
      "geometry": {
        "type": "Point",
        "coordinates": [
          107.6051804,
          -6.9226938
        ]
      },
      "id": "node/11990914043"
    },
    {
      "type": "Feature",
      "properties": {
        "@id": "node/11990917429",
        "amenity": "restaurant",
        "name": "Dapoer Saranguan"
      },
      "geometry": {
        "type": "Point",
        "coordinates": [
          107.6052837,
          -6.9228123
        ]
      },
      "id": "node/11990917429"
    },
    {
      "type": "Feature",
      "properties": {
        "@id": "node/11990962308",
        "amenity": "restaurant",
        "name": "Ow My Plate"
      },
      "geometry": {
        "type": "Point",
        "coordinates": [
          107.6047526,
          -6.9226579
        ]
      },
      "id": "node/11990962308"
    },
    {
      "type": "Feature",
      "properties": {
        "@id": "node/11990963318",
        "amenity": "restaurant",
        "name": "Steak Moen Moen"
      },
      "geometry": {
        "type": "Point",
        "coordinates": [
          107.6047888,
          -6.9228136
        ]
      },
      "id": "node/11990963318"
    },
    {
      "type": "Feature",
      "properties": {
        "@id": "node/11990967827",
        "amenity": "restaurant",
        "name": "Sate Taichan Senayan"
      },
      "geometry": {
        "type": "Point",
        "coordinates": [
          107.6050195,
          -6.9227351
        ]
      },
      "id": "node/11990967827"
    },
    {
      "type": "Feature",
      "properties": {
        "@id": "node/11990973385",
        "amenity": "restaurant",
        "name": "Mie Tarik King"
      },
      "geometry": {
        "type": "Point",
        "coordinates": [
          107.6049913,
          -6.922807
        ]
      },
      "id": "node/11990973385"
    },
    {
      "type": "Feature",
      "properties": {
        "@id": "node/11990976885",
        "amenity": "restaurant",
        "name": "Raa Cha Suki & BBQ"
      },
      "geometry": {
        "type": "Point",
        "coordinates": [
          107.6050892,
          -6.9229721
        ]
      },
      "id": "node/11990976885"
    },
    {
      "type": "Feature",
      "properties": {
        "@id": "node/11990977130",
        "amenity": "restaurant",
        "name": "Gokana Ramen & Teppan"
      },
      "geometry": {
        "type": "Point",
        "coordinates": [
          107.6051563,
          -6.9225966
        ]
      },
      "id": "node/11990977130"
    },
    {
      "type": "Feature",
      "properties": {
        "@id": "node/11990977899",
        "amenity": "restaurant",
        "name": "D'Bakmie"
      },
      "geometry": {
        "type": "Point",
        "coordinates": [
          107.6048747,
          -6.9228802
        ]
      },
      "id": "node/11990977899"
    },
    {
      "type": "Feature",
      "properties": {
        "@id": "node/11990977900",
        "amenity": "restaurant",
        "name": "Ayam & Bebek Goreng Kalasan"
      },
      "geometry": {
        "type": "Point",
        "coordinates": [
          107.6050879,
          -6.9226273
        ]
      },
      "id": "node/11990977900"
    },
    {
      "type": "Feature",
      "properties": {
        "@id": "node/11990977901",
        "amenity": "restaurant",
        "name": "Gokimura"
      },
      "geometry": {
        "type": "Point",
        "coordinates": [
          107.6047271,
          -6.9228549
        ]
      },
      "id": "node/11990977901"
    },
    {
      "type": "Feature",
      "properties": {
        "@id": "node/11990978573",
        "amenity": "restaurant",
        "name": "Tokio Kitchen"
      },
      "geometry": {
        "type": "Point",
        "coordinates": [
          107.6047271,
          -6.9227617
        ]
      },
      "id": "node/11990978573"
    },
    {
      "type": "Feature",
      "properties": {
        "@id": "node/11990993160",
        "amenity": "restaurant",
        "name": "Warung Nasi Ampera"
      },
      "geometry": {
        "type": "Point",
        "coordinates": [
          107.6069219,
          -6.9273328
        ]
      },
      "id": "node/11990993160"
    },
    {
      "type": "Feature",
      "properties": {
        "@id": "node/11990997307",
        "amenity": "restaurant",
        "name": "Dapoer Kabita 1444"
      },
      "geometry": {
        "type": "Point",
        "coordinates": [
          107.604357,
          -6.9230772
        ]
      },
      "id": "node/11990997307"
    },
    {
      "type": "Feature",
      "properties": {
        "@id": "node/11991015451",
        "amenity": "restaurant",
        "name": "Warung Nasi Ampera"
      },
      "geometry": {
        "type": "Point",
        "coordinates": [
          107.6061197,
          -6.9231248
        ]
      },
      "id": "node/11991015451"
    },
    {
      "type": "Feature",
      "properties": {
        "@id": "node/11991020072",
        "amenity": "restaurant",
        "name": "Bebek Salero"
      },
      "geometry": {
        "type": "Point",
        "coordinates": [
          107.6062144,
          -6.9230207
        ]
      },
      "id": "node/11991020072"
    },
    {
      "type": "Feature",
      "properties": {
        "@id": "node/11991024500",
        "amenity": "restaurant",
        "name": "Bakso Tulang Iga Sanguan"
      },
      "geometry": {
        "type": "Point",
        "coordinates": [
          107.6041022,
          -6.9316429
        ]
      },
      "id": "node/11991024500"
    },
    {
      "type": "Feature",
      "properties": {
        "@id": "node/11991064803",
        "amenity": "restaurant",
        "name": "Warung Nasi Bu Imas"
      },
      "geometry": {
        "type": "Point",
        "coordinates": [
          107.6072538,
          -6.925889
        ]
      },
      "id": "node/11991064803"
    },
    {
      "type": "Feature",
      "properties": {
        "@id": "node/11991158915",
        "amenity": "restaurant",
        "name": "Braga Weg"
      },
      "geometry": {
        "type": "Point",
        "coordinates": [
          107.6092165,
          -6.9167135
        ]
      },
      "id": "node/11991158915"
    },
    {
      "type": "Feature",
      "properties": {
        "@id": "node/11991168071",
        "amenity": "restaurant",
        "name": "Mie Jowo Pak Slamet"
      },
      "geometry": {
        "type": "Point",
        "coordinates": [
          107.6089409,
          -6.9164565
        ]
      },
      "id": "node/11991168071"
    },
    {
      "type": "Feature",
      "properties": {
        "@id": "node/11991173220",
        "amenity": "restaurant",
        "check_date": "2026-06-28",
        "cuisine": "thai",
        "name": "Noi Nan Pat Chawadee"
      },
      "geometry": {
        "type": "Point",
        "coordinates": [
          107.6097395,
          -6.9192969
        ]
      },
      "id": "node/11991173220"
    },
    {
      "type": "Feature",
      "properties": {
        "@id": "node/11991173221",
        "amenity": "restaurant",
        "name": "RestoeBoemi"
      },
      "geometry": {
        "type": "Point",
        "coordinates": [
          107.6097429,
          -6.9186106
        ]
      },
      "id": "node/11991173221"
    },
    {
      "type": "Feature",
      "properties": {
        "@id": "node/11991178366",
        "addr:housenumber": "105",
        "addr:street": "Jalan Braga",
        "air_conditioning": "yes",
        "amenity": "restaurant",
        "contact:instagram": "konrodaeng",
        "cuisine": "indonesian;noodle",
        "internet_access": "wlan",
        "mobile": "+62 821-9723-8434",
        "name": "Mih Kocok Mang Dadeng",
        "smoking": "no",
        "toilets": "yes",
        "toilets:access": "customers",
        "wheelchair": "limited"
      },
      "geometry": {
        "type": "Point",
        "coordinates": [
          107.609075,
          -6.9168559
        ]
      },
      "id": "node/11991178366"
    },
    {
      "type": "Feature",
      "properties": {
        "@id": "node/11991184982",
        "amenity": "restaurant",
        "name": "Wing Lok"
      },
      "geometry": {
        "type": "Point",
        "coordinates": [
          107.6088376,
          -6.9161583
        ]
      },
      "id": "node/11991184982"
    },
    {
      "type": "Feature",
      "properties": {
        "@id": "node/11991186703",
        "amenity": "restaurant",
        "name": "Bebek Kaleyo"
      },
      "geometry": {
        "type": "Point",
        "coordinates": [
          107.613274,
          -6.9172726
        ]
      },
      "id": "node/11991186703"
    },
    {
      "type": "Feature",
      "properties": {
        "@id": "node/11991332686",
        "amenity": "restaurant",
        "name": "Ikugo Grill & Hot Pot"
      },
      "geometry": {
        "type": "Point",
        "coordinates": [
          107.6055492,
          -6.8929137
        ]
      },
      "id": "node/11991332686"
    },
    {
      "type": "Feature",
      "properties": {
        "@id": "node/11991332711",
        "amenity": "restaurant",
        "name": "Raa Cha Suki & BBQ"
      },
      "geometry": {
        "type": "Point",
        "coordinates": [
          107.6054004,
          -6.8936953
        ]
      },
      "id": "node/11991332711"
    },
    {
      "type": "Feature",
      "properties": {
        "@id": "node/11991339595",
        "amenity": "restaurant",
        "name": "Re-Juve"
      },
      "geometry": {
        "type": "Point",
        "coordinates": [
          107.6050745,
          -6.893216
        ]
      },
      "id": "node/11991339595"
    },
    {
      "type": "Feature",
      "properties": {
        "@id": "node/11991339909",
        "amenity": "restaurant",
        "name": "Ta Wan"
      },
      "geometry": {
        "type": "Point",
        "coordinates": [
          107.6057437,
          -6.8935368
        ]
      },
      "id": "node/11991339909"
    },
    {
      "type": "Feature",
      "properties": {
        "@id": "node/11991340247",
        "amenity": "restaurant",
        "name": "Solaria"
      },
      "geometry": {
        "type": "Point",
        "coordinates": [
          107.6054889,
          -6.8936633
        ]
      },
      "id": "node/11991340247"
    },
    {
      "type": "Feature",
      "properties": {
        "@id": "node/11991347743",
        "amenity": "restaurant",
        "name": "Ichiban Sushi"
      },
      "geometry": {
        "type": "Point",
        "coordinates": [
          107.6051952,
          -6.8934144
        ]
      },
      "id": "node/11991347743"
    },
    {
      "type": "Feature",
      "properties": {
        "@id": "node/11991352067",
        "amenity": "restaurant",
        "name": "Warung Talaga"
      },
      "geometry": {
        "type": "Point",
        "coordinates": [
          107.6053856,
          -6.8937579
        ]
      },
      "id": "node/11991352067"
    },
    {
      "type": "Feature",
      "properties": {
        "@id": "node/11991360053",
        "amenity": "restaurant",
        "name": "Dapur Cihampelas"
      },
      "geometry": {
        "type": "Point",
        "coordinates": [
          107.6041733,
          -6.8977654
        ]
      },
      "id": "node/11991360053"
    },
    {
      "type": "Feature",
      "properties": {
        "@id": "node/11991369942",
        "amenity": "restaurant",
        "name": "Bakmi GM"
      },
      "geometry": {
        "type": "Point",
        "coordinates": [
          107.6051965,
          -6.893172
        ]
      },
      "id": "node/11991369942"
    },
    {
      "type": "Feature",
      "properties": {
        "@id": "node/11991375196",
        "amenity": "restaurant",
        "name": "Imperial Kitchen & Dimsum"
      },
      "geometry": {
        "type": "Point",
        "coordinates": [
          107.6050571,
          -6.8930389
        ]
      },
      "id": "node/11991375196"
    },
    {
      "type": "Feature",
      "properties": {
        "@id": "node/11991375197",
        "amenity": "restaurant",
        "name": "Ramen 10"
      },
      "geometry": {
        "type": "Point",
        "coordinates": [
          107.6054648,
          -6.893871
        ]
      },
      "id": "node/11991375197"
    },
    {
      "type": "Feature",
      "properties": {
        "@id": "node/11991375215",
        "amenity": "restaurant",
        "name": "Bakso Malang Karapitan"
      },
      "geometry": {
        "type": "Point",
        "coordinates": [
          107.6054701,
          -6.8930149
        ]
      },
      "id": "node/11991375215"
    },
    {
      "type": "Feature",
      "properties": {
        "@id": "node/11991392920",
        "amenity": "restaurant",
        "name": "RM Rajo Minang"
      },
      "geometry": {
        "type": "Point",
        "coordinates": [
          107.6039091,
          -6.8981342
        ]
      },
      "id": "node/11991392920"
    },
    {
      "type": "Feature",
      "properties": {
        "@id": "node/11991394119",
        "amenity": "restaurant",
        "name": "Mangkok Manis"
      },
      "geometry": {
        "type": "Point",
        "coordinates": [
          107.6039252,
          -6.8988891
        ]
      },
      "id": "node/11991394119"
    },
    {
      "type": "Feature",
      "properties": {
        "@id": "node/11991399573",
        "amenity": "restaurant",
        "name": "Warung Nasi Ampera"
      },
      "geometry": {
        "type": "Point",
        "coordinates": [
          107.6042028,
          -6.8978799
        ]
      },
      "id": "node/11991399573"
    },
    {
      "type": "Feature",
      "properties": {
        "@id": "node/11992825895",
        "amenity": "restaurant"
      },
      "geometry": {
        "type": "Point",
        "coordinates": [
          107.5896742,
          -6.8607257
        ]
      },
      "id": "node/11992825895"
    },
    {
      "type": "Feature",
      "properties": {
        "@id": "node/12010088512",
        "amenity": "restaurant",
        "name": "Hutanika"
      },
      "geometry": {
        "type": "Point",
        "coordinates": [
          107.6125981,
          -6.9215477
        ]
      },
      "id": "node/12010088512"
    },
    {
      "type": "Feature",
      "properties": {
        "@id": "node/12012280713",
        "amenity": "restaurant",
        "name": "Justus"
      },
      "geometry": {
        "type": "Point",
        "coordinates": [
          107.5961276,
          -6.8884196
        ]
      },
      "id": "node/12012280713"
    },
    {
      "type": "Feature",
      "properties": {
        "@id": "node/12064408217",
        "amenity": "restaurant",
        "name": "Reunion Grill and Resto"
      },
      "geometry": {
        "type": "Point",
        "coordinates": [
          107.599353,
          -6.8817703
        ]
      },
      "id": "node/12064408217"
    },
    {
      "type": "Feature",
      "properties": {
        "@id": "node/12064485588",
        "amenity": "restaurant",
        "name": "The People's Cafe"
      },
      "geometry": {
        "type": "Point",
        "coordinates": [
          107.6057076,
          -6.8934898
        ]
      },
      "id": "node/12064485588"
    },
    {
      "type": "Feature",
      "properties": {
        "@id": "node/12066200766",
        "amenity": "restaurant",
        "cuisine": "indonesian",
        "dish": "martabak",
        "name": "Martabak Pecenongan 78"
      },
      "geometry": {
        "type": "Point",
        "coordinates": [
          107.6157453,
          -6.8886642
        ]
      },
      "id": "node/12066200766"
    },
    {
      "type": "Feature",
      "properties": {
        "@id": "node/12066215655",
        "amenity": "restaurant",
        "cuisine": "sushi",
        "name": "Hittobitto"
      },
      "geometry": {
        "type": "Point",
        "coordinates": [
          107.6156563,
          -6.9019393
        ]
      },
      "id": "node/12066215655"
    },
    {
      "type": "Feature",
      "properties": {
        "@id": "node/12069149739",
        "amenity": "restaurant",
        "name": "Kopi Selasar"
      },
      "geometry": {
        "type": "Point",
        "coordinates": [
          107.6364995,
          -6.8586576
        ]
      },
      "id": "node/12069149739"
    },
    {
      "type": "Feature",
      "properties": {
        "@id": "node/12069179569",
        "amenity": "restaurant",
        "name": "1994 Coffee"
      },
      "geometry": {
        "type": "Point",
        "coordinates": [
          107.6276199,
          -6.8630892
        ]
      },
      "id": "node/12069179569"
    },
    {
      "type": "Feature",
      "properties": {
        "@id": "node/12071610838",
        "amenity": "restaurant",
        "description": "Second floor",
        "name": "Bomber Burger"
      },
      "geometry": {
        "type": "Point",
        "coordinates": [
          107.6192632,
          -6.9267296
        ]
      },
      "id": "node/12071610838"
    },
    {
      "type": "Feature",
      "properties": {
        "@id": "node/12090457339",
        "amenity": "restaurant",
        "brand": "California Fried Chicken",
        "brand:wikidata": "Q5020502",
        "cuisine": "chicken",
        "name": "CFC"
      },
      "geometry": {
        "type": "Point",
        "coordinates": [
          107.6020322,
          -6.9145662
        ]
      },
      "id": "node/12090457339"
    },
    {
      "type": "Feature",
      "properties": {
        "@id": "node/12128022548",
        "amenity": "restaurant",
        "cuisine": "indonesian",
        "name": "Kantin ISBI"
      },
      "geometry": {
        "type": "Point",
        "coordinates": [
          107.6276045,
          -6.9424857
        ]
      },
      "id": "node/12128022548"
    },
    {
      "type": "Feature",
      "properties": {
        "@id": "node/12333941276",
        "amenity": "restaurant",
        "brand": "Pizza Hut",
        "brand:wikidata": "Q191615",
        "cuisine": "pizza",
        "name": "Pizza Hut"
      },
      "geometry": {
        "type": "Point",
        "coordinates": [
          107.5400216,
          -6.8724976
        ]
      },
      "id": "node/12333941276"
    },
    {
      "type": "Feature",
      "properties": {
        "@id": "node/12429557649",
        "amenity": "restaurant",
        "branch": "Transmart Buahbatu",
        "cuisine": "thai",
        "name": "Raa Cha",
        "opening_hours": "Mo-Su 09:00-21:00"
      },
      "geometry": {
        "type": "Point",
        "coordinates": [
          107.6389075,
          -6.9671249
        ]
      },
      "id": "node/12429557649"
    },
    {
      "type": "Feature",
      "properties": {
        "@id": "node/12429557650",
        "amenity": "restaurant",
        "branch": "Transmart Buahbatu",
        "brand": "Solaria",
        "cuisine": "indonesian",
        "name": "Solaria",
        "opening_hours": "Mo-Su 09:00-21:00"
      },
      "geometry": {
        "type": "Point",
        "coordinates": [
          107.6390146,
          -6.9671619
        ]
      },
      "id": "node/12429557650"
    },
    {
      "type": "Feature",
      "properties": {
        "@id": "node/12429557651",
        "amenity": "restaurant",
        "branch": "Transmart Buahbatu",
        "cuisine": "japanese",
        "name": "Ichiban Sushi",
        "opening_hours": "Mo-Su 09:00-21:00",
        "takeaway": "yes"
      },
      "geometry": {
        "type": "Point",
        "coordinates": [
          107.6386961,
          -6.9672069
        ]
      },
      "id": "node/12429557651"
    },
    {
      "type": "Feature",
      "properties": {
        "@id": "node/12435853364",
        "addr:housenumber": "3",
        "addr:street": "Jalan Kejaksaan",
        "amenity": "restaurant",
        "changing_table": "no",
        "contact:instagram": "baksohajimail",
        "contact:whatsapp": "+62 813-1655-6156",
        "cuisine": "noodle",
        "highchair": "yes",
        "name": "Bakso Haji Ma'il",
        "operator": "Inara Group",
        "outdoor_seating": "yes",
        "phone": "+62 813-1655-6156",
        "toilets": "yes",
        "toilets:access": "customers",
        "wheelchair": "no"
      },
      "geometry": {
        "type": "Point",
        "coordinates": [
          107.6100202,
          -6.9184788
        ]
      },
      "id": "node/12435853364"
    },
    {
      "type": "Feature",
      "properties": {
        "@id": "node/12482391289",
        "amenity": "restaurant",
        "cuisine": "korean",
        "name": "Sagori"
      },
      "geometry": {
        "type": "Point",
        "coordinates": [
          107.6045594,
          -6.8741234
        ]
      },
      "id": "node/12482391289"
    },
    {
      "type": "Feature",
      "properties": {
        "@id": "node/12482391292",
        "amenity": "restaurant",
        "name": "Ayam Gepuk Pak Gembus Ciumbuleuit"
      },
      "geometry": {
        "type": "Point",
        "coordinates": [
          107.6045701,
          -6.8740529
        ]
      },
      "id": "node/12482391292"
    },
    {
      "type": "Feature",
      "properties": {
        "@id": "node/12624664319",
        "addr:city": "Kota Bandung",
        "addr:housenumber": "877",
        "addr:postcode": "40192",
        "addr:province": "Jawa Barat",
        "addr:street": "Jl. A. Yani , Pasirlayung, Kec. Cibeunying Kidul,",
        "addr:subdistrict": "Cibeunying Kidul",
        "amenity": "restaurant",
        "cuisine": "daerahregional",
        "diet:meat": "yes",
        "name": "Baso Padasuka",
        "opening_hours": "Mo-Su 08:00-22:00",
        "phone": "+62 22-7200914"
      },
      "geometry": {
        "type": "Point",
        "coordinates": [
          107.6529325,
          -6.9031839
        ]
      },
      "id": "node/12624664319"
    },
    {
      "type": "Feature",
      "properties": {
        "@id": "node/12624770447",
        "addr:city": "Kel. Cikutra",
        "addr:district": "Bandung",
        "addr:housename": "kedai",
        "addr:postcode": "40124",
        "addr:province": "Jawa Barat",
        "addr:street": "Jalan Cikutra Baru X",
        "addr:subdistrict": "Cibeunying Kaler",
        "addr:unit": "1",
        "amenity": "restaurant",
        "cuisine": "chicken",
        "diet:halal": "yes",
        "name": "kosan jojo",
        "opening_hours": "Mo-Su 09:00-21:00"
      },
      "geometry": {
        "type": "Point",
        "coordinates": [
          107.6381555,
          -6.8967323
        ]
      },
      "id": "node/12624770447"
    },
    {
      "type": "Feature",
      "properties": {
        "@id": "node/12625091280",
        "amenity": "restaurant"
      },
      "geometry": {
        "type": "Point",
        "coordinates": [
          107.6527098,
          -6.9040552
        ]
      },
      "id": "node/12625091280"
    },
    {
      "type": "Feature",
      "properties": {
        "@id": "node/12625095868",
        "addr:city": "Kota Bandung",
        "addr:housenumber": "758-760",
        "addr:postcode": "40282",
        "addr:province": "Jawa Barat",
        "addr:street": "Jl. A. Yani Cicaheum,",
        "addr:subdistrict": "Kec. Kiaracondong",
        "amenity": "restaurant",
        "cuisine": "noodle",
        "diet:halal": "yes",
        "diet:local": "yes",
        "name": "Wizzmie",
        "opening_hours": "Mo-Su 10:00-22:00",
        "phone": "+62 811-2439-155"
      },
      "geometry": {
        "type": "Point",
        "coordinates": [
          107.6527236,
          -6.9039042
        ]
      },
      "id": "node/12625095868"
    },
    {
      "type": "Feature",
      "properties": {
        "@id": "node/12625099349",
        "addr:city": "Kota Bandung",
        "addr:housenumber": "758 - 760",
        "addr:province": "Jawa Barat",
        "addr:street": "Jl. A. Yani. Cicaheum, Kec. Kiaracondong",
        "amenity": "restaurant",
        "cuisine": "noodle;asian",
        "diet:local": "yes",
        "name": "wizzmie",
        "opening_hours": "Mo-Su 10:00-22:00",
        "phone": "+62 811-2439-155"
      },
      "geometry": {
        "type": "Point",
        "coordinates": [
          107.6527231,
          -6.9039203
        ]
      },
      "id": "node/12625099349"
    },
    {
      "type": "Feature",
      "properties": {
        "@id": "node/12628047186",
        "addr:housenumber": "29",
        "addr:street": "Jalan Citarum",
        "amenity": "restaurant",
        "name": "Rumah Makan Taliwang Bersaudara",
        "phone": "+62 227-207963"
      },
      "geometry": {
        "type": "Point",
        "coordinates": [
          107.6237638,
          -6.9026301
        ]
      },
      "id": "node/12628047186"
    },
    {
      "type": "Feature",
      "properties": {
        "@id": "node/12728418073",
        "addr:street": "Cibaduyut",
        "amenity": "restaurant",
        "delivery": "yes",
        "name": "Batagor H Isan",
        "opening_hours": "Mo-Su 09:00-19:00",
        "takeaway": "yes"
      },
      "geometry": {
        "type": "Point",
        "coordinates": [
          107.5933303,
          -6.9554997
        ]
      },
      "id": "node/12728418073"
    },
    {
      "type": "Feature",
      "properties": {
        "@id": "node/12728534901",
        "amenity": "restaurant",
        "cuisine": "vietnamese",
        "name": "Phi Pho"
      },
      "geometry": {
        "type": "Point",
        "coordinates": [
          107.6165201,
          -6.9058713
        ]
      },
      "id": "node/12728534901"
    },
    {
      "type": "Feature",
      "properties": {
        "@id": "node/12800756180",
        "amenity": "restaurant",
        "brand": "Solaria",
        "brand:wikidata": "Q118136107",
        "cuisine": "indonesian",
        "name": "Solaria"
      },
      "geometry": {
        "type": "Point",
        "coordinates": [
          107.6126236,
          -6.9020182
        ]
      },
      "id": "node/12800756180"
    },
    {
      "type": "Feature",
      "properties": {
        "@id": "node/12866014133",
        "amenity": "restaurant"
      },
      "geometry": {
        "type": "Point",
        "coordinates": [
          107.604257,
          -6.9130379
        ]
      },
      "id": "node/12866014133"
    },
    {
      "type": "Feature",
      "properties": {
        "@id": "node/12895414980",
        "amenity": "restaurant",
        "cuisine": "indonesian;tegalan",
        "delivery": "no",
        "level": "0",
        "name": "Dua Saudara",
        "official_name": "Warteg Simpang Dua Saudara",
        "opening_hours": "06:00-22:00",
        "opening_hours:kitchen": "06:30-21:30",
        "reservation": "no",
        "takeaway": "yes",
        "wheelchair": "no"
      },
      "geometry": {
        "type": "Point",
        "coordinates": [
          107.6346637,
          -6.9417207
        ]
      },
      "id": "node/12895414980"
    },
    {
      "type": "Feature",
      "properties": {
        "@id": "node/12966385300",
        "addr:city": "Bandung",
        "addr:housenumber": "2",
        "addr:postcode": "40111",
        "addr:street": "Jalan Merdeka",
        "amenity": "restaurant",
        "cuisine": "chinese",
        "name": "Furama Restaurant Bandung"
      },
      "geometry": {
        "type": "Point",
        "coordinates": [
          107.610473,
          -6.9158673
        ]
      },
      "id": "node/12966385300"
    },
    {
      "type": "Feature",
      "properties": {
        "@id": "node/12984617473",
        "amenity": "restaurant",
        "cuisine": "indonesian",
        "diet:rice": "yes",
        "name": "Nasi Goreng Tongkeng"
      },
      "geometry": {
        "type": "Point",
        "coordinates": [
          107.6231671,
          -6.9120427
        ]
      },
      "id": "node/12984617473"
    },
    {
      "type": "Feature",
      "properties": {
        "@id": "node/12991042843",
        "amenity": "restaurant",
        "cuisine": "western",
        "diet:halal": "yes",
        "name": "Warung Nenek",
        "opening_hours": "24/7"
      },
      "geometry": {
        "type": "Point",
        "coordinates": [
          107.6200137,
          -6.8865621
        ]
      },
      "id": "node/12991042843"
    },
    {
      "type": "Feature",
      "properties": {
        "@id": "node/13028370352",
        "amenity": "restaurant",
        "name": "Paskal 219"
      },
      "geometry": {
        "type": "Point",
        "coordinates": [
          107.5970953,
          -6.8984645
        ]
      },
      "id": "node/13028370352"
    },
    {
      "type": "Feature",
      "properties": {
        "@id": "node/13031332535",
        "amenity": "restaurant",
        "name": "Bodas"
      },
      "geometry": {
        "type": "Point",
        "coordinates": [
          107.6124486,
          -6.921684
        ]
      },
      "id": "node/13031332535"
    },
    {
      "type": "Feature",
      "properties": {
        "@id": "node/13031375915",
        "amenity": "restaurant",
        "name": "Roti'O"
      },
      "geometry": {
        "type": "Point",
        "coordinates": [
          107.5972083,
          -6.8972018
        ]
      },
      "id": "node/13031375915"
    },
    {
      "type": "Feature",
      "properties": {
        "@id": "node/13033549221",
        "amenity": "restaurant",
        "name": "Emados"
      },
      "geometry": {
        "type": "Point",
        "coordinates": [
          107.6216854,
          -6.905677
        ]
      },
      "id": "node/13033549221"
    },
    {
      "type": "Feature",
      "properties": {
        "@id": "node/13033570834",
        "amenity": "restaurant",
        "name": "90 Gourmet"
      },
      "geometry": {
        "type": "Point",
        "coordinates": [
          107.6239245,
          -6.9085228
        ]
      },
      "id": "node/13033570834"
    },
    {
      "type": "Feature",
      "properties": {
        "@id": "node/13034037539",
        "amenity": "restaurant",
        "name": "Golden Bay"
      },
      "geometry": {
        "type": "Point",
        "coordinates": [
          107.6274018,
          -6.9110387
        ]
      },
      "id": "node/13034037539"
    },
    {
      "type": "Feature",
      "properties": {
        "@id": "node/13036985906",
        "amenity": "restaurant",
        "name": "Tobo"
      },
      "geometry": {
        "type": "Point",
        "coordinates": [
          107.6221334,
          -6.9079386
        ]
      },
      "id": "node/13036985906"
    },
    {
      "type": "Feature",
      "properties": {
        "@id": "node/13040420173",
        "amenity": "restaurant",
        "name": "The Square Restaurant Bandung"
      },
      "geometry": {
        "type": "Point",
        "coordinates": [
          107.6037473,
          -6.9049367
        ]
      },
      "id": "node/13040420173"
    },
    {
      "type": "Feature",
      "properties": {
        "@id": "node/13042429225",
        "amenity": "restaurant",
        "name": "Ibu Haji"
      },
      "geometry": {
        "type": "Point",
        "coordinates": [
          107.5918421,
          -6.8968452
        ]
      },
      "id": "node/13042429225"
    },
    {
      "type": "Feature",
      "properties": {
        "@id": "node/13042445685",
        "amenity": "restaurant",
        "name": "Wardjoe"
      },
      "geometry": {
        "type": "Point",
        "coordinates": [
          107.5967562,
          -6.9000246
        ]
      },
      "id": "node/13042445685"
    },
    {
      "type": "Feature",
      "properties": {
        "@id": "node/13045226122",
        "amenity": "restaurant",
        "cuisine": "indonesian",
        "dish": "baso",
        "name": "Bakso Malang Enggal"
      },
      "geometry": {
        "type": "Point",
        "coordinates": [
          107.635134,
          -6.9273798
        ]
      },
      "id": "node/13045226122"
    },
    {
      "type": "Feature",
      "properties": {
        "@id": "node/13045918709",
        "amenity": "restaurant",
        "name": "Pesona Kampung Sunda"
      },
      "geometry": {
        "type": "Point",
        "coordinates": [
          107.6218961,
          -6.9025236
        ]
      },
      "id": "node/13045918709"
    },
    {
      "type": "Feature",
      "properties": {
        "@id": "node/13047913339",
        "amenity": "restaurant",
        "name": "SKY Steak & Pasta",
        "opening_hours": "Mo-Sa 11:00-21:30; Su 11:00-22:00"
      },
      "geometry": {
        "type": "Point",
        "coordinates": [
          107.6039072,
          -6.9054977
        ]
      },
      "id": "node/13047913339"
    },
    {
      "type": "Feature",
      "properties": {
        "@id": "node/13049347981",
        "amenity": "restaurant",
        "name": "Srabi Notosuman Ny. Handayani Kebon Jukut"
      },
      "geometry": {
        "type": "Point",
        "coordinates": [
          107.6052506,
          -6.9143585
        ]
      },
      "id": "node/13049347981"
    },
    {
      "type": "Feature",
      "properties": {
        "@id": "node/13049552745",
        "amenity": "restaurant",
        "name": "Altero"
      },
      "geometry": {
        "type": "Point",
        "coordinates": [
          107.6025507,
          -6.9004947
        ]
      },
      "id": "node/13049552745"
    },
    {
      "type": "Feature",
      "properties": {
        "@id": "node/13058918034",
        "amenity": "restaurant",
        "cuisine": "noodle",
        "name": "Warmindo Gede Milik"
      },
      "geometry": {
        "type": "Point",
        "coordinates": [
          107.6160743,
          -6.8893282
        ]
      },
      "id": "node/13058918034"
    },
    {
      "type": "Feature",
      "properties": {
        "@id": "node/13058925433",
        "amenity": "restaurant",
        "name": "Baso Aci Tulang Muda"
      },
      "geometry": {
        "type": "Point",
        "coordinates": [
          107.615672,
          -6.8883837
        ]
      },
      "id": "node/13058925433"
    },
    {
      "type": "Feature",
      "properties": {
        "@id": "node/13058928930",
        "amenity": "restaurant",
        "name": "Bakmi Jowo DU 67"
      },
      "geometry": {
        "type": "Point",
        "coordinates": [
          107.6158406,
          -6.8897924
        ]
      },
      "id": "node/13058928930"
    },
    {
      "type": "Feature",
      "properties": {
        "@id": "node/13058936812",
        "amenity": "restaurant",
        "name": "Warung  Nasi Toeang By Tjahja"
      },
      "geometry": {
        "type": "Point",
        "coordinates": [
          107.6161589,
          -6.8894273
        ]
      },
      "id": "node/13058936812"
    },
    {
      "type": "Feature",
      "properties": {
        "@id": "node/13058937983",
        "amenity": "restaurant",
        "name": "Warteg Dipatiukur Bahari"
      },
      "geometry": {
        "type": "Point",
        "coordinates": [
          107.6157335,
          -6.8885934
        ]
      },
      "id": "node/13058937983"
    },
    {
      "type": "Feature",
      "properties": {
        "@id": "node/13058949623",
        "amenity": "restaurant",
        "cuisine": "indonesian",
        "name": "Warung Nasi TOEANG By Tjahja"
      },
      "geometry": {
        "type": "Point",
        "coordinates": [
          107.6161882,
          -6.8894248
        ]
      },
      "id": "node/13058949623"
    },
    {
      "type": "Feature",
      "properties": {
        "@id": "node/13058954253",
        "amenity": "restaurant",
        "name": "Rumah Makan Padang Babeda"
      },
      "geometry": {
        "type": "Point",
        "coordinates": [
          107.6153737,
          -6.8875422
        ]
      },
      "id": "node/13058954253"
    },
    {
      "type": "Feature",
      "properties": {
        "@id": "node/13058955535",
        "amenity": "restaurant",
        "name": "Warmindo Betuah"
      },
      "geometry": {
        "type": "Point",
        "coordinates": [
          107.615636,
          -6.8882793
        ]
      },
      "id": "node/13058955535"
    },
    {
      "type": "Feature",
      "properties": {
        "@id": "node/13061710797",
        "amenity": "restaurant",
        "brand": "Mie Gacoan",
        "brand:wikidata": "Q111995141",
        "cuisine": "noodle",
        "name": "Mie Gacoan"
      },
      "geometry": {
        "type": "Point",
        "coordinates": [
          107.5359239,
          -6.8698612
        ]
      },
      "id": "node/13061710797"
    },
    {
      "type": "Feature",
      "properties": {
        "@id": "node/13061710994",
        "amenity": "restaurant",
        "brand": "Pizza Hut",
        "brand:wikidata": "Q191615",
        "cuisine": "pizza",
        "name": "Pizza Hut"
      },
      "geometry": {
        "type": "Point",
        "coordinates": [
          107.5516833,
          -6.8813769
        ]
      },
      "id": "node/13061710994"
    },
    {
      "type": "Feature",
      "properties": {
        "@id": "node/13061711046",
        "amenity": "restaurant",
        "name": "Sunda Nikmat"
      },
      "geometry": {
        "type": "Point",
        "coordinates": [
          107.5388127,
          -6.8708718
        ]
      },
      "id": "node/13061711046"
    },
    {
      "type": "Feature",
      "properties": {
        "@id": "node/13062660917",
        "amenity": "restaurant",
        "name": "Aroem Resto"
      },
      "geometry": {
        "type": "Point",
        "coordinates": [
          107.613184,
          -6.8866152
        ]
      },
      "id": "node/13062660917"
    },
    {
      "type": "Feature",
      "properties": {
        "@id": "node/13073455100",
        "amenity": "restaurant",
        "name": "Rumah Makan Padang Shanum"
      },
      "geometry": {
        "type": "Point",
        "coordinates": [
          107.5599771,
          -6.8950794
        ]
      },
      "id": "node/13073455100"
    },
    {
      "type": "Feature",
      "properties": {
        "@id": "node/13083815916",
        "air_conditioning": "yes",
        "amenity": "restaurant",
        "cuisine": "japanese;noodle",
        "delivery": "Mo-Su 10:00-20:30",
        "name": "Ichiyo Ramen",
        "opening_hours": "Mo-Su 10:00-21:00",
        "opening_hours:kitchen": "Mo-Su 10:00-20:30",
        "reservation": "no",
        "self_service": "no",
        "smoking": "no",
        "takeaway": "yes",
        "toilets:access": "customers"
      },
      "geometry": {
        "type": "Point",
        "coordinates": [
          107.6267707,
          -6.9414209
        ]
      },
      "id": "node/13083815916"
    },
    {
      "type": "Feature",
      "properties": {
        "@id": "node/13083895162",
        "addr:city": "Bandung",
        "addr:country": "ID",
        "addr:housenumber": "172",
        "addr:province": "Jawa Barat",
        "addr:street": "Jalan Buah Batu",
        "amenity": "restaurant",
        "cuisine": "indonesian;Padang",
        "name": "Putra Minang"
      },
      "geometry": {
        "type": "Point",
        "coordinates": [
          107.6241875,
          -6.9386826
        ]
      },
      "id": "node/13083895162"
    },
    {
      "type": "Feature",
      "properties": {
        "@id": "node/13083895164",
        "addr:city": "Bandung",
        "addr:country": "ID",
        "addr:housenumber": "170",
        "addr:province": "Jawa Barat",
        "addr:street": "Jalan Buah Batu",
        "amenity": "restaurant",
        "name": "Ayam Keprabon Express",
        "opening_hours": "Mo-Su 10:00-22:00"
      },
      "geometry": {
        "type": "Point",
        "coordinates": [
          107.6240745,
          -6.9385697
        ]
      },
      "id": "node/13083895164"
    },
    {
      "type": "Feature",
      "properties": {
        "@id": "node/13086303842",
        "addr:city": "Bandung",
        "addr:country": "ID",
        "addr:housenumber": "142E",
        "addr:province": "Jawa Barat",
        "addr:street": "Jalan Buah Batu",
        "amenity": "restaurant",
        "brand": "Tiramisusu by Chocomory",
        "cuisine": "chocolate",
        "name": "Tiramisusu",
        "opening_hours": "09:00-21:00"
      },
      "geometry": {
        "type": "Point",
        "coordinates": [
          107.6226773,
          -6.9372816
        ]
      },
      "id": "node/13086303842"
    },
    {
      "type": "Feature",
      "properties": {
        "@id": "node/13086303844",
        "addr:city": "Bandung",
        "addr:country": "ID",
        "addr:housenumber": "154",
        "addr:province": "Jawa Barat",
        "addr:street": "Jalan Buah Batu",
        "amenity": "restaurant",
        "brand": "Ayam Bakar Artomoro",
        "cuisine": "indonesian;chicken",
        "name": "Artomoro",
        "opening_hours": "Mo-Su 10:00-22:00"
      },
      "geometry": {
        "type": "Point",
        "coordinates": [
          107.6233102,
          -6.9378566
        ]
      },
      "id": "node/13086303844"
    },
    {
      "type": "Feature",
      "properties": {
        "@id": "node/13095749458",
        "amenity": "restaurant",
        "cuisine": "indonesian",
        "name": "Ampera",
        "opening_hours": "09:00-22:00",
        "self_service": "yes"
      },
      "geometry": {
        "type": "Point",
        "coordinates": [
          107.6263702,
          -6.9405229
        ]
      },
      "id": "node/13095749458"
    },
    {
      "type": "Feature",
      "properties": {
        "@id": "node/13161140161",
        "amenity": "restaurant",
        "name": "Colombia"
      },
      "geometry": {
        "type": "Point",
        "coordinates": [
          107.5941032,
          -6.8579813
        ]
      },
      "id": "node/13161140161"
    },
    {
      "type": "Feature",
      "properties": {
        "@id": "node/13357245367",
        "addr:city": "Bandung",
        "addr:district": "Sumur Bandung",
        "addr:housenumber": "22",
        "addr:postcode": "40111",
        "addr:province": "Jawa Barat",
        "addr:street": "Jalan ABC",
        "addr:subdistrict": "Braga",
        "amenity": "restaurant",
        "cuisine": "indonesian",
        "diet:local": "yes",
        "name": "Sate Braga Taichan dan Yakitori",
        "opening_hours": "Mo-Su 17:00-00:00",
        "phone": "+62 821 8055 2235",
        "website": "https://satebraga.my.id"
      },
      "geometry": {
        "type": "Point",
        "coordinates": [
          107.6087865,
          -6.9196996
        ]
      },
      "id": "node/13357245367"
    },
    {
      "type": "Feature",
      "properties": {
        "@id": "node/13373685473",
        "amenity": "restaurant",
        "name": "Rumah Makan Ahong"
      },
      "geometry": {
        "type": "Point",
        "coordinates": [
          107.5985737,
          -6.9124509
        ]
      },
      "id": "node/13373685473"
    },
    {
      "type": "Feature",
      "properties": {
        "@id": "node/13373774904",
        "amenity": "restaurant",
        "name": "Tjuankie Stasiun"
      },
      "geometry": {
        "type": "Point",
        "coordinates": [
          107.5993197,
          -6.9124771
        ]
      },
      "id": "node/13373774904"
    },
    {
      "type": "Feature",
      "properties": {
        "@id": "node/13373783761",
        "amenity": "restaurant",
        "name": "Sambal Bakar Dek Ray"
      },
      "geometry": {
        "type": "Point",
        "coordinates": [
          107.6352768,
          -6.927444
        ]
      },
      "id": "node/13373783761"
    },
    {
      "type": "Feature",
      "properties": {
        "@id": "node/13373811119",
        "amenity": "restaurant",
        "name": "Sate Cempe Baba+"
      },
      "geometry": {
        "type": "Point",
        "coordinates": [
          107.6343391,
          -6.9269491
        ]
      },
      "id": "node/13373811119"
    },
    {
      "type": "Feature",
      "properties": {
        "@id": "node/13373812336",
        "amenity": "restaurant",
        "name": "Soto Padang Uda Ujang"
      },
      "geometry": {
        "type": "Point",
        "coordinates": [
          107.6340585,
          -6.9267388
        ]
      },
      "id": "node/13373812336"
    },
    {
      "type": "Feature",
      "properties": {
        "@id": "node/13373825240",
        "amenity": "restaurant",
        "name": "Warkop Putra Agam"
      },
      "geometry": {
        "type": "Point",
        "coordinates": [
          107.6348004,
          -6.9271837
        ]
      },
      "id": "node/13373825240"
    },
    {
      "type": "Feature",
      "properties": {
        "@id": "node/13373825241",
        "amenity": "restaurant",
        "name": "Soerabi Bandung enhaii"
      },
      "geometry": {
        "type": "Point",
        "coordinates": [
          107.6345955,
          -6.9270839
        ]
      },
      "id": "node/13373825241"
    },
    {
      "type": "Feature",
      "properties": {
        "@id": "node/13455908145",
        "amenity": "restaurant",
        "cuisine": "steak_house",
        "name": "Justus Steak House"
      },
      "geometry": {
        "type": "Point",
        "coordinates": [
          107.580528,
          -6.9599952
        ]
      },
      "id": "node/13455908145"
    },
    {
      "type": "Feature",
      "properties": {
        "@id": "node/13516034045",
        "amenity": "restaurant",
        "name": "Nasi Pecel Kediri & Pawon Pak Tono"
      },
      "geometry": {
        "type": "Point",
        "coordinates": [
          107.6171442,
          -6.8778043
        ]
      },
      "id": "node/13516034045"
    },
    {
      "type": "Feature",
      "properties": {
        "@id": "node/13534155856",
        "amenity": "restaurant",
        "name": "Warung Surabi Cihampelas"
      },
      "geometry": {
        "type": "Point",
        "coordinates": [
          107.6043715,
          -6.8926555
        ]
      },
      "id": "node/13534155856"
    },
    {
      "type": "Feature",
      "properties": {
        "@id": "node/13542452081",
        "amenity": "restaurant",
        "name": "Checo"
      },
      "geometry": {
        "type": "Point",
        "coordinates": [
          107.613069,
          -6.9079689
        ]
      },
      "id": "node/13542452081"
    },
    {
      "type": "Feature",
      "properties": {
        "@id": "node/13563421168",
        "amenity": "restaurant",
        "name": "Soto Pak Min Klaten"
      },
      "geometry": {
        "type": "Point",
        "coordinates": [
          107.6192846,
          -6.9270689
        ]
      },
      "id": "node/13563421168"
    },
    {
      "type": "Feature",
      "properties": {
        "@id": "node/13563715021",
        "amenity": "restaurant",
        "name": "Bakso Rusuk Jos"
      },
      "geometry": {
        "type": "Point",
        "coordinates": [
          107.6187527,
          -6.9280383
        ]
      },
      "id": "node/13563715021"
    },
    {
      "type": "Feature",
      "properties": {
        "@id": "node/13595511270",
        "amenity": "restaurant",
        "name": "Iganaga"
      },
      "geometry": {
        "type": "Point",
        "coordinates": [
          107.6132718,
          -6.8963411
        ]
      },
      "id": "node/13595511270"
    },
    {
      "type": "Feature",
      "properties": {
        "@id": "node/13595563366",
        "amenity": "restaurant",
        "name": "Ayam Sari Rasa"
      },
      "geometry": {
        "type": "Point",
        "coordinates": [
          107.6111162,
          -6.9095088
        ]
      },
      "id": "node/13595563366"
    },
    {
      "type": "Feature",
      "properties": {
        "@id": "node/13595567572",
        "amenity": "restaurant",
        "name": "Roemah Helena"
      },
      "geometry": {
        "type": "Point",
        "coordinates": [
          107.6113091,
          -6.9095556
        ]
      },
      "id": "node/13595567572"
    },
    {
      "type": "Feature",
      "properties": {
        "@id": "node/13608949321",
        "amenity": "restaurant",
        "name": "Padang Keren"
      },
      "geometry": {
        "type": "Point",
        "coordinates": [
          107.6159839,
          -6.8984383
        ]
      },
      "id": "node/13608949321"
    },
    {
      "type": "Feature",
      "properties": {
        "@id": "node/13613994127",
        "amenity": "restaurant",
        "name": "Brother Chang"
      },
      "geometry": {
        "type": "Point",
        "coordinates": [
          107.6155118,
          -6.8889548
        ]
      },
      "id": "node/13613994127"
    },
    {
      "type": "Feature",
      "properties": {
        "@id": "node/13614530844",
        "amenity": "restaurant",
        "name": "Joglo Ndalem"
      },
      "geometry": {
        "type": "Point",
        "coordinates": [
          107.625839,
          -6.9310198
        ]
      },
      "id": "node/13614530844"
    },
    {
      "type": "Feature",
      "properties": {
        "@id": "node/13620450181",
        "amenity": "restaurant",
        "name": "RM Putra Tanjung"
      },
      "geometry": {
        "type": "Point",
        "coordinates": [
          107.6332585,
          -6.9271073
        ]
      },
      "id": "node/13620450181"
    },
    {
      "type": "Feature",
      "properties": {
        "@id": "node/13620482359",
        "amenity": "restaurant",
        "name": "Kedai D'Dimas"
      },
      "geometry": {
        "type": "Point",
        "coordinates": [
          107.6333859,
          -6.9266876
        ]
      },
      "id": "node/13620482359"
    },
    {
      "type": "Feature",
      "properties": {
        "@id": "node/13620531443",
        "amenity": "restaurant",
        "name": "Bubur Ayam Katineung Mang Ajat"
      },
      "geometry": {
        "type": "Point",
        "coordinates": [
          107.6362954,
          -6.9279161
        ]
      },
      "id": "node/13620531443"
    },
    {
      "type": "Feature",
      "properties": {
        "@id": "node/13621729032",
        "amenity": "restaurant",
        "internet_access:fee": "no",
        "opening_hours": "Mo-Sa 08:00-17.00",
        "outdoor_seating": "yes",
        "smoking": "isolated",
        "wheelchair": "no"
      },
      "geometry": {
        "type": "Point",
        "coordinates": [
          107.6365302,
          -6.8970967
        ]
      },
      "id": "node/13621729032"
    },
    {
      "type": "Feature",
      "properties": {
        "@id": "node/13622928581",
        "amenity": "restaurant",
        "name": "Bakmie Ayam 58"
      },
      "geometry": {
        "type": "Point",
        "coordinates": [
          107.6166874,
          -6.8918942
        ]
      },
      "id": "node/13622928581"
    },
    {
      "type": "Feature",
      "properties": {
        "@id": "node/13622928582",
        "amenity": "restaurant",
        "name": "Waroeng Setiabudhi"
      },
      "geometry": {
        "type": "Point",
        "coordinates": [
          107.6156109,
          -6.8914827
        ]
      },
      "id": "node/13622928582"
    },
    {
      "type": "Feature",
      "properties": {
        "@id": "node/13622942997",
        "amenity": "restaurant",
        "name": "Spicy Yakiniku"
      },
      "geometry": {
        "type": "Point",
        "coordinates": [
          107.6166415,
          -6.8918848
        ]
      },
      "id": "node/13622942997"
    },
    {
      "type": "Feature",
      "properties": {
        "@id": "node/13629259950",
        "amenity": "restaurant",
        "cuisine": "tegalan",
        "name": "Tegal Bahari",
        "official_name": "Warung Nasi Tegal Bahari",
        "opening_hours": "Mo-Su 09:00-21:00",
        "self_service": "no",
        "takeaway": "yes"
      },
      "geometry": {
        "type": "Point",
        "coordinates": [
          107.5401542,
          -6.9313825
        ]
      },
      "id": "node/13629259950"
    },
    {
      "type": "Feature",
      "properties": {
        "@id": "node/13630084482",
        "amenity": "restaurant",
        "name": "Ibu Haji Cijantung"
      },
      "geometry": {
        "type": "Point",
        "coordinates": [
          107.60966,
          -6.9546571
        ]
      },
      "id": "node/13630084482"
    },
    {
      "type": "Feature",
      "properties": {
        "@id": "node/13630117226",
        "amenity": "restaurant",
        "name": "Warung Lokal"
      },
      "geometry": {
        "type": "Point",
        "coordinates": [
          107.6085023,
          -6.9541862
        ]
      },
      "id": "node/13630117226"
    },
    {
      "type": "Feature",
      "properties": {
        "@id": "node/13630128451",
        "amenity": "restaurant",
        "name": "Martabak Pecenongan 78"
      },
      "geometry": {
        "type": "Point",
        "coordinates": [
          107.5992771,
          -6.9529348
        ]
      },
      "id": "node/13630128451"
    },
    {
      "type": "Feature",
      "properties": {
        "@id": "node/13630149630",
        "amenity": "restaurant",
        "name": "manara.co"
      },
      "geometry": {
        "type": "Point",
        "coordinates": [
          107.6043045,
          -6.9530597
        ]
      },
      "id": "node/13630149630"
    },
    {
      "type": "Feature",
      "properties": {
        "@id": "node/13630150253",
        "amenity": "restaurant",
        "name": "Bakso Super 888"
      },
      "geometry": {
        "type": "Point",
        "coordinates": [
          107.5992344,
          -6.9529331
        ]
      },
      "id": "node/13630150253"
    },
    {
      "type": "Feature",
      "properties": {
        "@id": "node/13630154448",
        "amenity": "restaurant",
        "name": "Grand Wing Heng"
      },
      "geometry": {
        "type": "Point",
        "coordinates": [
          107.6040159,
          -6.953275
        ]
      },
      "id": "node/13630154448"
    },
    {
      "type": "Feature",
      "properties": {
        "@id": "node/13634007864",
        "amenity": "restaurant",
        "name": "Dapoer Pandanwangi"
      },
      "geometry": {
        "type": "Point",
        "coordinates": [
          107.6181533,
          -6.8765407
        ]
      },
      "id": "node/13634007864"
    },
    {
      "type": "Feature",
      "properties": {
        "@id": "node/13634010024",
        "amenity": "restaurant",
        "name": "District Dago"
      },
      "geometry": {
        "type": "Point",
        "coordinates": [
          107.6184837,
          -6.875312
        ]
      },
      "id": "node/13634010024"
    },
    {
      "type": "Feature",
      "properties": {
        "@id": "node/13638557518",
        "amenity": "restaurant",
        "name": "Grobak Koering"
      },
      "geometry": {
        "type": "Point",
        "coordinates": [
          107.6119462,
          -6.8811227
        ]
      },
      "id": "node/13638557518"
    },
    {
      "type": "Feature",
      "properties": {
        "@id": "node/13638681604",
        "amenity": "restaurant",
        "name": "RM Padang Bapak Atang"
      },
      "geometry": {
        "type": "Point",
        "coordinates": [
          107.6140853,
          -6.8836294
        ]
      },
      "id": "node/13638681604"
    },
    {
      "type": "Feature",
      "properties": {
        "@id": "node/13647704786",
        "amenity": "restaurant",
        "name": "Sate Taichan Masgib"
      },
      "geometry": {
        "type": "Point",
        "coordinates": [
          107.6134038,
          -6.8917073
        ]
      },
      "id": "node/13647704786"
    },
    {
      "type": "Feature",
      "properties": {
        "@id": "node/13647829460",
        "amenity": "restaurant",
        "name": "DeBunzi Risol"
      },
      "geometry": {
        "type": "Point",
        "coordinates": [
          107.6130858,
          -6.8964979
        ]
      },
      "id": "node/13647829460"
    },
    {
      "type": "Feature",
      "properties": {
        "@id": "node/13713682959",
        "amenity": "restaurant",
        "name": "RM Maju Jaya"
      },
      "geometry": {
        "type": "Point",
        "coordinates": [
          107.5983911,
          -6.894465
        ]
      },
      "id": "node/13713682959"
    },
    {
      "type": "Feature",
      "properties": {
        "@id": "node/13713788083",
        "amenity": "restaurant",
        "name": "Ayam Gepuk Pak Gembus"
      },
      "geometry": {
        "type": "Point",
        "coordinates": [
          107.5985376,
          -6.8940407
        ]
      },
      "id": "node/13713788083"
    },
    {
      "type": "Feature",
      "properties": {
        "@id": "node/13725037714",
        "amenity": "restaurant",
        "name": "PHD Pizza Hut Delivery"
      },
      "geometry": {
        "type": "Point",
        "coordinates": [
          107.6714693,
          -6.9045533
        ]
      },
      "id": "node/13725037714"
    },
    {
      "type": "Feature",
      "properties": {
        "@id": "node/13732284010",
        "amenity": "restaurant",
        "name": "Nasi Goreng Jando Babah Bayu"
      },
      "geometry": {
        "type": "Point",
        "coordinates": [
          107.6113047,
          -6.8832063
        ]
      },
      "id": "node/13732284010"
    },
    {
      "type": "Feature",
      "properties": {
        "@id": "node/13734392228",
        "addr:housenumber": "51",
        "addr:street": "Jalan L.L. RE. Martadinata",
        "amenity": "restaurant",
        "name": "Bumi Aki"
      },
      "geometry": {
        "type": "Point",
        "coordinates": [
          107.6151485,
          -6.9061934
        ]
      },
      "id": "node/13734392228"
    },
    {
      "type": "Feature",
      "properties": {
        "@id": "node/13737118766",
        "addr:housenumber": "20",
        "addr:street": "Jalan Sabar",
        "amenity": "restaurant",
        "cuisine": "indonesian",
        "name": "Warung Tilu Nini"
      },
      "geometry": {
        "type": "Point",
        "coordinates": [
          107.5995911,
          -6.8937287
        ]
      },
      "id": "node/13737118766"
    },
    {
      "type": "Feature",
      "properties": {
        "@id": "node/13742306698",
        "amenity": "restaurant",
        "name": "Bebeke Om Aris"
      },
      "geometry": {
        "type": "Point",
        "coordinates": [
          107.6525613,
          -6.9127413
        ]
      },
      "id": "node/13742306698"
    },
    {
      "type": "Feature",
      "properties": {
        "@id": "node/13742324755",
        "amenity": "restaurant",
        "brand": "Pizza Hut",
        "brand:wikidata": "Q191615",
        "cuisine": "pizza",
        "name": "Pizza Hut",
        "opening_hours": "Mo-Su 08:00-22:30"
      },
      "geometry": {
        "type": "Point",
        "coordinates": [
          107.6506356,
          -6.9126494
        ]
      },
      "id": "node/13742324755"
    },
    {
      "type": "Feature",
      "properties": {
        "@id": "node/13742370747",
        "amenity": "restaurant",
        "brand": "California Fried Chicken",
        "brand:wikidata": "Q5020502",
        "cuisine": "chicken",
        "name": "CFC"
      },
      "geometry": {
        "type": "Point",
        "coordinates": [
          107.6493448,
          -6.9127618
        ]
      },
      "id": "node/13742370747"
    },
    {
      "type": "Feature",
      "properties": {
        "@id": "node/13745100074",
        "amenity": "restaurant",
        "name": "Rumah Makan Megawati"
      },
      "geometry": {
        "type": "Point",
        "coordinates": [
          107.5849341,
          -6.9183459
        ]
      },
      "id": "node/13745100074"
    },
    {
      "type": "Feature",
      "properties": {
        "@id": "node/13751877801",
        "amenity": "restaurant",
        "name": "Umanari"
      },
      "geometry": {
        "type": "Point",
        "coordinates": [
          107.6135394,
          -6.9205271
        ]
      },
      "id": "node/13751877801"
    },
    {
      "type": "Feature",
      "properties": {
        "@id": "node/13752358132",
        "amenity": "restaurant",
        "brand": "California Fried Chicken",
        "brand:wikidata": "Q5020502",
        "cuisine": "chicken",
        "name": "CFC"
      },
      "geometry": {
        "type": "Point",
        "coordinates": [
          107.617856,
          -6.8770552
        ]
      },
      "id": "node/13752358132"
    },
    {
      "type": "Feature",
      "properties": {
        "@id": "node/13752361507",
        "amenity": "restaurant",
        "name": "Bakso Rusuk Samanhudi"
      },
      "geometry": {
        "type": "Point",
        "coordinates": [
          107.6174203,
          -6.8775925
        ]
      },
      "id": "node/13752361507"
    },
    {
      "type": "Feature",
      "properties": {
        "@id": "node/13752366816",
        "amenity": "restaurant",
        "name": "Soto & Sate H. Muhammad Bagul Asan",
        "opening_hours": "Mo-Su 08:00-23:30"
      },
      "geometry": {
        "type": "Point",
        "coordinates": [
          107.6170574,
          -6.8775429
        ]
      },
      "id": "node/13752366816"
    },
    {
      "type": "Feature",
      "properties": {
        "@id": "node/13752416439",
        "amenity": "restaurant",
        "name": "Kedai u'nay"
      },
      "geometry": {
        "type": "Point",
        "coordinates": [
          107.613982,
          -6.8784466
        ]
      },
      "id": "node/13752416439"
    },
    {
      "type": "Feature",
      "properties": {
        "@id": "node/13754321801",
        "amenity": "restaurant",
        "name": "Justus"
      },
      "geometry": {
        "type": "Point",
        "coordinates": [
          107.5937096,
          -6.9155978
        ]
      },
      "id": "node/13754321801"
    },
    {
      "type": "Feature",
      "properties": {
        "@id": "node/13760569233",
        "amenity": "restaurant",
        "name": "Ranah Minang"
      },
      "geometry": {
        "type": "Point",
        "coordinates": [
          107.628763,
          -6.8922258
        ]
      },
      "id": "node/13760569233"
    },
    {
      "type": "Feature",
      "properties": {
        "@id": "node/13760571215",
        "amenity": "restaurant",
        "name": "Do'a Mande"
      },
      "geometry": {
        "type": "Point",
        "coordinates": [
          107.6242164,
          -6.8879203
        ]
      },
      "id": "node/13760571215"
    },
    {
      "type": "Feature",
      "properties": {
        "@id": "node/13760571263",
        "amenity": "restaurant",
        "name": "Do'a Mande"
      },
      "geometry": {
        "type": "Point",
        "coordinates": [
          107.630091,
          -6.8919188
        ]
      },
      "id": "node/13760571263"
    },
    {
      "type": "Feature",
      "properties": {
        "@id": "node/13760591097",
        "amenity": "restaurant",
        "name": "Kebuli Abuya"
      },
      "geometry": {
        "type": "Point",
        "coordinates": [
          107.6234177,
          -6.8872565
        ]
      },
      "id": "node/13760591097"
    },
    {
      "type": "Feature",
      "properties": {
        "@id": "node/13760591263",
        "amenity": "restaurant",
        "name": "Saung Kuring"
      },
      "geometry": {
        "type": "Point",
        "coordinates": [
          107.62362,
          -6.8875334
        ]
      },
      "id": "node/13760591263"
    },
    {
      "type": "Feature",
      "properties": {
        "@id": "node/13760648027",
        "amenity": "restaurant",
        "name": "Talago Minang"
      },
      "geometry": {
        "type": "Point",
        "coordinates": [
          107.6269369,
          -6.8909919
        ]
      },
      "id": "node/13760648027"
    },
    {
      "type": "Feature",
      "properties": {
        "@id": "node/13794936143",
        "amenity": "restaurant",
        "name": "Jumbo Eatery"
      },
      "geometry": {
        "type": "Point",
        "coordinates": [
          107.6145458,
          -6.9067598
        ]
      },
      "id": "node/13794936143"
    },
    {
      "type": "Feature",
      "properties": {
        "@id": "node/13794963500",
        "amenity": "restaurant",
        "name": "Bengawan Solo"
      },
      "geometry": {
        "type": "Point",
        "coordinates": [
          107.6178486,
          -6.90586
        ]
      },
      "id": "node/13794963500"
    },
    {
      "type": "Feature",
      "properties": {
        "@id": "node/13795044530",
        "amenity": "restaurant",
        "cuisine": "japanese",
        "name": "Tok You"
      },
      "geometry": {
        "type": "Point",
        "coordinates": [
          107.6191803,
          -6.9057602
        ]
      },
      "id": "node/13795044530"
    },
    {
      "type": "Feature",
      "properties": {
        "@id": "node/13795192344",
        "amenity": "restaurant",
        "name": "Nasi Bakar Riau"
      },
      "geometry": {
        "type": "Point",
        "coordinates": [
          107.6221924,
          -6.9060537
        ]
      },
      "id": "node/13795192344"
    },
    {
      "type": "Feature",
      "properties": {
        "@id": "node/13795193359",
        "amenity": "restaurant",
        "name": "Bakso Bintang Asia"
      },
      "geometry": {
        "type": "Point",
        "coordinates": [
          107.622716,
          -6.9077486
        ]
      },
      "id": "node/13795193359"
    },
    {
      "type": "Feature",
      "properties": {
        "@id": "node/13795202515",
        "amenity": "restaurant",
        "name": "Kambing Bakar Cairo"
      },
      "geometry": {
        "type": "Point",
        "coordinates": [
          107.6232606,
          -6.9070949
        ]
      },
      "id": "node/13795202515"
    },
    {
      "type": "Feature",
      "properties": {
        "@id": "node/13795210827",
        "amenity": "restaurant",
        "name": "Bubur Cihapit"
      },
      "geometry": {
        "type": "Point",
        "coordinates": [
          107.6226311,
          -6.9081478
        ]
      },
      "id": "node/13795210827"
    },
    {
      "type": "Feature",
      "properties": {
        "@id": "node/13795232699",
        "amenity": "restaurant",
        "name": "Hello Summer"
      },
      "geometry": {
        "type": "Point",
        "coordinates": [
          107.6193253,
          -6.9054228
        ]
      },
      "id": "node/13795232699"
    },
    {
      "type": "Feature",
      "properties": {
        "@id": "node/13795278874",
        "amenity": "restaurant",
        "name": "Legenda Tiga Ayam"
      },
      "geometry": {
        "type": "Point",
        "coordinates": [
          107.6208694,
          -6.9070994
        ]
      },
      "id": "node/13795278874"
    },
    {
      "type": "Feature",
      "properties": {
        "@id": "node/13795334430",
        "amenity": "restaurant",
        "name": "La Loba"
      },
      "geometry": {
        "type": "Point",
        "coordinates": [
          107.6162582,
          -6.9065509
        ]
      },
      "id": "node/13795334430"
    },
    {
      "type": "Feature",
      "properties": {
        "@id": "node/13798918291",
        "amenity": "restaurant",
        "name": "Nasi Goreng Pak Lemu"
      },
      "geometry": {
        "type": "Point",
        "coordinates": [
          107.6142771,
          -6.8798069
        ]
      },
      "id": "node/13798918291"
    },
    {
      "type": "Feature",
      "properties": {
        "@id": "node/13801618827",
        "amenity": "restaurant",
        "name": "Nasi Kalong"
      },
      "geometry": {
        "type": "Point",
        "coordinates": [
          107.6286759,
          -6.9123448
        ]
      },
      "id": "node/13801618827"
    },
    {
      "type": "Feature",
      "properties": {
        "@id": "node/13801618898",
        "amenity": "restaurant",
        "name": "Ramu Saji Heritage"
      },
      "geometry": {
        "type": "Point",
        "coordinates": [
          107.6293298,
          -6.914775
        ]
      },
      "id": "node/13801618898"
    },
    {
      "type": "Feature",
      "properties": {
        "@id": "node/13801631044",
        "amenity": "restaurant",
        "name": "Cuanki"
      },
      "geometry": {
        "type": "Point",
        "coordinates": [
          107.6306212,
          -6.9165886
        ]
      },
      "id": "node/13801631044"
    },
    {
      "type": "Feature",
      "properties": {
        "@id": "node/13801639126",
        "amenity": "restaurant",
        "name": "Sop Buntut Sapi Ma'emun"
      },
      "geometry": {
        "type": "Point",
        "coordinates": [
          107.6305265,
          -6.9163793
        ]
      },
      "id": "node/13801639126"
    },
    {
      "type": "Feature",
      "properties": {
        "@id": "node/13801643500",
        "amenity": "restaurant",
        "name": "Oracle"
      },
      "geometry": {
        "type": "Point",
        "coordinates": [
          107.628104,
          -6.9117289
        ]
      },
      "id": "node/13801643500"
    },
    {
      "type": "Feature",
      "properties": {
        "@id": "node/13801673930",
        "amenity": "restaurant",
        "cuisine": "steak_house",
        "name": "Holycow"
      },
      "geometry": {
        "type": "Point",
        "coordinates": [
          107.6281915,
          -6.9127525
        ]
      },
      "id": "node/13801673930"
    },
    {
      "type": "Feature",
      "properties": {
        "@id": "node/13801704610",
        "amenity": "restaurant",
        "name": "Iga Bakar Mas Giri"
      },
      "geometry": {
        "type": "Point",
        "coordinates": [
          107.6281132,
          -6.9123566
        ]
      },
      "id": "node/13801704610"
    },
    {
      "type": "Feature",
      "properties": {
        "@id": "node/13801730853",
        "amenity": "restaurant",
        "name": "Bonfire"
      },
      "geometry": {
        "type": "Point",
        "coordinates": [
          107.6247093,
          -6.9085147
        ]
      },
      "id": "node/13801730853"
    },
    {
      "type": "Feature",
      "properties": {
        "@id": "node/13801745946",
        "amenity": "restaurant",
        "cuisine": "japanese",
        "name": "Okinawa Sushi"
      },
      "geometry": {
        "type": "Point",
        "coordinates": [
          107.6253905,
          -6.9090901
        ]
      },
      "id": "node/13801745946"
    },
    {
      "type": "Feature",
      "properties": {
        "@id": "node/13801753118",
        "amenity": "restaurant",
        "name": "Alas Cobek"
      },
      "geometry": {
        "type": "Point",
        "coordinates": [
          107.6276007,
          -6.9111364
        ]
      },
      "id": "node/13801753118"
    },
    {
      "type": "Feature",
      "properties": {
        "@id": "node/13807787946",
        "amenity": "restaurant",
        "name": "Plateia Hot Plate"
      },
      "geometry": {
        "type": "Point",
        "coordinates": [
          107.6157874,
          -6.896566
        ]
      },
      "id": "node/13807787946"
    },
    {
      "type": "Feature",
      "properties": {
        "@id": "node/13807798937",
        "amenity": "restaurant",
        "cuisine": "noodle",
        "name": "Bakmee Botak"
      },
      "geometry": {
        "type": "Point",
        "coordinates": [
          107.6157986,
          -6.8965223
        ]
      },
      "id": "node/13807798937"
    },
    {
      "type": "Feature",
      "properties": {
        "@id": "node/13807812520",
        "amenity": "restaurant",
        "name": "Soto Seteran Semarang"
      },
      "geometry": {
        "type": "Point",
        "coordinates": [
          107.6157818,
          -6.8965588
        ]
      },
      "id": "node/13807812520"
    },
    {
      "type": "Feature",
      "properties": {
        "@id": "node/13808631027",
        "amenity": "restaurant",
        "name": "Bebek dan Ayam Kampung Mas Budi"
      },
      "geometry": {
        "type": "Point",
        "coordinates": [
          107.5342213,
          -6.8889778
        ]
      },
      "id": "node/13808631027"
    },
    {
      "type": "Feature",
      "properties": {
        "@id": "node/13808931414",
        "amenity": "restaurant",
        "name": "Nasi Gila & Goreng Roni Rizky",
        "opening_hours": "Mo-Su 19:00-18:00+"
      },
      "geometry": {
        "type": "Point",
        "coordinates": [
          107.5813872,
          -6.8894696
        ]
      },
      "id": "node/13808931414"
    },
    {
      "type": "Feature",
      "properties": {
        "@id": "node/13808939901",
        "amenity": "restaurant",
        "name": "Warung Nasi Padang Wa'uda"
      },
      "geometry": {
        "type": "Point",
        "coordinates": [
          107.5813624,
          -6.8894107
        ]
      },
      "id": "node/13808939901"
    },
    {
      "type": "Feature",
      "properties": {
        "@id": "node/13810637071",
        "amenity": "restaurant",
        "name": "Waroeng Bebek Ngarasan"
      },
      "geometry": {
        "type": "Point",
        "coordinates": [
          107.6174846,
          -6.8849634
        ]
      },
      "id": "node/13810637071"
    },
    {
      "type": "Feature",
      "properties": {
        "@id": "node/13810700693",
        "amenity": "restaurant",
        "name": "Putra Minang"
      },
      "geometry": {
        "type": "Point",
        "coordinates": [
          107.6181821,
          -6.8849064
        ]
      },
      "id": "node/13810700693"
    },
    {
      "type": "Feature",
      "properties": {
        "@id": "node/13832243998",
        "amenity": "restaurant",
        "brand": "Solaria",
        "brand:wikidata": "Q118136107",
        "cuisine": "indonesian",
        "name": "Solaria"
      },
      "geometry": {
        "type": "Point",
        "coordinates": [
          107.6059797,
          -6.922482
        ]
      },
      "id": "node/13832243998"
    },
    {
      "type": "Feature",
      "properties": {
        "@id": "node/13914011756",
        "amenity": "restaurant",
        "contact:foursquare": "https://app.foursquare.com/v/mie-kocok-pa-h-endan/527f0ecd11d288a300b8cb03",
        "name": "Mie Kocok Pak H. Endan"
      },
      "geometry": {
        "type": "Point",
        "coordinates": [
          107.6051053,
          -6.9142631
        ]
      },
      "id": "node/13914011756"
    },
    {
      "type": "Feature",
      "properties": {
        "@id": "node/13937520269",
        "amenity": "restaurant",
        "name": "Soto Padang Pak Ujang"
      },
      "geometry": {
        "type": "Point",
        "coordinates": [
          107.6694901,
          -6.917655
        ]
      },
      "id": "node/13937520269"
    },
    {
      "type": "Feature",
      "properties": {
        "@id": "node/13968240101",
        "amenity": "restaurant",
        "check_date": "2026-06-26",
        "name": "Sate Padang MJ"
      },
      "geometry": {
        "type": "Point",
        "coordinates": [
          107.6421598,
          -6.9433141
        ]
      },
      "id": "node/13968240101"
    },
    {
      "type": "Feature",
      "properties": {
        "@id": "node/13969891702",
        "amenity": "restaurant",
        "check_date": "2026-06-27",
        "name": "Mie Kriting Bangka Hokky"
      },
      "geometry": {
        "type": "Point",
        "coordinates": [
          107.6085814,
          -6.9547091
        ]
      },
      "id": "node/13969891702"
    },
    {
      "type": "Feature",
      "properties": {
        "@id": "node/13969891901",
        "amenity": "restaurant",
        "check_date": "2026-06-27",
        "name": "Ayam Bakar & Ayam Goreng Bu Wiwi"
      },
      "geometry": {
        "type": "Point",
        "coordinates": [
          107.608646,
          -6.9547382
        ]
      },
      "id": "node/13969891901"
    },
    {
      "type": "Feature",
      "properties": {
        "@id": "node/14014054109",
        "amenity": "restaurant",
        "name": "Saji Rasa"
      },
      "geometry": {
        "type": "Point",
        "coordinates": [
          107.6147103,
          -6.8855117
        ]
      },
      "id": "node/14014054109"
    },
    {
      "type": "Feature",
      "properties": {
        "@id": "node/14023758779",
        "amenity": "restaurant",
        "name": "Nasi Liwet Cisitu"
      },
      "geometry": {
        "type": "Point",
        "coordinates": [
          107.6120432,
          -6.8804358
        ]
      },
      "id": "node/14023758779"
    },
    {
      "type": "Feature",
      "properties": {
        "@id": "node/14023763451",
        "amenity": "restaurant",
        "name": "Warung Kameumeut"
      },
      "geometry": {
        "type": "Point",
        "coordinates": [
          107.6119828,
          -6.8807838
        ]
      },
      "id": "node/14023763451"
    },
    {
      "type": "Feature",
      "properties": {
        "@id": "node/14023777933",
        "amenity": "restaurant",
        "name": "Rumah Makan Ngalau Indah"
      },
      "geometry": {
        "type": "Point",
        "coordinates": [
          107.6119668,
          -6.8801156
        ]
      },
      "id": "node/14023777933"
    },
    {
      "type": "Feature",
      "properties": {
        "@id": "node/14023788608",
        "amenity": "restaurant",
        "name": "Kantin Ibu Olis"
      },
      "geometry": {
        "type": "Point",
        "coordinates": [
          107.6120879,
          -6.8801825
        ]
      },
      "id": "node/14023788608"
    },
    {
      "type": "Feature",
      "properties": {
        "@id": "node/14028930597",
        "addr:city": "Cimahi",
        "addr:district": "Cimahi Tengah",
        "addr:postcode": "40521",
        "addr:province": "Jawa Barat",
        "addr:street": "Jalan H.M.S. Mintaredja SH",
        "addr:subdistrict": "Baros",
        "amenity": "restaurant",
        "cuisine": "regional",
        "name": "Waroeng Titik Kumpul",
        "website": "https://waroengtitikkumpul.id"
      },
      "geometry": {
        "type": "Point",
        "coordinates": [
          107.5412511,
          -6.8933401
        ]
      },
      "id": "node/14028930597"
    },
    {
      "type": "Feature",
      "properties": {
        "@id": "node/14029887768",
        "amenity": "restaurant",
        "name": "Mie Bakso Kelud"
      },
      "geometry": {
        "type": "Point",
        "coordinates": [
          107.611954,
          -6.8802063
        ]
      },
      "id": "node/14029887768"
    },
    {
      "type": "Feature",
      "properties": {
        "@id": "node/14038373463",
        "amenity": "restaurant",
        "name": "Pempek Ny. Kamto"
      },
      "geometry": {
        "type": "Point",
        "coordinates": [
          107.6093829,
          -6.9164001
        ]
      },
      "id": "node/14038373463"
    },
    {
      "type": "Feature",
      "properties": {
        "@id": "node/14038409720",
        "amenity": "restaurant",
        "name": "Warung Nasi Ajeng"
      },
      "geometry": {
        "type": "Point",
        "coordinates": [
          107.5941615,
          -6.9456193
        ]
      },
      "id": "node/14038409720"
    },
    {
      "type": "Feature",
      "properties": {
        "@id": "node/14051262735",
        "amenity": "restaurant",
        "cuisine": "chinese;canton",
        "name": "Queen Legend",
        "opening_hours": "24/7 closed \"Konstruksi\""
      },
      "geometry": {
        "type": "Point",
        "coordinates": [
          107.6900001,
          -6.9598801
        ]
      },
      "id": "node/14051262735"
    },
    {
      "type": "Feature",
      "properties": {
        "@id": "node/14053598145",
        "amenity": "restaurant",
        "name": "Ketoprak"
      },
      "geometry": {
        "type": "Point",
        "coordinates": [
          107.6119795,
          -6.8807658
        ]
      },
      "id": "node/14053598145"
    },
    {
      "type": "Feature",
      "properties": {
        "@id": "node/14064068898",
        "amenity": "restaurant",
        "name": "Delapan Padi"
      },
      "geometry": {
        "type": "Point",
        "coordinates": [
          107.6141504,
          -6.8981648
        ]
      },
      "id": "node/14064068898"
    },
    {
      "type": "Feature",
      "properties": {
        "@id": "node/14074674953",
        "amenity": "restaurant",
        "name": "Steak Ranjang"
      },
      "geometry": {
        "type": "Point",
        "coordinates": [
          107.6434722,
          -6.91627
        ]
      },
      "id": "node/14074674953"
    },
    {
      "type": "Feature",
      "properties": {
        "@id": "node/14074679954",
        "amenity": "restaurant",
        "name": "Bakso Malang Kiara"
      },
      "geometry": {
        "type": "Point",
        "coordinates": [
          107.6434968,
          -6.9164822
        ]
      },
      "id": "node/14074679954"
    },
    {
      "type": "Feature",
      "properties": {
        "@id": "node/14091329401",
        "amenity": "restaurant",
        "check_date": "2026-08-13",
        "name": "Awi Legit"
      },
      "geometry": {
        "type": "Point",
        "coordinates": [
          107.6195497,
          -6.8990267
        ]
      },
      "id": "node/14091329401"
    }
  ]
}