{
  "type": "FeatureCollection",
  "generator": "overpass-turbo",
  "copyright": "The data included in this document is from www.openstreetmap.org. The data is made available under ODbL.",
  "timestamp": "2026-08-16T00:12:05Z",
  "features": [
    {
      "type": "Feature",
      "properties": {
        "@id": "way/119440785",
        "addr:city": "Bandung, Jawa Barat",
        "addr:housenumber": "70",
        "addr:postcode": "40132",
        "addr:street": "Jalan Insinyur Haji Juanda",
        "amenity": "cafe",
        "building": "yes",
        "building:levels": "1",
        "building:roof": "tile",
        "building:structure": "reinforced_masonry",
        "building:use": "commercial",
        "building:walls": "brick",
        "cuisine": "coffee_shop",
        "name": "Jabarano Coffee",
        "opening_hours": "Mo-Fr 08:00-17:00"
      },
      "geometry": {
        "type": "Polygon",
        "coordinates": [
          [
            [
              107.6130227,
              -6.8975254
            ],
            [
              107.6130186,
              -6.8977209
            ],
            [
              107.613509,
              -6.8977309
            ],
            [
              107.6135136,
              -6.8975118
            ],
            [
              107.6134405,
              -6.8975103
            ],
            [
              107.6134374,
              -6.8976636
            ],
            [
              107.6133277,
              -6.8976614
            ],
            [
              107.6133304,
              -6.8975317
            ],
            [
              107.6130227,
              -6.8975254
            ]
          ]
        ]
      },
      "id": "way/119440785"
    },
    {
      "type": "Feature",
      "properties": {
        "@id": "way/219361659",
        "addr:city": "Bandung",
        "addr:postcode": "40135",
        "addr:street": "Jalan Bukit Dago Selatan",
        "amenity": "cafe",
        "building": "yes",
        "name": "Choosy Coffe"
      },
      "geometry": {
        "type": "Polygon",
        "coordinates": [
          [
            [
              107.6202892,
              -6.8696038
            ],
            [
              107.6201591,
              -6.8695655
            ],
            [
              107.6201312,
              -6.869659
            ],
            [
              107.6202614,
              -6.8696972
            ],
            [
              107.6202892,
              -6.8696038
            ]
          ]
        ]
      },
      "id": "way/219361659"
    },
    {
      "type": "Feature",
      "properties": {
        "@id": "way/299012300",
        "addr:city": "Bandung, Jawa Barat",
        "addr:postcode": "40154",
        "addr:street": "Bukit Pakar Timur IV Kav B1",
        "amenity": "cafe",
        "building": "yes",
        "name": "Calista Cafe",
        "phone": "+62 22 2513355"
      },
      "geometry": {
        "type": "Polygon",
        "coordinates": [
          [
            [
              107.6277858,
              -6.8643872
            ],
            [
              107.6277507,
              -6.864434
            ],
            [
              107.6278331,
              -6.864495
            ],
            [
              107.6278683,
              -6.8644483
            ],
            [
              107.6277858,
              -6.8643872
            ]
          ]
        ]
      },
      "id": "way/299012300"
    },
    {
      "type": "Feature",
      "properties": {
        "@id": "way/376347946",
        "amenity": "cafe",
        "building": "yes",
        "cuisine": "regional",
        "internet_access": "wlan",
        "name": "Kafe Halaman"
      },
      "geometry": {
        "type": "Polygon",
        "coordinates": [
          [
            [
              107.6116242,
              -6.8850808
            ],
            [
              107.611636,
              -6.8851765
            ],
            [
              107.6117637,
              -6.8851752
            ],
            [
              107.6117627,
              -6.8853057
            ],
            [
              107.6117187,
              -6.885304
            ],
            [
              107.6117184,
              -6.8854037
            ],
            [
              107.6117526,
              -6.8854048
            ],
            [
              107.6117537,
              -6.8854418
            ],
            [
              107.6117861,
              -6.8854426
            ],
            [
              107.6117859,
              -6.8854696
            ],
            [
              107.6118424,
              -6.8854707
            ],
            [
              107.6118434,
              -6.8854295
            ],
            [
              107.6118865,
              -6.8854296
            ],
            [
              107.6118858,
              -6.8853702
            ],
            [
              107.6119188,
              -6.885372
            ],
            [
              107.6119159,
              -6.8850778
            ],
            [
              107.6116242,
              -6.8850808
            ]
          ]
        ]
      },
      "id": "way/376347946"
    },
    {
      "type": "Feature",
      "properties": {
        "@id": "way/376352118",
        "amenity": "cafe",
        "building": "yes",
        "name": "Hummingbird"
      },
      "geometry": {
        "type": "Polygon",
        "coordinates": [
          [
            [
              107.6177821,
              -6.9047119
            ],
            [
              107.6177936,
              -6.9052281
            ],
            [
              107.6179975,
              -6.9052252
            ],
            [
              107.6179929,
              -6.9049377
            ],
            [
              107.6179909,
              -6.9046992
            ],
            [
              107.6177821,
              -6.9047119
            ]
          ]
        ]
      },
      "id": "way/376352118"
    },
    {
      "type": "Feature",
      "properties": {
        "@id": "way/376352128",
        "amenity": "cafe",
        "building": "yes",
        "cuisine": "regional",
        "name": "Lekker"
      },
      "geometry": {
        "type": "Polygon",
        "coordinates": [
          [
            [
              107.6172663,
              -6.9224572
            ],
            [
              107.6172517,
              -6.9227367
            ],
            [
              107.6175107,
              -6.9227605
            ],
            [
              107.6175232,
              -6.9225106
            ],
            [
              107.6174936,
              -6.9224753
            ],
            [
              107.6172663,
              -6.9224572
            ]
          ]
        ]
      },
      "id": "way/376352128"
    },
    {
      "type": "Feature",
      "properties": {
        "@id": "way/376628479",
        "amenity": "cafe",
        "building": "yes",
        "cuisine": "coffee_bean_shop",
        "name": "Kopi Aroma",
        "smoking": "separated"
      },
      "geometry": {
        "type": "Polygon",
        "coordinates": [
          [
            [
              107.6061779,
              -6.9174175
            ],
            [
              107.6061969,
              -6.9174826
            ],
            [
              107.6062102,
              -6.9175324
            ],
            [
              107.6062887,
              -6.9175278
            ],
            [
              107.6062738,
              -6.9174713
            ],
            [
              107.6062616,
              -6.9174334
            ],
            [
              107.6062467,
              -6.9174171
            ],
            [
              107.6062191,
              -6.9174159
            ],
            [
              107.6061779,
              -6.9174175
            ]
          ]
        ]
      },
      "id": "way/376628479"
    },
    {
      "type": "Feature",
      "properties": {
        "@id": "way/377299655",
        "amenity": "cafe",
        "building": "yes",
        "name": "Kopitera"
      },
      "geometry": {
        "type": "Polygon",
        "coordinates": [
          [
            [
              107.6159445,
              -6.8818779
            ],
            [
              107.6158824,
              -6.8819732
            ],
            [
              107.6158429,
              -6.881948
            ],
            [
              107.6157808,
              -6.8820349
            ],
            [
              107.6158965,
              -6.8821161
            ],
            [
              107.6159247,
              -6.8820853
            ],
            [
              107.6159981,
              -6.882133
            ],
            [
              107.6160433,
              -6.8820909
            ],
            [
              107.6160659,
              -6.8819844
            ],
            [
              107.6159445,
              -6.8818779
            ]
          ]
        ]
      },
      "id": "way/377299655"
    },
    {
      "type": "Feature",
      "properties": {
        "@id": "way/377299667",
        "addr:city": "Bandung",
        "addr:housenumber": "Jl. Ir. H. Juanda No.314A, RT.1/RW.1, Dago, Kecamatan Coblong, Kota Bandung, Jawa Barat 40135",
        "addr:postcode": "40135",
        "addr:street": "Jalan Insinyur Haji Juanda",
        "amenity": "cafe",
        "building": "yes",
        "cuisine": "ice_cream;tea",
        "name": "MIXUE Dago",
        "opening_hours": "Mo-Su 10:30-21:30"
      },
      "geometry": {
        "type": "Polygon",
        "coordinates": [
          [
            [
              107.6166913,
              -6.8789343
            ],
            [
              107.6166755,
              -6.8789908
            ],
            [
              107.6167655,
              -6.8790138
            ],
            [
              107.6167983,
              -6.8790239
            ],
            [
              107.6168139,
              -6.8789683
            ],
            [
              107.6166913,
              -6.8789343
            ]
          ]
        ]
      },
      "id": "way/377299667"
    },
    {
      "type": "Feature",
      "properties": {
        "@id": "way/377302805",
        "addr:city": "Dago, Coblong, Kota Bandung, Jawa Barat",
        "addr:postcode": "40135",
        "addr:street": "Jalan Insinyur Haji Juanda",
        "amenity": "cafe",
        "building": "yes",
        "name": "372 Kopi"
      },
      "geometry": {
        "type": "Polygon",
        "coordinates": [
          [
            [
              107.6189006,
              -6.8753385
            ],
            [
              107.6190713,
              -6.8754091
            ],
            [
              107.6191132,
              -6.8753091
            ],
            [
              107.6191695,
              -6.8753323
            ],
            [
              107.6192005,
              -6.8752583
            ],
            [
              107.6190719,
              -6.8752051
            ],
            [
              107.6190415,
              -6.8752775
            ],
            [
              107.6189432,
              -6.8752369
            ],
            [
              107.6189006,
              -6.8753385
            ]
          ]
        ]
      },
      "id": "way/377302805"
    },
    {
      "type": "Feature",
      "properties": {
        "@id": "way/381032756",
        "amenity": "cafe",
        "building": "yes",
        "cuisine": "coffee_shop",
        "name": "Makmur Jaya"
      },
      "geometry": {
        "type": "Polygon",
        "coordinates": [
          [
            [
              107.6095895,
              -6.9002737
            ],
            [
              107.6095965,
              -6.9002976
            ],
            [
              107.6095716,
              -6.9003048
            ],
            [
              107.6095958,
              -6.9003874
            ],
            [
              107.6096089,
              -6.9003836
            ],
            [
              107.6096212,
              -6.9004257
            ],
            [
              107.6097207,
              -6.900397
            ],
            [
              107.6096988,
              -6.9003222
            ],
            [
              107.609732,
              -6.9003126
            ],
            [
              107.6097238,
              -6.9002844
            ],
            [
              107.6096953,
              -6.9002926
            ],
            [
              107.609682,
              -6.9002471
            ],
            [
              107.6095895,
              -6.9002737
            ]
          ]
        ]
      },
      "id": "way/381032756"
    },
    {
      "type": "Feature",
      "properties": {
        "@id": "way/409364267",
        "addr:city": "Bandung",
        "addr:housenumber": "126",
        "addr:postcode": "40242",
        "addr:street": "Jalan Jenderal Ahmad Yani",
        "amenity": "cafe",
        "building": "yes",
        "cuisine": "regional",
        "name": "Ballroom & Karaoke"
      },
      "geometry": {
        "type": "Polygon",
        "coordinates": [
          [
            [
              107.6214959,
              -6.9207861
            ],
            [
              107.6212843,
              -6.9207668
            ],
            [
              107.621266,
              -6.920965
            ],
            [
              107.6212607,
              -6.921023
            ],
            [
              107.6214391,
              -6.9210392
            ],
            [
              107.62144,
              -6.9210299
            ],
            [
              107.6214522,
              -6.921031
            ],
            [
              107.6214543,
              -6.9210082
            ],
            [
              107.6214752,
              -6.9210101
            ],
            [
              107.6214959,
              -6.9207861
            ]
          ]
        ]
      },
      "id": "way/409364267"
    },
    {
      "type": "Feature",
      "properties": {
        "@id": "way/409367602",
        "amenity": "cafe",
        "building": "yes",
        "name": "Roti"
      },
      "geometry": {
        "type": "Polygon",
        "coordinates": [
          [
            [
              107.6214334,
              -6.9203987
            ],
            [
              107.6213788,
              -6.9204266
            ],
            [
              107.6215168,
              -6.9206771
            ],
            [
              107.62157,
              -6.9206486
            ],
            [
              107.6214334,
              -6.9203987
            ]
          ]
        ]
      },
      "id": "way/409367602"
    },
    {
      "type": "Feature",
      "properties": {
        "@id": "way/512326770",
        "amenity": "cafe",
        "brand": "TOMORO Coffee",
        "brand:wikidata": "Q126326801",
        "building": "yes",
        "cuisine": "coffee_shop",
        "name": "TOMORO Coffee",
        "takeaway": "yes"
      },
      "geometry": {
        "type": "Polygon",
        "coordinates": [
          [
            [
              107.6083642,
              -6.9012024
            ],
            [
              107.6084809,
              -6.9012744
            ],
            [
              107.6085131,
              -6.9012229
            ],
            [
              107.6083964,
              -6.9011509
            ],
            [
              107.6083642,
              -6.9012024
            ]
          ]
        ]
      },
      "id": "way/512326770"
    },
    {
      "type": "Feature",
      "properties": {
        "@id": "way/512353767",
        "amenity": "cafe",
        "bar": "yes",
        "building": "yes",
        "cuisine": "burger;pizza;coffee_shop;italian",
        "internet_access": "yes",
        "internet_access:fee": "customers",
        "name": "MASA",
        "outdoor_seating": "yes",
        "reservation": "recommended"
      },
      "geometry": {
        "type": "Polygon",
        "coordinates": [
          [
            [
              107.6141417,
              -6.9020072
            ],
            [
              107.6141189,
              -6.902119
            ],
            [
              107.6142037,
              -6.9021361
            ],
            [
              107.6142265,
              -6.9020242
            ],
            [
              107.6141417,
              -6.9020072
            ]
          ]
        ]
      },
      "id": "way/512353767"
    },
    {
      "type": "Feature",
      "properties": {
        "@id": "way/512892169",
        "addr:housenumber": "33",
        "addr:street": "Jalan Gandapura",
        "amenity": "cafe",
        "building": "yes",
        "name": "Critoe"
      },
      "geometry": {
        "type": "Polygon",
        "coordinates": [
          [
            [
              107.625749,
              -6.9148136
            ],
            [
              107.6257237,
              -6.9149017
            ],
            [
              107.6258418,
              -6.914935
            ],
            [
              107.625867,
              -6.9148469
            ],
            [
              107.625749,
              -6.9148136
            ]
          ]
        ]
      },
      "id": "way/512892169"
    },
    {
      "type": "Feature",
      "properties": {
        "@id": "way/513810764",
        "addr:city": "Bandung",
        "addr:district": "Lengkong",
        "addr:housenumber": "3",
        "addr:neighbourhood": "7",
        "addr:postcode": "40262",
        "addr:province": "Jawa Barat",
        "addr:street": "Jalan Burangrang",
        "addr:subdistrict": "Malabar",
        "amenity": "cafe",
        "building": "retail",
        "building:levels": "2",
        "name": "Onsite Cafe",
        "opening_hours": "Mo-Su 08:00-22:00"
      },
      "geometry": {
        "type": "Polygon",
        "coordinates": [
          [
            [
              107.6200808,
              -6.9232934
            ],
            [
              107.6200948,
              -6.9233764
            ],
            [
              107.6202664,
              -6.9233479
            ],
            [
              107.6202524,
              -6.9232649
            ],
            [
              107.6200808,
              -6.9232934
            ]
          ]
        ]
      },
      "id": "way/513810764"
    },
    {
      "type": "Feature",
      "properties": {
        "@id": "way/518518161",
        "amenity": "cafe",
        "building": "yes",
        "name": "Riverstone Bistro"
      },
      "geometry": {
        "type": "Polygon",
        "coordinates": [
          [
            [
              107.589983,
              -6.8529138
            ],
            [
              107.5900112,
              -6.8529897
            ],
            [
              107.5901413,
              -6.8529421
            ],
            [
              107.5901131,
              -6.8528662
            ],
            [
              107.589983,
              -6.8529138
            ]
          ]
        ]
      },
      "id": "way/518518161"
    },
    {
      "type": "Feature",
      "properties": {
        "@id": "way/519459112",
        "addr:city": "Bandung",
        "addr:housename": "terasararea",
        "addr:housenumber": "7",
        "addr:province": "west java",
        "addr:street": "Jalan Bukit Pakar Tmur",
        "addr:unit": "7",
        "amenity": "cafe",
        "building": "yes",
        "cuisine": "restaurant",
        "email": "store@terasararea.com",
        "internet_access": "wlan",
        "internet_access:fee": "no",
        "name": "terasararea kitchen",
        "opening_hours": "Mo-Su 10:00-22:00",
        "outdoor_seating": "yes",
        "phone": "+6282129559575"
      },
      "geometry": {
        "type": "Polygon",
        "coordinates": [
          [
            [
              107.6267541,
              -6.8640552
            ],
            [
              107.626657,
              -6.8640356
            ],
            [
              107.6266369,
              -6.8641342
            ],
            [
              107.626734,
              -6.8641537
            ],
            [
              107.6267541,
              -6.8640552
            ]
          ]
        ]
      },
      "id": "way/519459112"
    },
    {
      "type": "Feature",
      "properties": {
        "@id": "way/520143262",
        "amenity": "cafe",
        "building": "yes",
        "name": "U Café"
      },
      "geometry": {
        "type": "Polygon",
        "coordinates": [
          [
            [
              107.5938148,
              -6.8619681
            ],
            [
              107.5936622,
              -6.8619691
            ],
            [
              107.593663,
              -6.8620984
            ],
            [
              107.5938157,
              -6.8620974
            ],
            [
              107.5938148,
              -6.8619681
            ]
          ]
        ]
      },
      "id": "way/520143262"
    },
    {
      "type": "Feature",
      "properties": {
        "@id": "way/521696656",
        "amenity": "cafe",
        "building": "yes",
        "cuisine": "coffee_shop",
        "name": "Coffee Lab 5758"
      },
      "geometry": {
        "type": "Polygon",
        "coordinates": [
          [
            [
              107.5826318,
              -6.8613305
            ],
            [
              107.582541,
              -6.8612992
            ],
            [
              107.582524,
              -6.8613476
            ],
            [
              107.5826149,
              -6.8613789
            ],
            [
              107.5826318,
              -6.8613305
            ]
          ]
        ]
      },
      "id": "way/521696656"
    },
    {
      "type": "Feature",
      "properties": {
        "@id": "way/521696657",
        "amenity": "cafe",
        "building": "yes",
        "name": "Coffee Lab 5758"
      },
      "geometry": {
        "type": "Polygon",
        "coordinates": [
          [
            [
              107.5825588,
              -6.8612482
            ],
            [
              107.582541,
              -6.8612992
            ],
            [
              107.5826318,
              -6.8613305
            ],
            [
              107.5826497,
              -6.8612796
            ],
            [
              107.5825588,
              -6.8612482
            ]
          ]
        ]
      },
      "id": "way/521696657"
    },
    {
      "type": "Feature",
      "properties": {
        "@id": "way/522949351",
        "amenity": "cafe",
        "building": "yes",
        "cuisine": "coffee_shop",
        "name": "Masagi Coffee"
      },
      "geometry": {
        "type": "Polygon",
        "coordinates": [
          [
            [
              107.6064894,
              -6.8685789
            ],
            [
              107.6064655,
              -6.8687941
            ],
            [
              107.6065876,
              -6.8688074
            ],
            [
              107.6066114,
              -6.8685922
            ],
            [
              107.6064894,
              -6.8685789
            ]
          ]
        ]
      },
      "id": "way/522949351"
    },
    {
      "type": "Feature",
      "properties": {
        "@id": "way/522968085",
        "addr:city": "Bandung, Jawa Barat",
        "addr:postcode": "40134",
        "addr:street": "Jalan Cigadung Raya Barat",
        "amenity": "cafe",
        "building": "yes",
        "name": "Cafe Dante"
      },
      "geometry": {
        "type": "Polygon",
        "coordinates": [
          [
            [
              107.6231794,
              -6.8674844
            ],
            [
              107.6231518,
              -6.8675316
            ],
            [
              107.6232899,
              -6.8676115
            ],
            [
              107.6233175,
              -6.8675643
            ],
            [
              107.6231794,
              -6.8674844
            ]
          ]
        ]
      },
      "id": "way/522968085"
    },
    {
      "type": "Feature",
      "properties": {
        "@id": "way/530164018",
        "addr:full": "Jalan Cihampelas No. 58 A, Tamansari, Bandung Wetan, Kota Bandung, Jawa Barat 40116",
        "amenity": "cafe",
        "building": "cafe",
        "name": "Gonzo Anime Caffe",
        "name:it": "Gonzo Anime"
      },
      "geometry": {
        "type": "Polygon",
        "coordinates": [
          [
            [
              107.604465,
              -6.9021037
            ],
            [
              107.6044545,
              -6.9021545
            ],
            [
              107.6046176,
              -6.9021908
            ],
            [
              107.6046287,
              -6.9021395
            ],
            [
              107.604465,
              -6.9021037
            ]
          ]
        ]
      },
      "id": "way/530164018"
    },
    {
      "type": "Feature",
      "properties": {
        "@id": "way/530164119",
        "addr:full": "Jalan Linggawastu No.11, Tamansari, Bandung Wetan, Kota Bandung, Jawa Barat 40116",
        "amenity": "cafe",
        "building": "cafe",
        "name": "Yelow Truck Coffe"
      },
      "geometry": {
        "type": "Polygon",
        "coordinates": [
          [
            [
              107.6053625,
              -6.9030117
            ],
            [
              107.6053628,
              -6.9029492
            ],
            [
              107.6053917,
              -6.9029485
            ],
            [
              107.6053923,
              -6.9028793
            ],
            [
              107.6053742,
              -6.9028786
            ],
            [
              107.6053736,
              -6.902846
            ],
            [
              107.605226,
              -6.902844
            ],
            [
              107.6052254,
              -6.9028833
            ],
            [
              107.6052576,
              -6.9028836
            ],
            [
              107.6052565,
              -6.9029095
            ],
            [
              107.6052321,
              -6.9029092
            ],
            [
              107.6052314,
              -6.9029678
            ],
            [
              107.6052428,
              -6.9029691
            ],
            [
              107.6052425,
              -6.9029974
            ],
            [
              107.6052589,
              -6.9029974
            ],
            [
              107.6052586,
              -6.9030117
            ],
            [
              107.6053625,
              -6.9030117
            ]
          ]
        ]
      },
      "id": "way/530164119"
    },
    {
      "type": "Feature",
      "properties": {
        "@id": "way/546598291",
        "amenity": "cafe",
        "brand": "Fore Coffee",
        "brand:wikidata": "Q66424373",
        "building": "retail",
        "cuisine": "coffee_shop",
        "name": "Fore Coffee",
        "takeaway": "yes"
      },
      "geometry": {
        "type": "Polygon",
        "coordinates": [
          [
            [
              107.6154939,
              -6.889135
            ],
            [
              107.6155385,
              -6.8892486
            ],
            [
              107.615488,
              -6.8892682
            ],
            [
              107.6155009,
              -6.8893011
            ],
            [
              107.6155118,
              -6.8893288
            ],
            [
              107.6156772,
              -6.8892648
            ],
            [
              107.6156457,
              -6.8891846
            ],
            [
              107.6156829,
              -6.8891702
            ],
            [
              107.615646,
              -6.8890761
            ],
            [
              107.6154939,
              -6.889135
            ]
          ]
        ]
      },
      "id": "way/546598291"
    },
    {
      "type": "Feature",
      "properties": {
        "@id": "way/546617076",
        "amenity": "cafe",
        "building": "yes",
        "name": "Tree House Cafe"
      },
      "geometry": {
        "type": "Polygon",
        "coordinates": [
          [
            [
              107.6149453,
              -6.8946399
            ],
            [
              107.6151702,
              -6.894643
            ],
            [
              107.6151671,
              -6.8944816
            ],
            [
              107.6149414,
              -6.8944809
            ],
            [
              107.6149453,
              -6.8946399
            ]
          ]
        ]
      },
      "id": "way/546617076"
    },
    {
      "type": "Feature",
      "properties": {
        "@id": "way/546623264",
        "amenity": "cafe",
        "building": "yes",
        "name": "Ngopi Doeloe Cafe"
      },
      "geometry": {
        "type": "Polygon",
        "coordinates": [
          [
            [
              107.6157068,
              -6.8945145
            ],
            [
              107.6157068,
              -6.8946229
            ],
            [
              107.61575,
              -6.8946229
            ],
            [
              107.61575,
              -6.8946478
            ],
            [
              107.6159141,
              -6.8946495
            ],
            [
              107.6159147,
              -6.8945626
            ],
            [
              107.6158913,
              -6.894562
            ],
            [
              107.6158907,
              -6.8945116
            ],
            [
              107.6157816,
              -6.8945097
            ],
            [
              107.615781,
              -6.8945626
            ],
            [
              107.6157606,
              -6.8945614
            ],
            [
              107.6157611,
              -6.8945162
            ],
            [
              107.6157068,
              -6.8945145
            ]
          ]
        ]
      },
      "id": "way/546623264"
    },
    {
      "type": "Feature",
      "properties": {
        "@id": "way/546721631",
        "addr:city": "Bandung, Jawa Barat",
        "addr:postcode": "40135",
        "addr:street": "Jl. Siliwangi No.8, Dago, Kecamatan Coblong, Kota Bandung, Jawa Barat 40135",
        "amenity": "cafe",
        "building": "yes",
        "name": "KOMA Fine Coffee"
      },
      "geometry": {
        "type": "Polygon",
        "coordinates": [
          [
            [
              107.6124764,
              -6.884504
            ],
            [
              107.6124509,
              -6.8846049
            ],
            [
              107.612496,
              -6.8846168
            ],
            [
              107.6124712,
              -6.8847207
            ],
            [
              107.6126096,
              -6.884752
            ],
            [
              107.6126555,
              -6.8845414
            ],
            [
              107.6124764,
              -6.884504
            ]
          ]
        ]
      },
      "id": "way/546721631"
    },
    {
      "type": "Feature",
      "properties": {
        "@id": "way/630307493",
        "amenity": "cafe",
        "building": "yes",
        "name": "Iriz-u Coffee"
      },
      "geometry": {
        "type": "Polygon",
        "coordinates": [
          [
            [
              107.6740029,
              -6.924033
            ],
            [
              107.6739375,
              -6.9242009
            ],
            [
              107.6740156,
              -6.9242308
            ],
            [
              107.674081,
              -6.924063
            ],
            [
              107.6740029,
              -6.924033
            ]
          ]
        ]
      },
      "id": "way/630307493"
    },
    {
      "type": "Feature",
      "properties": {
        "@id": "way/630357609",
        "amenity": "cafe",
        "building": "yes",
        "name": "Broy.co"
      },
      "geometry": {
        "type": "Polygon",
        "coordinates": [
          [
            [
              107.6726494,
              -6.9217705
            ],
            [
              107.6727025,
              -6.9218458
            ],
            [
              107.6728145,
              -6.921768
            ],
            [
              107.6727721,
              -6.9217078
            ],
            [
              107.6728326,
              -6.9216637
            ],
            [
              107.6728063,
              -6.9216281
            ],
            [
              107.6726655,
              -6.9217306
            ],
            [
              107.6726795,
              -6.9217496
            ],
            [
              107.6726494,
              -6.9217705
            ]
          ]
        ]
      },
      "id": "way/630357609"
    },
    {
      "type": "Feature",
      "properties": {
        "@id": "way/631795087",
        "amenity": "cafe",
        "building": "yes",
        "name": "Yumaju"
      },
      "geometry": {
        "type": "Polygon",
        "coordinates": [
          [
            [
              107.5833992,
              -6.919317
            ],
            [
              107.5834399,
              -6.9193221
            ],
            [
              107.583437,
              -6.9193451
            ],
            [
              107.583476,
              -6.9193499
            ],
            [
              107.5834866,
              -6.9192652
            ],
            [
              107.5834739,
              -6.9192636
            ],
            [
              107.5834774,
              -6.9192356
            ],
            [
              107.5834637,
              -6.9192339
            ],
            [
              107.5834675,
              -6.919203
            ],
            [
              107.5833999,
              -6.9191947
            ],
            [
              107.5833966,
              -6.9192214
            ],
            [
              107.5833892,
              -6.9192205
            ],
            [
              107.5833747,
              -6.9192317
            ],
            [
              107.5833719,
              -6.9192472
            ],
            [
              107.583381,
              -6.9192635
            ],
            [
              107.5833901,
              -6.9192646
            ],
            [
              107.5833853,
              -6.9193029
            ],
            [
              107.5834007,
              -6.9193048
            ],
            [
              107.5833992,
              -6.919317
            ]
          ]
        ]
      },
      "id": "way/631795087"
    },
    {
      "type": "Feature",
      "properties": {
        "@id": "way/632660174",
        "addr:city": "Bandung",
        "addr:country": "ID",
        "addr:housenumber": "159",
        "addr:province": "Jawa Barat",
        "addr:street": "Jalan Buah Batu",
        "air_conditioning": "yes",
        "amenity": "cafe",
        "building": "retail",
        "building:use": "commercial",
        "cuisine": "coffee_shop",
        "delivery": "Mo-Su 08:30-21:30",
        "indoor_seating": "yes",
        "internet_access": "wlan",
        "internet_access:fee": "no",
        "level": "2",
        "name": "MAXX Coffee",
        "opening_hours": "Mo-Su 10:00-22:00",
        "opening_hours:kitchen": "Mo-Su 08:30-21:30",
        "outdoor_seating": "yes",
        "smoking": "outside",
        "takeaway": "yes",
        "toilets": "yes",
        "toilets:access": "customers"
      },
      "geometry": {
        "type": "Polygon",
        "coordinates": [
          [
            [
              107.6246004,
              -6.9384459
            ],
            [
              107.6245206,
              -6.9383677
            ],
            [
              107.6244369,
              -6.9384546
            ],
            [
              107.6244929,
              -6.9385128
            ],
            [
              107.6245058,
              -6.9384994
            ],
            [
              107.6245282,
              -6.9385199
            ],
            [
              107.6246004,
              -6.9384459
            ]
          ]
        ]
      },
      "id": "way/632660174"
    },
    {
      "type": "Feature",
      "properties": {
        "@id": "way/632678834",
        "addr:city": "Bandung",
        "addr:country": "ID",
        "addr:housenumber": "158",
        "addr:province": "Jawa Barat",
        "addr:street": "Jalan Buah Batu",
        "amenity": "cafe",
        "building": "yes",
        "name": ".lokatiam"
      },
      "geometry": {
        "type": "Polygon",
        "coordinates": [
          [
            [
              107.62361,
              -6.9380225
            ],
            [
              107.6235376,
              -6.9379438
            ],
            [
              107.6233591,
              -6.9381111
            ],
            [
              107.6234328,
              -6.9381957
            ],
            [
              107.62361,
              -6.9380225
            ]
          ]
        ]
      },
      "id": "way/632678834"
    },
    {
      "type": "Feature",
      "properties": {
        "@id": "way/632681307",
        "addr:housenumber": "163",
        "addr:street": "Jalan Buah Batu",
        "air_conditioning": "yes",
        "amenity": "cafe",
        "brand": "Janji Jiwa",
        "building": "commercial",
        "cuisine": "coffee_shop",
        "delivery": "Mo-Su 06:15-02:45",
        "indoor_seating": "yes",
        "internet_access": "yes",
        "internet_access:fee": "no",
        "kids_area": "no",
        "name": "Janji Jiwa Culture",
        "opening_hours": "Mo-Su 06:00-03:00",
        "smoking": "outside",
        "takeaway": "yes",
        "toilets:access": "customers"
      },
      "geometry": {
        "type": "Polygon",
        "coordinates": [
          [
            [
              107.6266394,
              -6.9412393
            ],
            [
              107.6265624,
              -6.9413134
            ],
            [
              107.626658,
              -6.9414128
            ],
            [
              107.6267376,
              -6.9413392
            ],
            [
              107.6266394,
              -6.9412393
            ]
          ]
        ]
      },
      "id": "way/632681307"
    },
    {
      "type": "Feature",
      "properties": {
        "@id": "way/633530194",
        "addr:city": "Bandung",
        "addr:postcode": "40281",
        "addr:street": "Jalan Ibrahim Adji",
        "amenity": "cafe",
        "building": "yes",
        "name": "ESKO Cafe"
      },
      "geometry": {
        "type": "Polygon",
        "coordinates": [
          [
            [
              107.6418552,
              -6.943725
            ],
            [
              107.6417737,
              -6.9437191
            ],
            [
              107.6417691,
              -6.9438236
            ],
            [
              107.6418488,
              -6.9438273
            ],
            [
              107.6418552,
              -6.943725
            ]
          ]
        ]
      },
      "id": "way/633530194"
    },
    {
      "type": "Feature",
      "properties": {
        "@id": "way/633708739",
        "addr:city": "Bandung",
        "addr:district": "Antapani",
        "addr:housenumber": "84",
        "addr:neighbourhood": "Briwash Laundry",
        "addr:postcode": "40291",
        "addr:province": "Jawa Barat",
        "addr:street": "Jalan Sukanagara",
        "addr:subdistrict": "Antapani Kidul",
        "amenity": "cafe",
        "building": "yes",
        "cuisine": "coffee_shop",
        "internet_access": "yes",
        "internet_access:fee": "no",
        "name": "Tedja Coffee Antapani",
        "opening_hours": "Mo-Su 07:00-22:00",
        "outdoor_seating": "yes"
      },
      "geometry": {
        "type": "Polygon",
        "coordinates": [
          [
            [
              107.6612178,
              -6.9219875
            ],
            [
              107.6612138,
              -6.9220661
            ],
            [
              107.6613845,
              -6.9220747
            ],
            [
              107.6613885,
              -6.9219962
            ],
            [
              107.6612178,
              -6.9219875
            ]
          ]
        ]
      },
      "id": "way/633708739"
    },
    {
      "type": "Feature",
      "properties": {
        "@id": "way/633768091",
        "amenity": "cafe",
        "building": "yes",
        "cuisine": "coffee_shop",
        "name": "Bagi Kopi"
      },
      "geometry": {
        "type": "Polygon",
        "coordinates": [
          [
            [
              107.5929222,
              -6.935301
            ],
            [
              107.592898,
              -6.9350677
            ],
            [
              107.5927375,
              -6.9350841
            ],
            [
              107.5927617,
              -6.9353173
            ],
            [
              107.5929222,
              -6.935301
            ]
          ]
        ]
      },
      "id": "way/633768091"
    },
    {
      "type": "Feature",
      "properties": {
        "@id": "way/637407892",
        "addr:city": "Bandung",
        "addr:postcode": "40135",
        "addr:street": "Jalan Alpina",
        "amenity": "cafe",
        "building": "yes",
        "name": "Kafe Leis"
      },
      "geometry": {
        "type": "Polygon",
        "coordinates": [
          [
            [
              107.6127561,
              -6.8792091
            ],
            [
              107.6127617,
              -6.8792462
            ],
            [
              107.6127214,
              -6.8792518
            ],
            [
              107.6127062,
              -6.8792654
            ],
            [
              107.6127832,
              -6.879299
            ],
            [
              107.6128232,
              -6.8792873
            ],
            [
              107.612864,
              -6.879247
            ],
            [
              107.612842,
              -6.8792316
            ],
            [
              107.6127937,
              -6.8792418
            ],
            [
              107.6127864,
              -6.8792023
            ],
            [
              107.6127561,
              -6.8792091
            ]
          ]
        ]
      },
      "id": "way/637407892"
    },
    {
      "type": "Feature",
      "properties": {
        "@id": "way/637417274",
        "addr:city": "Bandung, Jawa Barat",
        "addr:postcode": "40135",
        "addr:street": "Jalan Cisitu Lama",
        "amenity": "cafe",
        "building": "yes",
        "name": "Cafe"
      },
      "geometry": {
        "type": "Polygon",
        "coordinates": [
          [
            [
              107.6117331,
              -6.8828789
            ],
            [
              107.6117428,
              -6.8831016
            ],
            [
              107.6118333,
              -6.8830977
            ],
            [
              107.6118372,
              -6.8831857
            ],
            [
              107.6119282,
              -6.8831818
            ],
            [
              107.6119211,
              -6.8830182
            ],
            [
              107.6118405,
              -6.8830217
            ],
            [
              107.6118341,
              -6.8828746
            ],
            [
              107.6117331,
              -6.8828789
            ]
          ]
        ]
      },
      "id": "way/637417274"
    },
    {
      "type": "Feature",
      "properties": {
        "@id": "way/638385048",
        "amenity": "cafe",
        "building": "yes",
        "internet_access": "wlan",
        "name": "Layung Coffee Roastery",
        "outdoor_seating": "yes"
      },
      "geometry": {
        "type": "Polygon",
        "coordinates": [
          [
            [
              107.6895489,
              -6.9167826
            ],
            [
              107.6893657,
              -6.9167096
            ],
            [
              107.6893274,
              -6.9168042
            ],
            [
              107.6893658,
              -6.9168195
            ],
            [
              107.6893756,
              -6.9167953
            ],
            [
              107.6895205,
              -6.916853
            ],
            [
              107.6895489,
              -6.9167826
            ]
          ]
        ]
      },
      "id": "way/638385048"
    },
    {
      "type": "Feature",
      "properties": {
        "@id": "way/638394110",
        "amenity": "cafe",
        "building": "yes",
        "cuisine": "coffee_shop"
      },
      "geometry": {
        "type": "Polygon",
        "coordinates": [
          [
            [
              107.5787052,
              -6.8816697
            ],
            [
              107.5786933,
              -6.8816335
            ],
            [
              107.5786596,
              -6.8816426
            ],
            [
              107.5786719,
              -6.8816787
            ],
            [
              107.5787052,
              -6.8816697
            ]
          ]
        ]
      },
      "id": "way/638394110"
    },
    {
      "type": "Feature",
      "properties": {
        "@id": "way/711229872",
        "amenity": "cafe",
        "building": "yes",
        "name": "Caffetaria"
      },
      "geometry": {
        "type": "Polygon",
        "coordinates": [
          [
            [
              107.5941163,
              -6.8595833
            ],
            [
              107.5942183,
              -6.8595727
            ],
            [
              107.5942121,
              -6.8595143
            ],
            [
              107.5941101,
              -6.859525
            ],
            [
              107.5941163,
              -6.8595833
            ]
          ]
        ]
      },
      "id": "way/711229872"
    },
    {
      "type": "Feature",
      "properties": {
        "@id": "way/733084312",
        "amenity": "cafe",
        "building": "yes"
      },
      "geometry": {
        "type": "Polygon",
        "coordinates": [
          [
            [
              107.6736909,
              -6.8775505
            ],
            [
              107.6736766,
              -6.8775519
            ],
            [
              107.6736516,
              -6.8776059
            ],
            [
              107.6736975,
              -6.8776269
            ],
            [
              107.673717,
              -6.8776262
            ],
            [
              107.6737431,
              -6.8775956
            ],
            [
              107.6737391,
              -6.8775803
            ],
            [
              107.6736971,
              -6.8775434
            ],
            [
              107.6736909,
              -6.8775505
            ]
          ]
        ]
      },
      "id": "way/733084312"
    },
    {
      "type": "Feature",
      "properties": {
        "@id": "way/733431489",
        "addr:city": "Bandung",
        "addr:postcode": "40191",
        "addr:street": "Ligar Resik no 48",
        "amenity": "cafe",
        "building": "yes",
        "name": "Jds Kopi and Roastery"
      },
      "geometry": {
        "type": "Polygon",
        "coordinates": [
          [
            [
              107.632442,
              -6.8792467
            ],
            [
              107.6325438,
              -6.8793244
            ],
            [
              107.6326244,
              -6.8792202
            ],
            [
              107.6325241,
              -6.8791436
            ],
            [
              107.6324814,
              -6.8791986
            ],
            [
              107.6324625,
              -6.8791842
            ],
            [
              107.6324358,
              -6.8792187
            ],
            [
              107.6324533,
              -6.8792321
            ],
            [
              107.632442,
              -6.8792467
            ]
          ]
        ]
      },
      "id": "way/733431489"
    },
    {
      "type": "Feature",
      "properties": {
        "@id": "way/738648227",
        "addr:city": "Bandung, Jawa Barat",
        "addr:postcode": "40191",
        "addr:street": "Jalan Ranca Kendal Luhur",
        "amenity": "cafe",
        "building": "yes",
        "name": "Congo Gallery and Cafe"
      },
      "geometry": {
        "type": "Polygon",
        "coordinates": [
          [
            [
              107.6276046,
              -6.8674548
            ],
            [
              107.6276804,
              -6.8674492
            ],
            [
              107.6276837,
              -6.8674921
            ],
            [
              107.6277515,
              -6.8674871
            ],
            [
              107.6277477,
              -6.8674372
            ],
            [
              107.6278582,
              -6.867429
            ],
            [
              107.6278526,
              -6.8673552
            ],
            [
              107.6275986,
              -6.8673739
            ],
            [
              107.6276046,
              -6.8674548
            ]
          ]
        ]
      },
      "id": "way/738648227"
    },
    {
      "type": "Feature",
      "properties": {
        "@id": "way/804277026",
        "addr:street": "Telkom University",
        "amenity": "cafe",
        "building": "yes",
        "cuisine": "coffee_shop",
        "name": "LAKESIDE",
        "outdoor_seating": "yes"
      },
      "geometry": {
        "type": "Polygon",
        "coordinates": [
          [
            [
              107.6311891,
              -6.9725455
            ],
            [
              107.6311453,
              -6.9727286
            ],
            [
              107.6313305,
              -6.9727521
            ],
            [
              107.6313578,
              -6.9726023
            ],
            [
              107.6311891,
              -6.9725455
            ]
          ]
        ]
      },
      "id": "way/804277026"
    },
    {
      "type": "Feature",
      "properties": {
        "@id": "way/854403063",
        "addr:city": "Bandung",
        "addr:postcode": "40191",
        "addr:street": "Jalan Bukit Pakar Tmur",
        "addr:unit": "7",
        "amenity": "cafe",
        "building": "yes",
        "cuisine": "coffee_shop",
        "email": "store@terasararea.com",
        "internet_access": "yes",
        "internet_access:fee": "no",
        "name": "terasararea Coffee",
        "opening_hours": "Mo-Su 07:00-23:00",
        "phone": "+6282129559575"
      },
      "geometry": {
        "type": "Polygon",
        "coordinates": [
          [
            [
              107.6268801,
              -6.86396
            ],
            [
              107.6268355,
              -6.864092
            ],
            [
              107.6269508,
              -6.8641304
            ],
            [
              107.6269954,
              -6.8639985
            ],
            [
              107.6268801,
              -6.86396
            ]
          ]
        ]
      },
      "id": "way/854403063"
    },
    {
      "type": "Feature",
      "properties": {
        "@id": "way/854403064",
        "addr:city": "Bandung",
        "addr:postcode": "40191",
        "addr:province": "west java",
        "addr:street": "Jalan Bukit Pakar Tmur",
        "addr:unit": "7",
        "amenity": "cafe",
        "building": "yes",
        "cuisine": "coffee_shop",
        "email": "store@terasararea.com",
        "internet_access": "wlan",
        "internet_access:fee": "no",
        "name": "terasararea coffee",
        "opening_hours": "Mo-Su 07:00-23:00",
        "phone": "+6282129559575"
      },
      "geometry": {
        "type": "Polygon",
        "coordinates": [
          [
            [
              107.6267886,
              -6.8640497
            ],
            [
              107.6267584,
              -6.8641471
            ],
            [
              107.6268272,
              -6.8641681
            ],
            [
              107.6268194,
              -6.8641933
            ],
            [
              107.626935,
              -6.8642286
            ],
            [
              107.6269641,
              -6.8641346
            ],
            [
              107.6268292,
              -6.8640934
            ],
            [
              107.6268381,
              -6.8640648
            ],
            [
              107.6267886,
              -6.8640497
            ]
          ]
        ]
      },
      "id": "way/854403064"
    },
    {
      "type": "Feature",
      "properties": {
        "@id": "way/857259970",
        "amenity": "cafe",
        "building": "yes",
        "name": "Armor Kopi Badjoeri"
      },
      "geometry": {
        "type": "Polygon",
        "coordinates": [
          [
            [
              107.5928564,
              -6.844721
            ],
            [
              107.5929145,
              -6.8447784
            ],
            [
              107.5929949,
              -6.8446982
            ],
            [
              107.5929368,
              -6.8446408
            ],
            [
              107.5928564,
              -6.844721
            ]
          ]
        ]
      },
      "id": "way/857259970"
    },
    {
      "type": "Feature",
      "properties": {
        "@id": "way/857276120",
        "addr:city": "Isola",
        "addr:district": "Bandung Barat",
        "addr:housenumber": "No.111",
        "addr:postcode": "40559",
        "addr:province": "Bandung",
        "addr:street": "Jalan Sersan Bajuri",
        "addr:subdistrict": "Cihideung",
        "amenity": "cafe",
        "building": "yes",
        "contact:facebook": "https://web.facebook.com/profile.php?id=200966270246760",
        "contact:instagram": "https://www.instagram.com/warkop.modjok",
        "contact:website": "https://vt.tiktok.com/ZSF1BQyuY/?poisharing=Warkop-Modjok",
        "cuisine": "coffee_shop",
        "internet_access": "wlan",
        "internet_access:fee": "no",
        "name": "Warkop Modjok",
        "opening_hours": "Mo-Su 09:00-23:30",
        "outdoor_seating": "yes",
        "phone": "+6282115111896",
        "website": "https://www.instagram.com/warkop.modjok"
      },
      "geometry": {
        "type": "Polygon",
        "coordinates": [
          [
            [
              107.5940164,
              -6.8432426
            ],
            [
              107.594045,
              -6.8433073
            ],
            [
              107.594142,
              -6.843265
            ],
            [
              107.5941134,
              -6.8432004
            ],
            [
              107.5940164,
              -6.8432426
            ]
          ]
        ]
      },
      "id": "way/857276120"
    },
    {
      "type": "Feature",
      "properties": {
        "@id": "way/866907262",
        "addr:city": "Bandung, Jawa Barat",
        "addr:housenumber": "23",
        "addr:postcode": "40135",
        "addr:street": "Jalan Cisitu Baru",
        "amenity": "cafe",
        "building": "yes",
        "name": "Cikopi"
      },
      "geometry": {
        "type": "Polygon",
        "coordinates": [
          [
            [
              107.6123538,
              -6.8841437
            ],
            [
              107.6122798,
              -6.8841955
            ],
            [
              107.612327,
              -6.8842621
            ],
            [
              107.6124436,
              -6.8841805
            ],
            [
              107.6124177,
              -6.884144
            ],
            [
              107.6123751,
              -6.8841738
            ],
            [
              107.6123538,
              -6.8841437
            ]
          ]
        ]
      },
      "id": "way/866907262"
    },
    {
      "type": "Feature",
      "properties": {
        "@id": "way/866946501",
        "addr:city": "Bandung, Jawa Barat",
        "addr:postcode": "40135",
        "addr:street": "Jalan Kidang Pananjung",
        "amenity": "cafe",
        "building": "yes",
        "name": "Parc C Coffe & Eatery"
      },
      "geometry": {
        "type": "Polygon",
        "coordinates": [
          [
            [
              107.6137366,
              -6.8826692
            ],
            [
              107.6138217,
              -6.882565
            ],
            [
              107.6136441,
              -6.8824219
            ],
            [
              107.6135989,
              -6.8824772
            ],
            [
              107.613529,
              -6.8824208
            ],
            [
              107.6134889,
              -6.8824697
            ],
            [
              107.6137366,
              -6.8826692
            ]
          ]
        ]
      },
      "id": "way/866946501"
    },
    {
      "type": "Feature",
      "properties": {
        "@id": "way/866946502",
        "addr:city": "Bandung, Jawa Barat",
        "addr:postcode": "40135",
        "addr:street": "Jalan Kidang Pananjung",
        "amenity": "cafe",
        "building": "yes",
        "name": "Parc C Coffe & Eatery"
      },
      "geometry": {
        "type": "Polygon",
        "coordinates": [
          [
            [
              107.6136499,
              -6.8824096
            ],
            [
              107.6137705,
              -6.8824964
            ],
            [
              107.613805,
              -6.8824493
            ],
            [
              107.6136844,
              -6.8823625
            ],
            [
              107.6136499,
              -6.8824096
            ]
          ]
        ]
      },
      "id": "way/866946502"
    },
    {
      "type": "Feature",
      "properties": {
        "@id": "way/866946503",
        "addr:city": "Bandung, Jawa Barat",
        "addr:postcode": "40135",
        "addr:street": "Jalan Kidang Pananjung",
        "amenity": "cafe",
        "building": "yes",
        "name": "Parc C Coffe & Eatery"
      },
      "geometry": {
        "type": "Polygon",
        "coordinates": [
          [
            [
              107.6137382,
              -6.8823082
            ],
            [
              107.6136998,
              -6.8823616
            ],
            [
              107.6138144,
              -6.8824427
            ],
            [
              107.6138528,
              -6.8823892
            ],
            [
              107.6137382,
              -6.8823082
            ]
          ]
        ]
      },
      "id": "way/866946503"
    },
    {
      "type": "Feature",
      "properties": {
        "@id": "way/866946504",
        "addr:city": "Bandung, Jawa Barat",
        "addr:postcode": "40135",
        "addr:street": "Jalan Kidang Pananjung",
        "amenity": "cafe",
        "building": "yes",
        "name": "Parc C Coffe & Eatery"
      },
      "geometry": {
        "type": "Polygon",
        "coordinates": [
          [
            [
              107.6136567,
              -6.8822998
            ],
            [
              107.6135978,
              -6.8823871
            ],
            [
              107.6136406,
              -6.8824155
            ],
            [
              107.6136994,
              -6.8823283
            ],
            [
              107.6136567,
              -6.8822998
            ]
          ]
        ]
      },
      "id": "way/866946504"
    },
    {
      "type": "Feature",
      "properties": {
        "@id": "way/867199861",
        "addr:city": "Bandung",
        "addr:postcode": "40135",
        "addr:street": "Jalan Cisitu Lama",
        "amenity": "cafe",
        "building": "yes",
        "name": "Kopi Tentrem"
      },
      "geometry": {
        "type": "Polygon",
        "coordinates": [
          [
            [
              107.6124326,
              -6.8795166
            ],
            [
              107.6124208,
              -6.8795975
            ],
            [
              107.6124899,
              -6.8796074
            ],
            [
              107.612509,
              -6.8794762
            ],
            [
              107.6125123,
              -6.8794536
            ],
            [
              107.6124606,
              -6.8794462
            ],
            [
              107.61245,
              -6.8795192
            ],
            [
              107.6124326,
              -6.8795166
            ]
          ]
        ]
      },
      "id": "way/867199861"
    },
    {
      "type": "Feature",
      "properties": {
        "@id": "way/867209817",
        "amenity": "cafe",
        "building": "yes"
      },
      "geometry": {
        "type": "Polygon",
        "coordinates": [
          [
            [
              107.6113169,
              -6.8836759
            ],
            [
              107.6113223,
              -6.8837038
            ],
            [
              107.6113429,
              -6.8836999
            ],
            [
              107.6113493,
              -6.8837322
            ],
            [
              107.6114074,
              -6.883721
            ],
            [
              107.6113956,
              -6.8836607
            ],
            [
              107.6113169,
              -6.8836759
            ]
          ]
        ]
      },
      "id": "way/867209817"
    },
    {
      "type": "Feature",
      "properties": {
        "@id": "way/871016985",
        "addr:city": "Bandung, Jawa Barat",
        "addr:district": "Coblong",
        "addr:housename": "The Kamalaya Hotel",
        "addr:housenumber": "319",
        "addr:postcode": "40135",
        "addr:province": "Jawa Barat",
        "addr:street": "Jl. Ir. H. Juanda",
        "addr:subdistrict": "Dago",
        "addr:unit": "B",
        "amenity": "cafe",
        "building": "yes",
        "indoor_seating": "yes",
        "internet_access": "yes",
        "internet_access:fee": "no",
        "name": "La Krema Coffee & Space",
        "opening_hours": "Mo-Su 10:00-21:00",
        "outdoor_seating": "yes",
        "phone": "+62 812-2828-2319",
        "smoking": "outside",
        "takeaway": "yes"
      },
      "geometry": {
        "type": "Polygon",
        "coordinates": [
          [
            [
              107.6169111,
              -6.876022
            ],
            [
              107.616866,
              -6.8761897
            ],
            [
              107.6168199,
              -6.8761774
            ],
            [
              107.6168056,
              -6.8762307
            ],
            [
              107.6167676,
              -6.8762206
            ],
            [
              107.6167883,
              -6.8761434
            ],
            [
              107.6167438,
              -6.8761316
            ],
            [
              107.6167261,
              -6.8761976
            ],
            [
              107.6166407,
              -6.876175
            ],
            [
              107.6166172,
              -6.8762624
            ],
            [
              107.6167785,
              -6.8763051
            ],
            [
              107.6167735,
              -6.8763238
            ],
            [
              107.6167284,
              -6.8763118
            ],
            [
              107.6167105,
              -6.8763783
            ],
            [
              107.6168893,
              -6.8764257
            ],
            [
              107.6169922,
              -6.8760435
            ],
            [
              107.6169111,
              -6.876022
            ]
          ]
        ]
      },
      "id": "way/871016985"
    },
    {
      "type": "Feature",
      "properties": {
        "@id": "way/871516184",
        "addr:city": "Dago, Coblong, Kota Bandung, Jawa Barat",
        "addr:housenumber": "343",
        "addr:postcode": "40135",
        "addr:street": "Jalan Insinyur Haji Juanda",
        "amenity": "cafe",
        "building": "yes",
        "name": "Prabu Coffe"
      },
      "geometry": {
        "type": "Polygon",
        "coordinates": [
          [
            [
              107.6186459,
              -6.8750343
            ],
            [
              107.6186565,
              -6.8750389
            ],
            [
              107.6186853,
              -6.8749744
            ],
            [
              107.6185919,
              -6.8749334
            ],
            [
              107.6185201,
              -6.8750948
            ],
            [
              107.6186028,
              -6.8751311
            ],
            [
              107.6186459,
              -6.8750343
            ]
          ]
        ]
      },
      "id": "way/871516184"
    },
    {
      "type": "Feature",
      "properties": {
        "@id": "way/874955333",
        "addr:city": "Bandung",
        "addr:postcode": "40135",
        "addr:street": "Jalan Kanayakan",
        "amenity": "cafe",
        "building": "yes",
        "name": "Ruang Ketiga"
      },
      "geometry": {
        "type": "Polygon",
        "coordinates": [
          [
            [
              107.6193935,
              -6.877848
            ],
            [
              107.6194005,
              -6.8780168
            ],
            [
              107.6195277,
              -6.8780116
            ],
            [
              107.6195287,
              -6.878036
            ],
            [
              107.6195707,
              -6.8780343
            ],
            [
              107.6195654,
              -6.877906
            ],
            [
              107.6194904,
              -6.8779091
            ],
            [
              107.6194877,
              -6.8778441
            ],
            [
              107.6193935,
              -6.877848
            ]
          ]
        ]
      },
      "id": "way/874955333"
    },
    {
      "type": "Feature",
      "properties": {
        "@id": "way/874955334",
        "addr:city": "Bandung",
        "addr:postcode": "40135",
        "addr:street": "Jalan Kanayakan",
        "amenity": "cafe",
        "building": "yes",
        "name": "Kanay Coffe"
      },
      "geometry": {
        "type": "Polygon",
        "coordinates": [
          [
            [
              107.6191338,
              -6.8778938
            ],
            [
              107.6191402,
              -6.8780433
            ],
            [
              107.6192898,
              -6.878037
            ],
            [
              107.6192879,
              -6.8779914
            ],
            [
              107.619341,
              -6.8779892
            ],
            [
              107.6193377,
              -6.8779121
            ],
            [
              107.6193111,
              -6.8779132
            ],
            [
              107.6193099,
              -6.8778863
            ],
            [
              107.6191338,
              -6.8778938
            ]
          ]
        ]
      },
      "id": "way/874955334"
    },
    {
      "type": "Feature",
      "properties": {
        "@id": "way/875248918",
        "amenity": "cafe",
        "building": "yes",
        "cuisine": "sandwich;asian",
        "name": "Kabobs - Premium Kebab Dago"
      },
      "geometry": {
        "type": "Polygon",
        "coordinates": [
          [
            [
              107.6166087,
              -6.8792638
            ],
            [
              107.6165988,
              -6.8793006
            ],
            [
              107.6166613,
              -6.8793171
            ],
            [
              107.6166712,
              -6.8792803
            ],
            [
              107.6166087,
              -6.8792638
            ]
          ]
        ]
      },
      "id": "way/875248918"
    },
    {
      "type": "Feature",
      "properties": {
        "@id": "way/875256504",
        "addr:city": "Bandung",
        "addr:postcode": "40135",
        "addr:street": "Gang H. Tahyati",
        "amenity": "cafe",
        "building": "yes",
        "name": "Clie Banana & Donuts"
      },
      "geometry": {
        "type": "Polygon",
        "coordinates": [
          [
            [
              107.6178897,
              -6.8789506
            ],
            [
              107.61787,
              -6.879038
            ],
            [
              107.6178856,
              -6.8790415
            ],
            [
              107.6178828,
              -6.8790542
            ],
            [
              107.6179483,
              -6.8790687
            ],
            [
              107.6179457,
              -6.8790804
            ],
            [
              107.6179945,
              -6.8790912
            ],
            [
              107.6179977,
              -6.8790768
            ],
            [
              107.6180441,
              -6.8790871
            ],
            [
              107.618066,
              -6.8789897
            ],
            [
              107.6178897,
              -6.8789506
            ]
          ]
        ]
      },
      "id": "way/875256504"
    },
    {
      "type": "Feature",
      "properties": {
        "@id": "way/875777161",
        "addr:city": "Bandung",
        "addr:postcode": "40135",
        "addr:street": "Jalan Kanayakan",
        "amenity": "cafe",
        "building": "yes",
        "name": "Daily Routine Coffe"
      },
      "geometry": {
        "type": "Polygon",
        "coordinates": [
          [
            [
              107.6202965,
              -6.8791003
            ],
            [
              107.6202673,
              -6.8791006
            ],
            [
              107.6202669,
              -6.8790694
            ],
            [
              107.6202438,
              -6.8790697
            ],
            [
              107.6202434,
              -6.879036
            ],
            [
              107.6202173,
              -6.8790363
            ],
            [
              107.6202171,
              -6.8790195
            ],
            [
              107.6201753,
              -6.87902
            ],
            [
              107.6201754,
              -6.8790273
            ],
            [
              107.6201536,
              -6.8790275
            ],
            [
              107.6201544,
              -6.8790953
            ],
            [
              107.6201734,
              -6.879095
            ],
            [
              107.6201741,
              -6.8791576
            ],
            [
              107.6202395,
              -6.8791568
            ],
            [
              107.6202397,
              -6.8791753
            ],
            [
              107.6202693,
              -6.879175
            ],
            [
              107.6202692,
              -6.8791609
            ],
            [
              107.6202972,
              -6.8791605
            ],
            [
              107.6202965,
              -6.8791003
            ]
          ]
        ]
      },
      "id": "way/875777161"
    },
    {
      "type": "Feature",
      "properties": {
        "@id": "way/876400023",
        "addr:city": "Bandung",
        "addr:postcode": "40135",
        "addr:street": "Jalan Insinyur Haji Juanda",
        "amenity": "cafe",
        "building": "yes",
        "name": "Kurva Coffe"
      },
      "geometry": {
        "type": "Polygon",
        "coordinates": [
          [
            [
              107.6236743,
              -6.8645337
            ],
            [
              107.6236267,
              -6.8645068
            ],
            [
              107.6235853,
              -6.8645791
            ],
            [
              107.6236329,
              -6.864606
            ],
            [
              107.6236743,
              -6.8645337
            ]
          ]
        ]
      },
      "id": "way/876400023"
    },
    {
      "type": "Feature",
      "properties": {
        "@id": "way/884809819",
        "amenity": "cafe",
        "building": "yes",
        "name": "Sedjuk Bakmi And Coffee"
      },
      "geometry": {
        "type": "Polygon",
        "coordinates": [
          [
            [
              107.6253536,
              -6.8840402
            ],
            [
              107.625391,
              -6.8840207
            ],
            [
              107.625356,
              -6.8839543
            ],
            [
              107.6254453,
              -6.8839078
            ],
            [
              107.6254144,
              -6.8838493
            ],
            [
              107.6253449,
              -6.8838854
            ],
            [
              107.6253335,
              -6.8838639
            ],
            [
              107.6252931,
              -6.8838849
            ],
            [
              107.6253054,
              -6.8839082
            ],
            [
              107.6252966,
              -6.8839128
            ],
            [
              107.6252816,
              -6.8838844
            ],
            [
              107.6252216,
              -6.8839156
            ],
            [
              107.6253014,
              -6.8840671
            ],
            [
              107.6253536,
              -6.8840402
            ]
          ]
        ]
      },
      "id": "way/884809819"
    },
    {
      "type": "Feature",
      "properties": {
        "@id": "way/885484098",
        "addr:city": "Bandung",
        "addr:postcode": "40191",
        "addr:street": "Jalan Cigadung Raya Barat",
        "amenity": "cafe",
        "building": "yes",
        "name": "Adiksi Kopi"
      },
      "geometry": {
        "type": "Polygon",
        "coordinates": [
          [
            [
              107.6241231,
              -6.8793466
            ],
            [
              107.6241791,
              -6.8793236
            ],
            [
              107.6241635,
              -6.8792862
            ],
            [
              107.6241075,
              -6.8793093
            ],
            [
              107.6241231,
              -6.8793466
            ]
          ]
        ]
      },
      "id": "way/885484098"
    },
    {
      "type": "Feature",
      "properties": {
        "@id": "way/885484099",
        "addr:city": "Bandung",
        "addr:postcode": "40191",
        "addr:street": "Jalan Cigadung Raya Barat",
        "amenity": "cafe",
        "building": "yes",
        "name": "Adiksi Kopi"
      },
      "geometry": {
        "type": "Polygon",
        "coordinates": [
          [
            [
              107.6241061,
              -6.8793062
            ],
            [
              107.6241613,
              -6.8792815
            ],
            [
              107.6241431,
              -6.8792413
            ],
            [
              107.6240879,
              -6.879266
            ],
            [
              107.6241061,
              -6.8793062
            ]
          ]
        ]
      },
      "id": "way/885484099"
    },
    {
      "type": "Feature",
      "properties": {
        "@id": "way/885484103",
        "addr:city": "Bandung",
        "addr:postcode": "40191",
        "addr:street": "Jalan Cigadung Raya Barat",
        "amenity": "cafe",
        "building": "yes",
        "name": "Adiksi Kopi"
      },
      "geometry": {
        "type": "Polygon",
        "coordinates": [
          [
            [
              107.6240052,
              -6.8793973
            ],
            [
              107.6240718,
              -6.8793742
            ],
            [
              107.6240666,
              -6.8793594
            ],
            [
              107.6241104,
              -6.8793442
            ],
            [
              107.624088,
              -6.8792805
            ],
            [
              107.6239775,
              -6.8793189
            ],
            [
              107.6240052,
              -6.8793973
            ]
          ]
        ]
      },
      "id": "way/885484103"
    },
    {
      "type": "Feature",
      "properties": {
        "@id": "way/892797295",
        "addr:city": "Bandung, Jawa Barat",
        "addr:housenumber": "No.57a",
        "addr:postcode": "40134",
        "addr:street": "Jalan Sekeloa Utara",
        "amenity": "cafe",
        "building": "yes",
        "capacity": "60",
        "cuisine": "coffee_shop",
        "delivery": "yes",
        "description": "Maju adalah coffee shop yang berada di kota bandung tepatnya di jl. sekeloa utara no.57a . coffee shop ini mengedepankan beans kopi robusta sebaga bahan baku utama dengan metode manual brew pada bar nya, konsep dan temanya adalah bohemian dan hommie vibes",
        "email": "indonesiamajukopi@gmail.com",
        "internet_access": "yes",
        "name": "Toko Kopi Maju",
        "opening_hours": "Mo-Su 07:00-22:00",
        "outdoor_seating": "yes",
        "phone": "+6289507907674",
        "smoking": "yes",
        "takeaway": "yes",
        "website": "https://toko-kopi-maju.business.site/"
      },
      "geometry": {
        "type": "Polygon",
        "coordinates": [
          [
            [
              107.6187565,
              -6.8869238
            ],
            [
              107.6187059,
              -6.8869553
            ],
            [
              107.6187563,
              -6.8870299
            ],
            [
              107.6188585,
              -6.8869743
            ],
            [
              107.6188801,
              -6.8869575
            ],
            [
              107.6188346,
              -6.8868772
            ],
            [
              107.6187565,
              -6.8869238
            ]
          ]
        ]
      },
      "id": "way/892797295"
    },
    {
      "type": "Feature",
      "properties": {
        "@id": "way/893892613",
        "addr:city": "Kel. Binong",
        "addr:postcode": "40275",
        "addr:street": "Jalan Ibrahim Adji",
        "amenity": "cafe",
        "building": "yes",
        "name": "Cafe Tarya"
      },
      "geometry": {
        "type": "Polygon",
        "coordinates": [
          [
            [
              107.641896,
              -6.9350197
            ],
            [
              107.6418007,
              -6.9350043
            ],
            [
              107.6417687,
              -6.935199
            ],
            [
              107.6417843,
              -6.9352015
            ],
            [
              107.641781,
              -6.9352216
            ],
            [
              107.6418606,
              -6.9352345
            ],
            [
              107.641896,
              -6.9350197
            ]
          ]
        ]
      },
      "id": "way/893892613"
    },
    {
      "type": "Feature",
      "properties": {
        "@id": "way/902274543",
        "addr:city": "Bandung, Jawa Barat",
        "addr:postcode": "40135",
        "addr:street": "Jalan Dago Pojok",
        "amenity": "cafe",
        "building": "yes",
        "name": "Erla Cafe"
      },
      "geometry": {
        "type": "Polygon",
        "coordinates": [
          [
            [
              107.6186878,
              -6.8740647
            ],
            [
              107.6187201,
              -6.8739991
            ],
            [
              107.6186242,
              -6.8739525
            ],
            [
              107.6186186,
              -6.873964
            ],
            [
              107.6185742,
              -6.8739424
            ],
            [
              107.6185192,
              -6.8740537
            ],
            [
              107.6185546,
              -6.874071
            ],
            [
              107.6185428,
              -6.8740949
            ],
            [
              107.6186023,
              -6.8741238
            ],
            [
              107.6186878,
              -6.8740647
            ]
          ]
        ]
      },
      "id": "way/902274543"
    },
    {
      "type": "Feature",
      "properties": {
        "@id": "way/902274549",
        "amenity": "cafe",
        "building": "yes"
      },
      "geometry": {
        "type": "Polygon",
        "coordinates": [
          [
            [
              107.627753,
              -6.8691977
            ],
            [
              107.6277692,
              -6.8690939
            ],
            [
              107.627719,
              -6.8690862
            ],
            [
              107.6277028,
              -6.8691899
            ],
            [
              107.627753,
              -6.8691977
            ]
          ]
        ]
      },
      "id": "way/902274549"
    },
    {
      "type": "Feature",
      "properties": {
        "@id": "way/902277469",
        "addr:city": "Bandung",
        "addr:housenumber": "14",
        "addr:postcode": "40135",
        "addr:street": "Jalan Kanayakan",
        "amenity": "cafe",
        "building": "yes",
        "name": "Cats and Ice Cream Dago"
      },
      "geometry": {
        "type": "Polygon",
        "coordinates": [
          [
            [
              107.6188863,
              -6.8778942
            ],
            [
              107.6187798,
              -6.8778735
            ],
            [
              107.6187514,
              -6.8780177
            ],
            [
              107.6188578,
              -6.8780384
            ],
            [
              107.6188863,
              -6.8778942
            ]
          ]
        ]
      },
      "id": "way/902277469"
    },
    {
      "type": "Feature",
      "properties": {
        "@id": "way/970679306",
        "addr:city": "Bandung",
        "addr:housenumber": "104",
        "addr:postcode": "40163",
        "addr:street": "Jalan Sukagalih",
        "amenity": "cafe",
        "building": "house",
        "cuisine": "coffee_shop",
        "name": "Mooja Cafe"
      },
      "geometry": {
        "type": "Polygon",
        "coordinates": [
          [
            [
              107.5903307,
              -6.8928161
            ],
            [
              107.5903322,
              -6.892654
            ],
            [
              107.5902845,
              -6.8926517
            ],
            [
              107.5902837,
              -6.892667
            ],
            [
              107.5901759,
              -6.8926678
            ],
            [
              107.590179,
              -6.8926892
            ],
            [
              107.5901905,
              -6.8927404
            ],
            [
              107.5901867,
              -6.8928047
            ],
            [
              107.5903307,
              -6.8928161
            ]
          ]
        ]
      },
      "id": "way/970679306"
    },
    {
      "type": "Feature",
      "properties": {
        "@id": "way/1009920700",
        "addr:city": "Bandung, Jawa Barat",
        "addr:housenumber": "8",
        "addr:postcode": "40132",
        "addr:street": "Jalan Bagusrangin",
        "amenity": "cafe",
        "building": "yes",
        "cuisine": "burger;regional",
        "name": "Malmo Food Explore",
        "opening_hours": "Mo-Su 09:00-21:00",
        "outdoor_seating": "yes",
        "phone": "+62895351553489"
      },
      "geometry": {
        "type": "Polygon",
        "coordinates": [
          [
            [
              107.6173723,
              -6.8968744
            ],
            [
              107.617373,
              -6.8970029
            ],
            [
              107.6174986,
              -6.8970029
            ],
            [
              107.6174993,
              -6.8968721
            ],
            [
              107.6173723,
              -6.8968744
            ]
          ]
        ]
      },
      "id": "way/1009920700"
    },
    {
      "type": "Feature",
      "properties": {
        "@id": "way/1052983792",
        "addr:city": "Bandung",
        "addr:district": "Coblong",
        "addr:housenumber": "51a",
        "addr:postcode": "40132",
        "addr:street": "Jalan Taman Sari",
        "amenity": "cafe",
        "building": "yes",
        "cuisine": "indonesian",
        "internet_access": "yes",
        "internet_access:fee": "customers",
        "name": "Warung Kopi Imah Babaturan Cabang Tamansari",
        "opening_hours": "Mo-Su 07:00-22:00"
      },
      "geometry": {
        "type": "Polygon",
        "coordinates": [
          [
            [
              107.6093642,
              -6.8969762
            ],
            [
              107.6093719,
              -6.8970584
            ],
            [
              107.6093789,
              -6.8970577
            ],
            [
              107.6093872,
              -6.8971462
            ],
            [
              107.6094698,
              -6.8971385
            ],
            [
              107.6094619,
              -6.8970545
            ],
            [
              107.6094728,
              -6.8970535
            ],
            [
              107.6094647,
              -6.8969669
            ],
            [
              107.6093642,
              -6.8969762
            ]
          ]
        ]
      },
      "id": "way/1052983792"
    },
    {
      "type": "Feature",
      "properties": {
        "@id": "way/1082793551",
        "amenity": "cafe",
        "building": "yes",
        "name": "Loko Cafe"
      },
      "geometry": {
        "type": "Polygon",
        "coordinates": [
          [
            [
              107.6030464,
              -6.9130625
            ],
            [
              107.6030533,
              -6.9128709
            ],
            [
              107.6028836,
              -6.9128648
            ],
            [
              107.6028767,
              -6.9130565
            ],
            [
              107.6030464,
              -6.9130625
            ]
          ]
        ]
      },
      "id": "way/1082793551"
    },
    {
      "type": "Feature",
      "properties": {
        "@id": "way/1144695080",
        "amenity": "cafe",
        "building": "yes"
      },
      "geometry": {
        "type": "Polygon",
        "coordinates": [
          [
            [
              107.6121513,
              -6.8938014
            ],
            [
              107.6121304,
              -6.8939265
            ],
            [
              107.6122104,
              -6.8939397
            ],
            [
              107.612201,
              -6.8939964
            ],
            [
              107.6122355,
              -6.8940021
            ],
            [
              107.612223,
              -6.8940766
            ],
            [
              107.6123226,
              -6.894093
            ],
            [
              107.6123654,
              -6.8938366
            ],
            [
              107.6121513,
              -6.8938014
            ]
          ]
        ]
      },
      "id": "way/1144695080"
    },
    {
      "type": "Feature",
      "properties": {
        "@id": "way/1144695081",
        "amenity": "cafe",
        "building": "yes",
        "name": "180 Coffee and Music"
      },
      "geometry": {
        "type": "Polygon",
        "coordinates": [
          [
            [
              107.6124043,
              -6.893849
            ],
            [
              107.6123422,
              -6.8941235
            ],
            [
              107.6125461,
              -6.894169
            ],
            [
              107.6126083,
              -6.8938945
            ],
            [
              107.6124043,
              -6.893849
            ]
          ]
        ]
      },
      "id": "way/1144695081"
    },
    {
      "type": "Feature",
      "properties": {
        "@id": "way/1145014378",
        "amenity": "cafe",
        "building": "yes",
        "name": "Simpang Wangi Coffee & Eatary"
      },
      "geometry": {
        "type": "Polygon",
        "coordinates": [
          [
            [
              107.6191658,
              -6.9042156
            ],
            [
              107.6192459,
              -6.9042152
            ],
            [
              107.619245,
              -6.9040654
            ],
            [
              107.6191649,
              -6.9040659
            ],
            [
              107.6191658,
              -6.9042156
            ]
          ]
        ]
      },
      "id": "way/1145014378"
    },
    {
      "type": "Feature",
      "properties": {
        "@id": "way/1158408610",
        "addr:city": "Bandung",
        "addr:country": "ID",
        "addr:housenumber": "151",
        "addr:province": "Jawa Barat",
        "addr:street": "Jalan Buah Batu",
        "air_conditioning": "yes",
        "amenity": "cafe",
        "bar": "yes",
        "brand": "Starbucks",
        "brand:wikidata": "Q37158",
        "building": "commercial",
        "building:use": "retail",
        "cuisine": "coffee_shop",
        "delivery": "Mo-Su 07:15-21:45",
        "indoor_seating": "yes",
        "internet_access": "wlan",
        "internet_access:fee": "no",
        "level": "1",
        "name": "Starbucks",
        "official_name": "Starbucks Coffee",
        "opening_hours": "Mo-Su 07:00-22:00",
        "opening_hours:kitchen": "Mo-Su 07:15-21:45",
        "operator": "Sari Coffee Indonesia",
        "outdoor_seating": "yes",
        "smoking": "outside",
        "takeaway": "yes",
        "toilets": "yes",
        "toilets:access": "customers",
        "toilets:wheelchair": "yes",
        "wheelchair": "limited"
      },
      "geometry": {
        "type": "Polygon",
        "coordinates": [
          [
            [
              107.6248425,
              -6.9388951
            ],
            [
              107.624919,
              -6.9389665
            ],
            [
              107.6250531,
              -6.938825
            ],
            [
              107.6249764,
              -6.9387533
            ],
            [
              107.6249596,
              -6.9387376
            ],
            [
              107.6248255,
              -6.9388792
            ],
            [
              107.6248425,
              -6.9388951
            ]
          ]
        ]
      },
      "id": "way/1158408610"
    },
    {
      "type": "Feature",
      "properties": {
        "@id": "way/1184119184",
        "amenity": "cafe",
        "brand": "Starbucks",
        "brand:wikidata": "Q37158",
        "building": "commercial",
        "building:use": "retail",
        "cuisine": "coffee_shop",
        "delivery": "yes",
        "internet_access": "yes",
        "internet_access:fee": "no",
        "name": "Starbucks",
        "official_name": "Starbucks Coffee",
        "opening_hours": "24/7",
        "operator": "PT. Sari Coffee Indonesia",
        "outdoor_seating": "yes",
        "payment:cash": "yes",
        "payment:contactless": "yes",
        "payment:credit_cards": "yes",
        "payment:debit_cards": "yes",
        "payment:electronic_purses": "yes",
        "smoking": "outside",
        "takeaway": "yes",
        "wheelchair": "yes"
      },
      "geometry": {
        "type": "Polygon",
        "coordinates": [
          [
            [
              107.6367192,
              -6.9759473
            ],
            [
              107.6366839,
              -6.9760994
            ],
            [
              107.6368958,
              -6.9761478
            ],
            [
              107.6369311,
              -6.9759957
            ],
            [
              107.6367192,
              -6.9759473
            ]
          ]
        ]
      },
      "id": "way/1184119184"
    },
    {
      "type": "Feature",
      "properties": {
        "@id": "way/1193116354",
        "addr:city": "Kota Cimahi",
        "air_conditioning": "yes",
        "amenity": "cafe",
        "building": "house",
        "cuisine": "coffee_shop;cookie",
        "internet_access": "yes",
        "internet_access:fee": "no",
        "name": "TEMU KITA COFFEE TERRACE",
        "outdoor_seating": "no"
      },
      "geometry": {
        "type": "Polygon",
        "coordinates": [
          [
            [
              107.5531191,
              -6.8721524
            ],
            [
              107.5531123,
              -6.8723001
            ],
            [
              107.5532235,
              -6.8723054
            ],
            [
              107.5532258,
              -6.8721569
            ],
            [
              107.5531191,
              -6.8721524
            ]
          ]
        ]
      },
      "id": "way/1193116354"
    },
    {
      "type": "Feature",
      "properties": {
        "@id": "way/1193308432",
        "amenity": "cafe",
        "building": "yes"
      },
      "geometry": {
        "type": "Polygon",
        "coordinates": [
          [
            [
              107.5500059,
              -6.8784146
            ],
            [
              107.5499173,
              -6.8785347
            ],
            [
              107.549956,
              -6.8785628
            ],
            [
              107.5499778,
              -6.8785332
            ],
            [
              107.5500701,
              -6.8786003
            ],
            [
              107.5501369,
              -6.8785098
            ],
            [
              107.5500059,
              -6.8784146
            ]
          ]
        ]
      },
      "id": "way/1193308432"
    },
    {
      "type": "Feature",
      "properties": {
        "@id": "way/1198173628",
        "addr:housenumber": "7",
        "amenity": "cafe",
        "branch": "Bandung Summarecon Magna",
        "brand": "Janji Jiwa",
        "building": "yes",
        "cuisine": "coffee_shop",
        "name": "Janji Jiwa",
        "opening_hours": "Mo-Su 08:00-22:00",
        "ref": "1108",
        "takeaway": "yes"
      },
      "geometry": {
        "type": "Polygon",
        "coordinates": [
          [
            [
              107.6889577,
              -6.9571436
            ],
            [
              107.6889676,
              -6.9570264
            ],
            [
              107.68891,
              -6.9570216
            ],
            [
              107.6889001,
              -6.9571388
            ],
            [
              107.6889577,
              -6.9571436
            ]
          ]
        ]
      },
      "id": "way/1198173628"
    },
    {
      "type": "Feature",
      "properties": {
        "@id": "way/1198173720",
        "addr:city": "Bandung",
        "addr:housenumber": "33",
        "addr:postcode": "40295",
        "addr:state": "JW",
        "addr:street": "Bulevar Magna",
        "amenity": "cafe",
        "building": "commercial",
        "name": "Kulo",
        "opening_hours": "24/7 closed \"No Service \""
      },
      "geometry": {
        "type": "Polygon",
        "coordinates": [
          [
            [
              107.6895816,
              -6.9581372
            ],
            [
              107.6894767,
              -6.9581284
            ],
            [
              107.6894728,
              -6.958175
            ],
            [
              107.6895777,
              -6.9581837
            ],
            [
              107.6895816,
              -6.9581372
            ]
          ]
        ]
      },
      "id": "way/1198173720"
    },
    {
      "type": "Feature",
      "properties": {
        "@id": "way/1198173722",
        "addr:city": "Bandung",
        "addr:housenumber": "29",
        "addr:postcode": "40295",
        "addr:state": "JW",
        "addr:street": "Bulevar Magna",
        "amenity": "cafe",
        "building": "commercial",
        "name": "Kaul Kopi"
      },
      "geometry": {
        "type": "Polygon",
        "coordinates": [
          [
            [
              107.6895895,
              -6.9580442
            ],
            [
              107.6894846,
              -6.9580354
            ],
            [
              107.6894806,
              -6.9580819
            ],
            [
              107.6895856,
              -6.9580907
            ],
            [
              107.6895895,
              -6.9580442
            ]
          ]
        ]
      },
      "id": "way/1198173722"
    },
    {
      "type": "Feature",
      "properties": {
        "@id": "way/1198173729",
        "addr:city": "Bandung",
        "addr:housenumber": "17",
        "addr:postcode": "40295",
        "addr:street": "Boulevard Magna",
        "amenity": "cafe",
        "branch": "Summarecon Bandung",
        "building": "commercial",
        "cuisine": "ice_cream",
        "name": "Momoyo",
        "opening_hours": "10:00-21:00"
      },
      "geometry": {
        "type": "Polygon",
        "coordinates": [
          [
            [
              107.6896254,
              -6.9576198
            ],
            [
              107.6895204,
              -6.9576111
            ],
            [
              107.6895165,
              -6.9576579
            ],
            [
              107.6896214,
              -6.9576667
            ],
            [
              107.6896254,
              -6.9576198
            ]
          ]
        ]
      },
      "id": "way/1198173729"
    },
    {
      "type": "Feature",
      "properties": {
        "@id": "way/1211278517",
        "amenity": "cafe",
        "brand": "Starbucks",
        "brand:wikidata": "Q37158",
        "cuisine": "coffee_shop",
        "delivery": "no",
        "internet_access": "yes",
        "internet_access:fee": "no",
        "name": "Starbucks",
        "official_name": "Starbucks Coffee",
        "opening_hours": "Mo-Fr 09:00-22:00; Sa 09:00-23:59; Su 09:00-23:00",
        "operator": "PT Sari Coffee Indonesia",
        "room": "shop",
        "smoking": "no",
        "takeaway": "yes",
        "wheelchair": "limited"
      },
      "geometry": {
        "type": "Polygon",
        "coordinates": [
          [
            [
              107.6099311,
              -6.9212447
            ],
            [
              107.6099122,
              -6.9213964
            ],
            [
              107.6099341,
              -6.921428
            ],
            [
              107.6100249,
              -6.9214391
            ],
            [
              107.6100381,
              -6.92133
            ],
            [
              107.6100469,
              -6.9212587
            ],
            [
              107.6099311,
              -6.9212447
            ]
          ]
        ]
      },
      "id": "way/1211278517"
    },
    {
      "type": "Feature",
      "properties": {
        "@id": "way/1224695317",
        "addr:city": "CIMAHI",
        "addr:postcode": "40512",
        "addr:street": "Jalan Permana",
        "amenity": "cafe",
        "building": "yes",
        "cuisine": "indonesian",
        "internet_access": "no",
        "name": "KEDAI KULINER PATUNG DUA MACAN",
        "opening_hours": "Mo-Su 09:00-22:00"
      },
      "geometry": {
        "type": "Polygon",
        "coordinates": [
          [
            [
              107.5525191,
              -6.8607459
            ],
            [
              107.5524571,
              -6.860865
            ],
            [
              107.5528403,
              -6.8610506
            ],
            [
              107.5528992,
              -6.8609285
            ],
            [
              107.5525191,
              -6.8607459
            ]
          ]
        ]
      },
      "id": "way/1224695317"
    },
    {
      "type": "Feature",
      "properties": {
        "@id": "way/1293425892",
        "amenity": "cafe",
        "building": "yes",
        "cuisine": "regional",
        "name": "Richeese Factory"
      },
      "geometry": {
        "type": "Polygon",
        "coordinates": [
          [
            [
              107.6220753,
              -6.9201586
            ],
            [
              107.6221546,
              -6.9203135
            ],
            [
              107.6222549,
              -6.9202629
            ],
            [
              107.6221757,
              -6.920108
            ],
            [
              107.6220753,
              -6.9201586
            ]
          ]
        ]
      },
      "id": "way/1293425892"
    },
    {
      "type": "Feature",
      "properties": {
        "@id": "way/1293670818",
        "amenity": "cafe",
        "building": "yes",
        "internet_access": "yes",
        "internet_access:fee": "customers",
        "name": "Cafe De Musee"
      },
      "geometry": {
        "type": "Polygon",
        "coordinates": [
          [
            [
              107.5938873,
              -6.8600154
            ],
            [
              107.5938976,
              -6.8601025
            ],
            [
              107.5939722,
              -6.8600938
            ],
            [
              107.593996,
              -6.860091
            ],
            [
              107.5939856,
              -6.8600039
            ],
            [
              107.5938873,
              -6.8600154
            ]
          ]
        ]
      },
      "id": "way/1293670818"
    },
    {
      "type": "Feature",
      "properties": {
        "@id": "way/1293683656",
        "air_conditioning": "yes",
        "amenity": "cafe",
        "building": "yes",
        "cuisine": "coffee_shop",
        "internet_access": "wlan",
        "internet_access:fee": "customers",
        "name": "Tomoro Coffe",
        "opening_hours": "Mo-Sa 08:00-20:00",
        "takeaway": "yes"
      },
      "geometry": {
        "type": "Polygon",
        "coordinates": [
          [
            [
              107.5931978,
              -6.8624251
            ],
            [
              107.5931953,
              -6.8624931
            ],
            [
              107.593204,
              -6.8625054
            ],
            [
              107.5932899,
              -6.8625079
            ],
            [
              107.5932887,
              -6.8624251
            ],
            [
              107.5931978,
              -6.8624251
            ]
          ]
        ]
      },
      "id": "way/1293683656"
    },
    {
      "type": "Feature",
      "properties": {
        "@id": "way/1299816098",
        "amenity": "cafe",
        "building": "yes",
        "name": "People Pleaser"
      },
      "geometry": {
        "type": "Polygon",
        "coordinates": [
          [
            [
              107.6037211,
              -6.8741798
            ],
            [
              107.6036957,
              -6.8741125
            ],
            [
              107.6036841,
              -6.8739657
            ],
            [
              107.6036394,
              -6.873955
            ],
            [
              107.6036194,
              -6.873965
            ],
            [
              107.603604,
              -6.8739856
            ],
            [
              107.6035996,
              -6.8740305
            ],
            [
              107.6035832,
              -6.8741959
            ],
            [
              107.6036933,
              -6.8742066
            ],
            [
              107.6037211,
              -6.8741798
            ]
          ]
        ]
      },
      "id": "way/1299816098"
    },
    {
      "type": "Feature",
      "properties": {
        "@id": "way/1381598934",
        "amenity": "cafe",
        "building": "yes",
        "name": "Tanulo Coffee"
      },
      "geometry": {
        "type": "Polygon",
        "coordinates": [
          [
            [
              107.6061048,
              -6.9522423
            ],
            [
              107.6061115,
              -6.952379
            ],
            [
              107.6061716,
              -6.9523854
            ],
            [
              107.6062062,
              -6.9524251
            ],
            [
              107.6061994,
              -6.9525076
            ],
            [
              107.6063287,
              -6.9525339
            ],
            [
              107.606335,
              -6.9525048
            ],
            [
              107.6063699,
              -6.9523679
            ],
            [
              107.6063842,
              -6.9523089
            ],
            [
              107.6061048,
              -6.9522423
            ]
          ]
        ]
      },
      "id": "way/1381598934"
    },
    {
      "type": "Feature",
      "properties": {
        "@id": "way/1381598950",
        "amenity": "cafe",
        "building": "yes",
        "name": "Noir Coffee and Space"
      },
      "geometry": {
        "type": "Polygon",
        "coordinates": [
          [
            [
              107.6057993,
              -6.9527562
            ],
            [
              107.6057946,
              -6.9527993
            ],
            [
              107.6059367,
              -6.9528115
            ],
            [
              107.6059383,
              -6.952793
            ],
            [
              107.60594,
              -6.9527679
            ],
            [
              107.6057993,
              -6.9527562
            ]
          ]
        ]
      },
      "id": "way/1381598950"
    },
    {
      "type": "Feature",
      "properties": {
        "@id": "way/1409482048",
        "amenity": "cafe",
        "name": "Teras Brandweer - Art & Nature"
      },
      "geometry": {
        "type": "Polygon",
        "coordinates": [
          [
            [
              107.567027,
              -6.8386586
            ],
            [
              107.5669704,
              -6.8385891
            ],
            [
              107.5669523,
              -6.8385138
            ],
            [
              107.5669757,
              -6.8384259
            ],
            [
              107.5668812,
              -6.8384066
            ],
            [
              107.5668939,
              -6.8383094
            ],
            [
              107.5668202,
              -6.8382948
            ],
            [
              107.5667558,
              -6.8382395
            ],
            [
              107.5666659,
              -6.8382728
            ],
            [
              107.5667048,
              -6.8384133
            ],
            [
              107.5667712,
              -6.8385345
            ],
            [
              107.5669744,
              -6.8387169
            ],
            [
              107.567027,
              -6.8386586
            ]
          ]
        ]
      },
      "id": "way/1409482048"
    },
    {
      "type": "Feature",
      "properties": {
        "@id": "way/1497598115",
        "amenity": "cafe",
        "building": "yes"
      },
      "geometry": {
        "type": "Polygon",
        "coordinates": [
          [
            [
              107.5355887,
              -6.8681847
            ],
            [
              107.5355841,
              -6.8681812
            ],
            [
              107.5355679,
              -6.8681988
            ],
            [
              107.5355709,
              -6.8682023
            ],
            [
              107.5356085,
              -6.8682361
            ],
            [
              107.5356299,
              -6.868215
            ],
            [
              107.5355887,
              -6.8681847
            ]
          ]
        ]
      },
      "id": "way/1497598115"
    },
    {
      "type": "Feature",
      "properties": {
        "@id": "way/1510185701",
        "amenity": "cafe",
        "brand": "Kopi Kenangan",
        "brand:wikidata": "Q97221992",
        "building": "yes",
        "cuisine": "coffee_shop",
        "diet:halal": "only",
        "name": "Kopi Kenangan",
        "opening_hours": "24/7",
        "takeaway": "yes"
      },
      "geometry": {
        "type": "Polygon",
        "coordinates": [
          [
            [
              107.6200906,
              -6.9230921
            ],
            [
              107.6201019,
              -6.9231727
            ],
            [
              107.6202541,
              -6.9231517
            ],
            [
              107.6202428,
              -6.9230711
            ],
            [
              107.6200906,
              -6.9230921
            ]
          ]
        ]
      },
      "id": "way/1510185701"
    },
    {
      "type": "Feature",
      "properties": {
        "@id": "node/1746761936",
        "addr:postcode": "40131",
        "addr:street": "Jalan Cihampelas",
        "amenity": "cafe",
        "brand": "Starbucks",
        "brand:wikidata": "Q37158",
        "brand:wikipedia": "en:Starbucks",
        "cuisine": "coffee_shop",
        "email": "feedback@starbucks.co.id",
        "internet_access": "wlan",
        "name": "Starbucks",
        "official_name": "Starbucks Coffee",
        "phone": "+62 22 2061102",
        "takeaway": "yes"
      },
      "geometry": {
        "type": "Point",
        "coordinates": [
          107.6055017,
          -6.8939696
        ]
      },
      "id": "node/1746761936"
    },
    {
      "type": "Feature",
      "properties": {
        "@id": "node/1956516949",
        "amenity": "cafe",
        "name": "SPBU Dago",
        "name:en": "Spbu"
      },
      "geometry": {
        "type": "Point",
        "coordinates": [
          107.6208824,
          -6.869002
        ]
      },
      "id": "node/1956516949"
    },
    {
      "type": "Feature",
      "properties": {
        "@id": "node/2496127739",
        "amenity": "cafe",
        "name": "Kopi Saring Sinar Pagi"
      },
      "geometry": {
        "type": "Point",
        "coordinates": [
          107.6208901,
          -6.9069786
        ]
      },
      "id": "node/2496127739"
    },
    {
      "type": "Feature",
      "properties": {
        "@id": "node/3029767274",
        "addr:city": "Bandung, Jawa Barat",
        "addr:postcode": "40154",
        "addr:street": "Bukit Pakar Timur IV Kav B1",
        "amenity": "cafe"
      },
      "geometry": {
        "type": "Point",
        "coordinates": [
          107.6278981,
          -6.8643925
        ]
      },
      "id": "node/3029767274"
    },
    {
      "type": "Feature",
      "properties": {
        "@id": "node/3421238301",
        "addr:city": "Bandung",
        "addr:street": "Cihampelas",
        "amenity": "cafe",
        "cuisine": "coffee_shop",
        "name": "Habenagen Coffeeshop",
        "name:en": "Habenhagen"
      },
      "geometry": {
        "type": "Point",
        "coordinates": [
          107.6040636,
          -6.9021325
        ]
      },
      "id": "node/3421238301"
    },
    {
      "type": "Feature",
      "properties": {
        "@id": "node/3428599973",
        "alt_name": "Indomaret Point",
        "amenity": "cafe",
        "brand": "Point Coffee",
        "brand:wikidata": "Q124651558",
        "cuisine": "coffee_shop",
        "name": "Point Coffee",
        "takeaway": "yes"
      },
      "geometry": {
        "type": "Point",
        "coordinates": [
          107.6202185,
          -6.9060828
        ]
      },
      "id": "node/3428599973"
    },
    {
      "type": "Feature",
      "properties": {
        "@id": "node/3429603356",
        "amenity": "cafe",
        "name": "The Oldway Cafe"
      },
      "geometry": {
        "type": "Point",
        "coordinates": [
          107.6230593,
          -6.9070431
        ]
      },
      "id": "node/3429603356"
    },
    {
      "type": "Feature",
      "properties": {
        "@id": "node/3797908134",
        "amenity": "cafe",
        "cuisine": "ice_cream",
        "name": "Kabut Salju"
      },
      "geometry": {
        "type": "Point",
        "coordinates": [
          107.6143286,
          -6.9183143
        ]
      },
      "id": "node/3797908134"
    },
    {
      "type": "Feature",
      "properties": {
        "@id": "node/3806721281",
        "amenity": "cafe",
        "name": "Cokotetra"
      },
      "geometry": {
        "type": "Point",
        "coordinates": [
          107.616839,
          -6.878483
        ]
      },
      "id": "node/3806721281"
    },
    {
      "type": "Feature",
      "properties": {
        "@id": "node/3806721325",
        "amenity": "cafe",
        "name": "YUTAKANA",
        "name:en": "Yutakana"
      },
      "geometry": {
        "type": "Point",
        "coordinates": [
          107.6147196,
          -6.8834511
        ]
      },
      "id": "node/3806721325"
    },
    {
      "type": "Feature",
      "properties": {
        "@id": "node/4143048396",
        "addr:street": "Jalan Bengawan",
        "amenity": "cafe",
        "name": "Roti Gempol & Kopi Anjis!"
      },
      "geometry": {
        "type": "Point",
        "coordinates": [
          107.6276245,
          -6.909191
        ]
      },
      "id": "node/4143048396"
    },
    {
      "type": "Feature",
      "properties": {
        "@id": "node/4143072990",
        "addr:street": "Jalan Bengawan",
        "amenity": "cafe",
        "name": "KAFE SISHA FURDAN"
      },
      "geometry": {
        "type": "Point",
        "coordinates": [
          107.627429,
          -6.9089804
        ]
      },
      "id": "node/4143072990"
    },
    {
      "type": "Feature",
      "properties": {
        "@id": "node/4150283093",
        "addr:street": "Jalan Lombok",
        "amenity": "cafe",
        "name": "Two Cents"
      },
      "geometry": {
        "type": "Point",
        "coordinates": [
          107.6203843,
          -6.9072246
        ]
      },
      "id": "node/4150283093"
    },
    {
      "type": "Feature",
      "properties": {
        "@id": "node/4177773891",
        "addr:housenumber": "66",
        "addr:street": "Tamansari",
        "amenity": "cafe",
        "name": "Kopi kamu"
      },
      "geometry": {
        "type": "Point",
        "coordinates": [
          107.6098119,
          -6.8979598
        ]
      },
      "id": "node/4177773891"
    },
    {
      "type": "Feature",
      "properties": {
        "@id": "node/4256116369",
        "addr:city": "Bandung",
        "addr:housenumber": "28",
        "addr:postcode": "40198",
        "addr:street": "Jalan Lembah Pakar Timur",
        "amenity": "cafe",
        "name": "The Valley Bistro"
      },
      "geometry": {
        "type": "Point",
        "coordinates": [
          107.6339512,
          -6.8636195
        ]
      },
      "id": "node/4256116369"
    },
    {
      "type": "Feature",
      "properties": {
        "@id": "node/4256123806",
        "addr:city": "Bandung",
        "addr:housenumber": "127",
        "addr:postcode": "40114",
        "addr:street": "Jalan R.E. Martadinata",
        "amenity": "cafe",
        "name": "Karnivor"
      },
      "geometry": {
        "type": "Point",
        "coordinates": [
          107.6239556,
          -6.9079727
        ]
      },
      "id": "node/4256123806"
    },
    {
      "type": "Feature",
      "properties": {
        "@id": "node/4256140907",
        "addr:city": "Bandung",
        "addr:housenumber": "2",
        "addr:postcode": "40132",
        "addr:street": "Jalan Dayang Sumbi",
        "amenity": "cafe",
        "name": "Noah's Barn"
      },
      "geometry": {
        "type": "Point",
        "coordinates": [
          107.6126856,
          -6.8869895
        ]
      },
      "id": "node/4256140907"
    },
    {
      "type": "Feature",
      "properties": {
        "@id": "node/4256147603",
        "addr:city": "Bandung",
        "addr:housenumber": "#5",
        "addr:postcode": "40191",
        "addr:street": "Jalan Raya Ranca Kendal Luhur",
        "amenity": "cafe",
        "name": "The Stone Cafe",
        "name:en": "The Stone"
      },
      "geometry": {
        "type": "Point",
        "coordinates": [
          107.6265097,
          -6.8650359
        ]
      },
      "id": "node/4256147603"
    },
    {
      "type": "Feature",
      "properties": {
        "@id": "node/4256150971",
        "addr:city": "Bandung",
        "addr:housenumber": "#8",
        "addr:postcode": "40191",
        "addr:street": "Jalan Ranca Kendal Luhur",
        "amenity": "cafe",
        "name": "Congo Gallery & Cafe",
        "name:en": "Congo Gallery",
        "opening_hours": "Su-Fr 07:00-23:00; Sa 07:00-00:00"
      },
      "geometry": {
        "type": "Point",
        "coordinates": [
          107.6277808,
          -6.8676855
        ]
      },
      "id": "node/4256150971"
    },
    {
      "type": "Feature",
      "properties": {
        "@id": "node/4256331317",
        "addr:city": "Bandung",
        "addr:housenumber": "#3",
        "addr:postcode": "40171",
        "addr:street": "Jalan Dr. Cipto",
        "amenity": "cafe",
        "name": "Badung Cafe & Resto"
      },
      "geometry": {
        "type": "Point",
        "coordinates": [
          107.5981092,
          -6.9061929
        ]
      },
      "id": "node/4256331317"
    },
    {
      "type": "Feature",
      "properties": {
        "@id": "node/4258313505",
        "addr:city": "Bandung",
        "addr:housenumber": "#14",
        "addr:postcode": "40115",
        "addr:street": "Jalan Progo",
        "amenity": "cafe",
        "cuisine": "coffee_shop",
        "name": "Hummingbird Eatery"
      },
      "geometry": {
        "type": "Point",
        "coordinates": [
          107.6178751,
          -6.904728
        ]
      },
      "id": "node/4258313505"
    },
    {
      "type": "Feature",
      "properties": {
        "@id": "node/4272686695",
        "addr:city": "Bandung",
        "addr:housenumber": "#66",
        "addr:postcode": "40113",
        "addr:street": "Jalan Aceh",
        "amenity": "cafe",
        "name": "Eatboss Cafe"
      },
      "geometry": {
        "type": "Point",
        "coordinates": [
          107.6184895,
          -6.9088982
        ]
      },
      "id": "node/4272686695"
    },
    {
      "type": "Feature",
      "properties": {
        "@id": "node/4320607780",
        "addr:city": "Bandung",
        "addr:housenumber": "11",
        "addr:street": "Jl. Sumatera",
        "amenity": "cafe",
        "cuisine": "regional",
        "name": "Bober"
      },
      "geometry": {
        "type": "Point",
        "coordinates": [
          107.6132859,
          -6.917453
        ]
      },
      "id": "node/4320607780"
    },
    {
      "type": "Feature",
      "properties": {
        "@id": "node/4320639466",
        "addr:city": "Bandung",
        "addr:housenumber": "28",
        "addr:street": "Jl. Sumatera",
        "amenity": "cafe",
        "cuisine": "cafe",
        "name": "Brusselsspring"
      },
      "geometry": {
        "type": "Point",
        "coordinates": [
          107.6138316,
          -6.9164146
        ]
      },
      "id": "node/4320639466"
    },
    {
      "type": "Feature",
      "properties": {
        "@id": "node/4320643325",
        "addr:city": "Bandung",
        "addr:housenumber": "28",
        "addr:street": "Jalan Sumatra",
        "amenity": "cafe",
        "name": "Soleluna"
      },
      "geometry": {
        "type": "Point",
        "coordinates": [
          107.6138143,
          -6.916593
        ]
      },
      "id": "node/4320643325"
    },
    {
      "type": "Feature",
      "properties": {
        "@id": "node/4320655631",
        "addr:city": "Bandung",
        "addr:housenumber": "2",
        "addr:street": "Cimanuk",
        "amenity": "cafe",
        "cuisine": "coffee_shop",
        "name": "Two Cents"
      },
      "geometry": {
        "type": "Point",
        "coordinates": [
          107.6206005,
          -6.905489
        ]
      },
      "id": "node/4320655631"
    },
    {
      "type": "Feature",
      "properties": {
        "@id": "node/4320705419",
        "addr:city": "Bandung",
        "addr:housenumber": "11A",
        "addr:street": "Jl. Lodaya, Malabar, Lengkong",
        "amenity": "cafe",
        "name": "Little White Cafe",
        "name:en": "Little White"
      },
      "geometry": {
        "type": "Point",
        "coordinates": [
          107.6196615,
          -6.9291255
        ]
      },
      "id": "node/4320705419"
    },
    {
      "type": "Feature",
      "properties": {
        "@id": "node/4320707953",
        "addr:city": "Bandung, Jawa Barat",
        "addr:housenumber": "11",
        "addr:street": "Jalan Cimanuk",
        "amenity": "cafe",
        "name": "Vanilla Kitchen & Wine"
      },
      "geometry": {
        "type": "Point",
        "coordinates": [
          107.6209866,
          -6.9036224
        ]
      },
      "id": "node/4320707953"
    },
    {
      "type": "Feature",
      "properties": {
        "@id": "node/4320715786",
        "addr:city": "Bandung",
        "addr:housenumber": "22",
        "addr:street": "Progo, Citarum",
        "amenity": "cafe",
        "cuisine": "coffee_shop",
        "internet_access": "yes",
        "name": "Kopi Progo",
        "opening_hours": "Mo-Su 07:00-22:00",
        "outdoor_seating": "no",
        "phone": "+62 823-1717-1515",
        "website": "https://maps.app.goo.gl/XpQSBsgo8WWMUXoB9"
      },
      "geometry": {
        "type": "Point",
        "coordinates": [
          107.618747,
          -6.9046421
        ]
      },
      "id": "node/4320715786"
    },
    {
      "type": "Feature",
      "properties": {
        "@id": "node/4320722067",
        "addr:city": "Bandung Wetan",
        "addr:housenumber": "33",
        "addr:street": "Jl. Progo , Citarum",
        "amenity": "cafe",
        "name": "Giggle Box Cafe And Resto"
      },
      "geometry": {
        "type": "Point",
        "coordinates": [
          107.6197076,
          -6.9045688
        ]
      },
      "id": "node/4320722067"
    },
    {
      "type": "Feature",
      "properties": {
        "@id": "node/4320923689",
        "addr:city": "Bandung",
        "addr:housenumber": "249",
        "addr:street": "Jalan PETA",
        "amenity": "cafe",
        "name": "Southville"
      },
      "geometry": {
        "type": "Point",
        "coordinates": [
          107.5868038,
          -6.9286472
        ]
      },
      "id": "node/4320923689"
    },
    {
      "type": "Feature",
      "properties": {
        "@id": "node/4320928124",
        "addr:city": "Bandung, Jawa Barat",
        "addr:housenumber": "90",
        "addr:street": "Jl. Braga",
        "amenity": "cafe",
        "name": "Wiki Koffie"
      },
      "geometry": {
        "type": "Point",
        "coordinates": [
          107.6091519,
          -6.9160557
        ]
      },
      "id": "node/4320928124"
    },
    {
      "type": "Feature",
      "properties": {
        "@id": "node/4322633063",
        "addr:city": "Kota Bandung, Jawa Barat",
        "addr:housenumber": "3",
        "addr:street": "Jl. Bahureksa, Bandung Wetan",
        "amenity": "cafe",
        "cuisine": "coffee_shop",
        "name": "Everjoy Coffee and Cafe"
      },
      "geometry": {
        "type": "Point",
        "coordinates": [
          107.6138859,
          -6.9052965
        ]
      },
      "id": "node/4322633063"
    },
    {
      "type": "Feature",
      "properties": {
        "@id": "node/4326457996",
        "addr:city": "Bandung, Jawa Barat",
        "addr:housenumber": "10",
        "addr:street": "Jl. Sawunggaling, Tamansari",
        "amenity": "cafe",
        "name": "Chingu Cafe",
        "name:it": "Chingu"
      },
      "geometry": {
        "type": "Point",
        "coordinates": [
          107.6097423,
          -6.9010768
        ]
      },
      "id": "node/4326457996"
    },
    {
      "type": "Feature",
      "properties": {
        "@id": "node/4326646566",
        "addr:city": "Taman Sari, Bandung Wetan, Bandung, Jawa Barat",
        "addr:housenumber": "1",
        "addr:street": "Jalan Ranggagading",
        "amenity": "cafe",
        "name": "Kupu Bistro"
      },
      "geometry": {
        "type": "Point",
        "coordinates": [
          107.6097557,
          -6.9025783
        ]
      },
      "id": "node/4326646566"
    },
    {
      "type": "Feature",
      "properties": {
        "@id": "node/4326767332",
        "addr:city": "Bandung, Jawa Barat",
        "addr:housenumber": "40",
        "addr:street": "Jl. Trunojoyo , Citarum",
        "amenity": "cafe",
        "name": "ETC Etcetera"
      },
      "geometry": {
        "type": "Point",
        "coordinates": [
          107.6143369,
          -6.9024057
        ]
      },
      "id": "node/4326767332"
    },
    {
      "type": "Feature",
      "properties": {
        "@id": "node/4326781690",
        "addr:city": "Bandung, Jawa Barat",
        "addr:housenumber": "7",
        "addr:street": "Jalan Diponegoro",
        "amenity": "cafe",
        "cuisine": "coffee_shop",
        "internet_access": "yes",
        "internet_access:fee": "no",
        "name": "Oldbens Cafe",
        "opening_hours": "Mo-Su 08:00-22:00",
        "phone": "+62 878-2426-9298"
      },
      "geometry": {
        "type": "Point",
        "coordinates": [
          107.6136806,
          -6.900332
        ]
      },
      "id": "node/4326781690"
    },
    {
      "type": "Feature",
      "properties": {
        "@id": "node/4326873539",
        "addr:city": "Gegerkalong, Sukasari, Bandung City, West Java",
        "addr:housenumber": "11B",
        "addr:street": "Jl. Budi Luhur I",
        "amenity": "cafe",
        "name": "Ludwick Café"
      },
      "geometry": {
        "type": "Point",
        "coordinates": [
          107.5932983,
          -6.872527
        ]
      },
      "id": "node/4326873539"
    },
    {
      "type": "Feature",
      "properties": {
        "@id": "node/4326876027",
        "addr:city": "Kebon Pisang, Bandung, Jawa Barat",
        "addr:housenumber": "30",
        "addr:street": "Jalan Naripan",
        "amenity": "cafe",
        "name": "Uncle's Storage"
      },
      "geometry": {
        "type": "Point",
        "coordinates": [
          107.6130499,
          -6.9204024
        ]
      },
      "id": "node/4326876027"
    },
    {
      "type": "Feature",
      "properties": {
        "@id": "node/4326877060",
        "addr:city": "Pasteur, Sukajadi, Kota Bandung, Jawa Barat",
        "addr:housenumber": "35",
        "addr:street": "Jl. Sirnamanah",
        "amenity": "cafe",
        "name": "Monsoon Cafe",
        "name:en": "Monsoon"
      },
      "geometry": {
        "type": "Point",
        "coordinates": [
          107.5968352,
          -6.884257
        ]
      },
      "id": "node/4326877060"
    },
    {
      "type": "Feature",
      "properties": {
        "@id": "node/4326877386",
        "addr:city": "Sekejolang, Ciburial, Bandung, Jawa Barat",
        "addr:street": "Jalan Dago Pakar Utara",
        "amenity": "cafe",
        "name": "Cafe D'Pakar"
      },
      "geometry": {
        "type": "Point",
        "coordinates": [
          107.6498632,
          -6.8467341
        ]
      },
      "id": "node/4326877386"
    },
    {
      "type": "Feature",
      "properties": {
        "@id": "node/4326884850",
        "addr:city": "Bandung, Jawa Barat",
        "addr:street": "Jl. Sulanjana, Tamansari, Bandung Wetan",
        "amenity": "cafe",
        "name": "Hoppers"
      },
      "geometry": {
        "type": "Point",
        "coordinates": [
          107.6104078,
          -6.8997615
        ]
      },
      "id": "node/4326884850"
    },
    {
      "type": "Feature",
      "properties": {
        "@id": "node/4326888054",
        "addr:city": "Bandung, Jawa Barat",
        "addr:street": "Jl. Sulanjana, Tamansari, Bandung Wetan",
        "amenity": "cafe",
        "name": "Kedai Persib"
      },
      "geometry": {
        "type": "Point",
        "coordinates": [
          107.610294,
          -6.8996949
        ]
      },
      "id": "node/4326888054"
    },
    {
      "type": "Feature",
      "properties": {
        "@id": "node/4327193263",
        "addr:city": "Bandung, Jawa Barat",
        "addr:street": "Jl. Taman Kopo Indah I",
        "amenity": "cafe",
        "name": "Coffee Time"
      },
      "geometry": {
        "type": "Point",
        "coordinates": [
          107.5631391,
          -6.963849
        ]
      },
      "id": "node/4327193263"
    },
    {
      "type": "Feature",
      "properties": {
        "@id": "node/4327205530",
        "addr:city": "Bandung, Jawa Barat",
        "addr:street": "Jl. Taman Kopo Indah 2",
        "amenity": "cafe",
        "name": "Gudang Kopi"
      },
      "geometry": {
        "type": "Point",
        "coordinates": [
          107.5591707,
          -6.9617471
        ]
      },
      "id": "node/4327205530"
    },
    {
      "type": "Feature",
      "properties": {
        "@id": "node/4327244823",
        "addr:city": "Bandung",
        "addr:housenumber": "51",
        "addr:street": "Jalan Cibeureum",
        "amenity": "cafe",
        "name": "Ngopi Doeloe"
      },
      "geometry": {
        "type": "Point",
        "coordinates": [
          107.5668787,
          -6.9072065
        ]
      },
      "id": "node/4327244823"
    },
    {
      "type": "Feature",
      "properties": {
        "@id": "node/4327246099",
        "addr:city": "Bandung",
        "addr:housenumber": "37",
        "addr:street": "Jalan Dr. Djunjunan , Pamoyanan, Cicendo",
        "amenity": "cafe",
        "name": "Kedai Pantai Timur"
      },
      "geometry": {
        "type": "Point",
        "coordinates": [
          107.592867,
          -6.8979361
        ]
      },
      "id": "node/4327246099"
    },
    {
      "type": "Feature",
      "properties": {
        "@id": "node/4327951247",
        "addr:city": "Bandung",
        "addr:housenumber": "84A",
        "addr:street": "Jalan Prof. Drg. Surya Sumantri",
        "amenity": "cafe",
        "name": "Take Ichi Japanese Cafe",
        "name:en": "Take Ichi"
      },
      "geometry": {
        "type": "Point",
        "coordinates": [
          107.5815401,
          -6.8851859
        ]
      },
      "id": "node/4327951247"
    },
    {
      "type": "Feature",
      "properties": {
        "@id": "node/4327985397",
        "addr:city": "Bandung",
        "addr:housenumber": "36D",
        "addr:street": "Jl. Surya Sumantri",
        "amenity": "cafe",
        "name": "Sugar Rush"
      },
      "geometry": {
        "type": "Point",
        "coordinates": [
          107.582279,
          -6.8891532
        ]
      },
      "id": "node/4327985397"
    },
    {
      "type": "Feature",
      "properties": {
        "@id": "node/4327994060",
        "addr:city": "Bandung, Jawa Barat",
        "addr:street": "Jl. Dr. Otten",
        "amenity": "cafe",
        "name": "Otten Inn & Viit Cafe"
      },
      "geometry": {
        "type": "Point",
        "coordinates": [
          107.5990705,
          -6.90137
        ]
      },
      "id": "node/4327994060"
    },
    {
      "type": "Feature",
      "properties": {
        "@id": "node/4328025912",
        "addr:city": "Bandung",
        "addr:housenumber": "91",
        "addr:street": "Jl. Pelajar Pejuang 45",
        "amenity": "cafe",
        "name": "Milan Cafe"
      },
      "geometry": {
        "type": "Point",
        "coordinates": [
          107.6262291,
          -6.9309098
        ]
      },
      "id": "node/4328025912"
    },
    {
      "type": "Feature",
      "properties": {
        "@id": "node/4328069510",
        "addr:city": "Bandung",
        "addr:housenumber": "#16",
        "addr:street": "Jalan Kesatriaan , Arjuna, Cicendo",
        "amenity": "cafe",
        "name": "Magic Wok Tavern"
      },
      "geometry": {
        "type": "Point",
        "coordinates": [
          107.5960795,
          -6.9120068
        ]
      },
      "id": "node/4328069510"
    },
    {
      "type": "Feature",
      "properties": {
        "@id": "node/4328076556",
        "addr:city": "Bandung",
        "addr:housenumber": "65",
        "addr:street": "Jalan Pasir Kaliki",
        "amenity": "cafe",
        "name": "Pokatiam"
      },
      "geometry": {
        "type": "Point",
        "coordinates": [
          107.5979568,
          -6.9109614
        ]
      },
      "id": "node/4328076556"
    },
    {
      "type": "Feature",
      "properties": {
        "@id": "node/4328129194",
        "addr:city": "Bandung, Jawa Barat",
        "addr:housenumber": "8B",
        "addr:street": "Jl. Gardujati , Kb. Jeruk, Andir",
        "amenity": "cafe",
        "name": "Yoss Coffe",
        "name:en": "Yoss"
      },
      "geometry": {
        "type": "Point",
        "coordinates": [
          107.5983109,
          -6.917344
        ]
      },
      "id": "node/4328129194"
    },
    {
      "type": "Feature",
      "properties": {
        "@id": "node/4328171595",
        "addr:city": "Bandung",
        "addr:housenumber": "19",
        "addr:street": "Jl. Ir. H.Djuanda",
        "amenity": "cafe",
        "name": "beri kopi"
      },
      "geometry": {
        "type": "Point",
        "coordinates": [
          107.6102432,
          -6.904971
        ]
      },
      "id": "node/4328171595"
    },
    {
      "type": "Feature",
      "properties": {
        "@id": "node/4328175741",
        "addr:city": "Bandung, Jawa Barat",
        "addr:housenumber": "10",
        "addr:street": "Jl. Ranggagading",
        "amenity": "cafe",
        "name": "SWG COFFEE"
      },
      "geometry": {
        "type": "Point",
        "coordinates": [
          107.6104052,
          -6.9025596
        ]
      },
      "id": "node/4328175741"
    },
    {
      "type": "Feature",
      "properties": {
        "@id": "node/4328179212",
        "addr:city": "Bandung, Jawa Barat",
        "addr:housenumber": "2",
        "addr:street": "Jl. Sawunggaling",
        "amenity": "cafe",
        "name": "Cafe Pohon Durian Bandung"
      },
      "geometry": {
        "type": "Point",
        "coordinates": [
          107.6102359,
          -6.9023283
        ]
      },
      "id": "node/4328179212"
    },
    {
      "type": "Feature",
      "properties": {
        "@id": "node/4328211453",
        "addr:city": "Bandung",
        "addr:housenumber": "76C",
        "addr:postcode": "40164",
        "addr:street": "Jalan Surya Sumantri",
        "alt_name": "Starbucks Surya Sumantri",
        "amenity": "cafe",
        "brand": "Starbucks",
        "brand:wikidata": "Q37158",
        "brand:wikipedia": "en:Starbucks",
        "cuisine": "coffee_shop",
        "name": "Starbucks",
        "official_name": "Starbucks Coffee",
        "opening_hours": "Mo-Su 07:00-22:00",
        "takeaway": "yes"
      },
      "geometry": {
        "type": "Point",
        "coordinates": [
          107.5816203,
          -6.8861336
        ]
      },
      "id": "node/4328211453"
    },
    {
      "type": "Feature",
      "properties": {
        "@id": "node/4328253800",
        "addr:city": "Bandung, Jawa Barat",
        "addr:street": "Taman Kopo Indah III",
        "amenity": "cafe",
        "name": "833R Store"
      },
      "geometry": {
        "type": "Point",
        "coordinates": [
          107.5566158,
          -6.9606074
        ]
      },
      "id": "node/4328253800"
    },
    {
      "type": "Feature",
      "properties": {
        "@id": "node/4329252652",
        "addr:city": "Bandung",
        "addr:housenumber": "165",
        "addr:street": "Jl. Taman Pramuka , Cihapit",
        "amenity": "cafe",
        "name": "Buthcer's Bill Cafe & Resto"
      },
      "geometry": {
        "type": "Point",
        "coordinates": [
          107.6273878,
          -6.9095825
        ]
      },
      "id": "node/4329252652"
    },
    {
      "type": "Feature",
      "properties": {
        "@id": "node/4329459744",
        "addr:city": "Bandung",
        "addr:street": "Jl. Pahlawan, Neglasari, Cibeunying Kaler",
        "amenity": "cafe",
        "name": "Gotcha Ice Cream"
      },
      "geometry": {
        "type": "Point",
        "coordinates": [
          107.6348705,
          -6.8958583
        ]
      },
      "id": "node/4329459744"
    },
    {
      "type": "Feature",
      "properties": {
        "@id": "node/4329483915",
        "addr:city": "Bandung",
        "addr:housenumber": "#85",
        "addr:street": "Jl. Pahlawan , Sukaluyu, Cibeunying Kaler",
        "amenity": "cafe",
        "name": "Koffiechino"
      },
      "geometry": {
        "type": "Point",
        "coordinates": [
          107.6346631,
          -6.8946071
        ]
      },
      "id": "node/4329483915"
    },
    {
      "type": "Feature",
      "properties": {
        "@id": "node/4329494632",
        "addr:city": "Bandung",
        "addr:housenumber": "89",
        "addr:street": "Jl. Pahlawan",
        "amenity": "cafe",
        "name": "Trends Cafe & Resto"
      },
      "geometry": {
        "type": "Point",
        "coordinates": [
          107.6348136,
          -6.8940138
        ]
      },
      "id": "node/4329494632"
    },
    {
      "type": "Feature",
      "properties": {
        "@id": "node/4329495286",
        "addr:city": "Bandung",
        "addr:housenumber": "72",
        "addr:street": "JL Pahlawan",
        "amenity": "cafe",
        "name": "Gaza Mediterranean"
      },
      "geometry": {
        "type": "Point",
        "coordinates": [
          107.635277,
          -6.8943992
        ]
      },
      "id": "node/4329495286"
    },
    {
      "type": "Feature",
      "properties": {
        "@id": "node/4329532364",
        "addr:city": "Bandung, Jawa Barat",
        "addr:housenumber": "26",
        "addr:street": "Jl. Hasanudin",
        "amenity": "cafe",
        "name": "Hangout Cafe",
        "name:en": "Hangout"
      },
      "geometry": {
        "type": "Point",
        "coordinates": [
          107.6164681,
          -6.8949494
        ]
      },
      "id": "node/4329532364"
    },
    {
      "type": "Feature",
      "properties": {
        "@id": "node/4329536233",
        "addr:city": "Bandung",
        "addr:housenumber": "42",
        "addr:street": "Jalan Dipatiukur",
        "amenity": "cafe",
        "brand": "Starbucks",
        "brand:wikidata": "Q37158",
        "brand:wikipedia": "en:Starbucks",
        "cuisine": "coffee_shop",
        "delivery": "yes",
        "internet_access": "wlan",
        "internet_access:fee": "no",
        "name": "Starbucks",
        "official_name": "Starbucks Coffee",
        "opening_hours": "Mo-Su 09:00-21:00",
        "smoking": "outside",
        "takeaway": "yes",
        "website": "https://www.starbucks.com/"
      },
      "geometry": {
        "type": "Point",
        "coordinates": [
          107.6168462,
          -6.8960232
        ]
      },
      "id": "node/4329536233"
    },
    {
      "type": "Feature",
      "properties": {
        "@id": "node/4329539516",
        "addr:city": "Bandung, Jawa Barat",
        "addr:housenumber": "36",
        "addr:street": "Jl. Dipatiukur",
        "amenity": "cafe",
        "name": "Kedai Kecil"
      },
      "geometry": {
        "type": "Point",
        "coordinates": [
          107.6166992,
          -6.8961805
        ]
      },
      "id": "node/4329539516"
    },
    {
      "type": "Feature",
      "properties": {
        "@id": "node/4329541106",
        "addr:city": "Bandung, Jawa Barat",
        "addr:housenumber": "26B",
        "addr:street": "Jalan Dipatiukur",
        "amenity": "cafe",
        "name": "B'Owl!"
      },
      "geometry": {
        "type": "Point",
        "coordinates": [
          107.6156562,
          -6.8969548
        ]
      },
      "id": "node/4329541106"
    },
    {
      "type": "Feature",
      "properties": {
        "@id": "node/4329573255",
        "addr:city": "Bandung",
        "addr:street": "Jl. Jendral Sudirman",
        "amenity": "cafe",
        "name": "Blackjack Coffee",
        "name:en": "Blackjack"
      },
      "geometry": {
        "type": "Point",
        "coordinates": [
          107.5889524,
          -6.9189145
        ]
      },
      "id": "node/4329573255"
    },
    {
      "type": "Feature",
      "properties": {
        "@id": "node/4329594116",
        "addr:city": "Bandung",
        "addr:housenumber": "88",
        "addr:street": "Jl. Sukabirus",
        "amenity": "cafe",
        "name": "Kaminumasa",
        "name:en": "Kaminumasa"
      },
      "geometry": {
        "type": "Point",
        "coordinates": [
          107.6326245,
          -6.9769183
        ]
      },
      "id": "node/4329594116"
    },
    {
      "type": "Feature",
      "properties": {
        "@id": "node/4329601853",
        "addr:city": "Bandung",
        "addr:housenumber": "210",
        "addr:street": "Jln. Cikutra",
        "amenity": "cafe",
        "cuisine": "tea;coffee_shop",
        "name": "Chillax Coffee And Tea",
        "name:en": "Chillax"
      },
      "geometry": {
        "type": "Point",
        "coordinates": [
          107.6437749,
          -6.8975816
        ]
      },
      "id": "node/4329601853"
    },
    {
      "type": "Feature",
      "properties": {
        "@id": "node/4329610998",
        "addr:city": "Bandung, Jawa Barat",
        "addr:street": "Jl. Dipatiukur",
        "amenity": "cafe",
        "name": "Bober"
      },
      "geometry": {
        "type": "Point",
        "coordinates": [
          107.6149061,
          -6.8869859
        ]
      },
      "id": "node/4329610998"
    },
    {
      "type": "Feature",
      "properties": {
        "@id": "node/4329644625",
        "addr:city": "Bandung",
        "addr:housenumber": "103",
        "addr:street": "Jl. Setiabudhi",
        "amenity": "cafe",
        "name": "18 Hrs Cafe"
      },
      "geometry": {
        "type": "Point",
        "coordinates": [
          107.5936203,
          -6.8710748
        ]
      },
      "id": "node/4329644625"
    },
    {
      "type": "Feature",
      "properties": {
        "@id": "node/4354988714",
        "addr:city": "Bandung",
        "addr:housenumber": "3",
        "addr:postcode": "40115",
        "addr:street": "Jl. Ir. H. Djuanda",
        "amenity": "cafe",
        "cuisine": "western",
        "name": "Soda Resto"
      },
      "geometry": {
        "type": "Point",
        "coordinates": [
          107.6103688,
          -6.9063815
        ]
      },
      "id": "node/4354988714"
    },
    {
      "type": "Feature",
      "properties": {
        "@id": "node/4365960649",
        "addr:city": "Bandung",
        "addr:housenumber": "99-101",
        "addr:postcode": "40111",
        "addr:street": "Jalan Braga",
        "amenity": "cafe",
        "branch": "Braga City Walk",
        "brand": "Starbucks",
        "brand:wikidata": "Q37158",
        "cuisine": "coffee_shop",
        "name": "Starbucks",
        "official_name": "Starbucks Coffee",
        "takeaway": "yes"
      },
      "geometry": {
        "type": "Point",
        "coordinates": [
          107.6091118,
          -6.9169485
        ]
      },
      "id": "node/4365960649"
    },
    {
      "type": "Feature",
      "properties": {
        "@id": "node/4366097668",
        "amenity": "cafe",
        "name": "Bober"
      },
      "geometry": {
        "type": "Point",
        "coordinates": [
          107.6233922,
          -6.9071717
        ]
      },
      "id": "node/4366097668"
    },
    {
      "type": "Feature",
      "properties": {
        "@id": "node/4368869904",
        "amenity": "cafe",
        "name": "Please, Please, Please"
      },
      "geometry": {
        "type": "Point",
        "coordinates": [
          107.6199423,
          -6.9045305
        ]
      },
      "id": "node/4368869904"
    },
    {
      "type": "Feature",
      "properties": {
        "@id": "node/4370113727",
        "amenity": "cafe",
        "name": "Le Delice Cafe And Bakery"
      },
      "geometry": {
        "type": "Point",
        "coordinates": [
          107.621374,
          -6.9248412
        ]
      },
      "id": "node/4370113727"
    },
    {
      "type": "Feature",
      "properties": {
        "@id": "node/4370477176",
        "addr:housenumber": "125",
        "amenity": "cafe",
        "name": "Nanny's Pavillon"
      },
      "geometry": {
        "type": "Point",
        "coordinates": [
          107.6237768,
          -6.9078484
        ]
      },
      "id": "node/4370477176"
    },
    {
      "type": "Feature",
      "properties": {
        "@id": "node/4375134546",
        "addr:city": "Bandung",
        "addr:housenumber": "26",
        "addr:postcode": "40117",
        "addr:street": "Jalan Pajajaran",
        "amenity": "cafe",
        "name": "Ujenk Gemi Bar",
        "name:en": "Ujenk Gemi"
      },
      "geometry": {
        "type": "Point",
        "coordinates": [
          107.6057856,
          -6.9070236
        ]
      },
      "id": "node/4375134546"
    },
    {
      "type": "Feature",
      "properties": {
        "@id": "node/4446613135",
        "addr:city": "Bandung",
        "addr:housenumber": "79",
        "addr:postcode": "40112",
        "addr:street": "Jalan Naripan",
        "amenity": "cafe",
        "name": "Lacamera Coffee"
      },
      "geometry": {
        "type": "Point",
        "coordinates": [
          107.6154775,
          -6.9206091
        ]
      },
      "id": "node/4446613135"
    },
    {
      "type": "Feature",
      "properties": {
        "@id": "node/4526894252",
        "amenity": "cafe",
        "name": "N Cafe"
      },
      "geometry": {
        "type": "Point",
        "coordinates": [
          107.5728814,
          -6.8767124
        ]
      },
      "id": "node/4526894252"
    },
    {
      "type": "Feature",
      "properties": {
        "@id": "node/4550655407",
        "amenity": "cafe",
        "name": "Uncle A Urban Town"
      },
      "geometry": {
        "type": "Point",
        "coordinates": [
          107.6144313,
          -6.906181
        ]
      },
      "id": "node/4550655407"
    },
    {
      "type": "Feature",
      "properties": {
        "@id": "node/4553213241",
        "amenity": "cafe",
        "name": "Forest Cafe",
        "opening_hours": "Mo-Su 08:00-20:00"
      },
      "geometry": {
        "type": "Point",
        "coordinates": [
          107.6289779,
          -6.8577375
        ]
      },
      "id": "node/4553213241"
    },
    {
      "type": "Feature",
      "properties": {
        "@id": "node/4788348021",
        "amenity": "cafe",
        "name": "Loco Chiks and Chill"
      },
      "geometry": {
        "type": "Point",
        "coordinates": [
          107.6219372,
          -6.930728
        ]
      },
      "id": "node/4788348021"
    },
    {
      "type": "Feature",
      "properties": {
        "@id": "node/4936436721",
        "addr:housenumber": "No. 7",
        "addr:street": "Jalan Veteran",
        "amenity": "cafe",
        "internet_access": "wlan",
        "name": "Brussels Spring"
      },
      "geometry": {
        "type": "Point",
        "coordinates": [
          107.6141221,
          -6.9186286
        ]
      },
      "id": "node/4936436721"
    },
    {
      "type": "Feature",
      "properties": {
        "@id": "node/4971536021",
        "amenity": "cafe",
        "name": "sfroastery",
        "name:it": "Sfroastery"
      },
      "geometry": {
        "type": "Point",
        "coordinates": [
          107.5887671,
          -6.9161264
        ]
      },
      "id": "node/4971536021"
    },
    {
      "type": "Feature",
      "properties": {
        "@id": "node/4971536121",
        "amenity": "cafe",
        "name": "Armor Coffee",
        "name:it": "Armor"
      },
      "geometry": {
        "type": "Point",
        "coordinates": [
          107.6323803,
          -6.8581757
        ]
      },
      "id": "node/4971536121"
    },
    {
      "type": "Feature",
      "properties": {
        "@id": "node/5047303242",
        "addr:city": "Bandung",
        "addr:housename": "Aviator Coffee Camp",
        "addr:housenumber": "28",
        "addr:postcode": "40198",
        "addr:street": "Jl. Dago Resort Raya",
        "amenity": "cafe",
        "cuisine": "asian",
        "name": "Aviator Coffee Camp"
      },
      "geometry": {
        "type": "Point",
        "coordinates": [
          107.6484767,
          -6.8616646
        ]
      },
      "id": "node/5047303242"
    },
    {
      "type": "Feature",
      "properties": {
        "@id": "node/5119336924",
        "amenity": "cafe",
        "name": "The People's Cafe"
      },
      "geometry": {
        "type": "Point",
        "coordinates": [
          107.5960789,
          -6.8901174
        ]
      },
      "id": "node/5119336924"
    },
    {
      "type": "Feature",
      "properties": {
        "@id": "node/5119336926",
        "amenity": "cafe",
        "brand": "Starbucks",
        "brand:wikidata": "Q37158",
        "brand:wikipedia": "en:Starbucks",
        "cuisine": "coffee_shop",
        "name": "Starbucks Reserve",
        "name:en": "Starbucks",
        "official_name": "Starbucks Coffee",
        "takeaway": "yes"
      },
      "geometry": {
        "type": "Point",
        "coordinates": [
          107.5965612,
          -6.8901104
        ]
      },
      "id": "node/5119336926"
    },
    {
      "type": "Feature",
      "properties": {
        "@id": "node/5119339540",
        "addr:housenumber": "B55",
        "amenity": "cafe",
        "name": "Djournál"
      },
      "geometry": {
        "type": "Point",
        "coordinates": [
          107.5961777,
          -6.8901004
        ]
      },
      "id": "node/5119339540"
    },
    {
      "type": "Feature",
      "properties": {
        "@id": "node/5119339736",
        "addr:housenumber": "B-69",
        "addr:postcode": "40161",
        "addr:street": "Jl. Paris Van Java Resort",
        "amenity": "cafe",
        "brand": "Caribou Coffee",
        "brand:wikidata": "Q5039494",
        "brand:wikipedia": "en:Caribou Coffee",
        "cuisine": "coffee_shop",
        "email": "caribou.coffee@mahadya.co.id",
        "internet_access": "wlan",
        "name": "Caribou Coffee",
        "name:en": "Caribou",
        "name:it": "Caribou",
        "opening_hours": "Mo-Th 10:00-22:00; Fr-Su 08:00-23:00",
        "phone": "+62 22 82063870",
        "takeaway": "yes",
        "website": "http://www.tellcaribouID.com"
      },
      "geometry": {
        "type": "Point",
        "coordinates": [
          107.5960294,
          -6.8886602
        ]
      },
      "id": "node/5119339736"
    },
    {
      "type": "Feature",
      "properties": {
        "@id": "node/5119339737",
        "amenity": "cafe",
        "internet_access": "wlan",
        "name": "Black Canyon"
      },
      "geometry": {
        "type": "Point",
        "coordinates": [
          107.5960266,
          -6.8885606
        ]
      },
      "id": "node/5119339737"
    },
    {
      "type": "Feature",
      "properties": {
        "@id": "node/5119357421",
        "amenity": "cafe",
        "name": "Halaman"
      },
      "geometry": {
        "type": "Point",
        "coordinates": [
          107.5960428,
          -6.8889259
        ]
      },
      "id": "node/5119357421"
    },
    {
      "type": "Feature",
      "properties": {
        "@id": "node/5123534323",
        "amenity": "cafe",
        "name": "Rose Bread"
      },
      "geometry": {
        "type": "Point",
        "coordinates": [
          107.6246951,
          -6.961599
        ]
      },
      "id": "node/5123534323"
    },
    {
      "type": "Feature",
      "properties": {
        "@id": "node/5214626822",
        "amenity": "cafe",
        "name": "Jifast The Power Of Durian"
      },
      "geometry": {
        "type": "Point",
        "coordinates": [
          107.6304829,
          -6.9157346
        ]
      },
      "id": "node/5214626822"
    },
    {
      "type": "Feature",
      "properties": {
        "@id": "node/5318324079",
        "amenity": "cafe",
        "brand": "Starbucks",
        "brand:wikidata": "Q37158",
        "cuisine": "coffee_shop",
        "name": "Starbucks",
        "official_name": "Starbucks Coffee",
        "takeaway": "yes"
      },
      "geometry": {
        "type": "Point",
        "coordinates": [
          107.6050402,
          -6.8733449
        ]
      },
      "id": "node/5318324079"
    },
    {
      "type": "Feature",
      "properties": {
        "@id": "node/5542883063",
        "amenity": "cafe",
        "brand": "Starbucks",
        "brand:wikidata": "Q37158",
        "brand:wikipedia": "en:Starbucks",
        "cuisine": "coffee_shop",
        "name": "Starbucks",
        "official_name": "Starbucks Coffee",
        "takeaway": "yes"
      },
      "geometry": {
        "type": "Point",
        "coordinates": [
          107.6170456,
          -6.9064912
        ]
      },
      "id": "node/5542883063"
    },
    {
      "type": "Feature",
      "properties": {
        "@id": "node/5558373737",
        "amenity": "cafe",
        "name": "Kembang Deli Kopitiam"
      },
      "geometry": {
        "type": "Point",
        "coordinates": [
          107.6260908,
          -6.9106431
        ]
      },
      "id": "node/5558373737"
    },
    {
      "type": "Feature",
      "properties": {
        "@id": "node/5724575421",
        "addr:housenumber": "453",
        "addr:street": "Jl. Oto Iskandardinata",
        "amenity": "cafe",
        "name": "La petite corner",
        "opening_hours": "Tu-Su 09:00-21:00",
        "phone": "+62 22 5207333"
      },
      "geometry": {
        "type": "Point",
        "coordinates": [
          107.6035086,
          -6.9296717
        ]
      },
      "id": "node/5724575421"
    },
    {
      "type": "Feature",
      "properties": {
        "@id": "node/5803815453",
        "addr:housenumber": "11",
        "addr:street": "Jalan Braga",
        "air_conditioning": "yes",
        "amenity": "cafe",
        "contact:instagram": "kopitokodjawa",
        "indoor_seating": "yes",
        "name": "Kopi Toko Djawa",
        "takeaway": "only"
      },
      "geometry": {
        "type": "Point",
        "coordinates": [
          107.6092599,
          -6.9174934
        ]
      },
      "id": "node/5803815453"
    },
    {
      "type": "Feature",
      "properties": {
        "@id": "node/5803815655",
        "amenity": "cafe",
        "name": "Art"
      },
      "geometry": {
        "type": "Point",
        "coordinates": [
          107.6093407,
          -6.9171923
        ]
      },
      "id": "node/5803815655"
    },
    {
      "type": "Feature",
      "properties": {
        "@id": "node/5803824053",
        "amenity": "cafe",
        "brand": "Chatime",
        "brand:wikidata": "Q16829306",
        "cuisine": "bubble_tea",
        "name": "Chatime",
        "shop": "tea",
        "takeaway": "yes"
      },
      "geometry": {
        "type": "Point",
        "coordinates": [
          107.6089282,
          -6.9169517
        ]
      },
      "id": "node/5803824053"
    },
    {
      "type": "Feature",
      "properties": {
        "@id": "node/6091307649",
        "addr:city": "Bandung",
        "addr:street": "Jalan Rajawali Timur",
        "amenity": "cafe",
        "internet_access": "yes",
        "name": "Warnet Nur"
      },
      "geometry": {
        "type": "Point",
        "coordinates": [
          107.5889526,
          -6.9165534
        ]
      },
      "id": "node/6091307649"
    },
    {
      "type": "Feature",
      "properties": {
        "@id": "node/6243860290",
        "amenity": "cafe",
        "name": "Cafe Bali"
      },
      "geometry": {
        "type": "Point",
        "coordinates": [
          107.6294757,
          -6.9137601
        ]
      },
      "id": "node/6243860290"
    },
    {
      "type": "Feature",
      "properties": {
        "@id": "node/6325289085",
        "addr:housenumber": "7",
        "addr:street": "Jalan Saung Galing",
        "amenity": "cafe",
        "internet_access": "wlan",
        "name": "Gajua Kopi",
        "opening_hours": "Mo-Th 09:00-00:00; Fr-Su 09:00-02:00",
        "phone": "+62 811 2001 372"
      },
      "geometry": {
        "type": "Point",
        "coordinates": [
          107.60974,
          -6.9018765
        ]
      },
      "id": "node/6325289085"
    },
    {
      "type": "Feature",
      "properties": {
        "@id": "node/6348952797",
        "addr:city": "Bandung",
        "addr:postcode": "40132",
        "addr:street": "Jl. Hasanudin No. 10, Lebakgede, Coblong",
        "amenity": "cafe",
        "cuisine": "coffee_shop;regional",
        "name": "Tiga Outdoor Cafe",
        "outdoor_seating": "yes"
      },
      "geometry": {
        "type": "Point",
        "coordinates": [
          107.6162456,
          -6.8949433
        ]
      },
      "id": "node/6348952797"
    },
    {
      "type": "Feature",
      "properties": {
        "@id": "node/6390196086",
        "amenity": "cafe",
        "name": "Kopi Siologi"
      },
      "geometry": {
        "type": "Point",
        "coordinates": [
          107.6266658,
          -6.8868433
        ]
      },
      "id": "node/6390196086"
    },
    {
      "type": "Feature",
      "properties": {
        "@id": "node/6418849589",
        "amenity": "cafe",
        "name": "The Valley"
      },
      "geometry": {
        "type": "Point",
        "coordinates": [
          107.6301376,
          -6.8629017
        ]
      },
      "id": "node/6418849589"
    },
    {
      "type": "Feature",
      "properties": {
        "@id": "node/6418850787",
        "amenity": "cafe",
        "name": "Kebon Awi"
      },
      "geometry": {
        "type": "Point",
        "coordinates": [
          107.6321809,
          -6.8615968
        ]
      },
      "id": "node/6418850787"
    },
    {
      "type": "Feature",
      "properties": {
        "@id": "node/6418850788",
        "amenity": "cafe",
        "name": "Fashion Pasta"
      },
      "geometry": {
        "type": "Point",
        "coordinates": [
          107.6373118,
          -6.8586541
        ]
      },
      "id": "node/6418850788"
    },
    {
      "type": "Feature",
      "properties": {
        "@id": "node/6418850789",
        "amenity": "cafe",
        "name": "Lisung"
      },
      "geometry": {
        "type": "Point",
        "coordinates": [
          107.6374225,
          -6.8588451
        ]
      },
      "id": "node/6418850789"
    },
    {
      "type": "Feature",
      "properties": {
        "@id": "node/6418850790",
        "addr:street": "Jalan Ir. H. Juanda",
        "amenity": "cafe",
        "name": "Warung Taru",
        "name:en": "Warung Taru"
      },
      "geometry": {
        "type": "Point",
        "coordinates": [
          107.6213081,
          -6.8657012
        ]
      },
      "id": "node/6418850790"
    },
    {
      "type": "Feature",
      "properties": {
        "@id": "node/6520452488",
        "amenity": "cafe",
        "internet_access": "wlan",
        "name": "The Goodlife"
      },
      "geometry": {
        "type": "Point",
        "coordinates": [
          107.5826337,
          -6.8813092
        ]
      },
      "id": "node/6520452488"
    },
    {
      "type": "Feature",
      "properties": {
        "@id": "node/6593020150",
        "amenity": "cafe",
        "name": "Kedai Makmoer",
        "payment:coins": "yes",
        "payment:gopay_id": "yes",
        "payment:notes": "yes",
        "payment:ovo": "yes",
        "shop": "kiosk",
        "takeaway": "only",
        "wheelchair": "yes"
      },
      "geometry": {
        "type": "Point",
        "coordinates": [
          107.6191508,
          -6.9059425
        ]
      },
      "id": "node/6593020150"
    },
    {
      "type": "Feature",
      "properties": {
        "@id": "node/6711695723",
        "amenity": "cafe",
        "brand": "Chatime",
        "brand:wikidata": "Q16829306",
        "cuisine": "bubble_tea",
        "name": "Chatime",
        "shop": "coffee",
        "takeaway": "yes"
      },
      "geometry": {
        "type": "Point",
        "coordinates": [
          107.5978201,
          -6.9062428
        ]
      },
      "id": "node/6711695723"
    },
    {
      "type": "Feature",
      "properties": {
        "@id": "node/7076329914",
        "amenity": "cafe",
        "name": "Chiba"
      },
      "geometry": {
        "type": "Point",
        "coordinates": [
          107.5969413,
          -6.9097811
        ]
      },
      "id": "node/7076329914"
    },
    {
      "type": "Feature",
      "properties": {
        "@id": "node/7085999286",
        "amenity": "cafe",
        "name": "Jardin"
      },
      "geometry": {
        "type": "Point",
        "coordinates": [
          107.6202311,
          -6.9054216
        ]
      },
      "id": "node/7085999286"
    },
    {
      "type": "Feature",
      "properties": {
        "@id": "node/7466927535",
        "amenity": "cafe",
        "name": "Dono Reborn"
      },
      "geometry": {
        "type": "Point",
        "coordinates": [
          107.6251253,
          -6.8924838
        ]
      },
      "id": "node/7466927535"
    },
    {
      "type": "Feature",
      "properties": {
        "@id": "node/7655404507",
        "addr:city": "Cihapit, Bandung, Jawa Barat",
        "addr:housenumber": "21",
        "addr:postcode": "40115",
        "addr:street": "Jalan Ambon",
        "amenity": "cafe",
        "cuisine": "regional;baso_aci;boci;ciwang88",
        "name": "Baso Aci Ciwang 88",
        "opening_hours": "Mo-Su 12:00-22:00",
        "outdoor_seating": "no"
      },
      "geometry": {
        "type": "Point",
        "coordinates": [
          107.6180169,
          -6.9071388
        ]
      },
      "id": "node/7655404507"
    },
    {
      "type": "Feature",
      "properties": {
        "@id": "node/9213347718",
        "addr:housenumber": "1-B",
        "addr:postcode": "40141",
        "addr:street": "Jalan Gunung Kareumbi",
        "amenity": "cafe",
        "cuisine": "breakfast;cake;coffee_shop;ice_cream;indonesian;tea",
        "internet_access": "wlan",
        "name": "Masagi Coffee",
        "opening_hours": "Mo-Su 08:00-22:00"
      },
      "geometry": {
        "type": "Point",
        "coordinates": [
          107.6065263,
          -6.8686861
        ]
      },
      "id": "node/9213347718"
    },
    {
      "type": "Feature",
      "properties": {
        "@id": "node/9213367417",
        "addr:housenumber": "130",
        "addr:postcode": "40141",
        "addr:street": "Jalan Ciumbuleuit",
        "amenity": "cafe",
        "cuisine": "coffee_shop;indonesian;international;pasta",
        "internet_access": "wlan",
        "name": "Kuro Coffee",
        "opening_hours": "Mo-Su 08:00-22:00",
        "phone": "+62222033406",
        "website": "https://www.kurocoffee.co/"
      },
      "geometry": {
        "type": "Point",
        "coordinates": [
          107.6056926,
          -6.8711062
        ]
      },
      "id": "node/9213367417"
    },
    {
      "type": "Feature",
      "properties": {
        "@id": "node/9286108642",
        "addr:city": "Bandung",
        "addr:housenumber": "24",
        "addr:postcode": "40115",
        "addr:street": "Jalan Sultan Tirtayasa",
        "amenity": "cafe",
        "cuisine": "coffee_shop",
        "internet_access": "wlan",
        "internet_access:fee": "customers",
        "internet_access:ssid": "Kopipi",
        "name": "Kopipi",
        "opening_hours": "Mo-Su 09:00-22:00",
        "outdoor_seating": "yes",
        "phone": "+62 813 2460 2637",
        "website": "https://linktr.ee/Kopipi.id"
      },
      "geometry": {
        "type": "Point",
        "coordinates": [
          107.6139508,
          -6.9032558
        ]
      },
      "id": "node/9286108642"
    },
    {
      "type": "Feature",
      "properties": {
        "@id": "node/9558304917",
        "addr:housenumber": "219",
        "addr:street": "Jalan R.E. Martadinata",
        "amenity": "cafe",
        "cuisine": "coffee_shop",
        "name": "Jenderal Kopi Nusantara Buwas coffee",
        "name:nl": "Jenderal Kopi Koffie",
        "website": "https://jenderalkopi.com/"
      },
      "geometry": {
        "type": "Point",
        "coordinates": [
          107.6297314,
          -6.9142367
        ]
      },
      "id": "node/9558304917"
    },
    {
      "type": "Feature",
      "properties": {
        "@id": "node/9676827227",
        "amenity": "cafe"
      },
      "geometry": {
        "type": "Point",
        "coordinates": [
          107.6177097,
          -6.8840587
        ]
      },
      "id": "node/9676827227"
    },
    {
      "type": "Feature",
      "properties": {
        "@id": "node/9742472715",
        "addr:city": "Bandung, Jawa Barat",
        "addr:postcode": "40135",
        "addr:street": "Jalan Sangkuriang",
        "amenity": "cafe",
        "name": "Ngopo Doeloe Sangkurian"
      },
      "geometry": {
        "type": "Point",
        "coordinates": [
          107.6116969,
          -6.8840265
        ]
      },
      "id": "node/9742472715"
    },
    {
      "type": "Feature",
      "properties": {
        "@id": "node/9938891182",
        "amenity": "cafe",
        "name": "Joomba"
      },
      "geometry": {
        "type": "Point",
        "coordinates": [
          107.6418632,
          -6.9156712
        ]
      },
      "id": "node/9938891182"
    },
    {
      "type": "Feature",
      "properties": {
        "@id": "node/9941468156",
        "amenity": "cafe",
        "name": "Joh-Eun Keopi"
      },
      "geometry": {
        "type": "Point",
        "coordinates": [
          107.6407122,
          -6.9160279
        ]
      },
      "id": "node/9941468156"
    },
    {
      "type": "Feature",
      "properties": {
        "@id": "node/9944377821",
        "amenity": "cafe",
        "brand": "Mixue Ice Cream & Tea",
        "brand:en": "MIXUEBINGCHENG",
        "brand:wikidata": "Q107406476",
        "brand:wikipedia": "zh:蜜雪冰城",
        "brand:zh": "蜜雪冰城",
        "cuisine": "ice_cream;bubble_tea",
        "name": "Mixue",
        "name:en": "Mixue",
        "name:zh": "蜜雪冰城",
        "takeaway": "yes"
      },
      "geometry": {
        "type": "Point",
        "coordinates": [
          107.6094729,
          -6.9182851
        ]
      },
      "id": "node/9944377821"
    },
    {
      "type": "Feature",
      "properties": {
        "@id": "node/10153299526",
        "amenity": "cafe",
        "name": "Calf Coffee Industry",
        "opening_hours": "Mo-Su 07:00-22:00"
      },
      "geometry": {
        "type": "Point",
        "coordinates": [
          107.6329394,
          -6.9107304
        ]
      },
      "id": "node/10153299526"
    },
    {
      "type": "Feature",
      "properties": {
        "@id": "node/10232370517",
        "addr:city": "Bandung",
        "addr:housenumber": "305",
        "addr:postcode": "40241",
        "addr:street": "Jalan Otto Iskandardinata",
        "amenity": "cafe",
        "cuisine": "dessert",
        "name": "otto iskandardinata 305",
        "opening_hours": "24/7"
      },
      "geometry": {
        "type": "Point",
        "coordinates": [
          107.6039702,
          -6.9248453
        ]
      },
      "id": "node/10232370517"
    },
    {
      "type": "Feature",
      "properties": {
        "@id": "node/10279612809",
        "amenity": "cafe",
        "name": "M Coffee Company"
      },
      "geometry": {
        "type": "Point",
        "coordinates": [
          107.5625018,
          -6.9487922
        ]
      },
      "id": "node/10279612809"
    },
    {
      "type": "Feature",
      "properties": {
        "@id": "node/10573724816",
        "addr:city": "Bandung",
        "addr:housenumber": "3",
        "addr:neighbourhood": "Tamansari",
        "addr:postcode": "40116",
        "addr:street": "Jalan Kebon Bibit",
        "amenity": "cafe",
        "cuisine": "indonesian",
        "internet_access": "yes",
        "internet_access:fee": "customers",
        "name": "Warung Kopi Imah Babaturan",
        "opening_hours": "Mo-Su 07:00-22:00"
      },
      "geometry": {
        "type": "Point",
        "coordinates": [
          107.607698,
          -6.8980574
        ]
      },
      "id": "node/10573724816"
    },
    {
      "type": "Feature",
      "properties": {
        "@id": "node/10725880605",
        "addr:postcode": "40132",
        "addr:street": "Jalan Insinyur Haji Juanda",
        "amenity": "cafe",
        "check_date": "2026-04-22",
        "cuisine": "coffee_shop;indonesian",
        "internet_access": "wlan",
        "name": "Bagi Kopi",
        "opening_hours": "24/7"
      },
      "geometry": {
        "type": "Point",
        "coordinates": [
          107.6168476,
          -6.8776541
        ]
      },
      "id": "node/10725880605"
    },
    {
      "type": "Feature",
      "properties": {
        "@id": "node/10732021705",
        "amenity": "cafe",
        "name": "Teman Lama"
      },
      "geometry": {
        "type": "Point",
        "coordinates": [
          107.5922661,
          -6.9093416
        ]
      },
      "id": "node/10732021705"
    },
    {
      "type": "Feature",
      "properties": {
        "@id": "node/10734191605",
        "amenity": "cafe",
        "name": "Kilogram"
      },
      "geometry": {
        "type": "Point",
        "coordinates": [
          107.5955189,
          -6.8855533
        ]
      },
      "id": "node/10734191605"
    },
    {
      "type": "Feature",
      "properties": {
        "@id": "node/10772813657",
        "alt_name": "Indomaret Point",
        "amenity": "cafe",
        "branch": "Indomaret Fresh Buah Batu 270",
        "brand": "Point Coffee",
        "brand:wikidata": "Q124651558",
        "cuisine": "coffee_shop",
        "name": "Point Coffee",
        "opening_hours": "Mo-Su 08:00-21:00",
        "shop": "coffee",
        "takeaway": "yes",
        "wheelchair": "limited"
      },
      "geometry": {
        "type": "Point",
        "coordinates": [
          107.6304886,
          -6.9453718
        ]
      },
      "id": "node/10772813657"
    },
    {
      "type": "Feature",
      "properties": {
        "@id": "node/10772813659",
        "amenity": "cafe",
        "brand": "Fore Coffee",
        "brand:wikidata": "Q66424373",
        "cuisine": "coffee_shop",
        "name": "Fore Coffee",
        "opening_hours": "Mo-Su 09:00-21:00",
        "shop": "coffee",
        "takeaway": "yes",
        "wheelchair": "no"
      },
      "geometry": {
        "type": "Point",
        "coordinates": [
          107.6268912,
          -6.9410924
        ]
      },
      "id": "node/10772813659"
    },
    {
      "type": "Feature",
      "properties": {
        "@id": "node/10772813660",
        "amenity": "cafe",
        "brand": "Kopi Kenangan",
        "brand:wikidata": "Q97221992",
        "cuisine": "coffee_shop",
        "diet:halal": "only",
        "name": "Kopi Kenangan",
        "opening_hours": "Mo-Su 09:00-21:00",
        "shop": "coffee",
        "takeaway": "yes",
        "wheelchair": "limited"
      },
      "geometry": {
        "type": "Point",
        "coordinates": [
          107.6270712,
          -6.9411448
        ]
      },
      "id": "node/10772813660"
    },
    {
      "type": "Feature",
      "properties": {
        "@id": "node/10772994548",
        "amenity": "cafe",
        "brand": "Chatime",
        "brand:wikidata": "Q16829306",
        "cuisine": "bubble_tea",
        "name": "Chatime",
        "opening_hours": "Mo-Su 09:00-21:00",
        "takeaway": "yes",
        "toilets": "no",
        "wheelchair": "limited"
      },
      "geometry": {
        "type": "Point",
        "coordinates": [
          107.625775,
          -6.9398319
        ]
      },
      "id": "node/10772994548"
    },
    {
      "type": "Feature",
      "properties": {
        "@id": "node/10996454907",
        "amenity": "cafe",
        "name": "Kopi Mandja"
      },
      "geometry": {
        "type": "Point",
        "coordinates": [
          107.6678117,
          -6.9160953
        ]
      },
      "id": "node/10996454907"
    },
    {
      "type": "Feature",
      "properties": {
        "@id": "node/10996460507",
        "amenity": "cafe",
        "brand": "Starbucks",
        "brand:wikidata": "Q37158",
        "cuisine": "coffee_shop",
        "delivery": "yes",
        "name": "Starbucks",
        "name:en": "Starbucks",
        "official_name": "Starbucks Coffee",
        "outdoor_seating": "yes",
        "takeaway": "yes"
      },
      "geometry": {
        "type": "Point",
        "coordinates": [
          107.5944292,
          -6.9158532
        ]
      },
      "id": "node/10996460507"
    },
    {
      "type": "Feature",
      "properties": {
        "@id": "node/10996519147",
        "amenity": "cafe",
        "branch": "Transmart Buahbatu",
        "brand": "Mixue",
        "brand:en": "MIXUEBINGCHENG",
        "brand:wikidata": "Q107406476",
        "brand:wikipedia": "zh:蜜雪冰城",
        "brand:zh": "蜜雪冰城",
        "cuisine": "ice_cream;bubble_tea",
        "name": "Mixue",
        "name:en": "Mixue",
        "name:zh": "蜜雪冰城",
        "opening_hours": "Mo-Su 09:00-21:00",
        "takeaway": "yes"
      },
      "geometry": {
        "type": "Point",
        "coordinates": [
          107.6386485,
          -6.9667086
        ]
      },
      "id": "node/10996519147"
    },
    {
      "type": "Feature",
      "properties": {
        "@id": "node/10996519148",
        "amenity": "cafe",
        "branch": "Transmart Buahbatu",
        "name": "Janji Jiwa",
        "opening_hours": "Mo-Su 09:00-21:00"
      },
      "geometry": {
        "type": "Point",
        "coordinates": [
          107.6384718,
          -6.9667087
        ]
      },
      "id": "node/10996519148"
    },
    {
      "type": "Feature",
      "properties": {
        "@id": "node/10996519156",
        "amenity": "cafe",
        "brand": "Chatime",
        "brand:wikidata": "Q16829306",
        "cuisine": "bubble_tea",
        "delivery": "yes",
        "name": "Chatime",
        "opening_hours": "Mo-Su 09:00-22:00",
        "takeaway": "yes"
      },
      "geometry": {
        "type": "Point",
        "coordinates": [
          107.6380992,
          -6.9661903
        ]
      },
      "id": "node/10996519156"
    },
    {
      "type": "Feature",
      "properties": {
        "@id": "node/11009504905",
        "amenity": "cafe",
        "name": "Fork (24h)"
      },
      "geometry": {
        "type": "Point",
        "coordinates": [
          107.6101371,
          -6.9161426
        ]
      },
      "id": "node/11009504905"
    },
    {
      "type": "Feature",
      "properties": {
        "@id": "node/11032812909",
        "alt_name": "Indomaret Point",
        "amenity": "cafe",
        "brand": "Point Coffee",
        "brand:wikidata": "Q124651558",
        "cuisine": "coffee_shop",
        "name": "Point Coffee",
        "opening_hours": "Mo-Su 07:00-21:00",
        "operator": "Indomaret",
        "outdoor_seating": "yes",
        "takeaway": "yes"
      },
      "geometry": {
        "type": "Point",
        "coordinates": [
          107.6383175,
          -6.9293268
        ]
      },
      "id": "node/11032812909"
    },
    {
      "type": "Feature",
      "properties": {
        "@id": "node/11052508433",
        "amenity": "cafe",
        "brand": "Chatime",
        "brand:wikidata": "Q16829306",
        "cuisine": "bubble_tea",
        "name": "Chatime",
        "takeaway": "yes"
      },
      "geometry": {
        "type": "Point",
        "coordinates": [
          107.6117927,
          -6.9011192
        ]
      },
      "id": "node/11052508433"
    },
    {
      "type": "Feature",
      "properties": {
        "@id": "node/11054255706",
        "amenity": "cafe",
        "name": "Kopi Kenangan"
      },
      "geometry": {
        "type": "Point",
        "coordinates": [
          107.6051072,
          -6.8936026
        ]
      },
      "id": "node/11054255706"
    },
    {
      "type": "Feature",
      "properties": {
        "@id": "node/11055954375",
        "amenity": "cafe",
        "name": "Garden Coffee"
      },
      "geometry": {
        "type": "Point",
        "coordinates": [
          107.6326629,
          -6.9130481
        ]
      },
      "id": "node/11055954375"
    },
    {
      "type": "Feature",
      "properties": {
        "@id": "node/11057708376",
        "amenity": "cafe",
        "name": "Kofu"
      },
      "geometry": {
        "type": "Point",
        "coordinates": [
          107.6217955,
          -6.9024399
        ]
      },
      "id": "node/11057708376"
    },
    {
      "type": "Feature",
      "properties": {
        "@id": "node/11059462325",
        "amenity": "cafe",
        "brand": "Starbucks",
        "brand:wikidata": "Q37158",
        "cuisine": "coffee_shop",
        "name": "Starbucks",
        "official_name": "Starbucks Coffee",
        "takeaway": "yes"
      },
      "geometry": {
        "type": "Point",
        "coordinates": [
          107.5977616,
          -6.9063298
        ]
      },
      "id": "node/11059462325"
    },
    {
      "type": "Feature",
      "properties": {
        "@id": "node/11062722750",
        "amenity": "cafe",
        "name": "Eiger Coffee"
      },
      "geometry": {
        "type": "Point",
        "coordinates": [
          107.6045701,
          -6.9052076
        ]
      },
      "id": "node/11062722750"
    },
    {
      "type": "Feature",
      "properties": {
        "@id": "node/11101225745",
        "amenity": "cafe",
        "brand": "Mixue",
        "brand:en": "MIXUEBINGCHENG",
        "brand:wikidata": "Q107406476",
        "brand:wikipedia": "zh:蜜雪冰城",
        "brand:zh": "蜜雪冰城",
        "cuisine": "ice_cream;bubble_tea",
        "name": "Mixue",
        "name:en": "Mixue",
        "name:zh": "蜜雪冰城",
        "opening_hours": "Mo-Su 07:00-22:00",
        "outdoor_seating": "yes",
        "takeaway": "yes",
        "wheelchair": "no"
      },
      "geometry": {
        "type": "Point",
        "coordinates": [
          107.617037,
          -6.9237589
        ]
      },
      "id": "node/11101225745"
    },
    {
      "type": "Feature",
      "properties": {
        "@id": "node/11101257625",
        "alt_name": "Indomaret Point",
        "amenity": "cafe",
        "brand": "Point Coffee",
        "brand:wikidata": "Q124651558",
        "cuisine": "coffee_shop",
        "delivery": "Mo-Su 09:30-20:45",
        "name": "Point Coffee",
        "opening_hours": "Mo-Su 09:00-21:00",
        "opening_hours:kitchen": "Mo-Su 09:00-20:45",
        "operator": "Indomaret",
        "outdoor_seating": "yes",
        "takeaway": "yes"
      },
      "geometry": {
        "type": "Point",
        "coordinates": [
          107.6201345,
          -6.9241793
        ]
      },
      "id": "node/11101257625"
    },
    {
      "type": "Feature",
      "properties": {
        "@id": "node/11231047001",
        "addr:housenumber": "4",
        "addr:street": "Halmahera",
        "amenity": "cafe",
        "description": "Cafe",
        "name": "Kamasan",
        "phone": "+62 811-2279-993",
        "website": "https://thekamasan.business.site/?utm_source=gmb&utm_medium=referral"
      },
      "geometry": {
        "type": "Point",
        "coordinates": [
          107.6158218,
          -6.9072927
        ]
      },
      "id": "node/11231047001"
    },
    {
      "type": "Feature",
      "properties": {
        "@id": "node/11232419507",
        "amenity": "cafe",
        "cuisine": "coffee_shop",
        "name": "Bright Cafe"
      },
      "geometry": {
        "type": "Point",
        "coordinates": [
          107.6127312,
          -6.8902542
        ]
      },
      "id": "node/11232419507"
    },
    {
      "type": "Feature",
      "properties": {
        "@id": "node/11388907823",
        "addr:city": "Bandung",
        "addr:housenumber": "63",
        "addr:province": "Jawa Barat",
        "addr:street": "Jalan Untung Surapati",
        "addr:suburb": "Sadang Serang",
        "amenity": "cafe",
        "brand": "Starbucks",
        "brand:wikidata": "Q37158",
        "cuisine": "coffee_shop",
        "delivery": "Mo-Su 09:00-22:00",
        "internet_access": "wlan",
        "internet_access:fee": "no",
        "name": "Starbucks",
        "official_name": "Starbucks Coffee",
        "opening_hours": "Mo-Su 09:00-22:00",
        "operator": "Sari Coffee Indonesia",
        "outdoor_seating": "yes",
        "smoking": "outside",
        "takeaway": "yes",
        "toilets": "yes",
        "toilets:access": "customers",
        "wheelchair": "limited"
      },
      "geometry": {
        "type": "Point",
        "coordinates": [
          107.6211357,
          -6.8991191
        ]
      },
      "id": "node/11388907823"
    },
    {
      "type": "Feature",
      "properties": {
        "@id": "node/11459991304",
        "amenity": "cafe",
        "name": "Broy.co"
      },
      "geometry": {
        "type": "Point",
        "coordinates": [
          107.6727307,
          -6.9217662
        ]
      },
      "id": "node/11459991304"
    },
    {
      "type": "Feature",
      "properties": {
        "@id": "node/11515156250",
        "addr:city": "Bandung",
        "addr:street": "Jalan Dokter Djundjunan Setiakusumah",
        "amenity": "cafe",
        "brand": "Kopi Kenangan",
        "brand:wikidata": "Q97221992",
        "cuisine": "coffee_shop",
        "diet:halal": "only",
        "drive_through": "yes",
        "internet_access": "yes",
        "name": "Kopi Kenangan",
        "opening_hours": "24/7",
        "takeaway": "yes"
      },
      "geometry": {
        "type": "Point",
        "coordinates": [
          107.5887755,
          -6.8949076
        ]
      },
      "id": "node/11515156250"
    },
    {
      "type": "Feature",
      "properties": {
        "@id": "node/11536111669",
        "air_conditioning": "no",
        "amenity": "cafe",
        "diet:halal": "yes",
        "internet_access": "wlan",
        "name": "Kozi x Marawa",
        "opening_hours": "Mo-Su 08:00-22:00",
        "wheelchair": "no"
      },
      "geometry": {
        "type": "Point",
        "coordinates": [
          107.6139604,
          -6.8821567
        ]
      },
      "id": "node/11536111669"
    },
    {
      "type": "Feature",
      "properties": {
        "@id": "node/11550132512",
        "amenity": "cafe",
        "brand": "Kopi Kenangan",
        "brand:wikidata": "Q97221992",
        "cuisine": "coffee_shop",
        "diet:halal": "only",
        "name": "Kopi Kenangan",
        "takeaway": "yes"
      },
      "geometry": {
        "type": "Point",
        "coordinates": [
          107.6089496,
          -6.907439
        ]
      },
      "id": "node/11550132512"
    },
    {
      "type": "Feature",
      "properties": {
        "@id": "node/11697917789",
        "addr:city": "Bandung",
        "addr:housenumber": "2",
        "addr:postcode": "40191",
        "addr:province": "Jawa Barat",
        "addr:street": "Jalan Cigadung Raya Barat",
        "amenity": "cafe",
        "cuisine": "coffee_shop",
        "name": "Saraga Coffee"
      },
      "geometry": {
        "type": "Point",
        "coordinates": [
          107.6234896,
          -6.8766336
        ]
      },
      "id": "node/11697917789"
    },
    {
      "type": "Feature",
      "properties": {
        "@id": "node/11727625146",
        "amenity": "cafe",
        "brand": "Chatime",
        "brand:wikidata": "Q16829306",
        "cuisine": "bubble_tea",
        "name": "Chatime",
        "takeaway": "yes"
      },
      "geometry": {
        "type": "Point",
        "coordinates": [
          107.6042704,
          -6.8755511
        ]
      },
      "id": "node/11727625146"
    },
    {
      "type": "Feature",
      "properties": {
        "@id": "node/11727625147",
        "amenity": "cafe",
        "brand": "Kopi Kenangan",
        "brand:wikidata": "Q97221992",
        "cuisine": "coffee_shop",
        "diet:halal": "only",
        "name": "Kopi Kenangan",
        "takeaway": "yes"
      },
      "geometry": {
        "type": "Point",
        "coordinates": [
          107.6042621,
          -6.8756006
        ]
      },
      "id": "node/11727625147"
    },
    {
      "type": "Feature",
      "properties": {
        "@id": "node/11727625148",
        "amenity": "cafe",
        "brand": "Kopi Kenangan",
        "brand:wikidata": "Q97221992",
        "cuisine": "coffee_shop",
        "diet:halal": "only",
        "name": "Kopi Kenangan",
        "takeaway": "yes"
      },
      "geometry": {
        "type": "Point",
        "coordinates": [
          107.6182166,
          -6.9183441
        ]
      },
      "id": "node/11727625148"
    },
    {
      "type": "Feature",
      "properties": {
        "@id": "node/11727625149",
        "alt_name": "Indomaret Point",
        "amenity": "cafe",
        "brand": "Point Coffee",
        "brand:wikidata": "Q124651558",
        "cuisine": "coffee_shop",
        "name": "Point Coffee",
        "takeaway": "yes"
      },
      "geometry": {
        "type": "Point",
        "coordinates": [
          107.6178618,
          -6.9170677
        ]
      },
      "id": "node/11727625149"
    },
    {
      "type": "Feature",
      "properties": {
        "@id": "node/11727650397",
        "air_conditioning": "yes",
        "amenity": "cafe",
        "brand": "Maxx Coffee",
        "brand:wikidata": "Q124651563",
        "cuisine": "coffee_shop",
        "name": "Maxx Coffee",
        "takeaway": "yes"
      },
      "geometry": {
        "type": "Point",
        "coordinates": [
          107.6023798,
          -6.9136374
        ]
      },
      "id": "node/11727650397"
    },
    {
      "type": "Feature",
      "properties": {
        "@id": "node/11738983540",
        "alt_name": "Indomaret Point",
        "amenity": "cafe",
        "brand": "Point Coffee",
        "brand:wikidata": "Q124651558",
        "cuisine": "coffee_shop",
        "name": "Point Coffee",
        "takeaway": "yes"
      },
      "geometry": {
        "type": "Point",
        "coordinates": [
          107.6149449,
          -6.9086249
        ]
      },
      "id": "node/11738983540"
    },
    {
      "type": "Feature",
      "properties": {
        "@id": "node/11898859974",
        "amenity": "cafe",
        "brand": "Kopi Kenangan",
        "brand:wikidata": "Q97221992",
        "cuisine": "coffee_shop",
        "diet:halal": "only",
        "name": "Kopi Kenangan",
        "takeaway": "yes"
      },
      "geometry": {
        "type": "Point",
        "coordinates": [
          107.6058278,
          -6.9235043
        ]
      },
      "id": "node/11898859974"
    },
    {
      "type": "Feature",
      "properties": {
        "@id": "node/11987504013",
        "air_conditioning": "yes",
        "amenity": "cafe",
        "brand": "Maxx Coffee",
        "brand:wikidata": "Q124651563",
        "cuisine": "coffee_shop",
        "name": "Maxx Coffee",
        "takeaway": "yes"
      },
      "geometry": {
        "type": "Point",
        "coordinates": [
          107.6109311,
          -6.9087306
        ]
      },
      "id": "node/11987504013"
    },
    {
      "type": "Feature",
      "properties": {
        "@id": "node/11987511740",
        "amenity": "cafe",
        "name": "Chatime",
        "not:brand:wikidata": "Q16829306"
      },
      "geometry": {
        "type": "Point",
        "coordinates": [
          107.6112583,
          -6.9088052
        ]
      },
      "id": "node/11987511740"
    },
    {
      "type": "Feature",
      "properties": {
        "@id": "node/11987532224",
        "amenity": "cafe",
        "brand": "Xing Fu Tang",
        "brand:en": "Xing Fu Tang",
        "brand:wikidata": "Q95720330",
        "brand:zh": "幸福堂",
        "cuisine": "bubble_tea",
        "name": "Xing Fu Tang",
        "name:en": "Xing Fu Tang",
        "name:zh": "幸福堂",
        "takeaway": "yes"
      },
      "geometry": {
        "type": "Point",
        "coordinates": [
          107.6114756,
          -6.9088105
        ]
      },
      "id": "node/11987532224"
    },
    {
      "type": "Feature",
      "properties": {
        "@id": "node/11987533081",
        "amenity": "cafe",
        "brand": "Fore Coffee",
        "brand:wikidata": "Q66424373",
        "cuisine": "coffee_shop",
        "name": "Fore Coffee",
        "takeaway": "yes"
      },
      "geometry": {
        "type": "Point",
        "coordinates": [
          107.6113254,
          -6.9086534
        ]
      },
      "id": "node/11987533081"
    },
    {
      "type": "Feature",
      "properties": {
        "@id": "node/11987541415",
        "amenity": "cafe",
        "brand": "TOMORO Coffee",
        "brand:wikidata": "Q126326801",
        "cuisine": "coffee_shop",
        "name": "TOMORO Coffee",
        "takeaway": "yes"
      },
      "geometry": {
        "type": "Point",
        "coordinates": [
          107.6112758,
          -6.9089357
        ]
      },
      "id": "node/11987541415"
    },
    {
      "type": "Feature",
      "properties": {
        "@id": "node/11987576565",
        "air_conditioning": "yes",
        "alt_name": "Indomaret Point",
        "amenity": "cafe",
        "brand": "Point Coffee",
        "brand:wikidata": "Q124651558",
        "cuisine": "coffee_shop",
        "name": "Point Coffee",
        "takeaway": "yes"
      },
      "geometry": {
        "type": "Point",
        "coordinates": [
          107.6027866,
          -6.9137299
        ]
      },
      "id": "node/11987576565"
    },
    {
      "type": "Feature",
      "properties": {
        "@id": "node/11989072573",
        "amenity": "cafe",
        "name": "The Coffee Bean"
      },
      "geometry": {
        "type": "Point",
        "coordinates": [
          107.6365703,
          -6.926126
        ]
      },
      "id": "node/11989072573"
    },
    {
      "type": "Feature",
      "properties": {
        "@id": "node/11989079605",
        "amenity": "cafe",
        "brand": "Fore Coffee",
        "brand:wikidata": "Q66424373",
        "cuisine": "coffee_shop",
        "name": "Fore Coffee",
        "takeaway": "yes"
      },
      "geometry": {
        "type": "Point",
        "coordinates": [
          107.6362726,
          -6.9261073
        ]
      },
      "id": "node/11989079605"
    },
    {
      "type": "Feature",
      "properties": {
        "@id": "node/11989080204",
        "amenity": "cafe",
        "name": "Kopi Guyu"
      },
      "geometry": {
        "type": "Point",
        "coordinates": [
          107.6369539,
          -6.9252899
        ]
      },
      "id": "node/11989080204"
    },
    {
      "type": "Feature",
      "properties": {
        "@id": "node/11989081549",
        "amenity": "cafe",
        "name": "KOI The"
      },
      "geometry": {
        "type": "Point",
        "coordinates": [
          107.636632,
          -6.9258118
        ]
      },
      "id": "node/11989081549"
    },
    {
      "type": "Feature",
      "properties": {
        "@id": "node/11989096024",
        "amenity": "cafe",
        "name": "Gulu Gulu"
      },
      "geometry": {
        "type": "Point",
        "coordinates": [
          107.6369002,
          -6.9256946
        ]
      },
      "id": "node/11989096024"
    },
    {
      "type": "Feature",
      "properties": {
        "@id": "node/11989217726",
        "amenity": "cafe",
        "name": "Chatime"
      },
      "geometry": {
        "type": "Point",
        "coordinates": [
          107.6089945,
          -6.9080783
        ]
      },
      "id": "node/11989217726"
    },
    {
      "type": "Feature",
      "properties": {
        "@id": "node/11989266842",
        "amenity": "cafe",
        "brand": "Mixue Ice Cream & Tea",
        "brand:wikidata": "Q107406476",
        "cuisine": "ice_cream;bubble_tea",
        "name": "Mixue",
        "takeaway": "yes"
      },
      "geometry": {
        "type": "Point",
        "coordinates": [
          107.6089409,
          -6.9077481
        ]
      },
      "id": "node/11989266842"
    },
    {
      "type": "Feature",
      "properties": {
        "@id": "node/11989268921",
        "amenity": "cafe",
        "name": "Coffee Dreams"
      },
      "geometry": {
        "type": "Point",
        "coordinates": [
          107.6088041,
          -6.9080543
        ]
      },
      "id": "node/11989268921"
    },
    {
      "type": "Feature",
      "properties": {
        "@id": "node/11989270018",
        "amenity": "cafe",
        "name": "Bean Spot"
      },
      "geometry": {
        "type": "Point",
        "coordinates": [
          107.6126719,
          -6.934669
        ]
      },
      "id": "node/11989270018"
    },
    {
      "type": "Feature",
      "properties": {
        "@id": "node/11989406494",
        "amenity": "cafe",
        "name": "Bean Spot"
      },
      "geometry": {
        "type": "Point",
        "coordinates": [
          107.6158027,
          -6.9305899
        ]
      },
      "id": "node/11989406494"
    },
    {
      "type": "Feature",
      "properties": {
        "@id": "node/11989412992",
        "amenity": "cafe",
        "name": "Es Teh Indonesia"
      },
      "geometry": {
        "type": "Point",
        "coordinates": [
          107.6159549,
          -6.9299948
        ]
      },
      "id": "node/11989412992"
    },
    {
      "type": "Feature",
      "properties": {
        "@id": "node/11989423045",
        "amenity": "cafe",
        "name": "Korner"
      },
      "geometry": {
        "type": "Point",
        "coordinates": [
          107.6158972,
          -6.930068
        ]
      },
      "id": "node/11989423045"
    },
    {
      "type": "Feature",
      "properties": {
        "@id": "node/11989436159",
        "amenity": "cafe",
        "name": "Jala Kopi"
      },
      "geometry": {
        "type": "Point",
        "coordinates": [
          107.6174482,
          -6.9222099
        ]
      },
      "id": "node/11989436159"
    },
    {
      "type": "Feature",
      "properties": {
        "@id": "node/11989536453",
        "amenity": "cafe",
        "name": "Kedai Kopi Oh"
      },
      "geometry": {
        "type": "Point",
        "coordinates": [
          107.6182294,
          -6.9182591
        ]
      },
      "id": "node/11989536453"
    },
    {
      "type": "Feature",
      "properties": {
        "@id": "node/11989736377",
        "amenity": "cafe",
        "name": "Tel-U Coffee",
        "shop": "coffee"
      },
      "geometry": {
        "type": "Point",
        "coordinates": [
          107.6298675,
          -6.9729145
        ]
      },
      "id": "node/11989736377"
    },
    {
      "type": "Feature",
      "properties": {
        "@id": "node/11989797571",
        "amenity": "cafe",
        "bar": "no",
        "cuisine": "coffee_shop",
        "name": "Bean Spot",
        "opening_hours": "Mo-Su 08:00-22:00",
        "takeaway": "only"
      },
      "geometry": {
        "type": "Point",
        "coordinates": [
          107.6240548,
          -6.9385433
        ]
      },
      "id": "node/11989797571"
    },
    {
      "type": "Feature",
      "properties": {
        "@id": "node/11989909206",
        "amenity": "cafe",
        "name": "Kopi Soe"
      },
      "geometry": {
        "type": "Point",
        "coordinates": [
          107.5957994,
          -6.8895732
        ]
      },
      "id": "node/11989909206"
    },
    {
      "type": "Feature",
      "properties": {
        "@id": "node/11989912458",
        "amenity": "cafe",
        "name": "CGV Cafe"
      },
      "geometry": {
        "type": "Point",
        "coordinates": [
          107.5960006,
          -6.8881792
        ]
      },
      "id": "node/11989912458"
    },
    {
      "type": "Feature",
      "properties": {
        "@id": "node/11989920848",
        "amenity": "cafe",
        "name": "Kopi Kenangan"
      },
      "geometry": {
        "type": "Point",
        "coordinates": [
          107.5962339,
          -6.8904932
        ]
      },
      "id": "node/11989920848"
    },
    {
      "type": "Feature",
      "properties": {
        "@id": "node/11989936280",
        "amenity": "cafe",
        "name": "Janji Jiwa"
      },
      "geometry": {
        "type": "Point",
        "coordinates": [
          107.596364,
          -6.8901338
        ]
      },
      "id": "node/11989936280"
    },
    {
      "type": "Feature",
      "properties": {
        "@id": "node/11989936282",
        "amenity": "cafe",
        "name": "Kopi Lay"
      },
      "geometry": {
        "type": "Point",
        "coordinates": [
          107.596132,
          -6.8893096
        ]
      },
      "id": "node/11989936282"
    },
    {
      "type": "Feature",
      "properties": {
        "@id": "node/11989945576",
        "amenity": "cafe",
        "brand": "Fore Coffee",
        "brand:wikidata": "Q66424373",
        "cuisine": "coffee_shop",
        "name": "Fore Coffee",
        "takeaway": "yes"
      },
      "geometry": {
        "type": "Point",
        "coordinates": [
          107.5962458,
          -6.8884167
        ]
      },
      "id": "node/11989945576"
    },
    {
      "type": "Feature",
      "properties": {
        "@id": "node/11989962066",
        "amenity": "cafe",
        "brand": "Chatime",
        "brand:wikidata": "Q16829306",
        "cuisine": "bubble_tea",
        "name": "Chatime",
        "takeaway": "yes"
      },
      "geometry": {
        "type": "Point",
        "coordinates": [
          107.5971955,
          -6.9057311
        ]
      },
      "id": "node/11989962066"
    },
    {
      "type": "Feature",
      "properties": {
        "@id": "node/11989968828",
        "amenity": "cafe",
        "name": "Kupi Pass"
      },
      "geometry": {
        "type": "Point",
        "coordinates": [
          107.5968488,
          -6.8981169
        ]
      },
      "id": "node/11989968828"
    },
    {
      "type": "Feature",
      "properties": {
        "@id": "node/11989978376",
        "amenity": "cafe",
        "name": "Otten Coffee"
      },
      "geometry": {
        "type": "Point",
        "coordinates": [
          107.5976649,
          -6.9014214
        ]
      },
      "id": "node/11989978376"
    },
    {
      "type": "Feature",
      "properties": {
        "@id": "node/11989981680",
        "amenity": "cafe",
        "brand": "Janji Jiwa",
        "brand:wikidata": "Q124030785",
        "cuisine": "coffee_shop",
        "name": "Janji Jiwa",
        "takeaway": "yes"
      },
      "geometry": {
        "type": "Point",
        "coordinates": [
          107.5969756,
          -6.9057404
        ]
      },
      "id": "node/11989981680"
    },
    {
      "type": "Feature",
      "properties": {
        "@id": "node/11990117134",
        "amenity": "cafe",
        "name": "Ganefo"
      },
      "geometry": {
        "type": "Point",
        "coordinates": [
          107.618971,
          -6.9213245
        ]
      },
      "id": "node/11990117134"
    },
    {
      "type": "Feature",
      "properties": {
        "@id": "node/11990120305",
        "alt_name": "Indomaret Point",
        "amenity": "cafe",
        "brand": "Point Coffee",
        "brand:wikidata": "Q124651558",
        "cuisine": "coffee_shop",
        "name": "Point Coffee",
        "takeaway": "yes"
      },
      "geometry": {
        "type": "Point",
        "coordinates": [
          107.6240437,
          -6.9191878
        ]
      },
      "id": "node/11990120305"
    },
    {
      "type": "Feature",
      "properties": {
        "@id": "node/11990131577",
        "amenity": "cafe",
        "name": "Non Kitchen Coffee"
      },
      "geometry": {
        "type": "Point",
        "coordinates": [
          107.6181697,
          -6.922132
        ]
      },
      "id": "node/11990131577"
    },
    {
      "type": "Feature",
      "properties": {
        "@id": "node/11990149267",
        "amenity": "cafe",
        "brand": "Chatime",
        "brand:wikidata": "Q16829306",
        "cuisine": "bubble_tea",
        "name": "Chatime",
        "takeaway": "yes"
      },
      "geometry": {
        "type": "Point",
        "coordinates": [
          107.6059891,
          -6.9237935
        ]
      },
      "id": "node/11990149267"
    },
    {
      "type": "Feature",
      "properties": {
        "@id": "node/11990161478",
        "amenity": "cafe",
        "name": "Dunkin Donuts"
      },
      "geometry": {
        "type": "Point",
        "coordinates": [
          107.5953253,
          -6.945204
        ]
      },
      "id": "node/11990161478"
    },
    {
      "type": "Feature",
      "properties": {
        "@id": "node/11990954668",
        "amenity": "cafe",
        "name": "Fruity"
      },
      "geometry": {
        "type": "Point",
        "coordinates": [
          107.6049753,
          -6.9229907
        ]
      },
      "id": "node/11990954668"
    },
    {
      "type": "Feature",
      "properties": {
        "@id": "node/11990955196",
        "amenity": "cafe",
        "brand": "Janji Jiwa",
        "brand:wikidata": "Q124030785",
        "cuisine": "coffee_shop",
        "name": "Janji Jiwa",
        "takeaway": "yes"
      },
      "geometry": {
        "type": "Point",
        "coordinates": [
          107.6048411,
          -6.9226965
        ]
      },
      "id": "node/11990955196"
    },
    {
      "type": "Feature",
      "properties": {
        "@id": "node/11990967821",
        "amenity": "cafe",
        "name": "Pa Oyen"
      },
      "geometry": {
        "type": "Point",
        "coordinates": [
          107.6048908,
          -6.9230413
        ]
      },
      "id": "node/11990967821"
    },
    {
      "type": "Feature",
      "properties": {
        "@id": "node/11990971371",
        "amenity": "cafe",
        "name": "Kimiku"
      },
      "geometry": {
        "type": "Point",
        "coordinates": [
          107.6049189,
          -6.9229215
        ]
      },
      "id": "node/11990971371"
    },
    {
      "type": "Feature",
      "properties": {
        "@id": "node/11990977131",
        "amenity": "cafe",
        "name": "Chatime"
      },
      "geometry": {
        "type": "Point",
        "coordinates": [
          107.6052207,
          -6.9228323
        ]
      },
      "id": "node/11990977131"
    },
    {
      "type": "Feature",
      "properties": {
        "@id": "node/11990987726",
        "amenity": "cafe",
        "name": "Puyo"
      },
      "geometry": {
        "type": "Point",
        "coordinates": [
          107.6048143,
          -6.9230826
        ]
      },
      "id": "node/11990987726"
    },
    {
      "type": "Feature",
      "properties": {
        "@id": "node/11991014566",
        "amenity": "cafe",
        "name": "Gulu Gulu"
      },
      "geometry": {
        "type": "Point",
        "coordinates": [
          107.6048197,
          -6.9230346
        ]
      },
      "id": "node/11991014566"
    },
    {
      "type": "Feature",
      "properties": {
        "@id": "node/11991014568",
        "alt_name": "Indomaret Point",
        "amenity": "cafe",
        "branch": "Indomaret",
        "brand": "Point Coffee",
        "brand:wikidata": "Q124651558",
        "cuisine": "coffee_shop",
        "name": "Point Coffee",
        "takeaway": "yes"
      },
      "geometry": {
        "type": "Point",
        "coordinates": [
          107.6035886,
          -6.930088
        ]
      },
      "id": "node/11991014568"
    },
    {
      "type": "Feature",
      "properties": {
        "@id": "node/11991085618",
        "amenity": "cafe",
        "name": "Korner"
      },
      "geometry": {
        "type": "Point",
        "coordinates": [
          107.6100741,
          -6.9214217
        ]
      },
      "id": "node/11991085618"
    },
    {
      "type": "Feature",
      "properties": {
        "@id": "node/11991116447",
        "amenity": "cafe",
        "name": "Bean Spot"
      },
      "geometry": {
        "type": "Point",
        "coordinates": [
          107.6083052,
          -6.917025
        ]
      },
      "id": "node/11991116447"
    },
    {
      "type": "Feature",
      "properties": {
        "@id": "node/11991130867",
        "amenity": "cafe",
        "name": "Bahagia Kopi"
      },
      "geometry": {
        "type": "Point",
        "coordinates": [
          107.6094452,
          -6.9181992
        ]
      },
      "id": "node/11991130867"
    },
    {
      "type": "Feature",
      "properties": {
        "@id": "node/11991131503",
        "amenity": "cafe",
        "brand": "Mixue Ice Cream & Tea",
        "brand:wikidata": "Q107406476",
        "cuisine": "ice_cream;bubble_tea",
        "name": "Mixue",
        "takeaway": "yes"
      },
      "geometry": {
        "type": "Point",
        "coordinates": [
          107.6087008,
          -6.9214803
        ]
      },
      "id": "node/11991131503"
    },
    {
      "type": "Feature",
      "properties": {
        "@id": "node/11991132643",
        "amenity": "cafe",
        "brand": "Janji Jiwa",
        "brand:wikidata": "Q124030785",
        "cuisine": "coffee_shop",
        "name": "Janji Jiwa",
        "takeaway": "yes"
      },
      "geometry": {
        "type": "Point",
        "coordinates": [
          107.608607,
          -6.9172247
        ]
      },
      "id": "node/11991132643"
    },
    {
      "type": "Feature",
      "properties": {
        "@id": "node/11991134877",
        "amenity": "cafe",
        "name": "Flash Coffee"
      },
      "geometry": {
        "type": "Point",
        "coordinates": [
          107.6087317,
          -6.9171821
        ]
      },
      "id": "node/11991134877"
    },
    {
      "type": "Feature",
      "properties": {
        "@id": "node/11991137424",
        "air_conditioning": "yes",
        "amenity": "cafe",
        "diet:halal": "yes",
        "name": "Korner"
      },
      "geometry": {
        "type": "Point",
        "coordinates": [
          107.6090844,
          -6.9158827
        ]
      },
      "id": "node/11991137424"
    },
    {
      "type": "Feature",
      "properties": {
        "@id": "node/11991143423",
        "amenity": "cafe",
        "name": "Shooters Pool & Cafe"
      },
      "geometry": {
        "type": "Point",
        "coordinates": [
          107.6088571,
          -6.9157469
        ]
      },
      "id": "node/11991143423"
    },
    {
      "type": "Feature",
      "properties": {
        "@id": "node/11991143507",
        "amenity": "cafe",
        "name": "Why Not?"
      },
      "geometry": {
        "type": "Point",
        "coordinates": [
          107.6095813,
          -6.9181054
        ]
      },
      "id": "node/11991143507"
    },
    {
      "type": "Feature",
      "properties": {
        "@id": "node/11991144711",
        "amenity": "cafe",
        "name": "Goedang Kopi Braga"
      },
      "geometry": {
        "type": "Point",
        "coordinates": [
          107.6098582,
          -6.9205344
        ]
      },
      "id": "node/11991144711"
    },
    {
      "type": "Feature",
      "properties": {
        "@id": "node/11991153715",
        "amenity": "cafe",
        "name": "Kopi Toko Djawa"
      },
      "geometry": {
        "type": "Point",
        "coordinates": [
          107.608379,
          -6.9172487
        ]
      },
      "id": "node/11991153715"
    },
    {
      "type": "Feature",
      "properties": {
        "@id": "node/11991155141",
        "amenity": "cafe",
        "name": "Jabarano Coffee"
      },
      "geometry": {
        "type": "Point",
        "coordinates": [
          107.6098461,
          -6.9201483
        ]
      },
      "id": "node/11991155141"
    },
    {
      "type": "Feature",
      "properties": {
        "@id": "node/11991157736",
        "amenity": "cafe",
        "name": "Suis Butcher"
      },
      "geometry": {
        "type": "Point",
        "coordinates": [
          107.6096597,
          -6.9189781
        ]
      },
      "id": "node/11991157736"
    },
    {
      "type": "Feature",
      "properties": {
        "@id": "node/11991160314",
        "amenity": "cafe",
        "name": "Bean Spot"
      },
      "geometry": {
        "type": "Point",
        "coordinates": [
          107.6082294,
          -6.9163094
        ]
      },
      "id": "node/11991160314"
    },
    {
      "type": "Feature",
      "properties": {
        "@id": "node/11991160660",
        "amenity": "cafe",
        "name": "Korner"
      },
      "geometry": {
        "type": "Point",
        "coordinates": [
          107.6058892,
          -6.9208865
        ]
      },
      "id": "node/11991160660"
    },
    {
      "type": "Feature",
      "properties": {
        "@id": "node/11991168031",
        "amenity": "cafe",
        "name": "Jiwa Toast"
      },
      "geometry": {
        "type": "Point",
        "coordinates": [
          107.6086271,
          -6.9170396
        ]
      },
      "id": "node/11991168031"
    },
    {
      "type": "Feature",
      "properties": {
        "@id": "node/11991168673",
        "amenity": "cafe",
        "name": "Warung Kopi Limarasa"
      },
      "geometry": {
        "type": "Point",
        "coordinates": [
          107.6096812,
          -6.9184282
        ]
      },
      "id": "node/11991168673"
    },
    {
      "type": "Feature",
      "properties": {
        "@id": "node/11991169399",
        "amenity": "cafe",
        "name": "Freezh"
      },
      "geometry": {
        "type": "Point",
        "coordinates": [
          107.6095866,
          -6.9181387
        ]
      },
      "id": "node/11991169399"
    },
    {
      "type": "Feature",
      "properties": {
        "@id": "node/11991172352",
        "amenity": "cafe",
        "name": "MyLoc Coffee"
      },
      "geometry": {
        "type": "Point",
        "coordinates": [
          107.6090294,
          -6.9167108
        ]
      },
      "id": "node/11991172352"
    },
    {
      "type": "Feature",
      "properties": {
        "@id": "node/11991172536",
        "amenity": "cafe",
        "name": "Korner"
      },
      "geometry": {
        "type": "Point",
        "coordinates": [
          107.6098227,
          -6.9196038
        ]
      },
      "id": "node/11991172536"
    },
    {
      "type": "Feature",
      "properties": {
        "@id": "node/11991173995",
        "amenity": "cafe",
        "name": "Gas Inc Coffee& Gelato",
        "opening_hours": "Mo-Fr 07:00-22:00; Sa,Su 07:00-22:30"
      },
      "geometry": {
        "type": "Point",
        "coordinates": [
          107.6096222,
          -6.9182265
        ]
      },
      "id": "node/11991173995"
    },
    {
      "type": "Feature",
      "properties": {
        "@id": "node/11991184981",
        "amenity": "cafe",
        "name": "18 Coffee & Brew"
      },
      "geometry": {
        "type": "Point",
        "coordinates": [
          107.6090569,
          -6.916796
        ]
      },
      "id": "node/11991184981"
    },
    {
      "type": "Feature",
      "properties": {
        "@id": "node/11991332821",
        "amenity": "cafe",
        "name": "Xiyue"
      },
      "geometry": {
        "type": "Point",
        "coordinates": [
          107.6054862,
          -6.8929457
        ]
      },
      "id": "node/11991332821"
    },
    {
      "type": "Feature",
      "properties": {
        "@id": "node/11991339204",
        "amenity": "cafe",
        "name": "Kelapa Mueda"
      },
      "geometry": {
        "type": "Point",
        "coordinates": [
          107.6056096,
          -6.892967
        ]
      },
      "id": "node/11991339204"
    },
    {
      "type": "Feature",
      "properties": {
        "@id": "node/11991342390",
        "amenity": "cafe",
        "name": "Es Teh Nusantara"
      },
      "geometry": {
        "type": "Point",
        "coordinates": [
          107.6055559,
          -6.8938431
        ]
      },
      "id": "node/11991342390"
    },
    {
      "type": "Feature",
      "properties": {
        "@id": "node/11991347614",
        "amenity": "cafe",
        "name": "Sour Sally"
      },
      "geometry": {
        "type": "Point",
        "coordinates": [
          107.6057169,
          -6.8931774
        ]
      },
      "id": "node/11991347614"
    },
    {
      "type": "Feature",
      "properties": {
        "@id": "node/11991352502",
        "amenity": "cafe",
        "name": "Tong Tji Express"
      },
      "geometry": {
        "type": "Point",
        "coordinates": [
          107.6052113,
          -6.8935395
        ]
      },
      "id": "node/11991352502"
    },
    {
      "type": "Feature",
      "properties": {
        "@id": "node/11991359995",
        "amenity": "cafe",
        "name": "Puyo"
      },
      "geometry": {
        "type": "Point",
        "coordinates": [
          107.6057263,
          -6.8936633
        ]
      },
      "id": "node/11991359995"
    },
    {
      "type": "Feature",
      "properties": {
        "@id": "node/11991360222",
        "amenity": "cafe",
        "name": "J.CO Donuts & Coffee"
      },
      "geometry": {
        "type": "Point",
        "coordinates": [
          107.6059368,
          -6.8934543
        ]
      },
      "id": "node/11991360222"
    },
    {
      "type": "Feature",
      "properties": {
        "@id": "node/11991379579",
        "amenity": "cafe",
        "name": "Mochi Mochi"
      },
      "geometry": {
        "type": "Point",
        "coordinates": [
          107.6054902,
          -6.8938151
        ]
      },
      "id": "node/11991379579"
    },
    {
      "type": "Feature",
      "properties": {
        "@id": "node/11991379837",
        "amenity": "cafe",
        "name": "Upnormal Coffee Roasters"
      },
      "geometry": {
        "type": "Point",
        "coordinates": [
          107.6043275,
          -6.8994802
        ]
      },
      "id": "node/11991379837"
    },
    {
      "type": "Feature",
      "properties": {
        "@id": "node/11991381206",
        "amenity": "cafe",
        "name": "Fore Coffee"
      },
      "geometry": {
        "type": "Point",
        "coordinates": [
          107.6053038,
          -6.8936474
        ]
      },
      "id": "node/11991381206"
    },
    {
      "type": "Feature",
      "properties": {
        "@id": "node/11991382145",
        "amenity": "cafe",
        "name": "Kopilatinum"
      },
      "geometry": {
        "type": "Point",
        "coordinates": [
          107.6053146,
          -6.8939469
        ]
      },
      "id": "node/11991382145"
    },
    {
      "type": "Feature",
      "properties": {
        "@id": "node/11991382146",
        "amenity": "cafe",
        "name": "Chatime"
      },
      "geometry": {
        "type": "Point",
        "coordinates": [
          107.6054969,
          -6.8928805
        ]
      },
      "id": "node/11991382146"
    },
    {
      "type": "Feature",
      "properties": {
        "@id": "node/11991388513",
        "amenity": "cafe",
        "name": "Bean Spot"
      },
      "geometry": {
        "type": "Point",
        "coordinates": [
          107.6038112,
          -6.8980223
        ]
      },
      "id": "node/11991388513"
    },
    {
      "type": "Feature",
      "properties": {
        "@id": "node/11991403170",
        "amenity": "cafe",
        "name": "Janji Jiwa"
      },
      "geometry": {
        "type": "Point",
        "coordinates": [
          107.6037307,
          -6.8970045
        ]
      },
      "id": "node/11991403170"
    },
    {
      "type": "Feature",
      "properties": {
        "@id": "node/11992825896",
        "amenity": "cafe"
      },
      "geometry": {
        "type": "Point",
        "coordinates": [
          107.589671,
          -6.8607502
        ]
      },
      "id": "node/11992825896"
    },
    {
      "type": "Feature",
      "properties": {
        "@id": "node/12012295246",
        "amenity": "cafe",
        "branch": "Cafè",
        "brand": "Tous les Jours",
        "brand:wikidata": "Q3535609",
        "name": "Tous les Jours",
        "shop": "bakery"
      },
      "geometry": {
        "type": "Point",
        "coordinates": [
          107.5962338,
          -6.8906713
        ]
      },
      "id": "node/12012295246"
    },
    {
      "type": "Feature",
      "properties": {
        "@id": "node/12014712322",
        "amenity": "cafe",
        "cuisine": "coffee_shop;dessert;cake",
        "internet_access": "yes",
        "internet_access:fee": "customers",
        "name": "Cafe de Musee",
        "outdoor_seating": "yes",
        "phone": "+62 85703007940"
      },
      "geometry": {
        "type": "Point",
        "coordinates": [
          107.59394,
          -6.8600609
        ]
      },
      "id": "node/12014712322"
    },
    {
      "type": "Feature",
      "properties": {
        "@id": "node/12333941275",
        "amenity": "cafe",
        "brand": "Starbucks",
        "brand:wikidata": "Q37158",
        "cuisine": "coffee_shop",
        "name": "Starbucks",
        "official_name": "Starbucks Coffee",
        "takeaway": "yes"
      },
      "geometry": {
        "type": "Point",
        "coordinates": [
          107.5396944,
          -6.8722446
        ]
      },
      "id": "node/12333941275"
    },
    {
      "type": "Feature",
      "properties": {
        "@id": "node/12354273199",
        "addr:city": "Sukasari, Bandung, Jawa Barat",
        "addr:housename": "Little Social Space",
        "addr:housenumber": "2",
        "addr:postcode": "40151",
        "addr:street": "Jalan Sari Rasa",
        "air_conditioning": "yes",
        "amenity": "cafe",
        "cuisine": "coffee_shop;coffee;cafe",
        "internet_access": "wlan",
        "internet_access:fee": "no",
        "name": "Little Social Space",
        "opening_hours": "Mo-Su 10:00-22:00",
        "outdoor_seating": "yes",
        "phone": "+628886003060",
        "smoking": "separated",
        "website": "https://linktr.ee/ssclub"
      },
      "geometry": {
        "type": "Point",
        "coordinates": [
          107.5788046,
          -6.8815672
        ]
      },
      "id": "node/12354273199"
    },
    {
      "type": "Feature",
      "properties": {
        "@id": "node/12373141856",
        "amenity": "cafe",
        "brand": "TOMORO Coffee",
        "brand:wikidata": "Q126326801",
        "cuisine": "coffee_shop",
        "name": "TOMORO Coffee",
        "takeaway": "yes"
      },
      "geometry": {
        "type": "Point",
        "coordinates": [
          107.6134807,
          -6.8854024
        ]
      },
      "id": "node/12373141856"
    },
    {
      "type": "Feature",
      "properties": {
        "@id": "node/12373215653",
        "air_conditioning": "yes",
        "alt_name": "Indomaret Point",
        "amenity": "cafe",
        "brand": "Point Coffee",
        "brand:wikidata": "Q124651558",
        "cuisine": "coffee_shop",
        "diet:halal": "only",
        "name": "Point Coffee",
        "takeaway": "yes"
      },
      "geometry": {
        "type": "Point",
        "coordinates": [
          107.6139375,
          -6.8857827
        ]
      },
      "id": "node/12373215653"
    },
    {
      "type": "Feature",
      "properties": {
        "@id": "node/12429557642",
        "amenity": "cafe",
        "branch": "Transmart Buahbatu",
        "brand": "Kopi Kenangan",
        "cuisine": "coffee_shop",
        "diet:halal": "only",
        "indoor_seating": "no",
        "name": "Kopi Kenangan",
        "opening_hours": "Mo-Su 09:00-21:00",
        "takeaway": "only"
      },
      "geometry": {
        "type": "Point",
        "coordinates": [
          107.6388108,
          -6.9667946
        ]
      },
      "id": "node/12429557642"
    },
    {
      "type": "Feature",
      "properties": {
        "@id": "node/12429557644",
        "amenity": "cafe",
        "branch": "Transmart Buahbatu",
        "cuisine": "bubble_tea",
        "indoor_seating": "no",
        "name": "Xi Boba",
        "opening_hours": "Mo-Su 09:00-21:00",
        "shop": "beverages"
      },
      "geometry": {
        "type": "Point",
        "coordinates": [
          107.6385967,
          -6.9667935
        ]
      },
      "id": "node/12429557644"
    },
    {
      "type": "Feature",
      "properties": {
        "@id": "node/12429557645",
        "amenity": "cafe",
        "branch": "Transmart Buahbatu",
        "brand": "The Coffee Bean & Tea Leaf",
        "brand:wikidata": "Q1141384",
        "cuisine": "coffee_shop",
        "name": "The Coffee Bean & Tea Leaf",
        "opening_hours": "Mo-Su 09:00-21:00",
        "outdoor_seating": "yes",
        "takeaway": "yes"
      },
      "geometry": {
        "type": "Point",
        "coordinates": [
          107.6382542,
          -6.9668766
        ]
      },
      "id": "node/12429557645"
    },
    {
      "type": "Feature",
      "properties": {
        "@id": "node/12473218163",
        "addr:city": "Bandung",
        "addr:province": "Jawa Barat",
        "addr:street": "jl. Cihampelas No. 144A",
        "amenity": "cafe",
        "internet_access": "yes",
        "internet_access:fee": "customers",
        "name": "Persegi Coffee",
        "opening_hours": "8:00 - 22:00",
        "outdoor_seating": "yes",
        "phone": "+6281288038802"
      },
      "geometry": {
        "type": "Point",
        "coordinates": [
          107.6048656,
          -6.8959269
        ]
      },
      "id": "node/12473218163"
    },
    {
      "type": "Feature",
      "properties": {
        "@id": "node/12482391290",
        "amenity": "cafe",
        "cuisine": "coffee_shop",
        "name": "Jati"
      },
      "geometry": {
        "type": "Point",
        "coordinates": [
          107.6046198,
          -6.8741674
        ]
      },
      "id": "node/12482391290"
    },
    {
      "type": "Feature",
      "properties": {
        "@id": "node/12482391293",
        "amenity": "cafe",
        "cuisine": "bubble_tea",
        "name": "MIXUE Ciumbuleuit"
      },
      "geometry": {
        "type": "Point",
        "coordinates": [
          107.6045856,
          -6.873965
        ]
      },
      "id": "node/12482391293"
    },
    {
      "type": "Feature",
      "properties": {
        "@id": "node/12482476002",
        "amenity": "cafe",
        "cuisine": "coffee_shop",
        "name": "Ditokokopi"
      },
      "geometry": {
        "type": "Point",
        "coordinates": [
          107.6032186,
          -6.8794269
        ]
      },
      "id": "node/12482476002"
    },
    {
      "type": "Feature",
      "properties": {
        "@id": "node/12624767202",
        "addr:city": "cimahi",
        "addr:housename": "fajar raya",
        "addr:housenumber": "46",
        "addr:postcode": "40513",
        "addr:province": "jawa barat",
        "addr:street": "fajar raya estate",
        "addr:subdistrict": "cimahi utara",
        "addr:unit": "rumah",
        "amenity": "cafe",
        "cuisine": "mie_gomak",
        "internet_access": "yes",
        "internet_access:fee": "no",
        "name": "fajarphoria",
        "opening_hours": "Mo-Su 09:00-21:00"
      },
      "geometry": {
        "type": "Point",
        "coordinates": [
          107.5609056,
          -6.872039
        ]
      },
      "id": "node/12624767202"
    },
    {
      "type": "Feature",
      "properties": {
        "@id": "node/12625460941",
        "addr:city": "Bandung",
        "addr:district": "Bandung Wetan",
        "addr:housenumber": "8a",
        "addr:postcode": "40115",
        "addr:province": "Jawa Barat",
        "addr:street": "Jalan Ambon",
        "addr:subdistrict": "Citarum",
        "air_conditioning": "yes",
        "amenity": "cafe",
        "cuisine": "coffee_shop",
        "internet_access": "no",
        "name": "TUKU - Ambon",
        "outdoor_seating": "yes",
        "payment:cash": "yes",
        "payment:credit_cards": "yes",
        "payment:debit_cards": "yes",
        "smoking": "outside",
        "website": "https://tuku.coffee/"
      },
      "geometry": {
        "type": "Point",
        "coordinates": [
          107.6182495,
          -6.9075012
        ]
      },
      "id": "node/12625460941"
    },
    {
      "type": "Feature",
      "properties": {
        "@id": "node/12658003789",
        "amenity": "cafe",
        "brand": "Flash Coffee",
        "brand:wikidata": "Q118627777",
        "cuisine": "coffee_shop",
        "name": "Flash Coffee",
        "opening_hours": "Mo-Su 09:00-22:00",
        "takeaway": "yes"
      },
      "geometry": {
        "type": "Point",
        "coordinates": [
          107.6413621,
          -6.9468381
        ]
      },
      "id": "node/12658003789"
    },
    {
      "type": "Feature",
      "properties": {
        "@id": "node/12658003790",
        "amenity": "cafe",
        "brand": "Fore Coffee",
        "brand:wikidata": "Q66424373",
        "cuisine": "coffee_shop",
        "name": "Fore Coffee",
        "opening_hours": "Mo-Su 09:00-22:00",
        "takeaway": "yes"
      },
      "geometry": {
        "type": "Point",
        "coordinates": [
          107.6411971,
          -6.9463283
        ]
      },
      "id": "node/12658003790"
    },
    {
      "type": "Feature",
      "properties": {
        "@id": "node/12692501543",
        "alt_name": "Indomaret Point",
        "amenity": "cafe",
        "brand": "Point Coffee",
        "brand:wikidata": "Q124651558",
        "cuisine": "coffee_shop",
        "name": "Point Coffee",
        "takeaway": "yes"
      },
      "geometry": {
        "type": "Point",
        "coordinates": [
          107.6374751,
          -6.9757466
        ]
      },
      "id": "node/12692501543"
    },
    {
      "type": "Feature",
      "properties": {
        "@id": "node/12809507140",
        "amenity": "cafe",
        "brand": "Kopi Kenangan",
        "brand:wikidata": "Q97221992",
        "cuisine": "coffee_shop",
        "diet:halal": "only",
        "name": "Kopi Kenangan",
        "takeaway": "yes"
      },
      "geometry": {
        "type": "Point",
        "coordinates": [
          107.6171308,
          -6.9066586
        ]
      },
      "id": "node/12809507140"
    },
    {
      "type": "Feature",
      "properties": {
        "@id": "node/12843689353",
        "addr:city": "Bandung",
        "addr:district": "Kota Bandung",
        "addr:housenumber": "65",
        "addr:neighbourhood": "Braga",
        "addr:postcode": "40111",
        "addr:province": "Jawa Barat",
        "addr:street": "Jalan Braga",
        "amenity": "cafe",
        "cuisine": "coffee_shop",
        "internet_access": "yes",
        "internet_access:fee": "customers",
        "name": "Art Coffee",
        "opening_hours": "Mo-Su 09:00-22:00",
        "outdoor_seating": "yes"
      },
      "geometry": {
        "type": "Point",
        "coordinates": [
          107.609343,
          -6.9171857
        ]
      },
      "id": "node/12843689353"
    },
    {
      "type": "Feature",
      "properties": {
        "@id": "node/12843690500",
        "addr:city": "Bandung",
        "addr:district": "Coblog",
        "addr:housenumber": "45",
        "addr:neighbourhood": "Cipaganti",
        "addr:postcode": "40131",
        "addr:province": "Jawa Barat",
        "addr:street": "Jalan Cihampelas",
        "amenity": "cafe",
        "cuisine": "coffee_shop",
        "internet_access": "yes",
        "internet_access:fee": "customers",
        "name": "Wiki Coffe",
        "opening_hours": "Mo-Su 09:00-22:00",
        "outdoor_seating": "yes"
      },
      "geometry": {
        "type": "Point",
        "coordinates": [
          107.6091452,
          -6.9160496
        ]
      },
      "id": "node/12843690500"
    },
    {
      "type": "Feature",
      "properties": {
        "@id": "node/12843711959",
        "addr:city": "Bandung",
        "addr:district": "Sumur Bandung",
        "addr:housenumber": "112",
        "addr:neighbourhood": "Braga",
        "addr:postcode": "40111",
        "addr:province": "Jawa Barat",
        "addr:street": "Jalan Asia Afrika",
        "amenity": "cafe",
        "cuisine": "coffee_shop",
        "internet_access": "wlan",
        "internet_access:fee": "customers",
        "name": "flash coffee",
        "opening_hours": "Mo-Su 08:00-20:00",
        "outdoor_seating": "no"
      },
      "geometry": {
        "type": "Point",
        "coordinates": [
          107.6087343,
          -6.9171712
        ]
      },
      "id": "node/12843711959"
    },
    {
      "type": "Feature",
      "properties": {
        "@id": "node/12843721485",
        "addr:city": "Bandung",
        "addr:district": "Kota Bandung",
        "addr:neighbourhood": "Braga",
        "addr:postcode": "40111",
        "addr:province": "Jawa Barat",
        "addr:street": "Jalan Braga",
        "amenity": "cafe",
        "cuisine": "coffee_shop",
        "internet_access": "yes",
        "name": "Kopi Toko Djawa",
        "opening_hours": "Mo-Su 08:00-22:00",
        "phone": "+62 822 1234 5678",
        "website": "https://kopitokodjawa.com/"
      },
      "geometry": {
        "type": "Point",
        "coordinates": [
          107.6092602,
          -6.9174913
        ]
      },
      "id": "node/12843721485"
    },
    {
      "type": "Feature",
      "properties": {
        "@id": "node/12843737863",
        "addr:city": "Bandung",
        "addr:district": "Cibeunying Kidul",
        "addr:housenumber": "225",
        "addr:neighbourhood": "Cicadas",
        "addr:postcode": "40282",
        "addr:province": "Jawa Barat",
        "addr:street": "Jalan Jenderal Ahmad Yani",
        "addr:subdistrict": "Cibeunying Kidul",
        "amenity": "cafe",
        "cuisine": "coffee_shop",
        "internet_access": "wlan",
        "internet_access:fee": "customers",
        "name": "Bean Spot Cafe",
        "opening_hours": "Mo-Su 10:00-22:00",
        "outdoor_seating": "yes"
      },
      "geometry": {
        "type": "Point",
        "coordinates": [
          107.6082247,
          -6.9163066
        ]
      },
      "id": "node/12843737863"
    },
    {
      "type": "Feature",
      "properties": {
        "@id": "node/12887254413",
        "amenity": "cafe",
        "brand": "Kopi Kenangan",
        "brand:wikidata": "Q97221992",
        "cuisine": "coffee_shop",
        "diet:halal": "only",
        "name": "Kopi Kenangan",
        "takeaway": "yes"
      },
      "geometry": {
        "type": "Point",
        "coordinates": [
          107.6278801,
          -6.9236101
        ]
      },
      "id": "node/12887254413"
    },
    {
      "type": "Feature",
      "properties": {
        "@id": "node/12956269076",
        "addr:city": "Bandung",
        "addr:postcode": "40163",
        "addr:street": "Jalan Terusan Sutami 5",
        "amenity": "cafe",
        "building": "yes",
        "cuisine": "coffee_shop",
        "internet_access": "yes",
        "internet_access:fee": "customers",
        "name": "Toebroek Coffee",
        "outdoor_seating": "yes",
        "phone": "+62 87778796493"
      },
      "geometry": {
        "type": "Point",
        "coordinates": [
          107.5860352,
          -6.8831467
        ]
      },
      "id": "node/12956269076"
    },
    {
      "type": "Feature",
      "properties": {
        "@id": "node/12965822167",
        "amenity": "cafe",
        "name": "Temu Roti"
      },
      "geometry": {
        "type": "Point",
        "coordinates": [
          107.6232361,
          -6.8764579
        ]
      },
      "id": "node/12965822167"
    },
    {
      "type": "Feature",
      "properties": {
        "@id": "node/12994036955",
        "alt_name": "Indomaret Point",
        "amenity": "cafe",
        "brand": "Point Coffee",
        "brand:wikidata": "Q124651558",
        "cuisine": "coffee_shop",
        "name": "Point Coffee",
        "takeaway": "yes"
      },
      "geometry": {
        "type": "Point",
        "coordinates": [
          107.6156562,
          -6.9155748
        ]
      },
      "id": "node/12994036955"
    },
    {
      "type": "Feature",
      "properties": {
        "@id": "node/12999134198",
        "amenity": "cafe",
        "cuisine": "coffee_shop"
      },
      "geometry": {
        "type": "Point",
        "coordinates": [
          107.6846021,
          -6.9368383
        ]
      },
      "id": "node/12999134198"
    },
    {
      "type": "Feature",
      "properties": {
        "@id": "node/13007060292",
        "amenity": "cafe",
        "brand": "TOMORO Coffee",
        "brand:wikidata": "Q126326801",
        "cuisine": "coffee_shop",
        "name": "TOMORO Coffee",
        "takeaway": "yes"
      },
      "geometry": {
        "type": "Point",
        "coordinates": [
          107.5621306,
          -6.9631574
        ]
      },
      "id": "node/13007060292"
    },
    {
      "type": "Feature",
      "properties": {
        "@id": "node/13007060293",
        "amenity": "cafe",
        "brand": "Kopi Kenangan",
        "brand:wikidata": "Q97221992",
        "cuisine": "coffee_shop",
        "diet:halal": "only",
        "name": "Kopi Kenangan",
        "takeaway": "yes"
      },
      "geometry": {
        "type": "Point",
        "coordinates": [
          107.5624988,
          -6.9633607
        ]
      },
      "id": "node/13007060293"
    },
    {
      "type": "Feature",
      "properties": {
        "@id": "node/13040439475",
        "amenity": "cafe",
        "name": "Rooftop Coffee 1896"
      },
      "geometry": {
        "type": "Point",
        "coordinates": [
          107.6039968,
          -6.9069845
        ]
      },
      "id": "node/13040439475"
    },
    {
      "type": "Feature",
      "properties": {
        "@id": "node/13058924874",
        "amenity": "cafe",
        "name": "Warkop Suka Rasa"
      },
      "geometry": {
        "type": "Point",
        "coordinates": [
          107.6154204,
          -6.8876954
        ]
      },
      "id": "node/13058924874"
    },
    {
      "type": "Feature",
      "properties": {
        "@id": "node/13058935500",
        "amenity": "cafe",
        "name": "Es Coklat Impian Dipati Ukur"
      },
      "geometry": {
        "type": "Point",
        "coordinates": [
          107.6162461,
          -6.8895414
        ]
      },
      "id": "node/13058935500"
    },
    {
      "type": "Feature",
      "properties": {
        "@id": "node/13058940691",
        "amenity": "cafe",
        "name": "Douwes Dekker Kitchen"
      },
      "geometry": {
        "type": "Point",
        "coordinates": [
          107.6155163,
          -6.8897156
        ]
      },
      "id": "node/13058940691"
    },
    {
      "type": "Feature",
      "properties": {
        "@id": "node/13058950358",
        "amenity": "cafe",
        "brand": "TOMORO Coffee",
        "brand:wikidata": "Q126326801",
        "cuisine": "coffee_shop",
        "name": "TOMORO Coffee",
        "takeaway": "yes"
      },
      "geometry": {
        "type": "Point",
        "coordinates": [
          107.6152539,
          -6.8880494
        ]
      },
      "id": "node/13058950358"
    },
    {
      "type": "Feature",
      "properties": {
        "@id": "node/13059145530",
        "amenity": "cafe",
        "name": "Pelagia f&b station"
      },
      "geometry": {
        "type": "Point",
        "coordinates": [
          107.6005901,
          -6.9165847
        ]
      },
      "id": "node/13059145530"
    },
    {
      "type": "Feature",
      "properties": {
        "@id": "node/13061720087",
        "amenity": "cafe",
        "brand": "Kopi Kenangan",
        "brand:wikidata": "Q97221992",
        "cuisine": "coffee_shop",
        "diet:halal": "only",
        "name": "Kopi Kenangan",
        "opening_hours": "24/7",
        "takeaway": "yes"
      },
      "geometry": {
        "type": "Point",
        "coordinates": [
          107.535141,
          -6.8696826
        ]
      },
      "id": "node/13061720087"
    },
    {
      "type": "Feature",
      "properties": {
        "@id": "node/13061735071",
        "amenity": "cafe",
        "brand": "Chatime",
        "brand:wikidata": "Q16829306",
        "cuisine": "bubble_tea",
        "name": "Chatime",
        "takeaway": "yes"
      },
      "geometry": {
        "type": "Point",
        "coordinates": [
          107.5542341,
          -6.8856431
        ]
      },
      "id": "node/13061735071"
    },
    {
      "type": "Feature",
      "properties": {
        "@id": "node/13061738084",
        "amenity": "cafe",
        "brand": "Kopi Kenangan",
        "brand:wikidata": "Q97221992",
        "cuisine": "coffee_shop",
        "diet:halal": "only",
        "name": "Kopi Kenangan",
        "takeaway": "yes"
      },
      "geometry": {
        "type": "Point",
        "coordinates": [
          107.5557692,
          -6.8880054
        ]
      },
      "id": "node/13061738084"
    },
    {
      "type": "Feature",
      "properties": {
        "@id": "node/13073370692",
        "amenity": "cafe",
        "cuisine": "coffee_shop",
        "name": "East Indies"
      },
      "geometry": {
        "type": "Point",
        "coordinates": [
          107.6131797,
          -6.8979085
        ]
      },
      "id": "node/13073370692"
    },
    {
      "type": "Feature",
      "properties": {
        "@id": "node/13092337601",
        "amenity": "cafe",
        "brand": "Fore Coffee",
        "brand:wikidata": "Q66424373",
        "cuisine": "coffee_shop",
        "name": "Fore Coffee",
        "takeaway": "yes"
      },
      "geometry": {
        "type": "Point",
        "coordinates": [
          107.6109495,
          -6.9090414
        ]
      },
      "id": "node/13092337601"
    },
    {
      "type": "Feature",
      "properties": {
        "@id": "node/13097647044",
        "amenity": "cafe",
        "brand": "Kopi Kenangan",
        "brand:wikidata": "Q97221992",
        "cuisine": "coffee_shop",
        "diet:halal": "only",
        "name": "Kopi Kenangan",
        "opening_hours": "Mo-Su,PH 07:00-23:00",
        "takeaway": "yes"
      },
      "geometry": {
        "type": "Point",
        "coordinates": [
          107.5937257,
          -6.8690585
        ]
      },
      "id": "node/13097647044"
    },
    {
      "type": "Feature",
      "properties": {
        "@id": "node/13152277980",
        "amenity": "cafe",
        "name": "ClassiQue",
        "opening_hours": "Tu-Fr 14:00-20:00; Sa,Su 07:00-21:00; Mo off"
      },
      "geometry": {
        "type": "Point",
        "coordinates": [
          107.5857206,
          -6.850147
        ]
      },
      "id": "node/13152277980"
    },
    {
      "type": "Feature",
      "properties": {
        "@id": "node/13273484352",
        "alt_name": "Indomaret Point",
        "amenity": "cafe",
        "brand": "Point Coffee",
        "brand:wikidata": "Q124651558",
        "cuisine": "coffee_shop",
        "name": "Point Coffee",
        "takeaway": "yes"
      },
      "geometry": {
        "type": "Point",
        "coordinates": [
          107.6323363,
          -6.9143573
        ]
      },
      "id": "node/13273484352"
    },
    {
      "type": "Feature",
      "properties": {
        "@id": "node/13334575526",
        "amenity": "cafe",
        "cuisine": "coffee_shop",
        "name": "Cerita di"
      },
      "geometry": {
        "type": "Point",
        "coordinates": [
          107.6041268,
          -6.9035058
        ]
      },
      "id": "node/13334575526"
    },
    {
      "type": "Feature",
      "properties": {
        "@id": "node/13335214088",
        "amenity": "cafe",
        "cuisine": "coffee_shop",
        "name": "Nescafe"
      },
      "geometry": {
        "type": "Point",
        "coordinates": [
          107.6233729,
          -6.886874
        ]
      },
      "id": "node/13335214088"
    },
    {
      "type": "Feature",
      "properties": {
        "@id": "node/13366619343",
        "amenity": "cafe",
        "name": "Nowala Coffee and Eatery"
      },
      "geometry": {
        "type": "Point",
        "coordinates": [
          107.6167624,
          -6.9166642
        ]
      },
      "id": "node/13366619343"
    },
    {
      "type": "Feature",
      "properties": {
        "@id": "node/13373734633",
        "amenity": "cafe",
        "brand": "Kopi Kenangan",
        "brand:wikidata": "Q97221992",
        "cuisine": "coffee_shop",
        "diet:halal": "only",
        "name": "Kopi Kenangan",
        "opening_hours": "24/7",
        "takeaway": "yes"
      },
      "geometry": {
        "type": "Point",
        "coordinates": [
          107.5957325,
          -6.9064704
        ]
      },
      "id": "node/13373734633"
    },
    {
      "type": "Feature",
      "properties": {
        "@id": "node/13373782010",
        "amenity": "cafe",
        "cuisine": "coffee_shop",
        "name": "Roempi Coffee"
      },
      "geometry": {
        "type": "Point",
        "coordinates": [
          107.5987521,
          -6.9124674
        ]
      },
      "id": "node/13373782010"
    },
    {
      "type": "Feature",
      "properties": {
        "@id": "node/13373827955",
        "amenity": "cafe",
        "name": "Kopitiam 136"
      },
      "geometry": {
        "type": "Point",
        "coordinates": [
          107.6275601,
          -6.9242636
        ]
      },
      "id": "node/13373827955"
    },
    {
      "type": "Feature",
      "properties": {
        "@id": "node/13373840638",
        "amenity": "cafe",
        "name": "Kozi"
      },
      "geometry": {
        "type": "Point",
        "coordinates": [
          107.6344668,
          -6.9269543
        ]
      },
      "id": "node/13373840638"
    },
    {
      "type": "Feature",
      "properties": {
        "@id": "node/13410062993",
        "amenity": "cafe",
        "cuisine": "coffee_shop",
        "name": "Kopi Celah Kota"
      },
      "geometry": {
        "type": "Point",
        "coordinates": [
          107.6256352,
          -6.9402128
        ]
      },
      "id": "node/13410062993"
    },
    {
      "type": "Feature",
      "properties": {
        "@id": "node/13449592280",
        "alt_name": "Indomaret Point",
        "amenity": "cafe",
        "brand": "Point Coffee",
        "brand:wikidata": "Q124651558",
        "cuisine": "coffee_shop",
        "name": "Point Coffee",
        "opening_hours": "Mo-Su,PH 07:00-22:00",
        "takeaway": "yes"
      },
      "geometry": {
        "type": "Point",
        "coordinates": [
          107.6261412,
          -6.8650292
        ]
      },
      "id": "node/13449592280"
    },
    {
      "type": "Feature",
      "properties": {
        "@id": "node/13516178856",
        "amenity": "cafe",
        "brand": "TOMORO Coffee",
        "brand:wikidata": "Q126326801",
        "cuisine": "coffee_shop",
        "name": "TOMORO Coffee",
        "takeaway": "yes"
      },
      "geometry": {
        "type": "Point",
        "coordinates": [
          107.6092991,
          -6.9085799
        ]
      },
      "id": "node/13516178856"
    },
    {
      "type": "Feature",
      "properties": {
        "@id": "node/13520030576",
        "addr:housenumber": "26",
        "addr:street": "Jalan Stasiun Barat",
        "amenity": "cafe",
        "name": "Terracotta ST.26",
        "outdoor_seating": "yes"
      },
      "geometry": {
        "type": "Point",
        "coordinates": [
          107.6016859,
          -6.9150163
        ]
      },
      "id": "node/13520030576"
    },
    {
      "type": "Feature",
      "properties": {
        "@id": "node/13563730871",
        "amenity": "cafe",
        "name": "Jabarano Coffee"
      },
      "geometry": {
        "type": "Point",
        "coordinates": [
          107.6307007,
          -6.9176171
        ]
      },
      "id": "node/13563730871"
    },
    {
      "type": "Feature",
      "properties": {
        "@id": "node/13595500462",
        "amenity": "cafe",
        "cuisine": "coffee_shop",
        "name": "The Houseplants Coffee"
      },
      "geometry": {
        "type": "Point",
        "coordinates": [
          107.6127494,
          -6.8948816
        ]
      },
      "id": "node/13595500462"
    },
    {
      "type": "Feature",
      "properties": {
        "@id": "node/13605881790",
        "amenity": "cafe",
        "name": "Riel's"
      },
      "geometry": {
        "type": "Point",
        "coordinates": [
          107.6133905,
          -6.8918716
        ]
      },
      "id": "node/13605881790"
    },
    {
      "type": "Feature",
      "properties": {
        "@id": "node/13608911096",
        "amenity": "cafe",
        "name": "ko.pi.mu."
      },
      "geometry": {
        "type": "Point",
        "coordinates": [
          107.6163401,
          -6.8980342
        ]
      },
      "id": "node/13608911096"
    },
    {
      "type": "Feature",
      "properties": {
        "@id": "node/13609049733",
        "amenity": "cafe",
        "name": "Yumaju"
      },
      "geometry": {
        "type": "Point",
        "coordinates": [
          107.6124655,
          -6.8921407
        ]
      },
      "id": "node/13609049733"
    },
    {
      "type": "Feature",
      "properties": {
        "@id": "node/13611603017",
        "amenity": "cafe",
        "name": "Qaca"
      },
      "geometry": {
        "type": "Point",
        "coordinates": [
          107.6131281,
          -6.8892293
        ]
      },
      "id": "node/13611603017"
    },
    {
      "type": "Feature",
      "properties": {
        "@id": "node/13613927312",
        "amenity": "cafe",
        "name": "Foursis"
      },
      "geometry": {
        "type": "Point",
        "coordinates": [
          107.6152842,
          -6.8881675
        ]
      },
      "id": "node/13613927312"
    },
    {
      "type": "Feature",
      "properties": {
        "@id": "node/13613947533",
        "amenity": "cafe",
        "cuisine": "coffee_shop",
        "name": "belikopi."
      },
      "geometry": {
        "type": "Point",
        "coordinates": [
          107.6172107,
          -6.8914987
        ]
      },
      "id": "node/13613947533"
    },
    {
      "type": "Feature",
      "properties": {
        "@id": "node/13613963824",
        "amenity": "cafe",
        "name": "coffeebawa"
      },
      "geometry": {
        "type": "Point",
        "coordinates": [
          107.6160484,
          -6.8898536
        ]
      },
      "id": "node/13613963824"
    },
    {
      "type": "Feature",
      "properties": {
        "@id": "node/13613972219",
        "amenity": "cafe",
        "name": "Goffee"
      },
      "geometry": {
        "type": "Point",
        "coordinates": [
          107.6148415,
          -6.8855907
        ]
      },
      "id": "node/13613972219"
    },
    {
      "type": "Feature",
      "properties": {
        "@id": "node/13619276655",
        "addr:city": "Bandung",
        "addr:district": "Cibeunying Kidul",
        "addr:housename": "Lupba Cafe",
        "addr:postcode": "40129",
        "addr:province": "Jawa Barat",
        "addr:street": "Jl. Khp Hasan Mustopa No.39",
        "addr:subdistrict": "Pasirlayung",
        "addr:unit": "Blok J-23",
        "amenity": "cafe",
        "cuisine": "regional;coffee_shop",
        "internet_access": "yes",
        "name": "Lupba Cafe",
        "opening_hours": "Mo-Su 09:00-21:00",
        "phone": "+62 821-1900-4525"
      },
      "geometry": {
        "type": "Point",
        "coordinates": [
          107.6529964,
          -6.9000525
        ]
      },
      "id": "node/13619276655"
    },
    {
      "type": "Feature",
      "properties": {
        "@id": "node/13620566517",
        "amenity": "cafe",
        "name": "Taman Kopie"
      },
      "geometry": {
        "type": "Point",
        "coordinates": [
          107.6352792,
          -6.9299892
        ]
      },
      "id": "node/13620566517"
    },
    {
      "type": "Feature",
      "properties": {
        "@id": "node/13620605940",
        "alt_name": "Indomaret Point",
        "amenity": "cafe",
        "brand": "Point Coffee",
        "brand:wikidata": "Q124651558",
        "cuisine": "coffee_shop",
        "name": "Point Coffee",
        "takeaway": "yes"
      },
      "geometry": {
        "type": "Point",
        "coordinates": [
          107.6370132,
          -6.9280321
        ]
      },
      "id": "node/13620605940"
    },
    {
      "type": "Feature",
      "properties": {
        "@id": "node/13622895417",
        "amenity": "cafe",
        "name": "ta.lu.pa"
      },
      "geometry": {
        "type": "Point",
        "coordinates": [
          107.6161511,
          -6.8907528
        ]
      },
      "id": "node/13622895417"
    },
    {
      "type": "Feature",
      "properties": {
        "@id": "node/13622934471",
        "amenity": "cafe",
        "name": "yanie's"
      },
      "geometry": {
        "type": "Point",
        "coordinates": [
          107.6160495,
          -6.8906056
        ]
      },
      "id": "node/13622934471"
    },
    {
      "type": "Feature",
      "properties": {
        "@id": "node/13630093584",
        "amenity": "cafe",
        "name": "Jabarano Coffee"
      },
      "geometry": {
        "type": "Point",
        "coordinates": [
          107.6060474,
          -6.9538518
        ]
      },
      "id": "node/13630093584"
    },
    {
      "type": "Feature",
      "properties": {
        "@id": "node/13630120025",
        "amenity": "cafe",
        "cuisine": "coffee_shop",
        "name": "Fore"
      },
      "geometry": {
        "type": "Point",
        "coordinates": [
          107.6072452,
          -6.9536319
        ]
      },
      "id": "node/13630120025"
    },
    {
      "type": "Feature",
      "properties": {
        "@id": "node/13630140606",
        "amenity": "cafe",
        "brand": "TOMORO Coffee",
        "brand:wikidata": "Q126326801",
        "cuisine": "coffee_shop",
        "name": "TOMORO Coffee",
        "takeaway": "yes"
      },
      "geometry": {
        "type": "Point",
        "coordinates": [
          107.6075403,
          -6.9537584
        ]
      },
      "id": "node/13630140606"
    },
    {
      "type": "Feature",
      "properties": {
        "@id": "node/13630160090",
        "amenity": "cafe",
        "cuisine": "tea",
        "name": "teazzi",
        "opening_hours": "24/7"
      },
      "geometry": {
        "type": "Point",
        "coordinates": [
          107.6076389,
          -6.9542802
        ]
      },
      "id": "node/13630160090"
    },
    {
      "type": "Feature",
      "properties": {
        "@id": "node/13630170402",
        "amenity": "cafe",
        "cuisine": "coffee_shop",
        "name": "Dr. Ells"
      },
      "geometry": {
        "type": "Point",
        "coordinates": [
          107.6081941,
          -6.954554
        ]
      },
      "id": "node/13630170402"
    },
    {
      "type": "Feature",
      "properties": {
        "@id": "node/13647892100",
        "amenity": "cafe",
        "name": "Jiwan Coffee & Things"
      },
      "geometry": {
        "type": "Point",
        "coordinates": [
          107.612496,
          -6.9008433
        ]
      },
      "id": "node/13647892100"
    },
    {
      "type": "Feature",
      "properties": {
        "@id": "node/13647894656",
        "amenity": "cafe",
        "name": "Kisah Manis"
      },
      "geometry": {
        "type": "Point",
        "coordinates": [
          107.6131845,
          -6.8952504
        ]
      },
      "id": "node/13647894656"
    },
    {
      "type": "Feature",
      "properties": {
        "@id": "node/13686433715",
        "addr:city": "Bandung",
        "addr:district": "Dayeuhkolot",
        "addr:housenumber": "E01",
        "addr:postcode": "40257",
        "addr:province": "Jawa Barat",
        "addr:street": "Jalan Sukabirus",
        "addr:subdistrict": "Citeureup",
        "amenity": "cafe",
        "name": "Your Internet Gaming Café",
        "opening_hours": "24/7",
        "phone": "+6285199282899"
      },
      "geometry": {
        "type": "Point",
        "coordinates": [
          107.63245,
          -6.9781903
        ]
      },
      "id": "node/13686433715"
    },
    {
      "type": "Feature",
      "properties": {
        "@id": "node/13695626664",
        "addr:city": "Bandung",
        "addr:district": "Sumur Bandung",
        "addr:housenumber": "50",
        "addr:neighbourhood": "Masjid Junudurrahmah",
        "addr:postcode": "40113",
        "addr:province": "Jawa Barat",
        "addr:street": "Jalan Aceh",
        "addr:subdistrict": "Merdeka",
        "amenity": "cafe",
        "cuisine": "coffee_shop",
        "internet_access": "wlan",
        "internet_access:fee": "no",
        "name": "Tedja Coffee Saparua",
        "opening_hours": "Mo-Su 10:00-22:00",
        "outdoor_seating": "yes"
      },
      "geometry": {
        "type": "Point",
        "coordinates": [
          107.6162313,
          -6.9096731
        ]
      },
      "id": "node/13695626664"
    },
    {
      "type": "Feature",
      "properties": {
        "@id": "node/13713697182",
        "amenity": "cafe",
        "name": "Yumaju Pavilion",
        "opening_hours": "Mo-Su 06:00-21:00"
      },
      "geometry": {
        "type": "Point",
        "coordinates": [
          107.5987441,
          -6.8963792
        ]
      },
      "id": "node/13713697182"
    },
    {
      "type": "Feature",
      "properties": {
        "@id": "node/13715591335",
        "addr:city": "Cimahi",
        "addr:district": "Cimahi Tengah",
        "addr:housenumber": "19",
        "addr:postcode": "40521",
        "addr:province": "Jawa Barat",
        "addr:street": "Jalan Sangkuriang",
        "addr:subdistrict": "Padasuka",
        "amenity": "cafe",
        "name": "Truss Cofee"
      },
      "geometry": {
        "type": "Point",
        "coordinates": [
          107.5356169,
          -6.8682229
        ]
      },
      "id": "node/13715591335"
    },
    {
      "type": "Feature",
      "properties": {
        "@id": "node/13737072663",
        "alt_name": "Indomaret Point",
        "amenity": "cafe",
        "brand": "Point Coffee",
        "brand:wikidata": "Q124651558",
        "cuisine": "coffee_shop",
        "name": "Point Coffee",
        "takeaway": "yes"
      },
      "geometry": {
        "type": "Point",
        "coordinates": [
          107.6043872,
          -6.8915557
        ]
      },
      "id": "node/13737072663"
    },
    {
      "type": "Feature",
      "properties": {
        "@id": "node/13737200650",
        "alt_name": "Indomaret Point",
        "amenity": "cafe",
        "brand": "Point Coffee",
        "brand:wikidata": "Q124651558",
        "cuisine": "coffee_shop",
        "name": "Point Coffee",
        "takeaway": "yes"
      },
      "geometry": {
        "type": "Point",
        "coordinates": [
          107.6039259,
          -6.8943944
        ]
      },
      "id": "node/13737200650"
    },
    {
      "type": "Feature",
      "properties": {
        "@id": "node/13742262463",
        "alt_name": "Indomaret Point",
        "amenity": "cafe",
        "brand": "Point Coffee",
        "brand:wikidata": "Q124651558",
        "cuisine": "coffee_shop",
        "name": "Point Coffee",
        "takeaway": "yes"
      },
      "geometry": {
        "type": "Point",
        "coordinates": [
          107.6465293,
          -6.9130852
        ]
      },
      "id": "node/13742262463"
    },
    {
      "type": "Feature",
      "properties": {
        "@id": "node/13742297237",
        "alt_name": "Indomaret Point",
        "amenity": "cafe",
        "brand": "Point Coffee",
        "brand:wikidata": "Q124651558",
        "cuisine": "coffee_shop",
        "name": "Point Coffee",
        "takeaway": "yes"
      },
      "geometry": {
        "type": "Point",
        "coordinates": [
          107.6516685,
          -6.9129243
        ]
      },
      "id": "node/13742297237"
    },
    {
      "type": "Feature",
      "properties": {
        "@id": "node/13742321767",
        "amenity": "cafe",
        "brand": "TOMORO Coffee",
        "brand:wikidata": "Q126326801",
        "cuisine": "coffee_shop",
        "name": "TOMORO Coffee",
        "takeaway": "yes"
      },
      "geometry": {
        "type": "Point",
        "coordinates": [
          107.6538134,
          -6.9126104
        ]
      },
      "id": "node/13742321767"
    },
    {
      "type": "Feature",
      "properties": {
        "@id": "node/13742347878",
        "amenity": "cafe",
        "brand": "Kopi Kenangan",
        "brand:wikidata": "Q97221992",
        "cuisine": "coffee_shop",
        "diet:halal": "only",
        "name": "Kopi Kenangan",
        "takeaway": "yes"
      },
      "geometry": {
        "type": "Point",
        "coordinates": [
          107.6525651,
          -6.9123773
        ]
      },
      "id": "node/13742347878"
    },
    {
      "type": "Feature",
      "properties": {
        "@id": "node/13742351913",
        "amenity": "cafe",
        "brand": "Mixue Ice Cream & Tea",
        "brand:wikidata": "Q107406476",
        "cuisine": "ice_cream;bubble_tea",
        "name": "Mixue",
        "takeaway": "yes"
      },
      "geometry": {
        "type": "Point",
        "coordinates": [
          107.6526405,
          -6.9127387
        ]
      },
      "id": "node/13742351913"
    },
    {
      "type": "Feature",
      "properties": {
        "@id": "node/13742363563",
        "alt_name": "Indomaret Point",
        "amenity": "cafe",
        "brand": "Point Coffee",
        "brand:wikidata": "Q124651558",
        "cuisine": "coffee_shop",
        "name": "Point Coffee",
        "takeaway": "yes"
      },
      "geometry": {
        "type": "Point",
        "coordinates": [
          107.6517295,
          -6.9124721
        ]
      },
      "id": "node/13742363563"
    },
    {
      "type": "Feature",
      "properties": {
        "@id": "node/13745090903",
        "alt_name": "Indomaret Point",
        "amenity": "cafe",
        "brand": "Point Coffee",
        "brand:wikidata": "Q124651558",
        "cuisine": "coffee_shop",
        "name": "Point Coffee",
        "takeaway": "yes"
      },
      "geometry": {
        "type": "Point",
        "coordinates": [
          107.5813747,
          -6.9182472
        ]
      },
      "id": "node/13745090903"
    },
    {
      "type": "Feature",
      "properties": {
        "@id": "node/13745274099",
        "amenity": "cafe",
        "name": "Fullmoon Coffee"
      },
      "geometry": {
        "type": "Point",
        "coordinates": [
          107.5804134,
          -6.9182475
        ]
      },
      "id": "node/13745274099"
    },
    {
      "type": "Feature",
      "properties": {
        "@id": "node/13752380801",
        "alt_name": "Indomaret Point",
        "amenity": "cafe",
        "brand": "Point Coffee",
        "brand:wikidata": "Q124651558",
        "cuisine": "coffee_shop",
        "name": "Point Coffee",
        "takeaway": "yes"
      },
      "geometry": {
        "type": "Point",
        "coordinates": [
          107.6170449,
          -6.8774561
        ]
      },
      "id": "node/13752380801"
    },
    {
      "type": "Feature",
      "properties": {
        "@id": "node/13760235868",
        "amenity": "cafe",
        "name": "Wheel's Coffee Roasters"
      },
      "geometry": {
        "type": "Point",
        "coordinates": [
          107.616259,
          -6.8815954
        ]
      },
      "id": "node/13760235868"
    },
    {
      "type": "Feature",
      "properties": {
        "@id": "node/13760590074",
        "amenity": "cafe",
        "name": "Waras"
      },
      "geometry": {
        "type": "Point",
        "coordinates": [
          107.6251659,
          -6.8910393
        ]
      },
      "id": "node/13760590074"
    },
    {
      "type": "Feature",
      "properties": {
        "@id": "node/13783844093",
        "amenity": "cafe",
        "name": "Yumaju",
        "opening_hours": "Mo-Su 07:00-22:00"
      },
      "geometry": {
        "type": "Point",
        "coordinates": [
          107.6223351,
          -6.9368512
        ]
      },
      "id": "node/13783844093"
    },
    {
      "type": "Feature",
      "properties": {
        "@id": "node/13789600036",
        "amenity": "cafe",
        "name": "Madalangu Bakehouse"
      },
      "geometry": {
        "type": "Point",
        "coordinates": [
          107.614857,
          -6.896948
        ]
      },
      "id": "node/13789600036"
    },
    {
      "type": "Feature",
      "properties": {
        "@id": "node/13794929972",
        "alt_name": "Indomaret Point",
        "amenity": "cafe",
        "brand": "Point Coffee",
        "brand:wikidata": "Q124651558",
        "cuisine": "coffee_shop",
        "name": "Point Coffee",
        "takeaway": "yes"
      },
      "geometry": {
        "type": "Point",
        "coordinates": [
          107.6131991,
          -6.9066218
        ]
      },
      "id": "node/13794929972"
    },
    {
      "type": "Feature",
      "properties": {
        "@id": "node/13794959499",
        "amenity": "cafe",
        "name": "kedai inn."
      },
      "geometry": {
        "type": "Point",
        "coordinates": [
          107.6157037,
          -6.9062454
        ]
      },
      "id": "node/13794959499"
    },
    {
      "type": "Feature",
      "properties": {
        "@id": "node/13794976289",
        "amenity": "cafe",
        "name": "Satu Atap Mayasari"
      },
      "geometry": {
        "type": "Point",
        "coordinates": [
          107.6193288,
          -6.9057747
        ]
      },
      "id": "node/13794976289"
    },
    {
      "type": "Feature",
      "properties": {
        "@id": "node/13794977240",
        "amenity": "cafe",
        "cuisine": "coffee_shop",
        "name": "Taeun Coffee & Works"
      },
      "geometry": {
        "type": "Point",
        "coordinates": [
          107.6180785,
          -6.9062859
        ]
      },
      "id": "node/13794977240"
    },
    {
      "type": "Feature",
      "properties": {
        "@id": "node/13794981248",
        "amenity": "cafe",
        "name": "Wheels"
      },
      "geometry": {
        "type": "Point",
        "coordinates": [
          107.617351,
          -6.9058137
        ]
      },
      "id": "node/13794981248"
    },
    {
      "type": "Feature",
      "properties": {
        "@id": "node/13795264929",
        "amenity": "cafe",
        "name": "Mahkopi"
      },
      "geometry": {
        "type": "Point",
        "coordinates": [
          107.6209281,
          -6.9075049
        ]
      },
      "id": "node/13795264929"
    },
    {
      "type": "Feature",
      "properties": {
        "@id": "node/13795275247",
        "amenity": "cafe",
        "name": "Warung Lombok"
      },
      "geometry": {
        "type": "Point",
        "coordinates": [
          107.6209169,
          -6.9064186
        ]
      },
      "id": "node/13795275247"
    },
    {
      "type": "Feature",
      "properties": {
        "@id": "node/13795315895",
        "amenity": "cafe",
        "brand": "Fore Coffee",
        "brand:wikidata": "Q66424373",
        "cuisine": "coffee_shop",
        "name": "Fore Coffee",
        "takeaway": "yes"
      },
      "geometry": {
        "type": "Point",
        "coordinates": [
          107.6165251,
          -6.9064483
        ]
      },
      "id": "node/13795315895"
    },
    {
      "type": "Feature",
      "properties": {
        "@id": "node/13801500390",
        "amenity": "cafe",
        "name": "Skytree Coffee & Eatery"
      },
      "geometry": {
        "type": "Point",
        "coordinates": [
          107.6296844,
          -6.9140149
        ]
      },
      "id": "node/13801500390"
    },
    {
      "type": "Feature",
      "properties": {
        "@id": "node/13801662256",
        "amenity": "cafe",
        "name": "Kopi Toko Djawa"
      },
      "geometry": {
        "type": "Point",
        "coordinates": [
          107.6291312,
          -6.912993
        ]
      },
      "id": "node/13801662256"
    },
    {
      "type": "Feature",
      "properties": {
        "@id": "node/13801662283",
        "amenity": "cafe",
        "brand": "Fore Coffee",
        "brand:wikidata": "Q66424373",
        "cuisine": "coffee_shop",
        "name": "Fore Coffee",
        "takeaway": "yes"
      },
      "geometry": {
        "type": "Point",
        "coordinates": [
          107.6301256,
          -6.9153705
        ]
      },
      "id": "node/13801662283"
    },
    {
      "type": "Feature",
      "properties": {
        "@id": "node/13806635096",
        "amenity": "cafe",
        "name": "Kopitera"
      },
      "geometry": {
        "type": "Point",
        "coordinates": [
          107.6194728,
          -6.9254817
        ]
      },
      "id": "node/13806635096"
    },
    {
      "type": "Feature",
      "properties": {
        "@id": "node/13808561755",
        "alt_name": "Indomaret Point",
        "amenity": "cafe",
        "brand": "Point Coffee",
        "brand:wikidata": "Q124651558",
        "cuisine": "coffee_shop",
        "name": "Point Coffee",
        "takeaway": "yes"
      },
      "geometry": {
        "type": "Point",
        "coordinates": [
          107.5388014,
          -6.8926848
        ]
      },
      "id": "node/13808561755"
    },
    {
      "type": "Feature",
      "properties": {
        "@id": "node/13808638656",
        "amenity": "cafe",
        "name": "Kopi Insight"
      },
      "geometry": {
        "type": "Point",
        "coordinates": [
          107.5368487,
          -6.8922215
        ]
      },
      "id": "node/13808638656"
    },
    {
      "type": "Feature",
      "properties": {
        "@id": "node/13808932502",
        "amenity": "cafe",
        "cuisine": "coffee_shop",
        "name": "Calf",
        "opening_hours": "Mo-Su 08:00-22:00"
      },
      "geometry": {
        "type": "Point",
        "coordinates": [
          107.5813579,
          -6.8895141
        ]
      },
      "id": "node/13808932502"
    },
    {
      "type": "Feature",
      "properties": {
        "@id": "node/13810583960",
        "alt_name": "Indomaret Point",
        "amenity": "cafe",
        "brand": "Point Coffee",
        "brand:wikidata": "Q124651558",
        "cuisine": "coffee_shop",
        "name": "Point Coffee",
        "takeaway": "yes"
      },
      "geometry": {
        "type": "Point",
        "coordinates": [
          107.6181781,
          -6.8852291
        ]
      },
      "id": "node/13810583960"
    },
    {
      "type": "Feature",
      "properties": {
        "@id": "node/13832216963",
        "amenity": "cafe",
        "brand": "Fore Coffee",
        "brand:wikidata": "Q66424373",
        "cuisine": "coffee_shop",
        "name": "Fore Coffee",
        "takeaway": "yes"
      },
      "geometry": {
        "type": "Point",
        "coordinates": [
          107.60621,
          -6.9227525
        ]
      },
      "id": "node/13832216963"
    },
    {
      "type": "Feature",
      "properties": {
        "@id": "node/13921209275",
        "addr:city": "Bandung",
        "addr:housename": "Braga8",
        "addr:postcode": "40111",
        "addr:province": "Jawa Barat",
        "addr:street": "Jalan Cikapundung no 55",
        "amenity": "cafe",
        "cuisine": "ice_cream;cake",
        "name": "ICE CRIME - Ice Cream Store with Jail Experience",
        "outdoor_seating": "yes",
        "phone": "+62895350550060"
      },
      "geometry": {
        "type": "Point",
        "coordinates": [
          107.608165,
          -6.9194978
        ]
      },
      "id": "node/13921209275"
    },
    {
      "type": "Feature",
      "properties": {
        "@id": "node/13955736701",
        "amenity": "cafe"
      },
      "geometry": {
        "type": "Point",
        "coordinates": [
          107.6291091,
          -6.9678673
        ]
      },
      "id": "node/13955736701"
    },
    {
      "type": "Feature",
      "properties": {
        "@id": "node/14003890530",
        "amenity": "cafe",
        "name": "Warkop ADD"
      },
      "geometry": {
        "type": "Point",
        "coordinates": [
          107.6184435,
          -6.8889401
        ]
      },
      "id": "node/14003890530"
    },
    {
      "type": "Feature",
      "properties": {
        "@id": "node/14038481547",
        "amenity": "cafe",
        "name": "Aerobus"
      },
      "geometry": {
        "type": "Point",
        "coordinates": [
          107.5928993,
          -6.9457145
        ]
      },
      "id": "node/14038481547"
    },
    {
      "type": "Feature",
      "properties": {
        "@id": "node/14074673674",
        "amenity": "cafe",
        "name": "Nomora"
      },
      "geometry": {
        "type": "Point",
        "coordinates": [
          107.6435029,
          -6.916519
        ]
      },
      "id": "node/14074673674"
    },
    {
      "type": "Feature",
      "properties": {
        "@id": "node/14074682848",
        "amenity": "cafe",
        "name": "Siloka"
      },
      "geometry": {
        "type": "Point",
        "coordinates": [
          107.6434817,
          -6.9163429
        ]
      },
      "id": "node/14074682848"
    },
    {
      "type": "Feature",
      "properties": {
        "@id": "node/14074686105",
        "amenity": "cafe",
        "name": "RD Coffee & Eatery"
      },
      "geometry": {
        "type": "Point",
        "coordinates": [
          107.6435496,
          -6.9167521
        ]
      },
      "id": "node/14074686105"
    },
    {
      "type": "Feature",
      "properties": {
        "@id": "node/14077854124",
        "addr:housenumber": "54",
        "addr:street": "Jalan Buah Batu",
        "amenity": "cafe",
        "description": "Coffee Shop",
        "name": "Lasco Koffie Haus"
      },
      "geometry": {
        "type": "Point",
        "coordinates": [
          107.6184606,
          -6.9324628
        ]
      },
      "id": "node/14077854124"
    },
    {
      "type": "Feature",
      "properties": {
        "@id": "node/14093529901",
        "amenity": "cafe",
        "check_date": "2026-08-14",
        "name": "Kisah Manis"
      },
      "geometry": {
        "type": "Point",
        "coordinates": [
          107.6074788,
          -6.8702536
        ]
      },
      "id": "node/14093529901"
    },
    {
      "type": "Feature",
      "properties": {
        "@id": "node/14094523339",
        "amenity": "cafe",
        "cuisine": "bubble_tea",
        "name": "Haus"
      },
      "geometry": {
        "type": "Point",
        "coordinates": [
          107.6173905,
          -6.8918928
        ]
      },
      "id": "node/14094523339"
    }
  ]
}