{
  "type": "FeatureCollection",
  "generator": "overpass-turbo",
  "copyright": "The data included in this document is from www.openstreetmap.org. The data is made available under ODbL.",
  "timestamp": "2026-08-16T00:14:04Z",
  "features": [
    {
      "type": "Feature",
      "properties": {
        "@id": "way/529926176",
        "amenity": "atm",
        "building": "yes",
        "name": "ATM Center",
        "source": "POI_WRI_Survey_2023",
        "wheelchair": "no"
      },
      "geometry": {
        "type": "Polygon",
        "coordinates": [
          [
            [
              107.611675,
              -6.9547219
            ],
            [
              107.6116815,
              -6.954746
            ],
            [
              107.6117167,
              -6.9547367
            ],
            [
              107.6117102,
              -6.9547126
            ],
            [
              107.611675,
              -6.9547219
            ]
          ]
        ]
      },
      "id": "way/529926176"
    },
    {
      "type": "Feature",
      "properties": {
        "@id": "way/629759094",
        "amenity": "atm",
        "brand": "BNI",
        "brand:wikidata": "Q2882611",
        "building": "roof",
        "drive_through": "only",
        "layer": "1",
        "name": "Bank Negara Indonesia",
        "official_name": "Bank Negara Indonesia",
        "operator": "BNI",
        "operator:wikidata": "Q2882611",
        "source": "POI_WRI_Survey_2023",
        "wheelchair": "no"
      },
      "geometry": {
        "type": "Polygon",
        "coordinates": [
          [
            [
              107.5892446,
              -6.906817
            ],
            [
              107.5893076,
              -6.9068207
            ],
            [
              107.5893152,
              -6.9066921
            ],
            [
              107.5892522,
              -6.9066885
            ],
            [
              107.5892446,
              -6.906817
            ]
          ]
        ]
      },
      "id": "way/629759094"
    },
    {
      "type": "Feature",
      "properties": {
        "@id": "way/1172819474",
        "amenity": "atm",
        "building": "shed",
        "name": "ATM Center"
      },
      "geometry": {
        "type": "Polygon",
        "coordinates": [
          [
            [
              107.6674426,
              -6.9390862
            ],
            [
              107.6673122,
              -6.9390984
            ],
            [
              107.6673165,
              -6.9391434
            ],
            [
              107.6674468,
              -6.9391312
            ],
            [
              107.6674426,
              -6.9390862
            ]
          ]
        ]
      },
      "id": "way/1172819474"
    },
    {
      "type": "Feature",
      "properties": {
        "@id": "way/1184757532",
        "amenity": "atm",
        "building": "yes",
        "name": "ATM Center",
        "opening_hours": "24/7"
      },
      "geometry": {
        "type": "Polygon",
        "coordinates": [
          [
            [
              107.6071733,
              -6.9044557
            ],
            [
              107.6070915,
              -6.9045376
            ],
            [
              107.6071202,
              -6.9045658
            ],
            [
              107.607202,
              -6.9044839
            ],
            [
              107.6071733,
              -6.9044557
            ]
          ]
        ]
      },
      "id": "way/1184757532"
    },
    {
      "type": "Feature",
      "properties": {
        "@id": "node/1654213839",
        "alt_name": "Bank BRI",
        "amenity": "atm",
        "brand": "BRI",
        "brand:wikidata": "Q623042",
        "brand:wikipedia": "id:Bank Rakyat Indonesia",
        "cash_in": "no",
        "check_date": "2025-08-12",
        "indoor": "yes",
        "name": "Bank Rakyat Indonesia",
        "official_name": "Bank Rakyat Indonesia",
        "old_name": "Bank Rakjat Indonesia",
        "operator": "BRI",
        "operator:wikidata": "Q623042",
        "operator:wikipedia": "id:Bank Rakyat Indonesia",
        "short_name": "BRI"
      },
      "geometry": {
        "type": "Point",
        "coordinates": [
          107.5937226,
          -6.8603153
        ]
      },
      "id": "node/1654213839"
    },
    {
      "type": "Feature",
      "properties": {
        "@id": "node/1668245120",
        "amenity": "atm",
        "currency:IDR": "yes",
        "drive_through": "no",
        "operator": "Bank Negara Indonesia (BNI)"
      },
      "geometry": {
        "type": "Point",
        "coordinates": [
          107.6102525,
          -6.8927761
        ]
      },
      "id": "node/1668245120"
    },
    {
      "type": "Feature",
      "properties": {
        "@id": "node/1668245121",
        "amenity": "atm",
        "brand": "BNI",
        "brand:wikidata": "Q2882611",
        "official_name": "Bank Negara Indonesia",
        "operator": "BNI",
        "operator:wikidata": "Q2882611"
      },
      "geometry": {
        "type": "Point",
        "coordinates": [
          107.6086995,
          -6.8943365
        ]
      },
      "id": "node/1668245121"
    },
    {
      "type": "Feature",
      "properties": {
        "@id": "node/1676404590",
        "amenity": "atm",
        "operator": "Niaga"
      },
      "geometry": {
        "type": "Point",
        "coordinates": [
          107.5949348,
          -6.8724319
        ]
      },
      "id": "node/1676404590"
    },
    {
      "type": "Feature",
      "properties": {
        "@id": "node/1924435632",
        "amenity": "atm",
        "operator": "Bank BCA"
      },
      "geometry": {
        "type": "Point",
        "coordinates": [
          107.6048845,
          -6.8946717
        ]
      },
      "id": "node/1924435632"
    },
    {
      "type": "Feature",
      "properties": {
        "@id": "node/1924435655",
        "amenity": "atm",
        "operator": "Bank Mandiri"
      },
      "geometry": {
        "type": "Point",
        "coordinates": [
          107.6048524,
          -6.8947462
        ]
      },
      "id": "node/1924435655"
    },
    {
      "type": "Feature",
      "properties": {
        "@id": "node/1924439607",
        "amenity": "atm"
      },
      "geometry": {
        "type": "Point",
        "coordinates": [
          107.6037017,
          -6.8963146
        ]
      },
      "id": "node/1924439607"
    },
    {
      "type": "Feature",
      "properties": {
        "@id": "node/2016377082",
        "amenity": "atm",
        "operator": "BNI"
      },
      "geometry": {
        "type": "Point",
        "coordinates": [
          107.5815694,
          -6.8816486
        ]
      },
      "id": "node/2016377082"
    },
    {
      "type": "Feature",
      "properties": {
        "@id": "node/2016388298",
        "amenity": "atm",
        "operator": "BCA"
      },
      "geometry": {
        "type": "Point",
        "coordinates": [
          107.5812154,
          -6.8851955
        ]
      },
      "id": "node/2016388298"
    },
    {
      "type": "Feature",
      "properties": {
        "@id": "node/2075933196",
        "amenity": "atm",
        "fee": "ATM Mandiri"
      },
      "geometry": {
        "type": "Point",
        "coordinates": [
          107.6315193,
          -6.9751475
        ]
      },
      "id": "node/2075933196"
    },
    {
      "type": "Feature",
      "properties": {
        "@id": "node/2075933205",
        "amenity": "atm"
      },
      "geometry": {
        "type": "Point",
        "coordinates": [
          107.6333136,
          -6.9730043
        ]
      },
      "id": "node/2075933205"
    },
    {
      "type": "Feature",
      "properties": {
        "@id": "node/2492171945",
        "amenity": "atm",
        "name": "Citibank"
      },
      "geometry": {
        "type": "Point",
        "coordinates": [
          107.6056337,
          -6.8930682
        ]
      },
      "id": "node/2492171945"
    },
    {
      "type": "Feature",
      "properties": {
        "@id": "node/3178363361",
        "alt_name": "BNI 46",
        "amenity": "atm",
        "brand": "BNI",
        "brand:wikidata": "Q2882611",
        "brand:wikipedia": "id:Bank Negara Indonesia",
        "name": "Bank Negara Indonesia",
        "official_name": "Bank Negara Indonesia",
        "old_name": "BNI 46",
        "operator": "BNI",
        "operator:wikidata": "Q2882611",
        "short_name": "BNI"
      },
      "geometry": {
        "type": "Point",
        "coordinates": [
          107.6164936,
          -6.8785975
        ]
      },
      "id": "node/3178363361"
    },
    {
      "type": "Feature",
      "properties": {
        "@id": "node/3424716402",
        "alt_name": "BNI 46",
        "amenity": "atm",
        "brand": "BNI",
        "brand:wikidata": "Q2882611",
        "brand:wikipedia": "id:Bank Negara Indonesia",
        "name": "Bank Negara Indonesia",
        "official_name": "Bank Negara Indonesia",
        "old_name": "BNI 46",
        "operator": "BNI",
        "operator:wikidata": "Q2882611",
        "short_name": "BNI"
      },
      "geometry": {
        "type": "Point",
        "coordinates": [
          107.6168761,
          -6.9063385
        ]
      },
      "id": "node/3424716402"
    },
    {
      "type": "Feature",
      "properties": {
        "@id": "node/3426583578",
        "amenity": "atm",
        "brand": "Bank Central Asia",
        "brand:wikidata": "Q806626",
        "name": "Bank Central Asia",
        "official_name": "Bank Central Asia",
        "opening_hours": "Mo-Su 06:00-23:00",
        "operator": "Bank Central Asia",
        "operator:wikidata": "Q806626",
        "short_name": "BCA"
      },
      "geometry": {
        "type": "Point",
        "coordinates": [
          107.6666729,
          -6.9040062
        ]
      },
      "id": "node/3426583578"
    },
    {
      "type": "Feature",
      "properties": {
        "@id": "node/3426585954",
        "alt_name": "Bank BRI",
        "amenity": "atm",
        "brand": "BRI",
        "brand:wikidata": "Q623042",
        "name": "Bank Rakyat Indonesia",
        "official_name": "Bank Rakyat Indonesia",
        "old_name": "Bank Rakjat Indonesia",
        "operator": "BRI",
        "operator:wikidata": "Q623042",
        "short_name": "BRI"
      },
      "geometry": {
        "type": "Point",
        "coordinates": [
          107.6422716,
          -6.89997
        ]
      },
      "id": "node/3426585954"
    },
    {
      "type": "Feature",
      "properties": {
        "@id": "node/3733195825",
        "amenity": "atm",
        "brand": "Bank Central Asia",
        "brand:wikidata": "Q806626",
        "covered": "yes",
        "official_name": "Bank Central Asia",
        "operator": "Bank Central Asia",
        "operator:wikidata": "Q806626",
        "source": "survey"
      },
      "geometry": {
        "type": "Point",
        "coordinates": [
          107.6029045,
          -6.9133418
        ]
      },
      "id": "node/3733195825"
    },
    {
      "type": "Feature",
      "properties": {
        "@id": "node/3869647739",
        "amenity": "atm",
        "drive_through": "no",
        "operator": "Bank Mandiri"
      },
      "geometry": {
        "type": "Point",
        "coordinates": [
          107.6636615,
          -6.9434119
        ]
      },
      "id": "node/3869647739"
    },
    {
      "type": "Feature",
      "properties": {
        "@id": "node/3869647740",
        "amenity": "atm",
        "drive_through": "no",
        "operator": "BNI '46"
      },
      "geometry": {
        "type": "Point",
        "coordinates": [
          107.6636606,
          -6.9434247
        ]
      },
      "id": "node/3869647740"
    },
    {
      "type": "Feature",
      "properties": {
        "@id": "node/3869647741",
        "amenity": "atm",
        "drive_through": "no",
        "operator": "BRI"
      },
      "geometry": {
        "type": "Point",
        "coordinates": [
          107.66366,
          -6.9434352
        ]
      },
      "id": "node/3869647741"
    },
    {
      "type": "Feature",
      "properties": {
        "@id": "node/3869647742",
        "amenity": "atm",
        "operator": "BCA"
      },
      "geometry": {
        "type": "Point",
        "coordinates": [
          107.663687,
          -6.9433994
        ]
      },
      "id": "node/3869647742"
    },
    {
      "type": "Feature",
      "properties": {
        "@id": "node/3874154563",
        "alt_name": "BNI 46",
        "amenity": "atm",
        "brand": "BNI",
        "brand:wikidata": "Q2882611",
        "brand:wikipedia": "id:Bank Negara Indonesia",
        "drive_through": "no",
        "name": "ATM BNI",
        "official_name": "Bank Negara Indonesia",
        "old_name": "BNI 46",
        "operator": "BNI",
        "operator:wikidata": "Q2882611",
        "short_name": "BNI"
      },
      "geometry": {
        "type": "Point",
        "coordinates": [
          107.5720151,
          -6.8904946
        ]
      },
      "id": "node/3874154563"
    },
    {
      "type": "Feature",
      "properties": {
        "@id": "node/3874154564",
        "amenity": "atm",
        "drive_through": "no",
        "name": "ATM BJB",
        "operator": "Bank Jabar Banten"
      },
      "geometry": {
        "type": "Point",
        "coordinates": [
          107.5720307,
          -6.8904878
        ]
      },
      "id": "node/3874154564"
    },
    {
      "type": "Feature",
      "properties": {
        "@id": "node/3874154565",
        "amenity": "atm",
        "brand": "CIMB Niaga",
        "brand:wikidata": "Q5011747",
        "cash_in": "no",
        "drive_through": "no",
        "name": "ATM CIMB Niaga",
        "operator": "CIMB Niaga",
        "operator:wikidata": "Q5011747"
      },
      "geometry": {
        "type": "Point",
        "coordinates": [
          107.5720435,
          -6.8904829
        ]
      },
      "id": "node/3874154565"
    },
    {
      "type": "Feature",
      "properties": {
        "@id": "node/3874154566",
        "amenity": "atm",
        "brand": "Bank Mandiri",
        "brand:wikidata": "Q806639",
        "drive_through": "no",
        "name": "ATM Mandiri",
        "operator": "Bank Mandiri",
        "operator:wikidata": "Q806639"
      },
      "geometry": {
        "type": "Point",
        "coordinates": [
          107.5720603,
          -6.89048
        ]
      },
      "id": "node/3874154566"
    },
    {
      "type": "Feature",
      "properties": {
        "@id": "node/3874154567",
        "amenity": "atm",
        "brand": "Bank Central Asia",
        "brand:wikidata": "Q806626",
        "drive_through": "no",
        "name": "Bank Central Asia",
        "official_name": "Bank Central Asia",
        "operator": "Bank Central Asia",
        "operator:wikidata": "Q806626",
        "short_name": "BCA"
      },
      "geometry": {
        "type": "Point",
        "coordinates": [
          107.5720376,
          -6.8908922
        ]
      },
      "id": "node/3874154567"
    },
    {
      "type": "Feature",
      "properties": {
        "@id": "node/4099275954",
        "alt_name": "Bank BRI",
        "amenity": "atm",
        "name": "Bank Rakyat Indonesia",
        "official_name": "Bank Rakyat Indonesia",
        "old_name": "Bank Rakjat Indonesia",
        "short_name": "BRI"
      },
      "geometry": {
        "type": "Point",
        "coordinates": [
          107.5863942,
          -6.8940142
        ]
      },
      "id": "node/4099275954"
    },
    {
      "type": "Feature",
      "properties": {
        "@id": "node/4143045791",
        "amenity": "atm",
        "opening_hours": "24/7"
      },
      "geometry": {
        "type": "Point",
        "coordinates": [
          107.6601745,
          -6.9136046
        ]
      },
      "id": "node/4143045791"
    },
    {
      "type": "Feature",
      "properties": {
        "@id": "node/4322415289",
        "amenity": "atm"
      },
      "geometry": {
        "type": "Point",
        "coordinates": [
          107.6413985,
          -6.9445428
        ]
      },
      "id": "node/4322415289"
    },
    {
      "type": "Feature",
      "properties": {
        "@id": "node/4327182660",
        "addr:city": "Bandung",
        "addr:street": "Jl. Ciumbuleuit, Hegarmanah, Cidadap",
        "amenity": "atm",
        "brand": "Bank Mandiri",
        "brand:wikidata": "Q806639",
        "name": "ATM Mandiri",
        "operator": "Bank Mandiri",
        "operator:wikidata": "Q806639"
      },
      "geometry": {
        "type": "Point",
        "coordinates": [
          107.604257,
          -6.8756622
        ]
      },
      "id": "node/4327182660"
    },
    {
      "type": "Feature",
      "properties": {
        "@id": "node/4327206127",
        "addr:city": "Bandung",
        "addr:housenumber": "156",
        "addr:street": "Jl. Ciembeluit",
        "amenity": "atm",
        "brand": "Bank Mandiri",
        "brand:wikidata": "Q806639",
        "name": "Mandiri ATM Graha Ciembeluit",
        "operator": "Bank Mandiri",
        "operator:wikidata": "Q806639"
      },
      "geometry": {
        "type": "Point",
        "coordinates": [
          107.6047827,
          -6.8736821
        ]
      },
      "id": "node/4327206127"
    },
    {
      "type": "Feature",
      "properties": {
        "@id": "node/4327223612",
        "addr:city": "Bandung",
        "addr:street": "IPTN Turbin Prop, JL. Gunung Batu",
        "amenity": "atm",
        "name": "ATM Mandiri"
      },
      "geometry": {
        "type": "Point",
        "coordinates": [
          107.6070599,
          -6.8732201
        ]
      },
      "id": "node/4327223612"
    },
    {
      "type": "Feature",
      "properties": {
        "@id": "node/4327910638",
        "addr:street": "Jl. Rajawali Barat, Maleber, Andir,",
        "alt_name": "Bank BRI",
        "amenity": "atm",
        "brand": "BRI",
        "brand:wikidata": "Q623042",
        "check_date": "2026-01-24",
        "name": "Bank Rakyat Indonesia",
        "official_name": "Bank Rakyat Indonesia",
        "old_name": "Bank Rakjat Indonesia",
        "operator": "BRI",
        "operator:wikidata": "Q623042",
        "short_name": "BRI"
      },
      "geometry": {
        "type": "Point",
        "coordinates": [
          107.5749681,
          -6.9126825
        ]
      },
      "id": "node/4327910638"
    },
    {
      "type": "Feature",
      "properties": {
        "@id": "node/4328114400",
        "addr:city": "Bandung, Jawa Barat",
        "addr:street": "Jl. Kb. Jati, Kb. Jeruk, Andir",
        "amenity": "atm",
        "brand": "Bank BJB",
        "brand:wikidata": "Q12474472",
        "name": "Bank bjb",
        "operator": "Bank BJB",
        "operator:wikidata": "Q12474472"
      },
      "geometry": {
        "type": "Point",
        "coordinates": [
          107.5974042,
          -6.9168272
        ]
      },
      "id": "node/4328114400"
    },
    {
      "type": "Feature",
      "properties": {
        "@id": "node/4447753694",
        "alt_name": "BNI 46",
        "amenity": "atm",
        "brand:wikidata": "Q2882611",
        "brand:wikipedia": "id:Bank Negara Indonesia",
        "check_date": "2026-06-28",
        "name": "Bank Negara Indonesia",
        "official_name": "Bank Negara Indonesia",
        "old_name": "BNI 46",
        "operator": "Bank Negara Indonesia",
        "short_name": "BNI"
      },
      "geometry": {
        "type": "Point",
        "coordinates": [
          107.635276,
          -6.9728054
        ]
      },
      "id": "node/4447753694"
    },
    {
      "type": "Feature",
      "properties": {
        "@id": "node/4523818732",
        "amenity": "atm"
      },
      "geometry": {
        "type": "Point",
        "coordinates": [
          107.5968899,
          -6.9058863
        ]
      },
      "id": "node/4523818732"
    },
    {
      "type": "Feature",
      "properties": {
        "@id": "node/4563478090",
        "alt_name": "BNI 46",
        "amenity": "atm",
        "brand:wikidata": "Q2882611",
        "brand:wikipedia": "id:Bank Negara Indonesia",
        "drive_through": "yes",
        "name": "Bank Negara Indonesia",
        "official_name": "Bank Negara Indonesia",
        "old_name": "BNI 46",
        "opening_hours": "24/7",
        "short_name": "BNI"
      },
      "geometry": {
        "type": "Point",
        "coordinates": [
          107.5934612,
          -6.8980097
        ]
      },
      "id": "node/4563478090"
    },
    {
      "type": "Feature",
      "properties": {
        "@id": "node/4567987878",
        "amenity": "atm",
        "name": "Bank Central Asia",
        "official_name": "Bank Central Asia",
        "short_name": "BCA"
      },
      "geometry": {
        "type": "Point",
        "coordinates": [
          107.5864359,
          -6.894012
        ]
      },
      "id": "node/4567987878"
    },
    {
      "type": "Feature",
      "properties": {
        "@id": "node/4643430975",
        "amenity": "atm",
        "cash_in": "no",
        "cash_out": "yes",
        "name": "Bank Negara Indonesia",
        "opening_hours": "24/7"
      },
      "geometry": {
        "type": "Point",
        "coordinates": [
          107.6634419,
          -6.9273464
        ]
      },
      "id": "node/4643430975"
    },
    {
      "type": "Feature",
      "properties": {
        "@id": "node/4991473026",
        "amenity": "atm",
        "opening_hours": "24/7",
        "operator": "BNI"
      },
      "geometry": {
        "type": "Point",
        "coordinates": [
          107.5764077,
          -6.880034
        ]
      },
      "id": "node/4991473026"
    },
    {
      "type": "Feature",
      "properties": {
        "@id": "node/5036983754",
        "amenity": "atm",
        "currency:IDR": "yes",
        "operator": "Bank BRI"
      },
      "geometry": {
        "type": "Point",
        "coordinates": [
          107.6065891,
          -6.8775263
        ]
      },
      "id": "node/5036983754"
    },
    {
      "type": "Feature",
      "properties": {
        "@id": "node/5036983755",
        "amenity": "atm",
        "operator": "Bank Mandiri"
      },
      "geometry": {
        "type": "Point",
        "coordinates": [
          107.6066065,
          -6.8775263
        ]
      },
      "id": "node/5036983755"
    },
    {
      "type": "Feature",
      "properties": {
        "@id": "node/5123512124",
        "amenity": "atm",
        "operator": "BPR KS"
      },
      "geometry": {
        "type": "Point",
        "coordinates": [
          107.6244472,
          -6.9610582
        ]
      },
      "id": "node/5123512124"
    },
    {
      "type": "Feature",
      "properties": {
        "@id": "node/5177709492",
        "amenity": "atm",
        "brand": "Bank Central Asia",
        "brand:wikidata": "Q806626",
        "cash_in": "no",
        "indoor": "yes",
        "name": "Bank Central Asia",
        "official_name": "Bank Central Asia",
        "operator": "Bank Central Asia",
        "operator:wikidata": "Q806626",
        "short_name": "BCA"
      },
      "geometry": {
        "type": "Point",
        "coordinates": [
          107.6124211,
          -6.9065231
        ]
      },
      "id": "node/5177709492"
    },
    {
      "type": "Feature",
      "properties": {
        "@id": "node/5181203381",
        "amenity": "atm",
        "name": "Mandiri"
      },
      "geometry": {
        "type": "Point",
        "coordinates": [
          107.6043271,
          -6.8924483
        ]
      },
      "id": "node/5181203381"
    },
    {
      "type": "Feature",
      "properties": {
        "@id": "node/5190285621",
        "amenity": "atm",
        "brand": "Bank Central Asia",
        "brand:wikidata": "Q806626",
        "name": "Bank Central Asia",
        "official_name": "Bank Central Asia",
        "operator": "Bank Central Asia",
        "operator:wikidata": "Q806626",
        "short_name": "BCA"
      },
      "geometry": {
        "type": "Point",
        "coordinates": [
          107.6240079,
          -6.9085754
        ]
      },
      "id": "node/5190285621"
    },
    {
      "type": "Feature",
      "properties": {
        "@id": "node/5190291277",
        "alt_name": "Bank BRI",
        "amenity": "atm",
        "brand": "BRI",
        "brand:wikidata": "Q623042",
        "cash_in": "yes",
        "drive_through": "no",
        "name": "Bank Rakyat Indonesia",
        "official_name": "Bank Rakyat Indonesia",
        "old_name": "Bank Rakjat Indonesia",
        "operator": "BRI",
        "operator:wikidata": "Q623042",
        "short_name": "BRI"
      },
      "geometry": {
        "type": "Point",
        "coordinates": [
          107.6206448,
          -6.9056325
        ]
      },
      "id": "node/5190291277"
    },
    {
      "type": "Feature",
      "properties": {
        "@id": "node/5485942005",
        "amenity": "atm",
        "atm": "yes",
        "brand": "Bank Mandiri",
        "brand:wikidata": "Q806639",
        "name": "ATM Mandiri",
        "operator": "Bank Mandiri",
        "operator:wikidata": "Q806639"
      },
      "geometry": {
        "type": "Point",
        "coordinates": [
          107.6435138,
          -6.9070302
        ]
      },
      "id": "node/5485942005"
    },
    {
      "type": "Feature",
      "properties": {
        "@id": "node/5485942006",
        "amenity": "atm",
        "brand": "BNI",
        "brand:wikidata": "Q2882611",
        "name": "Bank Negara Indonesia",
        "official_name": "Bank Negara Indonesia",
        "operator": "BNI",
        "operator:wikidata": "Q2882611"
      },
      "geometry": {
        "type": "Point",
        "coordinates": [
          107.6434205,
          -6.9071288
        ]
      },
      "id": "node/5485942006"
    },
    {
      "type": "Feature",
      "properties": {
        "@id": "node/5558651083",
        "alt_name": "Bank BRI",
        "amenity": "atm",
        "brand": "BRI",
        "brand:wikidata": "Q623042",
        "name": "Bank Rakyat Indonesia",
        "official_name": "Bank Rakyat Indonesia",
        "old_name": "Bank Rakjat Indonesia",
        "operator": "BRI",
        "operator:wikidata": "Q623042",
        "short_name": "BRI"
      },
      "geometry": {
        "type": "Point",
        "coordinates": [
          107.6113524,
          -6.9169992
        ]
      },
      "id": "node/5558651083"
    },
    {
      "type": "Feature",
      "properties": {
        "@id": "node/5803815354",
        "amenity": "atm",
        "opening_hours": "24/7",
        "operator": "Bank Rakyat Indonesia"
      },
      "geometry": {
        "type": "Point",
        "coordinates": [
          107.6091952,
          -6.9178459
        ]
      },
      "id": "node/5803815354"
    },
    {
      "type": "Feature",
      "properties": {
        "@id": "node/5810452371",
        "amenity": "atm",
        "brand": "Bank Central Asia",
        "brand:wikidata": "Q806626",
        "name": "BCA",
        "opening_hours": "Mo-Su 07:00-22:00",
        "operator": "Bank Central Asia",
        "operator:wikidata": "Q806626"
      },
      "geometry": {
        "type": "Point",
        "coordinates": [
          107.6690485,
          -6.9044988
        ]
      },
      "id": "node/5810452371"
    },
    {
      "type": "Feature",
      "properties": {
        "@id": "node/5810470854",
        "amenity": "atm",
        "opening_hours": "24/7",
        "operator": "Mandiri"
      },
      "geometry": {
        "type": "Point",
        "coordinates": [
          107.6695851,
          -6.9041535
        ]
      },
      "id": "node/5810470854"
    },
    {
      "type": "Feature",
      "properties": {
        "@id": "node/5813967054",
        "amenity": "atm"
      },
      "geometry": {
        "type": "Point",
        "coordinates": [
          107.6123994,
          -6.8973592
        ]
      },
      "id": "node/5813967054"
    },
    {
      "type": "Feature",
      "properties": {
        "@id": "node/5813978853",
        "amenity": "atm"
      },
      "geometry": {
        "type": "Point",
        "coordinates": [
          107.6123977,
          -6.8973948
        ]
      },
      "id": "node/5813978853"
    },
    {
      "type": "Feature",
      "properties": {
        "@id": "node/5813979053",
        "amenity": "atm"
      },
      "geometry": {
        "type": "Point",
        "coordinates": [
          107.6123969,
          -6.8974291
        ]
      },
      "id": "node/5813979053"
    },
    {
      "type": "Feature",
      "properties": {
        "@id": "node/5825226854",
        "amenity": "atm",
        "opening_hours": "24/7",
        "operator": "DBS"
      },
      "geometry": {
        "type": "Point",
        "coordinates": [
          107.6126103,
          -6.9145254
        ]
      },
      "id": "node/5825226854"
    },
    {
      "type": "Feature",
      "properties": {
        "@id": "node/5829065089",
        "amenity": "atm"
      },
      "geometry": {
        "type": "Point",
        "coordinates": [
          107.5996589,
          -6.8960054
        ]
      },
      "id": "node/5829065089"
    },
    {
      "type": "Feature",
      "properties": {
        "@id": "node/5829097285",
        "amenity": "atm"
      },
      "geometry": {
        "type": "Point",
        "coordinates": [
          107.5996516,
          -6.8960437
        ]
      },
      "id": "node/5829097285"
    },
    {
      "type": "Feature",
      "properties": {
        "@id": "node/6141519958",
        "amenity": "atm",
        "fee": "ATM Gallery Cikutra Bandung",
        "operator": "BNI dan BRI"
      },
      "geometry": {
        "type": "Point",
        "coordinates": [
          107.6383942,
          -6.8937094
        ]
      },
      "id": "node/6141519958"
    },
    {
      "type": "Feature",
      "properties": {
        "@id": "node/6180072427",
        "amenity": "atm",
        "brand": "Bank Central Asia",
        "brand:wikidata": "Q806626",
        "name": "ATM BCA",
        "official_name": "Bank Central Asia",
        "operator": "Bank Central Asia",
        "operator:wikidata": "Q806626",
        "short_name": "BCA"
      },
      "geometry": {
        "type": "Point",
        "coordinates": [
          107.6240454,
          -6.9080619
        ]
      },
      "id": "node/6180072427"
    },
    {
      "type": "Feature",
      "properties": {
        "@id": "node/6185164155",
        "alt_name": "BNI 46",
        "amenity": "atm",
        "brand:wikidata": "Q2882611",
        "brand:wikipedia": "id:Bank Negara Indonesia",
        "name": "Bank Negara Indonesia",
        "official_name": "Bank Negara Indonesia",
        "old_name": "BNI 46",
        "short_name": "BNI"
      },
      "geometry": {
        "type": "Point",
        "coordinates": [
          107.6375778,
          -6.9281362
        ]
      },
      "id": "node/6185164155"
    },
    {
      "type": "Feature",
      "properties": {
        "@id": "node/6334753556",
        "amenity": "atm",
        "brand": "BNI",
        "brand:wikidata": "Q2882611",
        "currency:IDR": "yes",
        "drive_through": "no",
        "official_name": "Bank Negara Indonesia",
        "operator": "BNI",
        "operator:wikidata": "Q2882611"
      },
      "geometry": {
        "type": "Point",
        "coordinates": [
          107.6103213,
          -6.8923895
        ]
      },
      "id": "node/6334753556"
    },
    {
      "type": "Feature",
      "properties": {
        "@id": "node/6720585632",
        "alt_name": "BNI 46",
        "amenity": "atm",
        "brand:wikidata": "Q2882611",
        "brand:wikipedia": "id:Bank Negara Indonesia",
        "name": "Bank Negara Indonesia",
        "official_name": "Bank Negara Indonesia",
        "old_name": "BNI 46",
        "short_name": "BNI"
      },
      "geometry": {
        "type": "Point",
        "coordinates": [
          107.6056125,
          -6.8930713
        ]
      },
      "id": "node/6720585632"
    },
    {
      "type": "Feature",
      "properties": {
        "@id": "node/6801061212",
        "amenity": "atm",
        "operator": "Bca"
      },
      "geometry": {
        "type": "Point",
        "coordinates": [
          107.6417523,
          -6.9441185
        ]
      },
      "id": "node/6801061212"
    },
    {
      "type": "Feature",
      "properties": {
        "@id": "node/7301581250",
        "amenity": "atm",
        "brand": "Bank Mandiri",
        "brand:wikidata": "Q806639",
        "operator": "Bank Mandiri",
        "operator:wikidata": "Q806639"
      },
      "geometry": {
        "type": "Point",
        "coordinates": [
          107.6029041,
          -6.9133304
        ]
      },
      "id": "node/7301581250"
    },
    {
      "type": "Feature",
      "properties": {
        "@id": "node/8713878619",
        "amenity": "atm",
        "opening_hours": "Mo-Su 07:00-21:00",
        "operator": "Denisa@net"
      },
      "geometry": {
        "type": "Point",
        "coordinates": [
          107.5534518,
          -6.9139627
        ]
      },
      "id": "node/8713878619"
    },
    {
      "type": "Feature",
      "properties": {
        "@id": "node/9500792921",
        "alt_name": "BNI 46",
        "amenity": "atm",
        "brand": "BNI",
        "brand:wikidata": "Q2882611",
        "brand:wikipedia": "id:Bank Negara Indonesia",
        "cash_in": "yes",
        "check_date": "2025-08-14",
        "indoor": "yes",
        "name": "Bank Negara Indonesia",
        "official_name": "Bank Negara Indonesia",
        "old_name": "BNI 46",
        "operator": "BNI",
        "operator:wikidata": "Q2882611",
        "operator:wikipedia": "id:Bank Negara Indonesia",
        "short_name": "BNI"
      },
      "geometry": {
        "type": "Point",
        "coordinates": [
          107.5936687,
          -6.8603175
        ]
      },
      "id": "node/9500792921"
    },
    {
      "type": "Feature",
      "properties": {
        "@id": "node/9500792922",
        "amenity": "atm",
        "brand": "Bank Mandiri",
        "brand:wikidata": "Q806639",
        "brand:wikipedia": "en:Bank Mandiri",
        "check_date": "2025-08-14",
        "name": "Bank Mandiri",
        "operator": "Bank Mandiri",
        "operator:wikidata": "Q806639",
        "operator:wikipedia": "en:Bank Mandiri"
      },
      "geometry": {
        "type": "Point",
        "coordinates": [
          107.5937108,
          -6.860316
        ]
      },
      "id": "node/9500792922"
    },
    {
      "type": "Feature",
      "properties": {
        "@id": "node/9732596380",
        "addr:city": "Bandung",
        "addr:full": "Jalan Tamansari",
        "alt_name": "BNI 46",
        "amenity": "atm",
        "brand": "BNI",
        "brand:wikidata": "Q2882611",
        "brand:wikipedia": "id:Bank Negara Indonesia",
        "name": "Bank Negara Indonesia",
        "official_name": "Bank Negara Indonesia",
        "old_name": "BNI 46",
        "opening_hours": "Mo-Su 08:00-21:00",
        "operator": "BNI",
        "operator:wikidata": "Q2882611",
        "short_name": "BNI",
        "source": "S2City_POI_2022",
        "wheelchair": "limited"
      },
      "geometry": {
        "type": "Point",
        "coordinates": [
          107.6116544,
          -6.8852565
        ]
      },
      "id": "node/9732596380"
    },
    {
      "type": "Feature",
      "properties": {
        "@id": "node/9734956908",
        "addr:city": "Bandung",
        "addr:full": "Jalan Dipatiukur no 51 A",
        "amenity": "atm",
        "check_date": "2026-03-03",
        "name": "ATM Mandiri",
        "opening_hours": "Mo-Su 08:00-21:00",
        "source": "S2City_POI_2022",
        "wheelchair": "no"
      },
      "geometry": {
        "type": "Point",
        "coordinates": [
          107.6173758,
          -6.8917777
        ]
      },
      "id": "node/9734956908"
    },
    {
      "type": "Feature",
      "properties": {
        "@id": "node/9734977413",
        "addr:city": "Bandung",
        "addr:full": "Jalan Ir. H. juanda 162",
        "alt_name": "BNI 46",
        "amenity": "atm",
        "brand": "BNI",
        "brand:wikidata": "Q2882611",
        "brand:wikipedia": "id:Bank Negara Indonesia",
        "cash_in": "yes",
        "check_date": "2025-08-11",
        "indoor": "yes",
        "name": "Bank Negara Indonesia",
        "official_name": "Bank Negara Indonesia",
        "old_name": "BNI 46",
        "opening_hours": "24/7",
        "operator": "BNI",
        "operator:wikidata": "Q2882611",
        "short_name": "BNI",
        "source": "S2City_POI_2022",
        "wheelchair": "no"
      },
      "geometry": {
        "type": "Point",
        "coordinates": [
          107.613851,
          -6.8861285
        ]
      },
      "id": "node/9734977413"
    },
    {
      "type": "Feature",
      "properties": {
        "@id": "node/9734995516",
        "addr:city": "Bandung",
        "addr:full": "Jalan Hasanudin",
        "alt_name": "BNI 46",
        "amenity": "atm",
        "brand": "BNI",
        "brand:wikidata": "Q2882611",
        "brand:wikipedia": "id:Bank Negara Indonesia",
        "check_date": "2025-12-13",
        "name": "Bank Negara Indonesia",
        "official_name": "Bank Negara Indonesia",
        "old_name": "BNI 46",
        "opening_hours": "24/7",
        "operator": "BNI",
        "operator:wikidata": "Q2882611",
        "short_name": "BNI",
        "source": "S2City_POI_2022",
        "wheelchair": "limited"
      },
      "geometry": {
        "type": "Point",
        "coordinates": [
          107.6164585,
          -6.8946539
        ]
      },
      "id": "node/9734995516"
    },
    {
      "type": "Feature",
      "properties": {
        "@id": "node/9735040474",
        "addr:city": "Bandung",
        "addr:full": "Jalan Sekeloa Selatan 1",
        "alt_name": "BNI 46",
        "amenity": "atm",
        "brand:wikidata": "Q2882611",
        "brand:wikipedia": "id:Bank Negara Indonesia",
        "name": "Bank Negara Indonesia",
        "official_name": "Bank Negara Indonesia",
        "old_name": "BNI 46",
        "opening_hours": "24/7",
        "short_name": "BNI",
        "source": "S2City_POI_2022",
        "wheelchair": "no"
      },
      "geometry": {
        "type": "Point",
        "coordinates": [
          107.6189331,
          -6.8901887
        ]
      },
      "id": "node/9735040474"
    },
    {
      "type": "Feature",
      "properties": {
        "@id": "node/9735040495",
        "addr:city": "Bandung",
        "addr:full": "Jalan Dipatiukur No. 85",
        "amenity": "atm",
        "check_date": "2025-08-09",
        "name": "Bank Central Asia",
        "official_name": "Bank Central Asia",
        "opening_hours": "24/7",
        "short_name": "BCA",
        "source": "S2City_POI_2022",
        "wheelchair": "limited"
      },
      "geometry": {
        "type": "Point",
        "coordinates": [
          107.615853,
          -6.8886825
        ]
      },
      "id": "node/9735040495"
    },
    {
      "type": "Feature",
      "properties": {
        "@id": "node/9735115635",
        "addr:city": "Bandung",
        "addr:full": "Jalan Ir. H. Juanda no 152",
        "amenity": "atm",
        "brand": "Bank Mandiri",
        "brand:wikidata": "Q806639",
        "check_date": "2026-02-27",
        "name": "ATM Bank Mandiri",
        "opening_hours": "Mo-Fr 08:00-16:00",
        "operator": "Bank Mandiri",
        "operator:wikidata": "Q806639",
        "source": "S2City_POI_2022",
        "wheelchair": "limited"
      },
      "geometry": {
        "type": "Point",
        "coordinates": [
          107.6137934,
          -6.886659
        ]
      },
      "id": "node/9735115635"
    },
    {
      "type": "Feature",
      "properties": {
        "@id": "node/9735115636",
        "addr:city": "Bandung",
        "addr:full": "Jalan Ir. H. Juanda no 152",
        "amenity": "atm",
        "brand": "Bank Central Asia",
        "brand:wikidata": "Q806626",
        "cash_in": "no",
        "check_date": "2026-03-07",
        "name": "Bank Central Asia",
        "official_name": "Bank Central Asia",
        "opening_hours": "Mo-Fr 08:00-16:00",
        "operator": "Bank Central Asia",
        "operator:wikidata": "Q806626",
        "short_name": "BCA",
        "source": "S2City_POI_2022",
        "wheelchair": "limited"
      },
      "geometry": {
        "type": "Point",
        "coordinates": [
          107.6137791,
          -6.8866585
        ]
      },
      "id": "node/9735115636"
    },
    {
      "type": "Feature",
      "properties": {
        "@id": "node/9735115637",
        "addr:city": "Bandung",
        "addr:full": "Jalan Ir. H. Juanda no 152",
        "alt_name": "BNI 46",
        "amenity": "atm",
        "brand": "BNI",
        "brand:wikidata": "Q2882611",
        "brand:wikipedia": "id:Bank Negara Indonesia",
        "cash_in": "yes",
        "check_date": "2026-03-07",
        "name": "Bank Negara Indonesia",
        "official_name": "Bank Negara Indonesia",
        "old_name": "BNI 46",
        "opening_hours": "Mo-Fr 08:00-16:00",
        "operator": "BNI",
        "operator:wikidata": "Q2882611",
        "short_name": "BNI",
        "source": "S2City_POI_2022",
        "wheelchair": "limited"
      },
      "geometry": {
        "type": "Point",
        "coordinates": [
          107.6137651,
          -6.8866578
        ]
      },
      "id": "node/9735115637"
    },
    {
      "type": "Feature",
      "properties": {
        "@id": "node/9735115642",
        "addr:city": "Bandung",
        "addr:full": "Jalan Ir. H. Juanda no 152",
        "amenity": "atm",
        "check_date": "2026-02-27",
        "name": "ATM Bank BJB",
        "opening_hours": "Mo-Fr 08:00-16:00",
        "source": "S2City_POI_2022",
        "wheelchair": "limited"
      },
      "geometry": {
        "type": "Point",
        "coordinates": [
          107.6137528,
          -6.8866574
        ]
      },
      "id": "node/9735115642"
    },
    {
      "type": "Feature",
      "properties": {
        "@id": "node/9735152399",
        "addr:city": "Bandung",
        "addr:full": "Jalan Peta",
        "amenity": "atm",
        "brand": "Bank Central Asia",
        "brand:wikidata": "Q806626",
        "cash_in": "yes",
        "name": "Bank Central Asia",
        "official_name": "Bank Central Asia",
        "opening_hours": "24/7",
        "operator": "Bank Central Asia",
        "operator:wikidata": "Q806626",
        "short_name": "BCA",
        "source": "S2City_POI_2022",
        "wheelchair": "no"
      },
      "geometry": {
        "type": "Point",
        "coordinates": [
          107.5927531,
          -6.9350004
        ]
      },
      "id": "node/9735152399"
    },
    {
      "type": "Feature",
      "properties": {
        "@id": "node/9735152400",
        "addr:city": "Bandung",
        "addr:full": "Jalan Peta",
        "alt_name": "Bank BRI",
        "amenity": "atm",
        "brand": "BRI",
        "brand:wikidata": "Q623042",
        "name": "Bank Rakyat Indonesia",
        "official_name": "Bank Rakyat Indonesia",
        "old_name": "Bank Rakjat Indonesia",
        "opening_hours": "24/7",
        "operator": "BRI",
        "operator:wikidata": "Q623042",
        "short_name": "BRI",
        "source": "S2City_POI_2022",
        "wheelchair": "no"
      },
      "geometry": {
        "type": "Point",
        "coordinates": [
          107.5915984,
          -6.9351122
        ]
      },
      "id": "node/9735152400"
    },
    {
      "type": "Feature",
      "properties": {
        "@id": "node/9735159729",
        "addr:city": "Bandung",
        "addr:full": "Jl. Madura 1A, Citarum, Bandung Wetan",
        "amenity": "atm",
        "name": "ATM BJB",
        "opening_hours": "Mo-Fr 08:00-15:00",
        "source": "S2City_POI_2022",
        "wheelchair": "limited"
      },
      "geometry": {
        "type": "Point",
        "coordinates": [
          107.6191628,
          -6.9063089
        ]
      },
      "id": "node/9735159729"
    },
    {
      "type": "Feature",
      "properties": {
        "@id": "node/9735159730",
        "addr:city": "Bandung",
        "addr:full": "Jl. Madura 1A, Citarum, Bandung Wetan",
        "alt_name": "Bank BRI",
        "amenity": "atm",
        "brand": "BRI",
        "brand:wikidata": "Q623042",
        "name": "ATM BRI",
        "official_name": "Bank Rakyat Indonesia",
        "old_name": "Bank Rakjat Indonesia",
        "opening_hours": "Mo-Fr 08:00-15:00",
        "operator": "BRI",
        "operator:wikidata": "Q623042",
        "short_name": "BRI",
        "source": "S2City_POI_2022",
        "wheelchair": "limited"
      },
      "geometry": {
        "type": "Point",
        "coordinates": [
          107.6191615,
          -6.9062783
        ]
      },
      "id": "node/9735159730"
    },
    {
      "type": "Feature",
      "properties": {
        "@id": "node/9735159731",
        "addr:city": "Bandung",
        "addr:full": "Jl. Madura 1A, Citarum, Bandung Wetan",
        "amenity": "atm",
        "brand": "Bank Mandiri",
        "brand:wikidata": "Q806639",
        "name": "ATM Mandiri",
        "opening_hours": "Mo-Fr 08:00-15:00",
        "operator": "Mandiri",
        "operator:wikidata": "Q806639",
        "source": "S2City_POI_2022",
        "wheelchair": "limited"
      },
      "geometry": {
        "type": "Point",
        "coordinates": [
          107.6191534,
          -6.9062503
        ]
      },
      "id": "node/9735159731"
    },
    {
      "type": "Feature",
      "properties": {
        "@id": "node/9735159732",
        "addr:city": "Bandung",
        "addr:full": "Jl. Madura 1A, Citarum, Bandung Wetan",
        "amenity": "atm",
        "brand": "Bank Central Asia",
        "brand:wikidata": "Q806626",
        "name": "ATM BCA",
        "official_name": "Bank Central Asia",
        "opening_hours": "Mo-Fr 08:00-15:00",
        "operator": "Bank Central Asia",
        "operator:wikidata": "Q806626",
        "short_name": "BCA",
        "source": "S2City_POI_2022",
        "wheelchair": "limited"
      },
      "geometry": {
        "type": "Point",
        "coordinates": [
          107.6191547,
          -6.906217
        ]
      },
      "id": "node/9735159732"
    },
    {
      "type": "Feature",
      "properties": {
        "@id": "node/9735159733",
        "addr:city": "Bandung",
        "addr:full": "Jl. Madura 1A, Citarum, Bandung Wetan",
        "alt_name": "BNI 46",
        "amenity": "atm",
        "brand": "BNI",
        "brand:wikidata": "Q2882611",
        "brand:wikipedia": "id:Bank Negara Indonesia",
        "name": "ATM BNI",
        "official_name": "Bank Negara Indonesia",
        "old_name": "BNI 46",
        "opening_hours": "Mo-Fr 08:00-15:00",
        "operator": "BNI",
        "operator:wikidata": "Q2882611",
        "short_name": "BNI",
        "source": "S2City_POI_2022",
        "wheelchair": "limited"
      },
      "geometry": {
        "type": "Point",
        "coordinates": [
          107.6191547,
          -6.9061824
        ]
      },
      "id": "node/9735159733"
    },
    {
      "type": "Feature",
      "properties": {
        "@id": "node/9735159734",
        "addr:city": "Bandung",
        "addr:full": "Jl. Cilaki No. 73, Citarum, Bandung Wetan",
        "amenity": "atm",
        "brand": "Bank Mandiri",
        "brand:wikidata": "Q806639",
        "name": "ATM Mandiri",
        "opening_hours": "Mo-Fr 08:00-16:00",
        "operator": "Bank Mandiri",
        "operator:wikidata": "Q806639",
        "source": "S2City_POI_2022",
        "wheelchair": "limited"
      },
      "geometry": {
        "type": "Point",
        "coordinates": [
          107.6195088,
          -6.9015732
        ]
      },
      "id": "node/9735159734"
    },
    {
      "type": "Feature",
      "properties": {
        "@id": "node/9735159735",
        "addr:city": "Bandung",
        "addr:full": "Jl. Ir. H. Djuanda 64, Citarum, Bandung Wetan",
        "amenity": "atm",
        "brand": "Bank Danamon",
        "brand:wikidata": "Q4855913",
        "cash_in": "yes",
        "check_date": "2025-12-13",
        "name": "ATM Danamon",
        "opening_hours": "24/7",
        "operator": "Bank Danamon",
        "operator:wikidata": "Q4855913",
        "source": "S2City_POI_2022",
        "wheelchair": "yes"
      },
      "geometry": {
        "type": "Point",
        "coordinates": [
          107.6129602,
          -6.8993537
        ]
      },
      "id": "node/9735159735"
    },
    {
      "type": "Feature",
      "properties": {
        "@id": "node/9735159737",
        "addr:city": "Bandung",
        "addr:full": "Jl. L. L. R.E. Martadinata 79 Citarum, Bandung Wetan",
        "amenity": "atm",
        "brand": "CIMB Niaga",
        "brand:wikidata": "Q5011747",
        "name": "ATM CIMB",
        "opening_hours": "24/7",
        "operator": "CIMB Niaga",
        "operator:wikidata": "Q5011747",
        "source": "S2City_POI_2022",
        "wheelchair": "limited"
      },
      "geometry": {
        "type": "Point",
        "coordinates": [
          107.6185741,
          -6.9054415
        ]
      },
      "id": "node/9735159737"
    },
    {
      "type": "Feature",
      "properties": {
        "@id": "node/9735159738",
        "addr:city": "Bandung",
        "addr:full": "Jl. L. L. R.E. Martadinata 79 Citarum, Bandung Wetan",
        "amenity": "atm",
        "brand": "Bank Central Asia",
        "brand:wikidata": "Q806626",
        "name": "Bank Central Asia",
        "official_name": "Bank Central Asia",
        "opening_hours": "24/7",
        "operator": "Bank Central Asia",
        "operator:wikidata": "Q806626",
        "short_name": "BCA",
        "source": "S2City_POI_2022",
        "wheelchair": "limited"
      },
      "geometry": {
        "type": "Point",
        "coordinates": [
          107.6185244,
          -6.9054415
        ]
      },
      "id": "node/9735159738"
    },
    {
      "type": "Feature",
      "properties": {
        "@id": "node/9735159743",
        "addr:city": "Bandung",
        "addr:full": "Jl. L. L. R.E. Martadinata 115 Citarum, Bandung Wetan",
        "alt_name": "BNI 46",
        "amenity": "atm",
        "brand": "BNI",
        "brand:wikidata": "Q2882611",
        "brand:wikipedia": "id:Bank Negara Indonesia",
        "check_date": "2026-05-04",
        "name": "Bank Negara Indonesia",
        "official_name": "Bank Negara Indonesia",
        "old_name": "BNI 46",
        "opening_hours": "24/7",
        "operator": "BNI",
        "operator:wikidata": "Q2882611",
        "short_name": "BNI",
        "source": "S2City_POI_2022",
        "wheelchair": "limited"
      },
      "geometry": {
        "type": "Point",
        "coordinates": [
          107.6182884,
          -6.9062876
        ]
      },
      "id": "node/9735159743"
    },
    {
      "type": "Feature",
      "properties": {
        "@id": "node/9735159744",
        "addr:city": "Bandung",
        "addr:full": "Jl. Aceh No. 44, Citarum, Bandung Wetan",
        "amenity": "atm",
        "brand": "Bank Central Asia",
        "brand:wikidata": "Q806626",
        "name": "Bank Central Asia",
        "official_name": "Bank Central Asia",
        "opening_hours": "Mo-Su 08:00-22:00",
        "operator": "Bank Central Asia",
        "operator:wikidata": "Q806626",
        "short_name": "BCA",
        "source": "S2City_POI_2022",
        "wheelchair": "limited"
      },
      "geometry": {
        "type": "Point",
        "coordinates": [
          107.6116633,
          -6.9098889
        ]
      },
      "id": "node/9735159744"
    },
    {
      "type": "Feature",
      "properties": {
        "@id": "node/9735227359",
        "addr:city": "Bandung",
        "addr:full": "Jl. Supratman No. 41, Cihapit, Bandung Wetan",
        "alt_name": "BNI 46",
        "amenity": "atm",
        "brand": "BNI",
        "brand:wikidata": "Q2882611",
        "brand:wikipedia": "id:Bank Negara Indonesia",
        "name": "Bank Negara Indonesia",
        "official_name": "Bank Negara Indonesia",
        "old_name": "BNI 46",
        "opening_hours": "24/7",
        "operator": "BNI",
        "operator:wikidata": "Q2882611",
        "short_name": "BNI",
        "source": "S2City_POI_2022",
        "wheelchair": "no"
      },
      "geometry": {
        "type": "Point",
        "coordinates": [
          107.6285237,
          -6.9047791
        ]
      },
      "id": "node/9735227359"
    },
    {
      "type": "Feature",
      "properties": {
        "@id": "node/9735227360",
        "addr:city": "Bandung",
        "addr:full": "Jl. Bengawan No. 65, Cihapit, Bandung Wetan",
        "amenity": "atm",
        "name": "ATM Mandiri",
        "opening_hours": "Mo-Fr 07:00-22:00",
        "source": "S2City_POI_2022",
        "wheelchair": "no"
      },
      "geometry": {
        "type": "Point",
        "coordinates": [
          107.6269251,
          -6.908752
        ]
      },
      "id": "node/9735227360"
    },
    {
      "type": "Feature",
      "properties": {
        "@id": "node/9735227361",
        "addr:city": "Bandung",
        "addr:full": "Jl. Bengawan No. 65, Cihapit, Bandung Wetan",
        "amenity": "atm",
        "name": "Bank Central Asia",
        "official_name": "Bank Central Asia",
        "opening_hours": "Mo-Fr 07:00-22:00",
        "short_name": "BCA",
        "source": "S2City_POI_2022",
        "wheelchair": "no"
      },
      "geometry": {
        "type": "Point",
        "coordinates": [
          107.6269533,
          -6.9087599
        ]
      },
      "id": "node/9735227361"
    },
    {
      "type": "Feature",
      "properties": {
        "@id": "node/9735227362",
        "addr:city": "Bandung",
        "addr:full": "Jl. Cihapit 7, Cihapit, Bandung Wetan",
        "alt_name": "Bank BRI",
        "amenity": "atm",
        "brand": "BRI",
        "brand:wikidata": "Q623042",
        "check_date": "2026-08-03",
        "name": "Bank Rakyat Indonesia",
        "official_name": "Bank Rakyat Indonesia",
        "old_name": "Bank Rakjat Indonesia",
        "opening_hours": "24/7",
        "operator": "BRI",
        "operator:wikidata": "Q623042",
        "short_name": "BRI",
        "source": "S2City_POI_2022",
        "wheelchair": "no"
      },
      "geometry": {
        "type": "Point",
        "coordinates": [
          107.6213153,
          -6.9083086
        ]
      },
      "id": "node/9735227362"
    },
    {
      "type": "Feature",
      "properties": {
        "@id": "node/9735284128",
        "addr:city": "Bandung",
        "addr:full": "Jl. Tubagus Ismail Raya No.46",
        "alt_name": "BNI 46",
        "amenity": "atm",
        "brand:wikidata": "Q2882611",
        "brand:wikipedia": "id:Bank Negara Indonesia",
        "name": "Bank Negara Indonesia",
        "official_name": "Bank Negara Indonesia",
        "old_name": "BNI 46",
        "opening_hours": "24/7",
        "short_name": "BNI",
        "source": "S2City_POI_2022",
        "wheelchair": "no"
      },
      "geometry": {
        "type": "Point",
        "coordinates": [
          107.6204509,
          -6.8851689
        ]
      },
      "id": "node/9735284128"
    },
    {
      "type": "Feature",
      "properties": {
        "@id": "node/9735284129",
        "addr:city": "Bandung",
        "addr:full": "Jl. Tubagus Ismail Raya No.46",
        "amenity": "atm",
        "name": "ATM Mandiri",
        "opening_hours": "24/7",
        "source": "S2City_POI_2022",
        "wheelchair": "no"
      },
      "geometry": {
        "type": "Point",
        "coordinates": [
          107.6204922,
          -6.8851819
        ]
      },
      "id": "node/9735284129"
    },
    {
      "type": "Feature",
      "properties": {
        "@id": "node/9735284130",
        "addr:city": "Bandung",
        "addr:full": "Jalan Tubagus Ismail Raya No. 40",
        "amenity": "atm",
        "name": "ATM Mandiri",
        "opening_hours": "24/7",
        "source": "S2City_POI_2022",
        "wheelchair": "no"
      },
      "geometry": {
        "type": "Point",
        "coordinates": [
          107.619721,
          -6.8849614
        ]
      },
      "id": "node/9735284130"
    },
    {
      "type": "Feature",
      "properties": {
        "@id": "node/9735284135",
        "addr:city": "Bandung",
        "addr:full": "Jalan Sekeloa",
        "amenity": "atm",
        "name": "Bank Central Asia",
        "official_name": "Bank Central Asia",
        "opening_hours": "Mo-Su 07:00-22:00",
        "short_name": "BCA",
        "source": "S2City_POI_2022",
        "wheelchair": "yes"
      },
      "geometry": {
        "type": "Point",
        "coordinates": [
          107.6188214,
          -6.8886159
        ]
      },
      "id": "node/9735284135"
    },
    {
      "type": "Feature",
      "properties": {
        "@id": "node/9738667074",
        "addr:city": "Bandung",
        "addr:full": "Jalan Dipatiukur No.85",
        "amenity": "atm",
        "name": "ATM CIMB",
        "opening_hours": "24/7",
        "source": "S2City_POI_2022",
        "wheelchair": "limited"
      },
      "geometry": {
        "type": "Point",
        "coordinates": [
          107.6152005,
          -6.8879476
        ]
      },
      "id": "node/9738667074"
    },
    {
      "type": "Feature",
      "properties": {
        "@id": "node/9738708334",
        "addr:city": "Bandung",
        "addr:full": "Jalan RS Boromeus",
        "amenity": "atm",
        "name": "ATM Bank BJB",
        "opening_hours": "24/7",
        "source": "S2City_POI_2022",
        "wheelchair": "yes"
      },
      "geometry": {
        "type": "Point",
        "coordinates": [
          107.6138339,
          -6.8946226
        ]
      },
      "id": "node/9738708334"
    },
    {
      "type": "Feature",
      "properties": {
        "@id": "node/9738708335",
        "addr:city": "Bandung",
        "addr:full": "Jalan RS Boromeus",
        "alt_name": "BNI 46",
        "amenity": "atm",
        "brand": "BNI",
        "brand:wikidata": "Q2882611",
        "brand:wikipedia": "id:Bank Negara Indonesia",
        "name": "Bank Negara Indonesia",
        "official_name": "Bank Negara Indonesia",
        "old_name": "BNI 46",
        "opening_hours": "24/7",
        "operator": "BNI",
        "operator:wikidata": "Q2882611",
        "short_name": "BNI",
        "source": "S2City_POI_2022",
        "wheelchair": "yes"
      },
      "geometry": {
        "type": "Point",
        "coordinates": [
          107.6138812,
          -6.8946253
        ]
      },
      "id": "node/9738708335"
    },
    {
      "type": "Feature",
      "properties": {
        "@id": "node/9738725764",
        "addr:city": "Bandung",
        "addr:full": "Jalan Dipatiukur",
        "alt_name": "BNI 46",
        "amenity": "atm",
        "brand:wikidata": "Q2882611",
        "brand:wikipedia": "id:Bank Negara Indonesia",
        "check_date": "2025-12-13",
        "name": "Bank Negara Indonesia",
        "official_name": "Bank Negara Indonesia",
        "old_name": "BNI 46",
        "opening_hours": "24/7",
        "short_name": "BNI",
        "source": "S2City_POI_2022",
        "wheelchair": "no"
      },
      "geometry": {
        "type": "Point",
        "coordinates": [
          107.6164509,
          -6.8904585
        ]
      },
      "id": "node/9738725764"
    },
    {
      "type": "Feature",
      "properties": {
        "@id": "node/9738829195",
        "addr:city": "Bandung",
        "addr:full": "Jalan Dipatiukur",
        "alt_name": "BNI 46",
        "amenity": "atm",
        "brand": "BNI",
        "brand:wikidata": "Q2882611",
        "brand:wikipedia": "id:Bank Negara Indonesia",
        "cash_in": "yes",
        "name": "Bank Negara Indonesia",
        "official_name": "Bank Negara Indonesia",
        "old_name": "BNI 46",
        "opening_hours": "24/7",
        "operator": "BNI",
        "operator:wikidata": "Q2882611",
        "short_name": "BNI",
        "source": "S2City_POI_2022",
        "wheelchair": "no"
      },
      "geometry": {
        "type": "Point",
        "coordinates": [
          107.6150811,
          -6.8866938
        ]
      },
      "id": "node/9738829195"
    },
    {
      "type": "Feature",
      "properties": {
        "@id": "node/9738925279",
        "addr:city": "Bandung",
        "addr:full": "Jl. Sudirman 331",
        "alt_name": "BNI 46",
        "amenity": "atm",
        "brand": "BNI",
        "brand:wikidata": "Q2882611",
        "brand:wikipedia": "id:Bank Negara Indonesia",
        "check_date": "2026-01-24",
        "name": "Bank Negara Indonesia",
        "official_name": "Bank Negara Indonesia",
        "old_name": "BNI 46",
        "opening_hours": "24/7",
        "operator": "BNI",
        "operator:wikidata": "Q2882611",
        "short_name": "BNI",
        "source": "S2City_POI_2022",
        "wheelchair": "limited"
      },
      "geometry": {
        "type": "Point",
        "coordinates": [
          107.5924574,
          -6.9195625
        ]
      },
      "id": "node/9738925279"
    },
    {
      "type": "Feature",
      "properties": {
        "@id": "node/9738925284",
        "addr:city": "Bandung",
        "addr:full": "Jl. Pagarsih barat no 127 (Indomaret)",
        "amenity": "atm",
        "name": "Bank Central Asia",
        "official_name": "Bank Central Asia",
        "opening_hours": "24/7",
        "short_name": "BCA",
        "source": "S2City_POI_2022",
        "wheelchair": "no"
      },
      "geometry": {
        "type": "Point",
        "coordinates": [
          107.5911696,
          -6.9225507
        ]
      },
      "id": "node/9738925284"
    },
    {
      "type": "Feature",
      "properties": {
        "@id": "node/9738925285",
        "addr:city": "Bandung",
        "addr:full": "Jl. Pagarsih 127",
        "alt_name": "Bank BRI",
        "amenity": "atm",
        "name": "Bank Rakyat Indonesia",
        "official_name": "Bank Rakyat Indonesia",
        "old_name": "Bank Rakjat Indonesia",
        "opening_hours": "24/7",
        "short_name": "BRI",
        "source": "S2City_POI_2022",
        "wheelchair": "limited"
      },
      "geometry": {
        "type": "Point",
        "coordinates": [
          107.5912311,
          -6.9225531
        ]
      },
      "id": "node/9738925285"
    },
    {
      "type": "Feature",
      "properties": {
        "@id": "node/9738925286",
        "addr:city": "Bandung",
        "addr:full": "Jl. Pagarsih barat no 127 (Indomaret)",
        "alt_name": "BNI 46",
        "amenity": "atm",
        "brand:wikidata": "Q2882611",
        "brand:wikipedia": "id:Bank Negara Indonesia",
        "name": "Bank Negara Indonesia",
        "official_name": "Bank Negara Indonesia",
        "old_name": "BNI 46",
        "opening_hours": "24/7",
        "short_name": "BNI",
        "source": "S2City_POI_2022",
        "wheelchair": "no"
      },
      "geometry": {
        "type": "Point",
        "coordinates": [
          107.5911696,
          -6.9225555
        ]
      },
      "id": "node/9738925286"
    },
    {
      "type": "Feature",
      "properties": {
        "@id": "node/9738925287",
        "addr:city": "Bandung",
        "addr:full": "Jl. Terusan Pasirkoja (Indomeret)",
        "amenity": "atm",
        "name": "Bank Central Asia",
        "official_name": "Bank Central Asia",
        "opening_hours": "24/7",
        "short_name": "BCA",
        "source": "S2City_POI_2022",
        "wheelchair": "limited"
      },
      "geometry": {
        "type": "Point",
        "coordinates": [
          107.5934482,
          -6.9263195
        ]
      },
      "id": "node/9738925287"
    },
    {
      "type": "Feature",
      "properties": {
        "@id": "node/9738925288",
        "addr:city": "Bandung",
        "addr:full": "Jl. Terusan pasirkoja (SPBU)",
        "amenity": "atm",
        "name": "Bank Central Asia",
        "official_name": "Bank Central Asia",
        "opening_hours": "24/7",
        "short_name": "BCA",
        "source": "S2City_POI_2022",
        "wheelchair": "limited"
      },
      "geometry": {
        "type": "Point",
        "coordinates": [
          107.5919232,
          -6.9258912
        ]
      },
      "id": "node/9738925288"
    },
    {
      "type": "Feature",
      "properties": {
        "@id": "node/9738925313",
        "addr:city": "Bandung",
        "addr:full": "Jl. Jamika No. 20",
        "amenity": "atm",
        "name": "ATM BJB",
        "opening_hours": "24/7",
        "source": "S2City_POI_2022",
        "wheelchair": "limited"
      },
      "geometry": {
        "type": "Point",
        "coordinates": [
          107.5864944,
          -6.920005
        ]
      },
      "id": "node/9738925313"
    },
    {
      "type": "Feature",
      "properties": {
        "@id": "node/9738925314",
        "addr:city": "Bandung",
        "addr:full": "Jl. Jamika No. 30",
        "amenity": "atm",
        "brand": "Bank Central Asia",
        "brand:wikidata": "Q806626",
        "name": "Bank Central Asia",
        "official_name": "Bank Central Asia",
        "opening_hours": "24/7",
        "operator": "Bank Central Asia",
        "operator:wikidata": "Q806626",
        "short_name": "BCA",
        "source": "S2City_POI_2022",
        "wheelchair": "limited"
      },
      "geometry": {
        "type": "Point",
        "coordinates": [
          107.5864341,
          -6.9204575
        ]
      },
      "id": "node/9738925314"
    },
    {
      "type": "Feature",
      "properties": {
        "@id": "node/9738925315",
        "addr:city": "Bandung",
        "addr:full": "Jl. Jamika 42",
        "amenity": "atm",
        "name": "ATM Sinarmas",
        "opening_hours": "24/7",
        "source": "S2City_POI_2022",
        "wheelchair": "limited"
      },
      "geometry": {
        "type": "Point",
        "coordinates": [
          107.5860889,
          -6.9204185
        ]
      },
      "id": "node/9738925315"
    },
    {
      "type": "Feature",
      "properties": {
        "@id": "node/9738925316",
        "addr:city": "Bandung",
        "addr:full": "Jl. Jamika No. 34",
        "amenity": "atm",
        "brand": "Bank Mandiri",
        "brand:wikidata": "Q806639",
        "name": "Mandiri",
        "opening_hours": "24/7",
        "operator": "Bank Mandiri",
        "operator:wikidata": "Q806639",
        "source": "S2City_POI_2022",
        "wheelchair": "limited"
      },
      "geometry": {
        "type": "Point",
        "coordinates": [
          107.5864158,
          -6.9205943
        ]
      },
      "id": "node/9738925316"
    },
    {
      "type": "Feature",
      "properties": {
        "@id": "node/9738942017",
        "addr:city": "Bandung",
        "addr:full": "Jl. Jamika No. 21",
        "amenity": "atm",
        "name": "ATM UOB",
        "opening_hours": "24/7",
        "source": "S2City_POI_2022",
        "wheelchair": "limited"
      },
      "geometry": {
        "type": "Point",
        "coordinates": [
          107.5865284,
          -6.9197463
        ]
      },
      "id": "node/9738942017"
    },
    {
      "type": "Feature",
      "properties": {
        "@id": "node/9738942018",
        "addr:city": "Bandung",
        "addr:full": "Jl. Jamika No. 11",
        "amenity": "atm",
        "name": "ATM Danamon",
        "opening_hours": "24/7",
        "source": "S2City_POI_2022",
        "wheelchair": "limited"
      },
      "geometry": {
        "type": "Point",
        "coordinates": [
          107.5866095,
          -6.919266
        ]
      },
      "id": "node/9738942018"
    },
    {
      "type": "Feature",
      "properties": {
        "@id": "node/9739832359",
        "addr:city": "Bandung",
        "addr:full": "Jl. Cikutra Barat No.127",
        "amenity": "atm",
        "name": "ATM Bank Mandiri",
        "opening_hours": "Mo-Su 07:00-22:00",
        "source": "S2City_POI_2022",
        "wheelchair": "limited"
      },
      "geometry": {
        "type": "Point",
        "coordinates": [
          107.6271715,
          -6.8916992
        ]
      },
      "id": "node/9739832359"
    },
    {
      "type": "Feature",
      "properties": {
        "@id": "node/9739832361",
        "addr:city": "Bandung",
        "addr:full": "Jl. Titiran No. 5A",
        "amenity": "atm",
        "name": "Bank Central Asia",
        "official_name": "Bank Central Asia",
        "opening_hours": "Mo-Su 09:00-20:00",
        "short_name": "BCA",
        "source": "S2City_POI_2022",
        "wheelchair": "no"
      },
      "geometry": {
        "type": "Point",
        "coordinates": [
          107.6197267,
          -6.8969645
        ]
      },
      "id": "node/9739832361"
    },
    {
      "type": "Feature",
      "properties": {
        "@id": "node/9739832362",
        "addr:city": "Bandung",
        "addr:full": "Jl. Tikukur No.23",
        "amenity": "atm",
        "brand": "Bank Central Asia",
        "brand:wikidata": "Q806626",
        "name": "Bank Central Asia",
        "official_name": "Bank Central Asia",
        "opening_hours": "Mo-Su 09:00-17:00",
        "operator": "Bank Central Asia",
        "operator:wikidata": "Q806626",
        "short_name": "BCA",
        "source": "S2City_POI_2022",
        "wheelchair": "no"
      },
      "geometry": {
        "type": "Point",
        "coordinates": [
          107.6219349,
          -6.8973453
        ]
      },
      "id": "node/9739832362"
    },
    {
      "type": "Feature",
      "properties": {
        "@id": "node/9739832363",
        "addr:city": "Bandung",
        "addr:full": "Jl. Surapati No.71",
        "amenity": "atm",
        "name": "ATM BJB Dinas Pertanian",
        "opening_hours": "24/7",
        "source": "S2City_POI_2022",
        "wheelchair": "no"
      },
      "geometry": {
        "type": "Point",
        "coordinates": [
          107.6232703,
          -6.8989616
        ]
      },
      "id": "node/9739832363"
    },
    {
      "type": "Feature",
      "properties": {
        "@id": "node/9740802207",
        "addr:city": "Bandung",
        "addr:full": "Jalan Ir. H. Juanda",
        "amenity": "atm",
        "brand": "Bank Central Asia",
        "brand:wikidata": "Q806626",
        "cash_in": "yes",
        "indoor": "yes",
        "name": "Bank Central Asia",
        "official_name": "Bank Central Asia",
        "opening_hours": "Mo-Su 07:00-22:00",
        "operator": "Bank Central Asia",
        "operator:wikidata": "Q806626",
        "short_name": "BCA",
        "source": "S2City_POI_2022",
        "wheelchair": "no"
      },
      "geometry": {
        "type": "Point",
        "coordinates": [
          107.6170184,
          -6.8775171
        ]
      },
      "id": "node/9740802207"
    },
    {
      "type": "Feature",
      "properties": {
        "@id": "node/9740802208",
        "addr:city": "Bandung",
        "addr:full": "Gang Spanyol",
        "amenity": "atm",
        "name": "ATM Bank Muamalat",
        "opening_hours": "24/7",
        "source": "S2City_POI_2022",
        "wheelchair": "no"
      },
      "geometry": {
        "type": "Point",
        "coordinates": [
          107.6158228,
          -6.8792816
        ]
      },
      "id": "node/9740802208"
    },
    {
      "type": "Feature",
      "properties": {
        "@id": "node/9740802209",
        "addr:city": "Bandung",
        "addr:full": "Jalan Sangkuriang No. 17",
        "alt_name": "Bank BRI",
        "amenity": "atm",
        "name": "Bank Rakyat Indonesia",
        "official_name": "Bank Rakyat Indonesia",
        "old_name": "Bank Rakjat Indonesia",
        "opening_hours": "24/7",
        "short_name": "BRI",
        "source": "S2City_POI_2022",
        "wheelchair": "no"
      },
      "geometry": {
        "type": "Point",
        "coordinates": [
          107.6088638,
          -6.8830632
        ]
      },
      "id": "node/9740802209"
    },
    {
      "type": "Feature",
      "properties": {
        "@id": "node/9740802210",
        "addr:city": "Bandung",
        "addr:full": "Jalan Cisitu Lama",
        "amenity": "atm",
        "brand": "Bank Mandiri",
        "brand:wikidata": "Q806639",
        "brand:wikipedia": "en:Bank Mandiri",
        "cash_in": "yes",
        "currency:rupiah": "yes",
        "drive_through": "no",
        "indoor": "yes",
        "name": "ATM Bank Mandiri",
        "opening_hours": "Mo-Sa 07:00-22:00",
        "operator": "Bank Mandiri",
        "operator:wikidata": "Q806639",
        "operator:wikipedia": "en:Bank Mandiri",
        "source": "S2City_POI_2022",
        "wheelchair": "no"
      },
      "geometry": {
        "type": "Point",
        "coordinates": [
          107.6118467,
          -6.8798172
        ]
      },
      "id": "node/9740802210"
    },
    {
      "type": "Feature",
      "properties": {
        "@id": "node/9740802211",
        "addr:city": "Bandung",
        "addr:full": "Jalan Sangkuriang",
        "alt_name": "BNI 46",
        "amenity": "atm",
        "brand:wikidata": "Q2882611",
        "brand:wikipedia": "id:Bank Negara Indonesia",
        "name": "Bank Negara Indonesia",
        "official_name": "Bank Negara Indonesia",
        "old_name": "BNI 46",
        "opening_hours": "24/7",
        "short_name": "BNI",
        "source": "S2City_POI_2022",
        "wheelchair": "no"
      },
      "geometry": {
        "type": "Point",
        "coordinates": [
          107.6098005,
          -6.8830226
        ]
      },
      "id": "node/9740802211"
    },
    {
      "type": "Feature",
      "properties": {
        "@id": "node/9740802212",
        "addr:city": "Bandung",
        "addr:full": "Jalan Sangkuriang (Kompleks LIPI)",
        "alt_name": "BRI",
        "amenity": "atm",
        "brand": "BRI",
        "brand:wikidata": "Q623042",
        "currency:IDR": "yes",
        "name": "ATM BRI",
        "official_name": "Bank Rakyat Indonesia",
        "old_name": "BNI 46",
        "opening_hours": "24/7",
        "operator": "BRI",
        "operator:wikidata": "Q623042",
        "short_name": "BRI",
        "source": "S2City_POI_2022",
        "wheelchair": "no"
      },
      "geometry": {
        "type": "Point",
        "coordinates": [
          107.610751,
          -6.8827937
        ]
      },
      "id": "node/9740802212"
    },
    {
      "type": "Feature",
      "properties": {
        "@id": "node/9741059737",
        "addr:city": "Bandung",
        "addr:full": "Jl cihampelas (Alfamart)",
        "amenity": "atm",
        "image": "http://classic.ona.io/api/v1/files/26293778?filename=hot_id/attachments/659273_gib_fasum_atm/1650785898894.jpg",
        "name": "Bank Central Asia",
        "official_name": "Bank Central Asia",
        "opening_hours": "Sa-Su 08:00-20:00",
        "short_name": "BCA",
        "source": "S2City_POI_2022",
        "wheelchair": "no"
      },
      "geometry": {
        "type": "Point",
        "coordinates": [
          107.6043161,
          -6.886272
        ]
      },
      "id": "node/9741059737"
    },
    {
      "type": "Feature",
      "properties": {
        "@id": "node/9741059738",
        "addr:city": "Bandung",
        "addr:full": "Jl Setia Budi",
        "amenity": "atm",
        "name": "Atm center",
        "opening_hours": "24/7",
        "source": "S2City_POI_2022",
        "wheelchair": "no"
      },
      "geometry": {
        "type": "Point",
        "coordinates": [
          107.5988719,
          -6.8806832
        ]
      },
      "id": "node/9741059738"
    },
    {
      "type": "Feature",
      "properties": {
        "@id": "node/9741298309",
        "addr:city": "Bandung",
        "addr:full": "Jalan Ir. H. Djuanda No.348",
        "amenity": "atm",
        "brand": "CIMB Niaga",
        "brand:wikidata": "Q5011747",
        "check_date": "2026-04-22",
        "name": "ATM Cimb Niaga",
        "opening_hours": "24/7",
        "operator": "CIMB Niaga",
        "operator:wikidata": "Q5011747",
        "source": "S2City_POI_2022",
        "wheelchair": "no"
      },
      "geometry": {
        "type": "Point",
        "coordinates": [
          107.6177799,
          -6.8770134
        ]
      },
      "id": "node/9741298309"
    },
    {
      "type": "Feature",
      "properties": {
        "@id": "node/9741298312",
        "addr:city": "Bandung",
        "addr:full": "Jalan Ir. H. Djuanda No.348",
        "amenity": "atm",
        "brand": "BCA",
        "brand:wikidata": "Q806626",
        "check_date": "2026-04-22",
        "name": "Bank Central Asia",
        "official_name": "Bank Central Asia",
        "opening_hours": "24/7",
        "operator": "BCA",
        "operator:wikidata": "Q806626",
        "short_name": "BCA",
        "source": "S2City_POI_2022",
        "wheelchair": "no"
      },
      "geometry": {
        "type": "Point",
        "coordinates": [
          107.6177972,
          -6.8770229
        ]
      },
      "id": "node/9741298312"
    },
    {
      "type": "Feature",
      "properties": {
        "@id": "node/9741298313",
        "addr:city": "Bandung",
        "addr:full": "Jalan Ir. H. Djuanda No. 499",
        "amenity": "atm",
        "name": "ATM Mandiri",
        "opening_hours": "Mo-Su 08:00-22:00",
        "source": "S2City_POI_2022",
        "wheelchair": "yes"
      },
      "geometry": {
        "type": "Point",
        "coordinates": [
          107.6248467,
          -6.8631591
        ]
      },
      "id": "node/9741298313"
    },
    {
      "type": "Feature",
      "properties": {
        "@id": "node/9741298314",
        "addr:city": "Bandung",
        "addr:full": "Jalan Ir. H. Djuanda No. 499",
        "alt_name": "BNI 46",
        "amenity": "atm",
        "brand:wikidata": "Q2882611",
        "brand:wikipedia": "id:Bank Negara Indonesia",
        "name": "Bank Negara Indonesia",
        "official_name": "Bank Negara Indonesia",
        "old_name": "BNI 46",
        "opening_hours": "Mo-Su 08:00-22:00",
        "short_name": "BNI",
        "source": "S2City_POI_2022",
        "wheelchair": "yes"
      },
      "geometry": {
        "type": "Point",
        "coordinates": [
          107.6248551,
          -6.8631731
        ]
      },
      "id": "node/9741298314"
    },
    {
      "type": "Feature",
      "properties": {
        "@id": "node/9741298315",
        "addr:city": "Bandung",
        "addr:full": "Jalan Kanayakan No. 31",
        "alt_name": "BNI 46",
        "amenity": "atm",
        "brand:wikidata": "Q2882611",
        "brand:wikipedia": "id:Bank Negara Indonesia",
        "name": "Bank Negara Indonesia",
        "official_name": "Bank Negara Indonesia",
        "old_name": "BNI 46",
        "opening_hours": "Mo-Su 08:00-22:00",
        "short_name": "BNI",
        "source": "S2City_POI_2022",
        "wheelchair": "no"
      },
      "geometry": {
        "type": "Point",
        "coordinates": [
          107.6201049,
          -6.8775577
        ]
      },
      "id": "node/9741298315"
    },
    {
      "type": "Feature",
      "properties": {
        "@id": "node/9741341017",
        "addr:city": "Bandung",
        "addr:full": "Jalan Raya Golf Dago No. 1",
        "amenity": "atm",
        "name": "ATM Mandiri",
        "opening_hours": "24/7",
        "source": "S2City_POI_2022",
        "wheelchair": "limited"
      },
      "geometry": {
        "type": "Point",
        "coordinates": [
          107.6246184,
          -6.8673689
        ]
      },
      "id": "node/9741341017"
    },
    {
      "type": "Feature",
      "properties": {
        "@id": "node/9741341018",
        "addr:city": "Bandung",
        "addr:full": "Jalan Raya Golf Dago No. 1",
        "alt_name": "BNI 46",
        "amenity": "atm",
        "brand:wikidata": "Q2882611",
        "brand:wikipedia": "id:Bank Negara Indonesia",
        "name": "Bank Negara Indonesia",
        "official_name": "Bank Negara Indonesia",
        "old_name": "BNI 46",
        "opening_hours": "24/7",
        "short_name": "BNI",
        "source": "S2City_POI_2022",
        "wheelchair": "limited"
      },
      "geometry": {
        "type": "Point",
        "coordinates": [
          107.6246097,
          -6.8673613
        ]
      },
      "id": "node/9741341018"
    },
    {
      "type": "Feature",
      "properties": {
        "@id": "node/9741341019",
        "addr:city": "Bandung",
        "addr:full": "Jalan Ir. H. Djuanda",
        "amenity": "atm",
        "cash_in": "yes",
        "check_date": "2026-01-12",
        "name": "Bank Central Asia",
        "official_name": "Bank Central Asia",
        "opening_hours": "24/7",
        "short_name": "BCA",
        "source": "S2City_POI_2022",
        "wheelchair": "no"
      },
      "geometry": {
        "type": "Point",
        "coordinates": [
          107.6209575,
          -6.8691764
        ]
      },
      "id": "node/9741341019"
    },
    {
      "type": "Feature",
      "properties": {
        "@id": "node/9741341020",
        "addr:city": "Bandung",
        "addr:full": "Jalan Ir. H. Djuanda",
        "alt_name": "BNI 46",
        "amenity": "atm",
        "brand:wikidata": "Q2882611",
        "brand:wikipedia": "id:Bank Negara Indonesia",
        "cash_in": "yes",
        "check_date": "2026-01-12",
        "name": "Bank Negara Indonesia",
        "official_name": "Bank Negara Indonesia",
        "old_name": "BNI 46",
        "opening_hours": "24/7",
        "short_name": "BNI",
        "source": "S2City_POI_2022",
        "wheelchair": "no"
      },
      "geometry": {
        "type": "Point",
        "coordinates": [
          107.6209579,
          -6.8691668
        ]
      },
      "id": "node/9741341020"
    },
    {
      "type": "Feature",
      "properties": {
        "@id": "node/9741341021",
        "addr:city": "Bandung",
        "addr:full": "Jalan Ir. H. Djuanda",
        "amenity": "atm",
        "check_date": "2026-01-12",
        "name": "ATM Mandiri",
        "opening_hours": "24/7",
        "source": "S2City_POI_2022",
        "wheelchair": "no"
      },
      "geometry": {
        "type": "Point",
        "coordinates": [
          107.6209585,
          -6.8691941
        ]
      },
      "id": "node/9741341021"
    },
    {
      "type": "Feature",
      "properties": {
        "@id": "node/9741341023",
        "addr:city": "Bandung",
        "addr:full": "Jalan Ir. H Djuanda",
        "amenity": "atm",
        "name": "Bank Central Asia",
        "official_name": "Bank Central Asia",
        "opening_hours": "Mo-Su 08:00-22:00",
        "short_name": "BCA",
        "source": "S2City_POI_2022",
        "wheelchair": "no"
      },
      "geometry": {
        "type": "Point",
        "coordinates": [
          107.6208945,
          -6.8674538
        ]
      },
      "id": "node/9741341023"
    },
    {
      "type": "Feature",
      "properties": {
        "@id": "node/9741341024",
        "addr:city": "Bandung",
        "addr:full": "Jalan Dago Pojok",
        "amenity": "atm",
        "name": "Bank Central Asia",
        "official_name": "Bank Central Asia",
        "opening_hours": "24/7",
        "short_name": "BCA",
        "source": "S2City_POI_2022",
        "wheelchair": "no"
      },
      "geometry": {
        "type": "Point",
        "coordinates": [
          107.6182683,
          -6.8622697
        ]
      },
      "id": "node/9741341024"
    },
    {
      "type": "Feature",
      "properties": {
        "@id": "node/9741341025",
        "addr:city": "Bandung",
        "addr:full": "Jalan Ir. H. Djuanda No. 390",
        "amenity": "atm",
        "name": "Bank Central Asia",
        "official_name": "Bank Central Asia",
        "opening_hours": "24/7",
        "short_name": "BCA",
        "source": "S2City_POI_2022",
        "wheelchair": "limited"
      },
      "geometry": {
        "type": "Point",
        "coordinates": [
          107.6194498,
          -6.8744847
        ]
      },
      "id": "node/9741341025"
    },
    {
      "type": "Feature",
      "properties": {
        "@id": "node/9741341026",
        "addr:city": "Bandung",
        "addr:full": "Jalan Raya Golf Dago No. 1",
        "alt_name": "Bank BRI",
        "amenity": "atm",
        "name": "Bank Rakyat Indonesia",
        "official_name": "Bank Rakyat Indonesia",
        "old_name": "Bank Rakjat Indonesia",
        "opening_hours": "24/7",
        "short_name": "BRI",
        "source": "S2City_POI_2022",
        "wheelchair": "limited"
      },
      "geometry": {
        "type": "Point",
        "coordinates": [
          107.6251046,
          -6.867101
        ]
      },
      "id": "node/9741341026"
    },
    {
      "type": "Feature",
      "properties": {
        "@id": "node/9741341027",
        "addr:city": "Bandung",
        "addr:full": "Jalan Ir. H. Djuanda No. 367",
        "alt_name": "BNI 46",
        "amenity": "atm",
        "brand:wikidata": "Q2882611",
        "brand:wikipedia": "id:Bank Negara Indonesia",
        "name": "Bank Negara Indonesia",
        "official_name": "Bank Negara Indonesia",
        "old_name": "BNI 46",
        "opening_hours": "Mo-Su 07:00-18:00",
        "short_name": "BNI",
        "source": "S2City_POI_2022",
        "wheelchair": "no"
      },
      "geometry": {
        "type": "Point",
        "coordinates": [
          107.6196396,
          -6.8726499
        ]
      },
      "id": "node/9741341027"
    },
    {
      "type": "Feature",
      "properties": {
        "@id": "node/9741341028",
        "addr:city": "Bandung",
        "addr:full": "Jalan Ir. H. Djuanda No.348",
        "alt_name": "BNI 46",
        "amenity": "atm",
        "brand": "BNI",
        "brand:wikidata": "Q2882611",
        "brand:wikipedia": "id:Bank Negara Indonesia",
        "check_date": "2026-04-22",
        "name": "Bank Negara Indonesia",
        "official_name": "Bank Negara Indonesia",
        "old_name": "BNI 46",
        "opening_hours": "24/7",
        "operator": "BNI",
        "operator:wikidata": "Q2882611",
        "short_name": "BNI",
        "source": "S2City_POI_2022",
        "wheelchair": "no"
      },
      "geometry": {
        "type": "Point",
        "coordinates": [
          107.6177553,
          -6.8769931
        ]
      },
      "id": "node/9741341028"
    },
    {
      "type": "Feature",
      "properties": {
        "@id": "node/9741341029",
        "addr:city": "Bandung",
        "addr:full": "Jalan Dago Pakar",
        "alt_name": "Bank BRI",
        "amenity": "atm",
        "name": "Bank Rakyat Indonesia",
        "official_name": "Bank Rakyat Indonesia",
        "old_name": "Bank Rakjat Indonesia",
        "opening_hours": "24/7",
        "short_name": "BRI",
        "source": "S2City_POI_2022",
        "wheelchair": "limited"
      },
      "geometry": {
        "type": "Point",
        "coordinates": [
          107.6256021,
          -6.8631831
        ]
      },
      "id": "node/9741341029"
    },
    {
      "type": "Feature",
      "properties": {
        "@id": "node/9741341030",
        "addr:city": "Bandung",
        "addr:full": "Jalan Bukit Dago Utara",
        "alt_name": "BNI 46",
        "amenity": "atm",
        "brand:wikidata": "Q2882611",
        "brand:wikipedia": "id:Bank Negara Indonesia",
        "name": "Bank Negara Indonesia",
        "official_name": "Bank Negara Indonesia",
        "old_name": "BNI 46",
        "opening_hours": "24/7",
        "short_name": "BNI",
        "source": "S2City_POI_2022",
        "wheelchair": "no"
      },
      "geometry": {
        "type": "Point",
        "coordinates": [
          107.6186438,
          -6.8683086
        ]
      },
      "id": "node/9741341030"
    },
    {
      "type": "Feature",
      "properties": {
        "@id": "node/9741341031",
        "addr:city": "Bandung",
        "addr:full": "Jalan Ir. H. Djuanda no. 302",
        "amenity": "atm",
        "brand": "BCA",
        "brand:wikidata": "Q806626",
        "name": "Bank Central Asia",
        "official_name": "Bank Central Asia",
        "opening_hours": "Mo-Su 08:00-22:00",
        "operator": "BCA",
        "operator:wikidata": "Q806626",
        "short_name": "BCA",
        "source": "S2City_POI_2022",
        "wheelchair": "no"
      },
      "geometry": {
        "type": "Point",
        "coordinates": [
          107.6165812,
          -6.8796634
        ]
      },
      "id": "node/9741341031"
    },
    {
      "type": "Feature",
      "properties": {
        "@id": "node/9742340007",
        "addr:city": "Bandung",
        "addr:full": "Jl Tamansari (Universitas Pasundan)",
        "amenity": "atm",
        "image": "http://classic.ona.io/api/v1/files/26290873?filename=hot_id/attachments/659273_gib_fasum_atm/1650782527402.jpg",
        "name": "Atm Center UNPAS",
        "opening_hours": "24/7",
        "source": "S2City_POI_2022",
        "wheelchair": "no"
      },
      "geometry": {
        "type": "Point",
        "coordinates": [
          107.6082435,
          -6.9045941
        ]
      },
      "id": "node/9742340007"
    },
    {
      "type": "Feature",
      "properties": {
        "@id": "node/9742340008",
        "addr:city": "Bandung",
        "addr:full": "Jl. Tamansari (Indomaret)",
        "amenity": "atm",
        "brand": "Bank Central Asia",
        "brand:wikidata": "Q806626",
        "name": "Bank Central Asia",
        "official_name": "Bank Central Asia",
        "opening_hours": "Mo-Su 08:00-22:00",
        "operator": "Bank Central Asia",
        "operator:wikidata": "Q806626",
        "short_name": "BCA",
        "source": "S2City_POI_2022",
        "wheelchair": "no"
      },
      "geometry": {
        "type": "Point",
        "coordinates": [
          107.6086606,
          -6.90142
        ]
      },
      "id": "node/9742340008"
    },
    {
      "type": "Feature",
      "properties": {
        "@id": "node/9742343026",
        "addr:city": "Bandung",
        "addr:full": "Jl. Tamansari (Indomaret)",
        "amenity": "atm",
        "name": "Bank Central Asia",
        "official_name": "Bank Central Asia",
        "opening_hours": "Sa-Su 08:00-20:00",
        "short_name": "BCA",
        "source": "S2City_POI_2022",
        "wheelchair": "no"
      },
      "geometry": {
        "type": "Point",
        "coordinates": [
          107.6091528,
          -6.8995295
        ]
      },
      "id": "node/9742343026"
    },
    {
      "type": "Feature",
      "properties": {
        "@id": "node/9742468779",
        "addr:city": "Bandung",
        "addr:full": "Jl. Jamika",
        "amenity": "atm",
        "name": "Atm BJB Syariah",
        "opening_hours": "24/7",
        "source": "S2City_POI_2022",
        "wheelchair": "limited"
      },
      "geometry": {
        "type": "Point",
        "coordinates": [
          107.5859034,
          -6.9239985
        ]
      },
      "id": "node/9742468779"
    },
    {
      "type": "Feature",
      "properties": {
        "@id": "node/9758948991",
        "addr:city": "Bandung",
        "addr:full": "Jalan Kopo",
        "amenity": "atm",
        "name": "Bank Central Asia",
        "official_name": "Bank Central Asia",
        "opening_hours": "Mo-Su 08:00-21:00",
        "short_name": "BCA",
        "source": "S2City_POI_2022",
        "wheelchair": "no"
      },
      "geometry": {
        "type": "Point",
        "coordinates": [
          107.5911123,
          -6.9431512
        ]
      },
      "id": "node/9758948991"
    },
    {
      "type": "Feature",
      "properties": {
        "@id": "node/9934866360",
        "alt_name": "BNI 46",
        "amenity": "atm",
        "brand": "BNI",
        "brand:wikidata": "Q2882611",
        "brand:wikipedia": "id:Bank Negara Indonesia",
        "name": "Bank Negara Indonesia",
        "official_name": "Bank Negara Indonesia",
        "old_name": "BNI 46",
        "opening_hours": "24/7",
        "operator": "BNI",
        "operator:wikidata": "Q2882611",
        "short_name": "BNI",
        "wheelchair": "no"
      },
      "geometry": {
        "type": "Point",
        "coordinates": [
          107.60821,
          -6.920523
        ]
      },
      "id": "node/9934866360"
    },
    {
      "type": "Feature",
      "properties": {
        "@id": "node/9936513167",
        "alt_name": "Bank BRI",
        "amenity": "atm",
        "brand": "BRI",
        "brand:wikidata": "Q623042",
        "name": "Bank Rakyat Indonesia",
        "official_name": "Bank Rakyat Indonesia",
        "old_name": "Bank Rakjat Indonesia",
        "operator": "BRI",
        "operator:wikidata": "Q623042",
        "short_name": "BRI"
      },
      "geometry": {
        "type": "Point",
        "coordinates": [
          107.6089578,
          -6.9005382
        ]
      },
      "id": "node/9936513167"
    },
    {
      "type": "Feature",
      "properties": {
        "@id": "node/9938643258",
        "alt_name": "BNI 46",
        "amenity": "atm",
        "brand": "BNI",
        "brand:wikidata": "Q2882611",
        "brand:wikipedia": "id:Bank Negara Indonesia",
        "name": "Bank Negara Indonesia",
        "official_name": "Bank Negara Indonesia",
        "old_name": "BNI 46",
        "operator": "BNI",
        "operator:wikidata": "Q2882611",
        "short_name": "BNI"
      },
      "geometry": {
        "type": "Point",
        "coordinates": [
          107.6298472,
          -6.9062319
        ]
      },
      "id": "node/9938643258"
    },
    {
      "type": "Feature",
      "properties": {
        "@id": "node/10279612709",
        "amenity": "atm"
      },
      "geometry": {
        "type": "Point",
        "coordinates": [
          107.5660823,
          -6.9418701
        ]
      },
      "id": "node/10279612709"
    },
    {
      "type": "Feature",
      "properties": {
        "@id": "node/10766300885",
        "amenity": "atm",
        "brand": "BRI",
        "brand:wikidata": "Q623042",
        "cash_in": "yes",
        "check_date": "2025-05-28",
        "indoor": "yes",
        "official_name": "Bank Rakyat Indonesia",
        "operator": "BRI",
        "operator:wikidata": "Q623042"
      },
      "geometry": {
        "type": "Point",
        "coordinates": [
          107.613897,
          -6.8878267
        ]
      },
      "id": "node/10766300885"
    },
    {
      "type": "Feature",
      "properties": {
        "@id": "node/10766300886",
        "amenity": "atm",
        "brand": "BRI",
        "brand:wikidata": "Q623042",
        "cash_in": "yes",
        "check_date": "2025-05-28",
        "indoor": "yes",
        "official_name": "Bank Rakyat Indonesia",
        "operator": "BRI",
        "operator:wikidata": "Q623042"
      },
      "geometry": {
        "type": "Point",
        "coordinates": [
          107.613897,
          -6.887842
        ]
      },
      "id": "node/10766300886"
    },
    {
      "type": "Feature",
      "properties": {
        "@id": "node/10766300887",
        "amenity": "atm",
        "brand": "BRI",
        "brand:wikidata": "Q623042",
        "cash_in": "yes",
        "check_date": "2025-05-28",
        "indoor": "yes",
        "official_name": "Bank Rakyat Indonesia",
        "operator": "BRI",
        "operator:wikidata": "Q623042"
      },
      "geometry": {
        "type": "Point",
        "coordinates": [
          107.613897,
          -6.8878599
        ]
      },
      "id": "node/10766300887"
    },
    {
      "type": "Feature",
      "properties": {
        "@id": "node/10766300888",
        "amenity": "atm",
        "brand": "Bank Central Asia",
        "brand:wikidata": "Q806626",
        "cash_in": "yes",
        "check_date": "2025-05-29",
        "official_name": "Bank Central Asia",
        "operator": "Bank Central Asia",
        "operator:wikidata": "Q806626"
      },
      "geometry": {
        "type": "Point",
        "coordinates": [
          107.6136339,
          -6.8911026
        ]
      },
      "id": "node/10766300888"
    },
    {
      "type": "Feature",
      "properties": {
        "@id": "node/10766300889",
        "amenity": "atm",
        "brand": "Bank Central Asia",
        "brand:wikidata": "Q806626",
        "cash_in": "yes",
        "check_date": "2025-05-29",
        "official_name": "Bank Central Asia",
        "operator": "Bank Central Asia",
        "operator:wikidata": "Q806626"
      },
      "geometry": {
        "type": "Point",
        "coordinates": [
          107.613635,
          -6.8911248
        ]
      },
      "id": "node/10766300889"
    },
    {
      "type": "Feature",
      "properties": {
        "@id": "node/10766300890",
        "amenity": "atm",
        "brand": "Bank Central Asia",
        "brand:wikidata": "Q806626",
        "cash_in": "yes",
        "check_date": "2025-05-29",
        "currency:IDR": "yes",
        "official_name": "Bank Central Asia",
        "operator": "Bank Central Asia",
        "operator:wikidata": "Q806626"
      },
      "geometry": {
        "type": "Point",
        "coordinates": [
          107.613636,
          -6.891145
        ]
      },
      "id": "node/10766300890"
    },
    {
      "type": "Feature",
      "properties": {
        "@id": "node/10770017096",
        "amenity": "atm",
        "brand": "BRI",
        "brand:wikidata": "Q623042",
        "cash_in": "no",
        "check_date": "2025-05-23",
        "official_name": "Bank Rakyat Indonesia",
        "operator": "BRI",
        "operator:wikidata": "Q623042"
      },
      "geometry": {
        "type": "Point",
        "coordinates": [
          107.6022638,
          -6.9149895
        ]
      },
      "id": "node/10770017096"
    },
    {
      "type": "Feature",
      "properties": {
        "@id": "node/10771913941",
        "amenity": "atm",
        "brand": "BNI",
        "brand:wikidata": "Q2882611",
        "official_name": "Bank Negara Indonesia",
        "operator": "BNI",
        "operator:wikidata": "Q2882611"
      },
      "geometry": {
        "type": "Point",
        "coordinates": [
          107.6021742,
          -6.9128158
        ]
      },
      "id": "node/10771913941"
    },
    {
      "type": "Feature",
      "properties": {
        "@id": "node/10792279159",
        "alt_name": "BNI 46",
        "amenity": "atm",
        "brand:wikidata": "Q2882611",
        "brand:wikipedia": "id:Bank Negara Indonesia",
        "name": "Bank Negara Indonesia",
        "official_name": "Bank Negara Indonesia",
        "old_name": "BNI 46",
        "short_name": "BNI",
        "source": "POI_WRI_Survey_2023"
      },
      "geometry": {
        "type": "Point",
        "coordinates": [
          107.6073591,
          -6.9433702
        ]
      },
      "id": "node/10792279159"
    },
    {
      "type": "Feature",
      "properties": {
        "@id": "node/10792290243",
        "amenity": "atm",
        "name": "ATM Cimb Niaga",
        "source": "POI_WRI_Survey_2023"
      },
      "geometry": {
        "type": "Point",
        "coordinates": [
          107.6110028,
          -6.9535656
        ]
      },
      "id": "node/10792290243"
    },
    {
      "type": "Feature",
      "properties": {
        "@id": "node/10792290244",
        "amenity": "atm",
        "brand": "Bank Central Asia",
        "brand:wikidata": "Q806626",
        "name": "Bank Central Asia",
        "official_name": "Bank Central Asia",
        "operator": "Bank Central Asia",
        "operator:wikidata": "Q806626",
        "short_name": "BCA",
        "source": "POI_WRI_Survey_2023"
      },
      "geometry": {
        "type": "Point",
        "coordinates": [
          107.6110404,
          -6.9536821
        ]
      },
      "id": "node/10792290244"
    },
    {
      "type": "Feature",
      "properties": {
        "@id": "node/10792316577",
        "amenity": "atm",
        "brand": "Bank Central Asia",
        "brand:wikidata": "Q806626",
        "name": "Bank Central Asia",
        "official_name": "Bank Central Asia",
        "operator": "Bank Central Asia",
        "operator:wikidata": "Q806626",
        "short_name": "BCA",
        "source": "POI_WRI_Survey_2023"
      },
      "geometry": {
        "type": "Point",
        "coordinates": [
          107.6069587,
          -6.9405692
        ]
      },
      "id": "node/10792316577"
    },
    {
      "type": "Feature",
      "properties": {
        "@id": "node/10792329299",
        "amenity": "atm",
        "name": "Bank Mandiri",
        "source": "POI_WRI_Survey_2023"
      },
      "geometry": {
        "type": "Point",
        "coordinates": [
          107.6056525,
          -6.9440944
        ]
      },
      "id": "node/10792329299"
    },
    {
      "type": "Feature",
      "properties": {
        "@id": "node/10792329300",
        "amenity": "atm",
        "name": "Bank Central Asia",
        "official_name": "Bank Central Asia",
        "short_name": "BCA",
        "source": "POI_WRI_Survey_2023"
      },
      "geometry": {
        "type": "Point",
        "coordinates": [
          107.6056404,
          -6.9440938
        ]
      },
      "id": "node/10792329300"
    },
    {
      "type": "Feature",
      "properties": {
        "@id": "node/10792338933",
        "amenity": "atm",
        "brand": "Bank Central Asia",
        "brand:wikidata": "Q806626",
        "name": "Bank Central Asia",
        "official_name": "Bank Central Asia",
        "operator": "Bank Central Asia",
        "operator:wikidata": "Q806626",
        "short_name": "BCA",
        "source": "POI_WRI_Survey_2023"
      },
      "geometry": {
        "type": "Point",
        "coordinates": [
          107.6032908,
          -6.9426027
        ]
      },
      "id": "node/10792338933"
    },
    {
      "type": "Feature",
      "properties": {
        "@id": "node/10792360563",
        "alt_name": "Bank BRI",
        "amenity": "atm",
        "name": "Bank Rakyat Indonesia",
        "official_name": "Bank Rakyat Indonesia",
        "old_name": "Bank Rakjat Indonesia",
        "short_name": "BRI",
        "source": "POI_WRI_Survey_2023"
      },
      "geometry": {
        "type": "Point",
        "coordinates": [
          107.6032861,
          -6.94051
        ]
      },
      "id": "node/10792360563"
    },
    {
      "type": "Feature",
      "properties": {
        "@id": "node/10792365757",
        "amenity": "atm",
        "brand": "Bank Central Asia",
        "brand:wikidata": "Q806626",
        "name": "Bank Central Asia",
        "official_name": "Bank Central Asia",
        "operator": "Bank Central Asia",
        "operator:wikidata": "Q806626",
        "short_name": "BCA",
        "source": "POI_WRI_Survey_2023"
      },
      "geometry": {
        "type": "Point",
        "coordinates": [
          107.6032506,
          -6.9427652
        ]
      },
      "id": "node/10792365757"
    },
    {
      "type": "Feature",
      "properties": {
        "@id": "node/10792404838",
        "amenity": "atm",
        "brand": "Bank Central Asia",
        "brand:wikidata": "Q806626",
        "name": "Bank Central Asia",
        "official_name": "Bank Central Asia",
        "operator": "Bank Central Asia",
        "operator:wikidata": "Q806626",
        "short_name": "BCA",
        "source": "POI_WRI_Survey_2023"
      },
      "geometry": {
        "type": "Point",
        "coordinates": [
          107.6008219,
          -6.9292739
        ]
      },
      "id": "node/10792404838"
    },
    {
      "type": "Feature",
      "properties": {
        "@id": "node/10792433631",
        "amenity": "atm",
        "name": "ATM Bank Aladin",
        "source": "POI_WRI_Survey_2023"
      },
      "geometry": {
        "type": "Point",
        "coordinates": [
          107.5929791,
          -6.9208632
        ]
      },
      "id": "node/10792433631"
    },
    {
      "type": "Feature",
      "properties": {
        "@id": "node/10792435631",
        "amenity": "atm",
        "brand": "Bank Central Asia",
        "brand:wikidata": "Q806626",
        "name": "Bank Central Asia",
        "official_name": "Bank Central Asia",
        "operator": "Bank Central Asia",
        "operator:wikidata": "Q806626",
        "short_name": "BCA",
        "source": "POI_WRI_Survey_2023"
      },
      "geometry": {
        "type": "Point",
        "coordinates": [
          107.6004001,
          -6.9204578
        ]
      },
      "id": "node/10792435631"
    },
    {
      "type": "Feature",
      "properties": {
        "@id": "node/10792465131",
        "amenity": "atm",
        "name": "ATM Mandiri (BBKPM) Bandung",
        "source": "POI_WRI_Survey_2023"
      },
      "geometry": {
        "type": "Point",
        "coordinates": [
          107.5964016,
          -6.9211015
        ]
      },
      "id": "node/10792465131"
    },
    {
      "type": "Feature",
      "properties": {
        "@id": "node/10793101470",
        "amenity": "atm",
        "brand": "BRI",
        "brand:wikidata": "Q623042",
        "official_name": "Bank Rakyat Indonesia",
        "operator": "BRI",
        "operator:wikidata": "Q623042"
      },
      "geometry": {
        "type": "Point",
        "coordinates": [
          107.6046733,
          -6.913601
        ]
      },
      "id": "node/10793101470"
    },
    {
      "type": "Feature",
      "properties": {
        "@id": "node/10793101471",
        "amenity": "atm",
        "brand": "Bank Mandiri",
        "brand:wikidata": "Q806639",
        "operator": "Bank Mandiri",
        "operator:wikidata": "Q806639"
      },
      "geometry": {
        "type": "Point",
        "coordinates": [
          107.6046703,
          -6.9136331
        ]
      },
      "id": "node/10793101471"
    },
    {
      "type": "Feature",
      "properties": {
        "@id": "node/10793553758",
        "amenity": "atm",
        "brand": "Bank Central Asia",
        "brand:wikidata": "Q806626",
        "name": "Bank Central Asia",
        "official_name": "Bank Central Asia",
        "operator": "Bank Central Asia",
        "operator:wikidata": "Q806626",
        "short_name": "BCA",
        "source": "POI_WRI_Survey_2023"
      },
      "geometry": {
        "type": "Point",
        "coordinates": [
          107.6055439,
          -6.927448
        ]
      },
      "id": "node/10793553758"
    },
    {
      "type": "Feature",
      "properties": {
        "@id": "node/10793565623",
        "amenity": "atm",
        "brand": "Bank Central Asia",
        "brand:wikidata": "Q806626",
        "name": "Bank Central Asia",
        "official_name": "Bank Central Asia",
        "operator": "Bank Central Asia",
        "operator:wikidata": "Q806626",
        "short_name": "BCA",
        "source": "POI_WRI_Survey_2023"
      },
      "geometry": {
        "type": "Point",
        "coordinates": [
          107.6035778,
          -6.9301279
        ]
      },
      "id": "node/10793565623"
    },
    {
      "type": "Feature",
      "properties": {
        "@id": "node/10793598035",
        "amenity": "atm",
        "name": "ATM Gallerry",
        "source": "POI_WRI_Survey_2023"
      },
      "geometry": {
        "type": "Point",
        "coordinates": [
          107.6053481,
          -6.9239572
        ]
      },
      "id": "node/10793598035"
    },
    {
      "type": "Feature",
      "properties": {
        "@id": "node/10793604336",
        "amenity": "atm",
        "brand": "Bank Mandiri",
        "brand:wikidata": "Q806639",
        "name": "Mandiri Kings Mall",
        "operator": "Bank Mandiri",
        "operator:wikidata": "Q806639",
        "source": "POI_WRI_Survey_2023"
      },
      "geometry": {
        "type": "Point",
        "coordinates": [
          107.6044251,
          -6.9230893
        ]
      },
      "id": "node/10793604336"
    },
    {
      "type": "Feature",
      "properties": {
        "@id": "node/10793607838",
        "amenity": "atm",
        "name": "Bank Central Asia",
        "official_name": "Bank Central Asia",
        "short_name": "BCA",
        "source": "POI_WRI_Survey_2023"
      },
      "geometry": {
        "type": "Point",
        "coordinates": [
          107.6008286,
          -6.9233941
        ]
      },
      "id": "node/10793607838"
    },
    {
      "type": "Feature",
      "properties": {
        "@id": "node/10794123886",
        "amenity": "atm",
        "brand": "Bank Central Asia",
        "brand:wikidata": "Q806626",
        "name": "Bank Central Asia",
        "official_name": "Bank Central Asia",
        "operator": "Bank Central Asia",
        "operator:wikidata": "Q806626",
        "short_name": "BCA",
        "source": "POI_WRI_Survey_2023"
      },
      "geometry": {
        "type": "Point",
        "coordinates": [
          107.5786521,
          -6.9084298
        ]
      },
      "id": "node/10794123886"
    },
    {
      "type": "Feature",
      "properties": {
        "@id": "node/10794124887",
        "amenity": "atm",
        "brand": "CIMB Niaga",
        "brand:wikidata": "Q5011747",
        "name": "Cimb Niaga SPBU Garuda",
        "operator": "CIMB Niaga",
        "operator:wikidata": "Q5011747",
        "source": "POI_WRI_Survey_2023"
      },
      "geometry": {
        "type": "Point",
        "coordinates": [
          107.578015,
          -6.9098956
        ]
      },
      "id": "node/10794124887"
    },
    {
      "type": "Feature",
      "properties": {
        "@id": "node/10794134958",
        "amenity": "atm",
        "brand": "CIMB NIAGA",
        "name": "ATM CIMB NIAGA SPBU Abdurahman Saleh",
        "operator": "CIMB NIAGA",
        "source": "POI_WRI_Survey_2023"
      },
      "geometry": {
        "type": "Point",
        "coordinates": [
          107.5858913,
          -6.9068368
        ]
      },
      "id": "node/10794134958"
    },
    {
      "type": "Feature",
      "properties": {
        "@id": "node/10794134959",
        "alt_name": "BNI 46",
        "amenity": "atm",
        "brand": "BNI",
        "brand:wikidata": "Q2882611",
        "brand:wikipedia": "id:Bank Negara Indonesia",
        "name": "ATM BNI",
        "official_name": "Bank Negara Indonesia",
        "old_name": "BNI 46",
        "operator": "BNI",
        "operator:wikidata": "Q2882611",
        "short_name": "BNI",
        "source": "POI_WRI_Survey_2023"
      },
      "geometry": {
        "type": "Point",
        "coordinates": [
          107.5858646,
          -6.9068374
        ]
      },
      "id": "node/10794134959"
    },
    {
      "type": "Feature",
      "properties": {
        "@id": "node/10794134960",
        "amenity": "atm",
        "name": "ATM BJB SPBU Abdurahman Saleh",
        "operator": "Bank BJB",
        "source": "POI_WRI_Survey_2023"
      },
      "geometry": {
        "type": "Point",
        "coordinates": [
          107.585839,
          -6.9068374
        ]
      },
      "id": "node/10794134960"
    },
    {
      "type": "Feature",
      "properties": {
        "@id": "node/10794143316",
        "alt_name": "Bank BRI",
        "amenity": "atm",
        "brand": "BRI",
        "brand:wikidata": "Q623042",
        "name": "Bank Rakyat Indonesia",
        "official_name": "Bank Rakyat Indonesia",
        "old_name": "Bank Rakjat Indonesia",
        "operator": "BRI",
        "operator:wikidata": "Q623042",
        "short_name": "BRI",
        "source": "POI_WRI_Survey_2023"
      },
      "geometry": {
        "type": "Point",
        "coordinates": [
          107.5787231,
          -6.9082607
        ]
      },
      "id": "node/10794143316"
    },
    {
      "type": "Feature",
      "properties": {
        "@id": "node/10794180412",
        "amenity": "atm",
        "name": "ATM Mandiri",
        "source": "POI_WRI_Survey_2023"
      },
      "geometry": {
        "type": "Point",
        "coordinates": [
          107.6549046,
          -6.9026662
        ]
      },
      "id": "node/10794180412"
    },
    {
      "type": "Feature",
      "properties": {
        "@id": "node/10794180413",
        "amenity": "atm",
        "brand": "Bank Central Asia",
        "brand:wikidata": "Q806626",
        "name": "Bank Central Asia",
        "official_name": "Bank Central Asia",
        "operator": "Bank Central Asia",
        "operator:wikidata": "Q806626",
        "short_name": "BCA",
        "source": "POI_WRI_Survey_2023"
      },
      "geometry": {
        "type": "Point",
        "coordinates": [
          107.6548938,
          -6.9026383
        ]
      },
      "id": "node/10794180413"
    },
    {
      "type": "Feature",
      "properties": {
        "@id": "node/10794186331",
        "amenity": "atm",
        "brand": "Bank Mandiri",
        "brand:wikidata": "Q806639",
        "name": "ATM Mandiri",
        "operator": "Bank Mandiri",
        "operator:wikidata": "Q806639",
        "source": "POI_WRI_Survey_2023"
      },
      "geometry": {
        "type": "Point",
        "coordinates": [
          107.595558,
          -6.9068062
        ]
      },
      "id": "node/10794186331"
    },
    {
      "type": "Feature",
      "properties": {
        "@id": "node/10794186332",
        "amenity": "atm",
        "brand": "Bank Central Asia",
        "brand:wikidata": "Q806626",
        "cash_in": "yes",
        "drive_through": "no",
        "name": "ATM BCA",
        "official_name": "Bank Central Asia",
        "operator": "Bank Central Asia",
        "operator:wikidata": "Q806626",
        "short_name": "BCA",
        "source": "POI_WRI_Survey_2023"
      },
      "geometry": {
        "type": "Point",
        "coordinates": [
          107.595554,
          -6.9068275
        ]
      },
      "id": "node/10794186332"
    },
    {
      "type": "Feature",
      "properties": {
        "@id": "node/10794190070",
        "alt_name": "BNI 46",
        "amenity": "atm",
        "brand": "BNI",
        "brand:wikidata": "Q2882611",
        "brand:wikipedia": "id:Bank Negara Indonesia",
        "cash_in": "yes",
        "cash_out": "yes",
        "name": "Bank Negara Indonesia",
        "official_name": "Bank Negara Indonesia",
        "old_name": "BNI 46",
        "operator": "BNI",
        "operator:wikidata": "Q2882611",
        "short_name": "BNI",
        "source": "POI_WRI_Survey_2023"
      },
      "geometry": {
        "type": "Point",
        "coordinates": [
          107.6341523,
          -6.899604
        ]
      },
      "id": "node/10794190070"
    },
    {
      "type": "Feature",
      "properties": {
        "@id": "node/10794192264",
        "alt_name": "BNI 46",
        "amenity": "atm",
        "brand:wikidata": "Q2882611",
        "brand:wikipedia": "id:Bank Negara Indonesia",
        "name": "Bank Negara Indonesia",
        "official_name": "Bank Negara Indonesia",
        "old_name": "BNI 46",
        "short_name": "BNI",
        "source": "POI_WRI_Survey_2023"
      },
      "geometry": {
        "type": "Point",
        "coordinates": [
          107.6326382,
          -6.8921149
        ]
      },
      "id": "node/10794192264"
    },
    {
      "type": "Feature",
      "properties": {
        "@id": "node/10794208371",
        "amenity": "atm",
        "name": "ATM BJB",
        "source": "POI_WRI_Survey_2023"
      },
      "geometry": {
        "type": "Point",
        "coordinates": [
          107.6471624,
          -6.9064726
        ]
      },
      "id": "node/10794208371"
    },
    {
      "type": "Feature",
      "properties": {
        "@id": "node/10794208372",
        "amenity": "atm",
        "brand": "Bank Central Asia",
        "brand:wikidata": "Q806626",
        "name": "Bank Central Asia",
        "official_name": "Bank Central Asia",
        "operator": "Bank Central Asia",
        "operator:wikidata": "Q806626",
        "short_name": "BCA",
        "source": "POI_WRI_Survey_2023"
      },
      "geometry": {
        "type": "Point",
        "coordinates": [
          107.6471731,
          -6.9064939
        ]
      },
      "id": "node/10794208372"
    },
    {
      "type": "Feature",
      "properties": {
        "@id": "node/10794401946",
        "amenity": "atm",
        "brand": "Bank Central Asia",
        "brand:wikidata": "Q806626",
        "name": "Bank Central Asia",
        "official_name": "Bank Central Asia",
        "operator": "Bank Central Asia",
        "operator:wikidata": "Q806626",
        "short_name": "BCA",
        "source": "POI_WRI_Survey_2023"
      },
      "geometry": {
        "type": "Point",
        "coordinates": [
          107.6591492,
          -6.9024705
        ]
      },
      "id": "node/10794401946"
    },
    {
      "type": "Feature",
      "properties": {
        "@id": "node/10794403520",
        "alt_name": "BNI 46",
        "amenity": "atm",
        "brand": "BNI",
        "brand:wikidata": "Q2882611",
        "brand:wikipedia": "id:Bank Negara Indonesia",
        "name": "Bank Negara Indonesia",
        "official_name": "Bank Negara Indonesia",
        "old_name": "BNI 46",
        "operator": "BNI",
        "operator:wikidata": "Q2882611",
        "short_name": "BNI",
        "source": "POI_WRI_Survey_2023"
      },
      "geometry": {
        "type": "Point",
        "coordinates": [
          107.6530579,
          -6.9037174
        ]
      },
      "id": "node/10794403520"
    },
    {
      "type": "Feature",
      "properties": {
        "@id": "node/10794403521",
        "amenity": "atm",
        "brand": "Bank Central Asia",
        "brand:wikidata": "Q806626",
        "name": "Bank Central Asia",
        "official_name": "Bank Central Asia",
        "operator": "Bank Central Asia",
        "operator:wikidata": "Q806626",
        "short_name": "BCA",
        "source": "POI_WRI_Survey_2023"
      },
      "geometry": {
        "type": "Point",
        "coordinates": [
          107.6530518,
          -6.9037047
        ]
      },
      "id": "node/10794403521"
    },
    {
      "type": "Feature",
      "properties": {
        "@id": "node/10796135645",
        "amenity": "atm",
        "check_date": "2026-04-19",
        "name": "Bank Central Asia",
        "official_name": "Bank Central Asia",
        "short_name": "BCA",
        "source": "POI_WRI_Survey_2023"
      },
      "geometry": {
        "type": "Point",
        "coordinates": [
          107.6450944,
          -6.914088
        ]
      },
      "id": "node/10796135645"
    },
    {
      "type": "Feature",
      "properties": {
        "@id": "node/10796144478",
        "alt_name": "BNI 46",
        "amenity": "atm",
        "brand:wikidata": "Q2882611",
        "brand:wikipedia": "id:Bank Negara Indonesia",
        "name": "Bank Negara Indonesia",
        "official_name": "Bank Negara Indonesia",
        "old_name": "BNI 46",
        "short_name": "BNI",
        "source": "POI_WRI_Survey_2023"
      },
      "geometry": {
        "type": "Point",
        "coordinates": [
          107.6437332,
          -6.944611
        ]
      },
      "id": "node/10796144478"
    },
    {
      "type": "Feature",
      "properties": {
        "@id": "node/10796153619",
        "alt_name": "BNI 46",
        "amenity": "atm",
        "brand": "BNI",
        "brand:wikidata": "Q2882611",
        "brand:wikipedia": "id:Bank Negara Indonesia",
        "name": "Bank Negara Indonesia",
        "official_name": "Bank Negara Indonesia",
        "old_name": "BNI 46",
        "operator": "BNI",
        "operator:wikidata": "Q2882611",
        "short_name": "BNI",
        "source": "POI_WRI_Survey_2023"
      },
      "geometry": {
        "type": "Point",
        "coordinates": [
          107.6489514,
          -6.9301998
        ]
      },
      "id": "node/10796153619"
    },
    {
      "type": "Feature",
      "properties": {
        "@id": "node/10796158806",
        "amenity": "atm",
        "name": "ATM BJB",
        "source": "POI_WRI_Survey_2023"
      },
      "geometry": {
        "type": "Point",
        "coordinates": [
          107.6466303,
          -6.9129937
        ]
      },
      "id": "node/10796158806"
    },
    {
      "type": "Feature",
      "properties": {
        "@id": "node/10796158807",
        "alt_name": "Bank BRI",
        "amenity": "atm",
        "brand": "BRI",
        "brand:wikidata": "Q623042",
        "name": "Bank Rakyat Indonesia",
        "official_name": "Bank Rakyat Indonesia",
        "old_name": "Bank Rakjat Indonesia",
        "operator": "BRI",
        "operator:wikidata": "Q623042",
        "short_name": "BRI",
        "source": "POI_WRI_Survey_2023"
      },
      "geometry": {
        "type": "Point",
        "coordinates": [
          107.6466152,
          -6.9129893
        ]
      },
      "id": "node/10796158807"
    },
    {
      "type": "Feature",
      "properties": {
        "@id": "node/10796158808",
        "amenity": "atm",
        "name": "Bank Central Asia",
        "official_name": "Bank Central Asia",
        "short_name": "BCA",
        "source": "POI_WRI_Survey_2023"
      },
      "geometry": {
        "type": "Point",
        "coordinates": [
          107.6465991,
          -6.9129857
        ]
      },
      "id": "node/10796158808"
    },
    {
      "type": "Feature",
      "properties": {
        "@id": "node/10796160554",
        "amenity": "atm",
        "name": "ATM Center",
        "source": "POI_WRI_Survey_2023"
      },
      "geometry": {
        "type": "Point",
        "coordinates": [
          107.6445936,
          -6.9215683
        ]
      },
      "id": "node/10796160554"
    },
    {
      "type": "Feature",
      "properties": {
        "@id": "node/10796163919",
        "addr:place": "Stasiun Kiaracondong",
        "alt_name": "BNI 46",
        "amenity": "atm",
        "brand": "BNI",
        "brand:wikidata": "Q2882611",
        "brand:wikipedia": "id:Bank Negara Indonesia",
        "name": "Bank Negara Indonesia",
        "official_name": "Bank Negara Indonesia",
        "old_name": "BNI 46",
        "operator": "BNI",
        "operator:wikidata": "Q2882611",
        "short_name": "BNI",
        "source": "POI_WRI_Survey_2023"
      },
      "geometry": {
        "type": "Point",
        "coordinates": [
          107.6461565,
          -6.924342
        ]
      },
      "id": "node/10796163919"
    },
    {
      "type": "Feature",
      "properties": {
        "@id": "node/10796164205",
        "amenity": "atm",
        "name": "ATM Center",
        "source": "POI_WRI_Survey_2023"
      },
      "geometry": {
        "type": "Point",
        "coordinates": [
          107.6437479,
          -6.9113614
        ]
      },
      "id": "node/10796164205"
    },
    {
      "type": "Feature",
      "properties": {
        "@id": "node/10796164206",
        "amenity": "atm",
        "name": "ATM Center",
        "source": "POI_WRI_Survey_2023"
      },
      "geometry": {
        "type": "Point",
        "coordinates": [
          107.643764,
          -6.9115345
        ]
      },
      "id": "node/10796164206"
    },
    {
      "type": "Feature",
      "properties": {
        "@id": "node/10796165341",
        "amenity": "atm",
        "name": "ATM Center (Gerbang Pindad)",
        "source": "POI_WRI_Survey_2023"
      },
      "geometry": {
        "type": "Point",
        "coordinates": [
          107.6461485,
          -6.9334615
        ]
      },
      "id": "node/10796165341"
    },
    {
      "type": "Feature",
      "properties": {
        "@id": "node/10796178017",
        "amenity": "atm",
        "name": "ATM Bersama",
        "source": "POI_WRI_Survey_2023"
      },
      "geometry": {
        "type": "Point",
        "coordinates": [
          107.6435508,
          -6.9402697
        ]
      },
      "id": "node/10796178017"
    },
    {
      "type": "Feature",
      "properties": {
        "@id": "node/10796179773",
        "alt_name": "Bank BRI",
        "amenity": "atm",
        "brand": "BRI",
        "brand:wikidata": "Q623042",
        "name": "Bank Rakyat Indonesia",
        "official_name": "Bank Rakyat Indonesia",
        "old_name": "Bank Rakjat Indonesia",
        "operator": "BRI",
        "operator:wikidata": "Q623042",
        "short_name": "BRI",
        "source": "POI_WRI_Survey_2023"
      },
      "geometry": {
        "type": "Point",
        "coordinates": [
          107.6454578,
          -6.9219163
        ]
      },
      "id": "node/10796179773"
    },
    {
      "type": "Feature",
      "properties": {
        "@id": "node/10796197514",
        "amenity": "atm",
        "name": "ATM BSI",
        "source": "POI_WRI_Survey_2023"
      },
      "geometry": {
        "type": "Point",
        "coordinates": [
          107.6477927,
          -6.9220894
        ]
      },
      "id": "node/10796197514"
    },
    {
      "type": "Feature",
      "properties": {
        "@id": "node/10796198888",
        "alt_name": "BNI 46",
        "amenity": "atm",
        "brand": "BNI",
        "brand:wikidata": "Q2882611",
        "brand:wikipedia": "id:Bank Negara Indonesia",
        "name": "Bank Negara Indonesia",
        "official_name": "Bank Negara Indonesia",
        "old_name": "BNI 46",
        "operator": "BNI",
        "operator:wikidata": "Q2882611",
        "short_name": "BNI",
        "source": "POI_WRI_Survey_2023"
      },
      "geometry": {
        "type": "Point",
        "coordinates": [
          107.6497333,
          -6.9223557
        ]
      },
      "id": "node/10796198888"
    },
    {
      "type": "Feature",
      "properties": {
        "@id": "node/10796205853",
        "amenity": "atm",
        "brand": "Bank Central Asia",
        "brand:wikidata": "Q806626",
        "name": "Bank Central Asia",
        "official_name": "Bank Central Asia",
        "operator": "Bank Central Asia",
        "operator:wikidata": "Q806626",
        "short_name": "BCA",
        "source": "POI_WRI_Survey_2023"
      },
      "geometry": {
        "type": "Point",
        "coordinates": [
          107.651234,
          -6.9227897
        ]
      },
      "id": "node/10796205853"
    },
    {
      "type": "Feature",
      "properties": {
        "@id": "node/10796208644",
        "amenity": "atm",
        "name": "ATM",
        "source": "POI_WRI_Survey_2023"
      },
      "geometry": {
        "type": "Point",
        "coordinates": [
          107.6578899,
          -6.9367771
        ]
      },
      "id": "node/10796208644"
    },
    {
      "type": "Feature",
      "properties": {
        "@id": "node/10796214685",
        "amenity": "atm",
        "name": "ATM Mini (One Step Cell)",
        "source": "POI_WRI_Survey_2023"
      },
      "geometry": {
        "type": "Point",
        "coordinates": [
          107.6549287,
          -6.9359284
        ]
      },
      "id": "node/10796214685"
    },
    {
      "type": "Feature",
      "properties": {
        "@id": "node/10799667953",
        "alt_name": "Bank BRI",
        "amenity": "atm",
        "brand": "BRI",
        "brand:wikidata": "Q623042",
        "cash_in": "yes",
        "currency:IDR": "yes",
        "name": "Bank Rakyat Indonesia",
        "official_name": "Bank Rakyat Indonesia",
        "old_name": "Bank Rakjat Indonesia",
        "operator": "BRI",
        "operator:wikidata": "Q623042",
        "short_name": "BRI"
      },
      "geometry": {
        "type": "Point",
        "coordinates": [
          107.6908777,
          -6.9116835
        ]
      },
      "id": "node/10799667953"
    },
    {
      "type": "Feature",
      "properties": {
        "@id": "node/11024204313",
        "amenity": "atm",
        "brand": "CIMB Niaga",
        "opening_hours": "Mo-Su 09:30-21:00"
      },
      "geometry": {
        "type": "Point",
        "coordinates": [
          107.6388543,
          -6.9667735
        ]
      },
      "id": "node/11024204313"
    },
    {
      "type": "Feature",
      "properties": {
        "@id": "node/11024204317",
        "amenity": "atm",
        "brand": "Bank Jabar Banten",
        "opening_hours": "Mo-Su 09:30-21:00"
      },
      "geometry": {
        "type": "Point",
        "coordinates": [
          107.6388439,
          -6.9668132
        ]
      },
      "id": "node/11024204317"
    },
    {
      "type": "Feature",
      "properties": {
        "@id": "node/11031761416",
        "amenity": "atm",
        "brand": "Bank Central Asia",
        "opening_hours": "Mo-Su 07:00-22:00",
        "operator": "Bank Central Asia"
      },
      "geometry": {
        "type": "Point",
        "coordinates": [
          107.5766301,
          -6.9652581
        ]
      },
      "id": "node/11031761416"
    },
    {
      "type": "Feature",
      "properties": {
        "@id": "node/11032812907",
        "amenity": "atm",
        "brand": "Bank Syariah Indonesia",
        "brand:wikidata": "Q105574200",
        "opening_hours": "Mo-Su 07:00-22:00",
        "operator": "Bank Syariah Indonesia",
        "operator:wikidata": "Q105574200",
        "short_name": "BSI"
      },
      "geometry": {
        "type": "Point",
        "coordinates": [
          107.6381653,
          -6.9293284
        ]
      },
      "id": "node/11032812907"
    },
    {
      "type": "Feature",
      "properties": {
        "@id": "node/11032812908",
        "amenity": "atm",
        "brand": "Bank Central Asia",
        "brand:wikidata": "Q806626",
        "opening_hours": "Mo-Su 07:00-22:00",
        "operator": "Bank Central Asia",
        "operator:wikidata": "Q806626"
      },
      "geometry": {
        "type": "Point",
        "coordinates": [
          107.6381707,
          -6.9293164
        ]
      },
      "id": "node/11032812908"
    },
    {
      "type": "Feature",
      "properties": {
        "@id": "node/11049242789",
        "amenity": "atm",
        "brand": "Bank Central Asia",
        "brand:wikidata": "Q806626",
        "name": "Bank Central Asia",
        "operator": "Bank Central Asia",
        "operator:wikidata": "Q806626"
      },
      "geometry": {
        "type": "Point",
        "coordinates": [
          107.633713,
          -6.9158298
        ]
      },
      "id": "node/11049242789"
    },
    {
      "type": "Feature",
      "properties": {
        "@id": "node/11054257917",
        "amenity": "atm"
      },
      "geometry": {
        "type": "Point",
        "coordinates": [
          107.6050892,
          -6.8931602
        ]
      },
      "id": "node/11054257917"
    },
    {
      "type": "Feature",
      "properties": {
        "@id": "node/11097015687",
        "amenity": "atm",
        "brand": "BNI",
        "brand:wikidata": "Q2882611",
        "name": "Bank Negara Indonesia",
        "opening_hours": "24/7",
        "operator": "BNI",
        "operator:wikidata": "Q2882611"
      },
      "geometry": {
        "type": "Point",
        "coordinates": [
          107.6279139,
          -6.9382341
        ]
      },
      "id": "node/11097015687"
    },
    {
      "type": "Feature",
      "properties": {
        "@id": "node/11181449070",
        "amenity": "atm",
        "brand": "Bank Mandiri",
        "brand:wikidata": "Q806639",
        "cash_in": "yes",
        "level": "0",
        "opening_hours": "24/7",
        "operator": "Bank Mandiri",
        "operator:wikidata": "Q806639",
        "wheelchair": "limited"
      },
      "geometry": {
        "type": "Point",
        "coordinates": [
          107.6065406,
          -6.9389656
        ]
      },
      "id": "node/11181449070"
    },
    {
      "type": "Feature",
      "properties": {
        "@id": "node/11181449072",
        "alt_name": "ATM BNI",
        "amenity": "atm",
        "brand": "Bank Negara Indonesia",
        "brand:wikidata": "Q2882611",
        "cash_in": "yes",
        "level": "0",
        "official_name": "Bank Negara Indonesia",
        "opening_hours": "24/7",
        "operator": "Bank Negara Indonesia",
        "operator:wikidata": "Q2882611",
        "wheelchair": "limited"
      },
      "geometry": {
        "type": "Point",
        "coordinates": [
          107.6065181,
          -6.9390235
        ]
      },
      "id": "node/11181449072"
    },
    {
      "type": "Feature",
      "properties": {
        "@id": "node/11181449073",
        "alt_name": "ATM OCBC",
        "amenity": "atm",
        "brand": "OCBC",
        "cash_in": "no",
        "level": "0",
        "opening_hours": "24/7",
        "operator": "OCBC",
        "wheelchair": "limited"
      },
      "geometry": {
        "type": "Point",
        "coordinates": [
          107.6064762,
          -6.9390362
        ]
      },
      "id": "node/11181449073"
    },
    {
      "type": "Feature",
      "properties": {
        "@id": "node/11313188128",
        "amenity": "atm",
        "brand": "BRI",
        "brand:wikidata": "Q623042",
        "cash_in": "no",
        "official_name": "Bank Rakyat Indonesia",
        "operator": "BRI",
        "operator:wikidata": "Q623042"
      },
      "geometry": {
        "type": "Point",
        "coordinates": [
          107.6120848,
          -6.8795179
        ]
      },
      "id": "node/11313188128"
    },
    {
      "type": "Feature",
      "properties": {
        "@id": "node/11337784127",
        "amenity": "atm",
        "brand": "BNI",
        "brand:wikidata": "Q2882611",
        "name": "BNI",
        "operator": "BNI",
        "operator:wikidata": "Q2882611"
      },
      "geometry": {
        "type": "Point",
        "coordinates": [
          107.5534264,
          -6.872695
        ]
      },
      "id": "node/11337784127"
    },
    {
      "type": "Feature",
      "properties": {
        "@id": "node/11337784681",
        "amenity": "atm",
        "name": "Atm BNI"
      },
      "geometry": {
        "type": "Point",
        "coordinates": [
          107.5623197,
          -6.8750146
        ]
      },
      "id": "node/11337784681"
    },
    {
      "type": "Feature",
      "properties": {
        "@id": "node/11550132513",
        "amenity": "atm",
        "brand": "BRI",
        "brand:wikidata": "Q623042",
        "official_name": "Bank Rakyat Indonesia",
        "operator": "BRI",
        "operator:wikidata": "Q623042"
      },
      "geometry": {
        "type": "Point",
        "coordinates": [
          107.6090451,
          -6.9074375
        ]
      },
      "id": "node/11550132513"
    },
    {
      "type": "Feature",
      "properties": {
        "@id": "node/11727886531",
        "amenity": "atm",
        "brand": "BRI",
        "brand:wikidata": "Q623042",
        "cash_in": "no",
        "check_date": "2026-05-04",
        "drive_through": "yes",
        "official_name": "Bank Rakyat Indonesia",
        "operator": "BRI",
        "operator:wikidata": "Q623042"
      },
      "geometry": {
        "type": "Point",
        "coordinates": [
          107.620539,
          -6.9057554
        ]
      },
      "id": "node/11727886531"
    },
    {
      "type": "Feature",
      "properties": {
        "@id": "node/11898840368",
        "amenity": "atm",
        "brand": "BRI",
        "brand:wikidata": "Q623042",
        "cash_in": "yes",
        "check_date": "2026-01-24",
        "official_name": "Bank Rakyat Indonesia",
        "operator": "BRI",
        "operator:wikidata": "Q623042"
      },
      "geometry": {
        "type": "Point",
        "coordinates": [
          107.6072349,
          -6.9210178
        ]
      },
      "id": "node/11898840368"
    },
    {
      "type": "Feature",
      "properties": {
        "@id": "node/11987497232",
        "amenity": "atm",
        "name": "ATM OCBC Nisp"
      },
      "geometry": {
        "type": "Point",
        "coordinates": [
          107.6117096,
          -6.9086468
        ]
      },
      "id": "node/11987497232"
    },
    {
      "type": "Feature",
      "properties": {
        "@id": "node/11987504668",
        "amenity": "atm",
        "name": "ATM BTN"
      },
      "geometry": {
        "type": "Point",
        "coordinates": [
          107.6117183,
          -6.9086667
        ]
      },
      "id": "node/11987504668"
    },
    {
      "type": "Feature",
      "properties": {
        "@id": "node/11987507629",
        "amenity": "atm",
        "name": "ATM BRI"
      },
      "geometry": {
        "type": "Point",
        "coordinates": [
          107.6116949,
          -6.9086821
        ]
      },
      "id": "node/11987507629"
    },
    {
      "type": "Feature",
      "properties": {
        "@id": "node/11987521863",
        "amenity": "atm",
        "name": "ATM Mega"
      },
      "geometry": {
        "type": "Point",
        "coordinates": [
          107.6116962,
          -6.9086654
        ]
      },
      "id": "node/11987521863"
    },
    {
      "type": "Feature",
      "properties": {
        "@id": "node/11987521868",
        "amenity": "atm",
        "name": "ATM Bersama"
      },
      "geometry": {
        "type": "Point",
        "coordinates": [
          107.6112282,
          -6.9082933
        ]
      },
      "id": "node/11987521868"
    },
    {
      "type": "Feature",
      "properties": {
        "@id": "node/11987529030",
        "amenity": "atm",
        "name": "ATM CIMB Niaga"
      },
      "geometry": {
        "type": "Point",
        "coordinates": [
          107.6117257,
          -6.9086295
        ]
      },
      "id": "node/11987529030"
    },
    {
      "type": "Feature",
      "properties": {
        "@id": "node/11987529637",
        "amenity": "atm",
        "name": "ATM BII"
      },
      "geometry": {
        "type": "Point",
        "coordinates": [
          107.6111946,
          -6.9083
        ]
      },
      "id": "node/11987529637"
    },
    {
      "type": "Feature",
      "properties": {
        "@id": "node/11987532234",
        "amenity": "atm",
        "name": "ATM BCA"
      },
      "geometry": {
        "type": "Point",
        "coordinates": [
          107.6112905,
          -6.9082181
        ]
      },
      "id": "node/11987532234"
    },
    {
      "type": "Feature",
      "properties": {
        "@id": "node/11987533661",
        "amenity": "atm",
        "name": "ATM BNI"
      },
      "geometry": {
        "type": "Point",
        "coordinates": [
          107.6170827,
          -6.8957856
        ]
      },
      "id": "node/11987533661"
    },
    {
      "type": "Feature",
      "properties": {
        "@id": "node/11987533662",
        "amenity": "atm",
        "check_date": "2026-03-03",
        "name": "ATM Mandiri"
      },
      "geometry": {
        "type": "Point",
        "coordinates": [
          107.619026,
          -6.8979917
        ]
      },
      "id": "node/11987533662"
    },
    {
      "type": "Feature",
      "properties": {
        "@id": "node/11987546008",
        "amenity": "atm",
        "name": "ATM Danamon"
      },
      "geometry": {
        "type": "Point",
        "coordinates": [
          107.6117358,
          -6.9086494
        ]
      },
      "id": "node/11987546008"
    },
    {
      "type": "Feature",
      "properties": {
        "@id": "node/11987555569",
        "amenity": "atm",
        "name": "ATM BNI"
      },
      "geometry": {
        "type": "Point",
        "coordinates": [
          107.61121,
          -6.9083033
        ]
      },
      "id": "node/11987555569"
    },
    {
      "type": "Feature",
      "properties": {
        "@id": "node/11987558716",
        "amenity": "atm",
        "check_date": "2026-03-03",
        "name": "ATM BNI"
      },
      "geometry": {
        "type": "Point",
        "coordinates": [
          107.619028,
          -6.8979684
        ]
      },
      "id": "node/11987558716"
    },
    {
      "type": "Feature",
      "properties": {
        "@id": "node/11987579777",
        "amenity": "atm",
        "check_date": "2026-03-03",
        "name": "ATM BRI"
      },
      "geometry": {
        "type": "Point",
        "coordinates": [
          107.6190273,
          -6.8979405
        ]
      },
      "id": "node/11987579777"
    },
    {
      "type": "Feature",
      "properties": {
        "@id": "node/11989161926",
        "amenity": "atm",
        "name": "ATM BCA"
      },
      "geometry": {
        "type": "Point",
        "coordinates": [
          107.6090428,
          -6.9083366
        ]
      },
      "id": "node/11989161926"
    },
    {
      "type": "Feature",
      "properties": {
        "@id": "node/11989182761",
        "amenity": "atm",
        "brand": "CIMB Niaga",
        "brand:wikidata": "Q5011747",
        "name": "CIMB Niaga",
        "operator": "CIMB Niaga",
        "operator:wikidata": "Q5011747"
      },
      "geometry": {
        "type": "Point",
        "coordinates": [
          107.6362994,
          -6.9260274
        ]
      },
      "id": "node/11989182761"
    },
    {
      "type": "Feature",
      "properties": {
        "@id": "node/11989189308",
        "amenity": "atm",
        "brand": "Bank Central Asia",
        "brand:wikidata": "Q806626",
        "name": "BCA",
        "operator": "Bank Central Asia",
        "operator:wikidata": "Q806626"
      },
      "geometry": {
        "type": "Point",
        "coordinates": [
          107.6364952,
          -6.9259289
        ]
      },
      "id": "node/11989189308"
    },
    {
      "type": "Feature",
      "properties": {
        "@id": "node/11989197681",
        "amenity": "atm",
        "brand": "OCBC",
        "brand:wikidata": "Q19724214",
        "name": "OCBC Nisp",
        "operator": "OCBC",
        "operator:wikidata": "Q19724214"
      },
      "geometry": {
        "type": "Point",
        "coordinates": [
          107.6367339,
          -6.925471
        ]
      },
      "id": "node/11989197681"
    },
    {
      "type": "Feature",
      "properties": {
        "@id": "node/11989200027",
        "amenity": "atm",
        "brand": "Bank BJB",
        "brand:wikidata": "Q12474472",
        "name": "Bank BJB",
        "operator": "Bank BJB",
        "operator:wikidata": "Q12474472"
      },
      "geometry": {
        "type": "Point",
        "coordinates": [
          107.6364201,
          -6.9254204
        ]
      },
      "id": "node/11989200027"
    },
    {
      "type": "Feature",
      "properties": {
        "@id": "node/11989216941",
        "amenity": "atm",
        "name": "ATM Bank Permata"
      },
      "geometry": {
        "type": "Point",
        "coordinates": [
          107.6091126,
          -6.9083978
        ]
      },
      "id": "node/11989216941"
    },
    {
      "type": "Feature",
      "properties": {
        "@id": "node/11989219919",
        "amenity": "atm",
        "brand": "Bank Mega",
        "brand:wikidata": "Q12474504",
        "name": "Bank Mega",
        "operator": "Bank Mega",
        "operator:wikidata": "Q12474504"
      },
      "geometry": {
        "type": "Point",
        "coordinates": [
          107.6363665,
          -6.9260834
        ]
      },
      "id": "node/11989219919"
    },
    {
      "type": "Feature",
      "properties": {
        "@id": "node/11989228495",
        "amenity": "atm",
        "brand": "BRI",
        "brand:wikidata": "Q623042",
        "name": "BRI",
        "operator": "BRI",
        "operator:wikidata": "Q623042"
      },
      "geometry": {
        "type": "Point",
        "coordinates": [
          107.6367938,
          -6.9254648
        ]
      },
      "id": "node/11989228495"
    },
    {
      "type": "Feature",
      "properties": {
        "@id": "node/11989230592",
        "amenity": "atm",
        "name": "Muamalat"
      },
      "geometry": {
        "type": "Point",
        "coordinates": [
          107.6366106,
          -6.924981
        ]
      },
      "id": "node/11989230592"
    },
    {
      "type": "Feature",
      "properties": {
        "@id": "node/11989235217",
        "amenity": "atm",
        "brand": "BNI",
        "brand:wikidata": "Q2882611",
        "name": "BNI",
        "operator": "BNI",
        "operator:wikidata": "Q2882611"
      },
      "geometry": {
        "type": "Point",
        "coordinates": [
          107.636809,
          -6.9255482
        ]
      },
      "id": "node/11989235217"
    },
    {
      "type": "Feature",
      "properties": {
        "@id": "node/11989235272",
        "amenity": "atm",
        "brand": "Bank Mandiri",
        "brand:wikidata": "Q806639",
        "name": "Mandiri",
        "operator": "Bank Mandiri",
        "operator:wikidata": "Q806639"
      },
      "geometry": {
        "type": "Point",
        "coordinates": [
          107.6363611,
          -6.9254869
        ]
      },
      "id": "node/11989235272"
    },
    {
      "type": "Feature",
      "properties": {
        "@id": "node/11989238232",
        "amenity": "atm",
        "name": "ATM BJB"
      },
      "geometry": {
        "type": "Point",
        "coordinates": [
          107.608961,
          -6.9082194
        ]
      },
      "id": "node/11989238232"
    },
    {
      "type": "Feature",
      "properties": {
        "@id": "node/11989238511",
        "amenity": "atm",
        "name": "ATM Mandiri"
      },
      "geometry": {
        "type": "Point",
        "coordinates": [
          107.6091179,
          -6.9080796
        ]
      },
      "id": "node/11989238511"
    },
    {
      "type": "Feature",
      "properties": {
        "@id": "node/11989238583",
        "amenity": "atm",
        "name": "ATM BCA"
      },
      "geometry": {
        "type": "Point",
        "coordinates": [
          107.6126048,
          -6.9346889
        ]
      },
      "id": "node/11989238583"
    },
    {
      "type": "Feature",
      "properties": {
        "@id": "node/11989239791",
        "amenity": "atm",
        "name": "ATM BCA"
      },
      "geometry": {
        "type": "Point",
        "coordinates": [
          107.6101687,
          -6.9372091
        ]
      },
      "id": "node/11989239791"
    },
    {
      "type": "Feature",
      "properties": {
        "@id": "node/11989268585",
        "amenity": "atm",
        "name": "ATM BII"
      },
      "geometry": {
        "type": "Point",
        "coordinates": [
          107.6090066,
          -6.9082167
        ]
      },
      "id": "node/11989268585"
    },
    {
      "type": "Feature",
      "properties": {
        "@id": "node/11989269182",
        "amenity": "atm",
        "name": "ATM BNI"
      },
      "geometry": {
        "type": "Point",
        "coordinates": [
          107.6091313,
          -6.9081329
        ]
      },
      "id": "node/11989269182"
    },
    {
      "type": "Feature",
      "properties": {
        "@id": "node/11989274573",
        "amenity": "atm",
        "name": "ATM BRI"
      },
      "geometry": {
        "type": "Point",
        "coordinates": [
          107.6090616,
          -6.9081954
        ]
      },
      "id": "node/11989274573"
    },
    {
      "type": "Feature",
      "properties": {
        "@id": "node/11989274574",
        "amenity": "atm",
        "name": "ATM CIMB Niaga"
      },
      "geometry": {
        "type": "Point",
        "coordinates": [
          107.6091018,
          -6.9081036
        ]
      },
      "id": "node/11989274574"
    },
    {
      "type": "Feature",
      "properties": {
        "@id": "node/11989346029",
        "amenity": "atm",
        "name": "ATM BNI"
      },
      "geometry": {
        "type": "Point",
        "coordinates": [
          107.6160447,
          -6.9297531
        ]
      },
      "id": "node/11989346029"
    },
    {
      "type": "Feature",
      "properties": {
        "@id": "node/11989402139",
        "amenity": "atm",
        "name": "ATM BNI"
      },
      "geometry": {
        "type": "Point",
        "coordinates": [
          107.6156048,
          -6.9309427
        ]
      },
      "id": "node/11989402139"
    },
    {
      "type": "Feature",
      "properties": {
        "@id": "node/11989413332",
        "amenity": "atm",
        "name": "ATM BCA"
      },
      "geometry": {
        "type": "Point",
        "coordinates": [
          107.6159341,
          -6.930086
        ]
      },
      "id": "node/11989413332"
    },
    {
      "type": "Feature",
      "properties": {
        "@id": "node/11989413527",
        "amenity": "atm",
        "name": "ATM BRI"
      },
      "geometry": {
        "type": "Point",
        "coordinates": [
          107.6157638,
          -6.9306897
        ]
      },
      "id": "node/11989413527"
    },
    {
      "type": "Feature",
      "properties": {
        "@id": "node/11989415207",
        "amenity": "atm",
        "name": "ATM BCA"
      },
      "geometry": {
        "type": "Point",
        "coordinates": [
          107.6167609,
          -6.9270066
        ]
      },
      "id": "node/11989415207"
    },
    {
      "type": "Feature",
      "properties": {
        "@id": "node/11989433862",
        "amenity": "atm",
        "name": "ATM CTBC Bank"
      },
      "geometry": {
        "type": "Point",
        "coordinates": [
          107.6187088,
          -6.922379
        ]
      },
      "id": "node/11989433862"
    },
    {
      "type": "Feature",
      "properties": {
        "@id": "node/11989437133",
        "amenity": "atm",
        "check_date": "2026-02-14",
        "name": "ATM Danamon"
      },
      "geometry": {
        "type": "Point",
        "coordinates": [
          107.6170948,
          -6.9225567
        ]
      },
      "id": "node/11989437133"
    },
    {
      "type": "Feature",
      "properties": {
        "@id": "node/11989437358",
        "amenity": "atm",
        "name": "ATM CIMB Niaga"
      },
      "geometry": {
        "type": "Point",
        "coordinates": [
          107.6181369,
          -6.9227471
        ]
      },
      "id": "node/11989437358"
    },
    {
      "type": "Feature",
      "properties": {
        "@id": "node/11989438591",
        "amenity": "atm",
        "name": "ATM Bank Index"
      },
      "geometry": {
        "type": "Point",
        "coordinates": [
          107.6188631,
          -6.9224089
        ]
      },
      "id": "node/11989438591"
    },
    {
      "type": "Feature",
      "properties": {
        "@id": "node/11989519542",
        "amenity": "atm",
        "name": "ATM Bank Maspion"
      },
      "geometry": {
        "type": "Point",
        "coordinates": [
          107.6181643,
          -6.9188802
        ]
      },
      "id": "node/11989519542"
    },
    {
      "type": "Feature",
      "properties": {
        "@id": "node/11989528518",
        "amenity": "atm",
        "brand": "CIMB Niaga",
        "brand:wikidata": "Q5011747",
        "name": "CIMB Niaga",
        "operator": "CIMB Niaga",
        "operator:wikidata": "Q5011747"
      },
      "geometry": {
        "type": "Point",
        "coordinates": [
          107.6182341,
          -6.9178305
        ]
      },
      "id": "node/11989528518"
    },
    {
      "type": "Feature",
      "properties": {
        "@id": "node/11989528519",
        "amenity": "atm",
        "brand": "Bank Mandiri",
        "brand:wikidata": "Q806639",
        "name": "Mandiri",
        "operator": "Bank Mandiri",
        "operator:wikidata": "Q806639"
      },
      "geometry": {
        "type": "Point",
        "coordinates": [
          107.6182576,
          -6.9178344
        ]
      },
      "id": "node/11989528519"
    },
    {
      "type": "Feature",
      "properties": {
        "@id": "node/11989529340",
        "amenity": "atm",
        "brand": "OCBC",
        "brand:wikidata": "Q19724214",
        "name": "OCBC Nisp",
        "operator": "OCBC",
        "operator:wikidata": "Q19724214"
      },
      "geometry": {
        "type": "Point",
        "coordinates": [
          107.6183114,
          -6.9178381
        ]
      },
      "id": "node/11989529340"
    },
    {
      "type": "Feature",
      "properties": {
        "@id": "node/11989533806",
        "amenity": "atm",
        "name": "BJB"
      },
      "geometry": {
        "type": "Point",
        "coordinates": [
          107.61833,
          -6.9178404
        ]
      },
      "id": "node/11989533806"
    },
    {
      "type": "Feature",
      "properties": {
        "@id": "node/11989533807",
        "amenity": "atm",
        "name": "ATM BCA"
      },
      "geometry": {
        "type": "Point",
        "coordinates": [
          107.6181757,
          -6.9187611
        ]
      },
      "id": "node/11989533807"
    },
    {
      "type": "Feature",
      "properties": {
        "@id": "node/11989539844",
        "amenity": "atm",
        "brand": "BRI",
        "brand:wikidata": "Q623042",
        "name": "BRI",
        "operator": "BRI",
        "operator:wikidata": "Q623042"
      },
      "geometry": {
        "type": "Point",
        "coordinates": [
          107.6182911,
          -6.9178378
        ]
      },
      "id": "node/11989539844"
    },
    {
      "type": "Feature",
      "properties": {
        "@id": "node/11989558182",
        "amenity": "atm",
        "brand": "Bank Syariah Indonesia",
        "brand:wikidata": "Q105574200",
        "name": "BSI",
        "operator": "Bank Syariah Indonesia",
        "operator:wikidata": "Q105574200"
      },
      "geometry": {
        "type": "Point",
        "coordinates": [
          107.617872,
          -6.9169851
        ]
      },
      "id": "node/11989558182"
    },
    {
      "type": "Feature",
      "properties": {
        "@id": "node/11989574488",
        "amenity": "atm",
        "name": "ATM BJB"
      },
      "geometry": {
        "type": "Point",
        "coordinates": [
          107.6186196,
          -6.9119732
        ]
      },
      "id": "node/11989574488"
    },
    {
      "type": "Feature",
      "properties": {
        "@id": "node/11989577603",
        "amenity": "atm",
        "brand": "BRI",
        "brand:wikidata": "Q623042",
        "name": "BRI",
        "operator": "BRI",
        "operator:wikidata": "Q623042"
      },
      "geometry": {
        "type": "Point",
        "coordinates": [
          107.6192003,
          -6.9150666
        ]
      },
      "id": "node/11989577603"
    },
    {
      "type": "Feature",
      "properties": {
        "@id": "node/11989585229",
        "amenity": "atm",
        "brand": "BRI",
        "brand:wikidata": "Q623042",
        "name": "BRI",
        "operator": "BRI",
        "operator:wikidata": "Q623042"
      },
      "geometry": {
        "type": "Point",
        "coordinates": [
          107.6186492,
          -6.9119472
        ]
      },
      "id": "node/11989585229"
    },
    {
      "type": "Feature",
      "properties": {
        "@id": "node/11989594682",
        "amenity": "atm",
        "name": "ATM Link"
      },
      "geometry": {
        "type": "Point",
        "coordinates": [
          107.6186351,
          -6.9119632
        ]
      },
      "id": "node/11989594682"
    },
    {
      "type": "Feature",
      "properties": {
        "@id": "node/11989742245",
        "amenity": "atm",
        "name": "ATM BRI",
        "opening_hours": "24/7"
      },
      "geometry": {
        "type": "Point",
        "coordinates": [
          107.6237165,
          -6.9382168
        ]
      },
      "id": "node/11989742245"
    },
    {
      "type": "Feature",
      "properties": {
        "@id": "node/11989762889",
        "amenity": "atm",
        "brand": "Bank Central Asia",
        "brand:wikidata": "Q806626",
        "name": "BCA",
        "operator": "Bank Central Asia",
        "operator:wikidata": "Q806626"
      },
      "geometry": {
        "type": "Point",
        "coordinates": [
          107.608031,
          -6.9372976
        ]
      },
      "id": "node/11989762889"
    },
    {
      "type": "Feature",
      "properties": {
        "@id": "node/11989771343",
        "amenity": "atm",
        "name": "ATM BCA"
      },
      "geometry": {
        "type": "Point",
        "coordinates": [
          107.6186357,
          -6.9383387
        ]
      },
      "id": "node/11989771343"
    },
    {
      "type": "Feature",
      "properties": {
        "@id": "node/11989772181",
        "amenity": "atm",
        "name": "ATM BNI"
      },
      "geometry": {
        "type": "Point",
        "coordinates": [
          107.6179873,
          -6.9378547
        ]
      },
      "id": "node/11989772181"
    },
    {
      "type": "Feature",
      "properties": {
        "@id": "node/11989774983",
        "amenity": "atm",
        "brand": "Bank Mandiri",
        "brand:wikidata": "Q806639",
        "name": "Mandiri",
        "operator": "Bank Mandiri",
        "operator:wikidata": "Q806639"
      },
      "geometry": {
        "type": "Point",
        "coordinates": [
          107.6172967,
          -6.9377695
        ]
      },
      "id": "node/11989774983"
    },
    {
      "type": "Feature",
      "properties": {
        "@id": "node/11989777790",
        "amenity": "atm",
        "brand": "BNI",
        "brand:wikidata": "Q2882611",
        "name": "BNI",
        "operator": "BNI",
        "operator:wikidata": "Q2882611"
      },
      "geometry": {
        "type": "Point",
        "coordinates": [
          107.6169359,
          -6.9384804
        ]
      },
      "id": "node/11989777790"
    },
    {
      "type": "Feature",
      "properties": {
        "@id": "node/11989777972",
        "amenity": "atm",
        "name": "ATM BCA"
      },
      "geometry": {
        "type": "Point",
        "coordinates": [
          107.6217753,
          -6.9372224
        ]
      },
      "id": "node/11989777972"
    },
    {
      "type": "Feature",
      "properties": {
        "@id": "node/11989795137",
        "addr:city": "Bandung",
        "addr:country": "ID",
        "addr:housenumber": "141B",
        "addr:province": "Jawa Barat",
        "addr:street": "Jalan Buah Batu",
        "amenity": "atm",
        "building": "retail",
        "name": "ATM Bank Mega",
        "opening_hours": "24/7"
      },
      "geometry": {
        "type": "Point",
        "coordinates": [
          107.6233823,
          -6.937347
        ]
      },
      "id": "node/11989795137"
    },
    {
      "type": "Feature",
      "properties": {
        "@id": "node/11989797531",
        "alt_name": "ATM Danamon",
        "amenity": "atm",
        "brand": "Bank Danamon",
        "name": "Bank Danamon",
        "operator": "Bank Danamon",
        "operator:wikidata": "Q4855913"
      },
      "geometry": {
        "type": "Point",
        "coordinates": [
          107.6238205,
          -6.9383496
        ]
      },
      "id": "node/11989797531"
    },
    {
      "type": "Feature",
      "properties": {
        "@id": "node/11989798498",
        "addr:city": "Bandung",
        "addr:country": "ID",
        "addr:housenumber": "138",
        "addr:province": "Jawa Barat",
        "addr:street": "Jalan Buah Batu",
        "alt_name": "ATM CIMB Niaga",
        "amenity": "atm",
        "brand": "CIMB Niaga",
        "building": "retail",
        "name": "CIMB Niaga",
        "opening_hours": "24/7",
        "operator": "CIMB Niaga",
        "operator:wikidata": "Q5011747"
      },
      "geometry": {
        "type": "Point",
        "coordinates": [
          107.6234061,
          -6.9373861
        ]
      },
      "id": "node/11989798498"
    },
    {
      "type": "Feature",
      "properties": {
        "@id": "node/11989800179",
        "alt_name": "ATM BCA",
        "amenity": "atm",
        "brand": "Bank Central Asia",
        "name": "Bank Central Asia",
        "opening_hours": "24/7",
        "operator": "Bank Central Asia",
        "operator:wikidata": "Q806626"
      },
      "geometry": {
        "type": "Point",
        "coordinates": [
          107.6240344,
          -6.9385307
        ]
      },
      "id": "node/11989800179"
    },
    {
      "type": "Feature",
      "properties": {
        "@id": "node/11989814083",
        "alt_name": "ATM Bank DKI Syariah",
        "amenity": "atm",
        "brand": "Bank DKI",
        "name": "Bank DKI Syariah",
        "opening_hours": "24/7",
        "operator": "Bank DKI",
        "wheelchair": "limited"
      },
      "geometry": {
        "type": "Point",
        "coordinates": [
          107.6247358,
          -6.9387261
        ]
      },
      "id": "node/11989814083"
    },
    {
      "type": "Feature",
      "properties": {
        "@id": "node/11989906768",
        "amenity": "atm",
        "name": "ATM BNI"
      },
      "geometry": {
        "type": "Point",
        "coordinates": [
          107.5970969,
          -6.8966217
        ]
      },
      "id": "node/11989906768"
    },
    {
      "type": "Feature",
      "properties": {
        "@id": "node/11989921866",
        "amenity": "atm",
        "name": "ATM CIMB Niaga"
      },
      "geometry": {
        "type": "Point",
        "coordinates": [
          107.5957176,
          -6.8893402
        ]
      },
      "id": "node/11989921866"
    },
    {
      "type": "Feature",
      "properties": {
        "@id": "node/11989929356",
        "amenity": "atm",
        "name": "ATM BCA"
      },
      "geometry": {
        "type": "Point",
        "coordinates": [
          107.597341,
          -6.9028167
        ]
      },
      "id": "node/11989929356"
    },
    {
      "type": "Feature",
      "properties": {
        "@id": "node/11989938686",
        "amenity": "atm",
        "name": "ATM BCA"
      },
      "geometry": {
        "type": "Point",
        "coordinates": [
          107.5970668,
          -6.8967782
        ]
      },
      "id": "node/11989938686"
    },
    {
      "type": "Feature",
      "properties": {
        "@id": "node/11989948929",
        "amenity": "atm",
        "name": "ATM OCBC Nisp"
      },
      "geometry": {
        "type": "Point",
        "coordinates": [
          107.5956653,
          -6.8893256
        ]
      },
      "id": "node/11989948929"
    },
    {
      "type": "Feature",
      "properties": {
        "@id": "node/11989951691",
        "amenity": "atm",
        "name": "ATM Danamon"
      },
      "geometry": {
        "type": "Point",
        "coordinates": [
          107.5957324,
          -6.8894747
        ]
      },
      "id": "node/11989951691"
    },
    {
      "type": "Feature",
      "properties": {
        "@id": "node/11989953528",
        "amenity": "atm",
        "name": "ATM Maybank"
      },
      "geometry": {
        "type": "Point",
        "coordinates": [
          107.5966644,
          -6.9058043
        ]
      },
      "id": "node/11989953528"
    },
    {
      "type": "Feature",
      "properties": {
        "@id": "node/11989954193",
        "amenity": "atm",
        "name": "ATM BNI"
      },
      "geometry": {
        "type": "Point",
        "coordinates": [
          107.5957806,
          -6.8892643
        ]
      },
      "id": "node/11989954193"
    },
    {
      "type": "Feature",
      "properties": {
        "@id": "node/11989955690",
        "amenity": "atm",
        "name": "ATM Permata Bank"
      },
      "geometry": {
        "type": "Point",
        "coordinates": [
          107.5957055,
          -6.8892563
        ]
      },
      "id": "node/11989955690"
    },
    {
      "type": "Feature",
      "properties": {
        "@id": "node/11989955991",
        "amenity": "atm",
        "name": "ATM BRI"
      },
      "geometry": {
        "type": "Point",
        "coordinates": [
          107.5958075,
          -6.8893043
        ]
      },
      "id": "node/11989955991"
    },
    {
      "type": "Feature",
      "properties": {
        "@id": "node/11989956026",
        "amenity": "atm",
        "name": "ATM Mandiri"
      },
      "geometry": {
        "type": "Point",
        "coordinates": [
          107.5957458,
          -6.889299
        ]
      },
      "id": "node/11989956026"
    },
    {
      "type": "Feature",
      "properties": {
        "@id": "node/11989970131",
        "amenity": "atm",
        "name": "ATM BII"
      },
      "geometry": {
        "type": "Point",
        "coordinates": [
          107.5969219,
          -6.905996
        ]
      },
      "id": "node/11989970131"
    },
    {
      "type": "Feature",
      "properties": {
        "@id": "node/11989971098",
        "amenity": "atm",
        "name": "ATM CIMB Niaga"
      },
      "geometry": {
        "type": "Point",
        "coordinates": [
          107.5968461,
          -6.8981688
        ]
      },
      "id": "node/11989971098"
    },
    {
      "type": "Feature",
      "properties": {
        "@id": "node/11989975386",
        "amenity": "atm",
        "name": "ATM Mandiri"
      },
      "geometry": {
        "type": "Point",
        "coordinates": [
          107.5966644,
          -6.9058509
        ]
      },
      "id": "node/11989975386"
    },
    {
      "type": "Feature",
      "properties": {
        "@id": "node/11989986089",
        "amenity": "atm",
        "name": "ATM BRI"
      },
      "geometry": {
        "type": "Point",
        "coordinates": [
          107.5967006,
          -6.9058948
        ]
      },
      "id": "node/11989986089"
    },
    {
      "type": "Feature",
      "properties": {
        "@id": "node/11989992796",
        "amenity": "atm",
        "name": "ATM BJB"
      },
      "geometry": {
        "type": "Point",
        "coordinates": [
          107.5966296,
          -6.9056991
        ]
      },
      "id": "node/11989992796"
    },
    {
      "type": "Feature",
      "properties": {
        "@id": "node/11990107945",
        "amenity": "atm",
        "name": "BJB"
      },
      "geometry": {
        "type": "Point",
        "coordinates": [
          107.5997463,
          -6.90694
        ]
      },
      "id": "node/11990107945"
    },
    {
      "type": "Feature",
      "properties": {
        "@id": "node/11990116531",
        "amenity": "atm",
        "brand": "BNI",
        "brand:wikidata": "Q2882611",
        "name": "BNI",
        "operator": "BNI",
        "operator:wikidata": "Q2882611"
      },
      "geometry": {
        "type": "Point",
        "coordinates": [
          107.6001956,
          -6.9067988
        ]
      },
      "id": "node/11990116531"
    },
    {
      "type": "Feature",
      "properties": {
        "@id": "node/11990123313",
        "amenity": "atm",
        "name": "ATM BRI"
      },
      "geometry": {
        "type": "Point",
        "coordinates": [
          107.6023507,
          -6.9071876
        ]
      },
      "id": "node/11990123313"
    },
    {
      "type": "Feature",
      "properties": {
        "@id": "node/11990127616",
        "amenity": "atm",
        "name": "ATM Hibank"
      },
      "geometry": {
        "type": "Point",
        "coordinates": [
          107.6229125,
          -6.9193788
        ]
      },
      "id": "node/11990127616"
    },
    {
      "type": "Feature",
      "properties": {
        "@id": "node/11990127792",
        "amenity": "atm",
        "brand": "BNI",
        "brand:wikidata": "Q2882611",
        "name": "BNI",
        "operator": "BNI",
        "operator:wikidata": "Q2882611"
      },
      "geometry": {
        "type": "Point",
        "coordinates": [
          107.6267407,
          -6.9176714
        ]
      },
      "id": "node/11990127792"
    },
    {
      "type": "Feature",
      "properties": {
        "@id": "node/11990130577",
        "amenity": "atm",
        "name": "ATM BRI"
      },
      "geometry": {
        "type": "Point",
        "coordinates": [
          107.619138,
          -6.9212899
        ]
      },
      "id": "node/11990130577"
    },
    {
      "type": "Feature",
      "properties": {
        "@id": "node/11990142820",
        "amenity": "atm",
        "name": "ATM BNI"
      },
      "geometry": {
        "type": "Point",
        "coordinates": [
          107.5943014,
          -6.945849
        ]
      },
      "id": "node/11990142820"
    },
    {
      "type": "Feature",
      "properties": {
        "@id": "node/11990148936",
        "amenity": "atm",
        "name": "ATM BRI"
      },
      "geometry": {
        "type": "Point",
        "coordinates": [
          107.594296,
          -6.9458683
        ]
      },
      "id": "node/11990148936"
    },
    {
      "type": "Feature",
      "properties": {
        "@id": "node/11990150676",
        "amenity": "atm",
        "name": "ATM BCA"
      },
      "geometry": {
        "type": "Point",
        "coordinates": [
          107.5955406,
          -6.9452753
        ]
      },
      "id": "node/11990150676"
    },
    {
      "type": "Feature",
      "properties": {
        "@id": "node/11990179138",
        "amenity": "atm",
        "brand": "CIMB Niaga",
        "brand:wikidata": "Q5011747",
        "operator": "CIMB Niaga",
        "operator:wikidata": "Q5011747"
      },
      "geometry": {
        "type": "Point",
        "coordinates": [
          107.6053374,
          -6.9238188
        ]
      },
      "id": "node/11990179138"
    },
    {
      "type": "Feature",
      "properties": {
        "@id": "node/11990183182",
        "amenity": "atm",
        "name": "ATM BCA"
      },
      "geometry": {
        "type": "Point",
        "coordinates": [
          107.605792,
          -6.926532
        ]
      },
      "id": "node/11990183182"
    },
    {
      "type": "Feature",
      "properties": {
        "@id": "node/11990204472",
        "amenity": "atm",
        "brand": "Bank Danamon",
        "brand:wikidata": "Q4855913",
        "name": "Danamon",
        "operator": "Bank Danamon",
        "operator:wikidata": "Q4855913"
      },
      "geometry": {
        "type": "Point",
        "coordinates": [
          107.6053675,
          -6.923908
        ]
      },
      "id": "node/11990204472"
    },
    {
      "type": "Feature",
      "properties": {
        "@id": "node/11990205385",
        "amenity": "atm",
        "brand": "Bank Central Asia",
        "brand:wikidata": "Q806626",
        "operator": "Bank Central Asia",
        "operator:wikidata": "Q806626"
      },
      "geometry": {
        "type": "Point",
        "coordinates": [
          107.6052582,
          -6.9235499
        ]
      },
      "id": "node/11990205385"
    },
    {
      "type": "Feature",
      "properties": {
        "@id": "node/11990212903",
        "amenity": "atm",
        "brand": "Bank Mandiri",
        "brand:wikidata": "Q806639",
        "name": "Mandiri",
        "operator": "Bank Mandiri",
        "operator:wikidata": "Q806639"
      },
      "geometry": {
        "type": "Point",
        "coordinates": [
          107.6053427,
          -6.9236364
        ]
      },
      "id": "node/11990212903"
    },
    {
      "type": "Feature",
      "properties": {
        "@id": "node/11991007033",
        "amenity": "atm",
        "brand": "BRI",
        "brand:wikidata": "Q623042",
        "cash_in": "yes",
        "drive_through": "no",
        "indoor": "yes",
        "name": "BRI",
        "operator": "BRI",
        "operator:wikidata": "Q623042"
      },
      "geometry": {
        "type": "Point",
        "coordinates": [
          107.603543,
          -6.9308242
        ]
      },
      "id": "node/11991007033"
    },
    {
      "type": "Feature",
      "properties": {
        "@id": "node/11991009814",
        "amenity": "atm",
        "brand": "BRI",
        "brand:wikidata": "Q623042",
        "check_date": "2026-05-16",
        "name": "BRI",
        "official_name": "Bank Rakyat Indonesia",
        "operator": "BRI",
        "operator:wikidata": "Q623042"
      },
      "geometry": {
        "type": "Point",
        "coordinates": [
          107.6064773,
          -6.9229687
        ]
      },
      "id": "node/11991009814"
    },
    {
      "type": "Feature",
      "properties": {
        "@id": "node/11991140389",
        "amenity": "atm",
        "name": "ATM BCA"
      },
      "geometry": {
        "type": "Point",
        "coordinates": [
          107.6099695,
          -6.9211195
        ]
      },
      "id": "node/11991140389"
    },
    {
      "type": "Feature",
      "properties": {
        "@id": "node/11991143478",
        "amenity": "atm",
        "name": "ATM BNI"
      },
      "geometry": {
        "type": "Point",
        "coordinates": [
          107.6098897,
          -6.9199
        ]
      },
      "id": "node/11991143478"
    },
    {
      "type": "Feature",
      "properties": {
        "@id": "node/11991147112",
        "amenity": "atm",
        "name": "ATM Mandiri"
      },
      "geometry": {
        "type": "Point",
        "coordinates": [
          107.6089496,
          -6.9215309
        ]
      },
      "id": "node/11991147112"
    },
    {
      "type": "Feature",
      "properties": {
        "@id": "node/11991147554",
        "amenity": "atm",
        "name": "ATM CIMB Niaga"
      },
      "geometry": {
        "type": "Point",
        "coordinates": [
          107.6101968,
          -6.9214277
        ]
      },
      "id": "node/11991147554"
    },
    {
      "type": "Feature",
      "properties": {
        "@id": "node/11991153499",
        "amenity": "atm",
        "name": "ATM BJB"
      },
      "geometry": {
        "type": "Point",
        "coordinates": [
          107.6102022,
          -6.9213845
        ]
      },
      "id": "node/11991153499"
    },
    {
      "type": "Feature",
      "properties": {
        "@id": "node/11991158313",
        "amenity": "atm",
        "name": "ATM OCBC"
      },
      "geometry": {
        "type": "Point",
        "coordinates": [
          107.6093633,
          -6.921674
        ]
      },
      "id": "node/11991158313"
    },
    {
      "type": "Feature",
      "properties": {
        "@id": "node/11991159589",
        "amenity": "atm",
        "name": "ATM BJB"
      },
      "geometry": {
        "type": "Point",
        "coordinates": [
          107.6101854,
          -6.9199872
        ]
      },
      "id": "node/11991159589"
    },
    {
      "type": "Feature",
      "properties": {
        "@id": "node/11991178816",
        "amenity": "atm",
        "check_date": "2026-07-22",
        "name": "ATM Mandiri"
      },
      "geometry": {
        "type": "Point",
        "coordinates": [
          107.6088095,
          -6.9153195
        ]
      },
      "id": "node/11991178816"
    },
    {
      "type": "Feature",
      "properties": {
        "@id": "node/11991182029",
        "amenity": "atm",
        "name": "ATM BJB Syariah"
      },
      "geometry": {
        "type": "Point",
        "coordinates": [
          107.6088014,
          -6.9147617
        ]
      },
      "id": "node/11991182029"
    },
    {
      "type": "Feature",
      "properties": {
        "@id": "node/11991182844",
        "amenity": "atm",
        "brand": "Bank Central Asia",
        "brand:wikidata": "Q806626",
        "name": "BCA",
        "operator": "Bank Central Asia",
        "operator:wikidata": "Q806626"
      },
      "geometry": {
        "type": "Point",
        "coordinates": [
          107.6079579,
          -6.9162854
        ]
      },
      "id": "node/11991182844"
    },
    {
      "type": "Feature",
      "properties": {
        "@id": "node/11991195565",
        "amenity": "atm",
        "name": "ATM CIMB Niaga"
      },
      "geometry": {
        "type": "Point",
        "coordinates": [
          107.6095806,
          -6.9160957
        ]
      },
      "id": "node/11991195565"
    },
    {
      "type": "Feature",
      "properties": {
        "@id": "node/11991335322",
        "amenity": "atm",
        "name": "ATM BCA"
      },
      "geometry": {
        "type": "Point",
        "coordinates": [
          107.6058711,
          -6.8937552
        ]
      },
      "id": "node/11991335322"
    },
    {
      "type": "Feature",
      "properties": {
        "@id": "node/11991382576",
        "amenity": "atm",
        "name": "ATM BNI"
      },
      "geometry": {
        "type": "Point",
        "coordinates": [
          107.6038239,
          -6.8970058
        ]
      },
      "id": "node/11991382576"
    },
    {
      "type": "Feature",
      "properties": {
        "@id": "node/11991385337",
        "amenity": "atm",
        "name": "ATM BJB"
      },
      "geometry": {
        "type": "Point",
        "coordinates": [
          107.60534,
          -6.8937099
        ]
      },
      "id": "node/11991385337"
    },
    {
      "type": "Feature",
      "properties": {
        "@id": "node/11991388056",
        "amenity": "atm",
        "name": "ATM BJB"
      },
      "geometry": {
        "type": "Point",
        "coordinates": [
          107.6038293,
          -6.8971296
        ]
      },
      "id": "node/11991388056"
    },
    {
      "type": "Feature",
      "properties": {
        "@id": "node/11991391219",
        "amenity": "atm",
        "name": "ATM BNI"
      },
      "geometry": {
        "type": "Point",
        "coordinates": [
          107.6053119,
          -6.8931667
        ]
      },
      "id": "node/11991391219"
    },
    {
      "type": "Feature",
      "properties": {
        "@id": "node/11991397092",
        "amenity": "atm",
        "name": "ATM BCA"
      },
      "geometry": {
        "type": "Point",
        "coordinates": [
          107.6041424,
          -6.8975091
        ]
      },
      "id": "node/11991397092"
    },
    {
      "type": "Feature",
      "properties": {
        "@id": "node/12000798678",
        "amenity": "atm",
        "brand": "Bank Syariah Indonesia",
        "brand:wikidata": "Q105574200",
        "operator": "Bank Syariah Indonesia",
        "operator:wikidata": "Q105574200",
        "short_name": "BSI"
      },
      "geometry": {
        "type": "Point",
        "coordinates": [
          107.5918816,
          -6.8596879
        ]
      },
      "id": "node/12000798678"
    },
    {
      "type": "Feature",
      "properties": {
        "@id": "node/12065462895",
        "amenity": "atm",
        "brand": "Bank Central Asia",
        "brand:wikidata": "Q806626",
        "description": "Rp. 100.000",
        "name": "BCA",
        "operator": "Bank Central Asia",
        "operator:wikidata": "Q806626"
      },
      "geometry": {
        "type": "Point",
        "coordinates": [
          107.5922281,
          -6.8969569
        ]
      },
      "id": "node/12065462895"
    },
    {
      "type": "Feature",
      "properties": {
        "@id": "node/12128022519",
        "amenity": "atm",
        "brand": "BRI",
        "brand:wikidata": "Q623042",
        "currency:IDR": "yes",
        "drive_through": "no",
        "indoor": "yes",
        "official_name": "Bank Rakyat Indonesia",
        "operator": "BRI",
        "operator:wikidata": "Q623042"
      },
      "geometry": {
        "type": "Point",
        "coordinates": [
          107.6275703,
          -6.9429823
        ]
      },
      "id": "node/12128022519"
    },
    {
      "type": "Feature",
      "properties": {
        "@id": "node/12423678743",
        "amenity": "atm",
        "brand": "BNI",
        "brand:wikidata": "Q2882611",
        "cash_in": "yes",
        "currency:IDR": "yes",
        "drive_through": "no",
        "name": "Bank Negara Indonesia",
        "official_name": "Bank Negara Indonesia",
        "opening_hours": "Mo-Su 06:00-20:00",
        "operator": "BNI",
        "operator:wikidata": "Q2882611"
      },
      "geometry": {
        "type": "Point",
        "coordinates": [
          107.611813,
          -6.887965
        ]
      },
      "id": "node/12423678743"
    },
    {
      "type": "Feature",
      "properties": {
        "@id": "node/12423678744",
        "amenity": "atm",
        "brand": "Bank BJB",
        "brand:wikidata": "Q12474472",
        "currency:IDR": "yes",
        "drive_through": "no",
        "operator": "Bank BJB",
        "operator:wikidata": "Q12474472"
      },
      "geometry": {
        "type": "Point",
        "coordinates": [
          107.6103195,
          -6.8923634
        ]
      },
      "id": "node/12423678744"
    },
    {
      "type": "Feature",
      "properties": {
        "@id": "node/12882720159",
        "alt_name": "ATM BNI",
        "amenity": "atm",
        "brand": "Bank Negara Indonesia",
        "cash_in": "yes",
        "cash_out": "yes",
        "name": "Bank Negara Indonesia",
        "official_name": "Bank Negara Indonesia",
        "opening_hours": "24/7",
        "operator": "BNI",
        "wheelchair": "limited"
      },
      "geometry": {
        "type": "Point",
        "coordinates": [
          107.6654506,
          -6.9393018
        ]
      },
      "id": "node/12882720159"
    },
    {
      "type": "Feature",
      "properties": {
        "@id": "node/13022318812",
        "amenity": "atm",
        "brand": "BRI",
        "brand:wikidata": "Q623042",
        "operator": "BRI",
        "operator:wikidata": "Q623042"
      },
      "geometry": {
        "type": "Point",
        "coordinates": [
          107.5914666,
          -6.8970136
        ]
      },
      "id": "node/13022318812"
    },
    {
      "type": "Feature",
      "properties": {
        "@id": "node/13065263293",
        "amenity": "atm",
        "brand": "Bank Central Asia",
        "brand:wikidata": "Q806626",
        "operator": "Bank Central Asia",
        "operator:wikidata": "Q806626"
      },
      "geometry": {
        "type": "Point",
        "coordinates": [
          107.609236,
          -6.8906453
        ]
      },
      "id": "node/13065263293"
    },
    {
      "type": "Feature",
      "properties": {
        "@id": "node/13261649442",
        "alt_name": "ATM BNI",
        "amenity": "atm",
        "brand": "BNI",
        "cash_in": "yes",
        "cash_out": "yes",
        "level": "0",
        "name": "BNI",
        "official_name": "Bank Negara Indonesia",
        "opening_hours": "24/7",
        "operator": "BNI",
        "operator:wikidata": "Q2882611",
        "ref": "S1BBDGR007",
        "wheelchair": "no"
      },
      "geometry": {
        "type": "Point",
        "coordinates": [
          107.6515645,
          -6.9125771
        ]
      },
      "id": "node/13261649442"
    },
    {
      "type": "Feature",
      "properties": {
        "@id": "node/13373807355",
        "amenity": "atm",
        "brand": "BRI",
        "brand:wikidata": "Q623042",
        "operator": "BRI",
        "operator:wikidata": "Q623042"
      },
      "geometry": {
        "type": "Point",
        "coordinates": [
          107.6336789,
          -6.9342085
        ]
      },
      "id": "node/13373807355"
    },
    {
      "type": "Feature",
      "properties": {
        "@id": "node/13449627246",
        "amenity": "atm",
        "brand": "Bank Syariah Indonesia",
        "brand:wikidata": "Q105574200",
        "operator": "Bank Syariah Indonesia",
        "operator:wikidata": "Q105574200"
      },
      "geometry": {
        "type": "Point",
        "coordinates": [
          107.6208893,
          -6.8692006
        ]
      },
      "id": "node/13449627246"
    },
    {
      "type": "Feature",
      "properties": {
        "@id": "node/13542460386",
        "amenity": "atm",
        "brand": "Bank Mandiri",
        "brand:wikidata": "Q806639",
        "cash_in": "yes",
        "indoor": "yes",
        "operator": "Bank Mandiri",
        "operator:wikidata": "Q806639"
      },
      "geometry": {
        "type": "Point",
        "coordinates": [
          107.6210556,
          -6.9058008
        ]
      },
      "id": "node/13542460386"
    },
    {
      "type": "Feature",
      "properties": {
        "@id": "node/13605848164",
        "amenity": "atm",
        "brand": "BRI",
        "brand:wikidata": "Q623042",
        "cash_in": "yes",
        "indoor": "yes",
        "operator": "BRI",
        "operator:wikidata": "Q623042"
      },
      "geometry": {
        "type": "Point",
        "coordinates": [
          107.6140136,
          -6.8859386
        ]
      },
      "id": "node/13605848164"
    },
    {
      "type": "Feature",
      "properties": {
        "@id": "node/13605848165",
        "amenity": "atm",
        "brand": "Bank Syariah Indonesia",
        "brand:wikidata": "Q105574200",
        "cash_in": "no",
        "indoor": "yes",
        "operator": "Bank Syariah Indonesia",
        "operator:wikidata": "Q105574200"
      },
      "geometry": {
        "type": "Point",
        "coordinates": [
          107.6139903,
          -6.8859362
        ]
      },
      "id": "node/13605848165"
    },
    {
      "type": "Feature",
      "properties": {
        "@id": "node/13605885876",
        "amenity": "atm",
        "brand": "OCBC",
        "brand:wikidata": "Q19724214",
        "operator": "OCBC",
        "operator:wikidata": "Q19724214"
      },
      "geometry": {
        "type": "Point",
        "coordinates": [
          107.6136462,
          -6.8896172
        ]
      },
      "id": "node/13605885876"
    },
    {
      "type": "Feature",
      "properties": {
        "@id": "node/13605913706",
        "amenity": "atm",
        "brand": "Bank Syariah Indonesia",
        "brand:wikidata": "Q105574200",
        "operator": "Bank Syariah Indonesia",
        "operator:wikidata": "Q105574200"
      },
      "geometry": {
        "type": "Point",
        "coordinates": [
          107.6134003,
          -6.8920398
        ]
      },
      "id": "node/13605913706"
    },
    {
      "type": "Feature",
      "properties": {
        "@id": "node/13614011019",
        "amenity": "atm",
        "brand": "Bank Syariah Indonesia",
        "brand:wikidata": "Q105574200",
        "operator": "Bank Syariah Indonesia",
        "operator:wikidata": "Q105574200"
      },
      "geometry": {
        "type": "Point",
        "coordinates": [
          107.6190238,
          -6.8979158
        ]
      },
      "id": "node/13614011019"
    },
    {
      "type": "Feature",
      "properties": {
        "@id": "node/13614509815",
        "amenity": "atm",
        "brand": "Bank BJB",
        "brand:wikidata": "Q12474472",
        "cash_in": "yes",
        "operator": "Bank BJB",
        "operator:wikidata": "Q12474472"
      },
      "geometry": {
        "type": "Point",
        "coordinates": [
          107.6257215,
          -6.9315134
        ]
      },
      "id": "node/13614509815"
    },
    {
      "type": "Feature",
      "properties": {
        "@id": "node/13620574582",
        "amenity": "atm",
        "brand": "BRI",
        "brand:wikidata": "Q623042",
        "operator": "BRI",
        "operator:wikidata": "Q623042"
      },
      "geometry": {
        "type": "Point",
        "coordinates": [
          107.6348388,
          -6.9324683
        ]
      },
      "id": "node/13620574582"
    },
    {
      "type": "Feature",
      "properties": {
        "@id": "node/13621726756",
        "amenity": "atm",
        "currency:IDR": "yes",
        "not:brand:wikidata": "Q806626",
        "operator": "BCA"
      },
      "geometry": {
        "type": "Point",
        "coordinates": [
          107.6359856,
          -6.8979019
        ]
      },
      "id": "node/13621726756"
    },
    {
      "type": "Feature",
      "properties": {
        "@id": "node/13625003199",
        "amenity": "atm",
        "brand": "Bank Central Asia",
        "brand:wikidata": "Q806626",
        "cash_in": "yes",
        "indoor": "yes",
        "operator": "Bank Central Asia",
        "operator:wikidata": "Q806626"
      },
      "geometry": {
        "type": "Point",
        "coordinates": [
          107.6025342,
          -6.9147123
        ]
      },
      "id": "node/13625003199"
    },
    {
      "type": "Feature",
      "properties": {
        "@id": "node/13625004879",
        "amenity": "atm",
        "brand": "Bank Syariah Indonesia",
        "brand:wikidata": "Q105574200",
        "cash_in": "no",
        "indoor": "yes",
        "operator": "Bank Syariah Indonesia",
        "operator:wikidata": "Q105574200"
      },
      "geometry": {
        "type": "Point",
        "coordinates": [
          107.6025346,
          -6.9146967
        ]
      },
      "id": "node/13625004879"
    },
    {
      "type": "Feature",
      "properties": {
        "@id": "node/13625041920",
        "amenity": "atm",
        "cash_in": "no",
        "indoor": "yes",
        "operator": "ATM Link"
      },
      "geometry": {
        "type": "Point",
        "coordinates": [
          107.6025358,
          -6.9146827
        ]
      },
      "id": "node/13625041920"
    },
    {
      "type": "Feature",
      "properties": {
        "@id": "node/13629109179",
        "alt_name": "ATM BNI",
        "amenity": "atm",
        "brand": "Bank Negara Indonesia",
        "cash_in": "no",
        "cash_out": "yes",
        "level": "0",
        "name": "Bank Negara Indonesia",
        "opening_hours": "24/7",
        "ref": "S1BJPK01UW",
        "wheelchair": "no"
      },
      "geometry": {
        "type": "Point",
        "coordinates": [
          107.6362418,
          -6.9709905
        ]
      },
      "id": "node/13629109179"
    },
    {
      "type": "Feature",
      "properties": {
        "@id": "node/13629109195",
        "alt_name": "ATM Mandiri",
        "amenity": "atm",
        "brand": "Bank Mandiri",
        "cash_in": "yes",
        "cash_out": "yes",
        "level": "0",
        "opening_hours": "24/7",
        "wheelchair": "no"
      },
      "geometry": {
        "type": "Point",
        "coordinates": [
          107.6362391,
          -6.9709989
        ]
      },
      "id": "node/13629109195"
    },
    {
      "type": "Feature",
      "properties": {
        "@id": "node/13629113725",
        "alt_name": "ATM BSI",
        "amenity": "atm",
        "brand": "Bank Syariah Indonesia",
        "cash_in": "no",
        "cash_out": "yes",
        "level": "0",
        "opening_hours": "24/7",
        "wheelchair": "no"
      },
      "geometry": {
        "type": "Point",
        "coordinates": [
          107.6362367,
          -6.9710073
        ]
      },
      "id": "node/13629113725"
    },
    {
      "type": "Feature",
      "properties": {
        "@id": "node/13630181799",
        "amenity": "atm",
        "brand": "Bank Central Asia",
        "brand:wikidata": "Q806626",
        "operator": "Bank Central Asia",
        "operator:wikidata": "Q806626"
      },
      "geometry": {
        "type": "Point",
        "coordinates": [
          107.6088003,
          -6.9547793
        ]
      },
      "id": "node/13630181799"
    },
    {
      "type": "Feature",
      "properties": {
        "@id": "node/13647878038",
        "amenity": "atm",
        "brand": "Bank Central Asia",
        "brand:wikidata": "Q806626",
        "cash_in": "yes",
        "operator": "Bank Central Asia",
        "operator:wikidata": "Q806626"
      },
      "geometry": {
        "type": "Point",
        "coordinates": [
          107.6121621,
          -6.9020131
        ]
      },
      "id": "node/13647878038"
    },
    {
      "type": "Feature",
      "properties": {
        "@id": "node/13713687374",
        "amenity": "atm",
        "brand": "Bank Syariah Indonesia",
        "brand:wikidata": "Q105574200",
        "cash_in": "no",
        "operator": "Bank Syariah Indonesia",
        "operator:wikidata": "Q105574200"
      },
      "geometry": {
        "type": "Point",
        "coordinates": [
          107.598484,
          -6.8951922
        ]
      },
      "id": "node/13713687374"
    },
    {
      "type": "Feature",
      "properties": {
        "@id": "node/13713774223",
        "amenity": "atm",
        "brand": "BNI",
        "brand:wikidata": "Q2882611",
        "cash_in": "no",
        "operator": "BNI",
        "operator:wikidata": "Q2882611"
      },
      "geometry": {
        "type": "Point",
        "coordinates": [
          107.5984942,
          -6.8951525
        ]
      },
      "id": "node/13713774223"
    },
    {
      "type": "Feature",
      "properties": {
        "@id": "node/13713778275",
        "amenity": "atm",
        "brand": "Bank BJB",
        "brand:wikidata": "Q12474472",
        "operator": "Bank BJB",
        "operator:wikidata": "Q12474472"
      },
      "geometry": {
        "type": "Point",
        "coordinates": [
          107.5982191,
          -6.8955109
        ]
      },
      "id": "node/13713778275"
    },
    {
      "type": "Feature",
      "properties": {
        "@id": "node/13734899844",
        "amenity": "atm",
        "brand": "Bank Central Asia",
        "brand:wikidata": "Q806626",
        "operator": "Bank Central Asia",
        "operator:wikidata": "Q806626"
      },
      "geometry": {
        "type": "Point",
        "coordinates": [
          107.6263755,
          -6.9396222
        ]
      },
      "id": "node/13734899844"
    },
    {
      "type": "Feature",
      "properties": {
        "@id": "node/13737041186",
        "amenity": "atm",
        "brand": "BRI",
        "brand:wikidata": "Q623042",
        "operator": "BRI",
        "operator:wikidata": "Q623042"
      },
      "geometry": {
        "type": "Point",
        "coordinates": [
          107.599327,
          -6.8911637
        ]
      },
      "id": "node/13737041186"
    },
    {
      "type": "Feature",
      "properties": {
        "@id": "node/13737101336",
        "amenity": "atm",
        "brand": "BNI",
        "brand:wikidata": "Q2882611",
        "operator": "BNI",
        "operator:wikidata": "Q2882611"
      },
      "geometry": {
        "type": "Point",
        "coordinates": [
          107.5994031,
          -6.8911672
        ]
      },
      "id": "node/13737101336"
    },
    {
      "type": "Feature",
      "properties": {
        "@id": "node/13742304997",
        "amenity": "atm",
        "brand": "Bank Syariah Indonesia",
        "brand:wikidata": "Q105574200",
        "operator": "Bank Syariah Indonesia",
        "operator:wikidata": "Q105574200"
      },
      "geometry": {
        "type": "Point",
        "coordinates": [
          107.6488746,
          -6.9128198
        ]
      },
      "id": "node/13742304997"
    },
    {
      "type": "Feature",
      "properties": {
        "@id": "node/13742308929",
        "amenity": "atm",
        "brand": "Bank Mandiri",
        "brand:wikidata": "Q806639",
        "operator": "Bank Mandiri",
        "operator:wikidata": "Q806639"
      },
      "geometry": {
        "type": "Point",
        "coordinates": [
          107.6489066,
          -6.9128148
        ]
      },
      "id": "node/13742308929"
    },
    {
      "type": "Feature",
      "properties": {
        "@id": "node/13745263965",
        "amenity": "atm",
        "brand": "Bank Mandiri",
        "brand:wikidata": "Q806639",
        "operator": "Bank Mandiri",
        "operator:wikidata": "Q806639"
      },
      "geometry": {
        "type": "Point",
        "coordinates": [
          107.5792196,
          -6.9179404
        ]
      },
      "id": "node/13745263965"
    },
    {
      "type": "Feature",
      "properties": {
        "@id": "node/13745274179",
        "amenity": "atm",
        "brand": "Bank Syariah Indonesia",
        "brand:wikidata": "Q105574200",
        "operator": "Bank Syariah Indonesia",
        "operator:wikidata": "Q105574200"
      },
      "geometry": {
        "type": "Point",
        "coordinates": [
          107.5791797,
          -6.9179353
        ]
      },
      "id": "node/13745274179"
    },
    {
      "type": "Feature",
      "properties": {
        "@id": "node/13752352167",
        "amenity": "atm",
        "brand": "BRI",
        "brand:wikidata": "Q623042",
        "operator": "BRI",
        "operator:wikidata": "Q623042"
      },
      "geometry": {
        "type": "Point",
        "coordinates": [
          107.6177927,
          -6.8770209
        ]
      },
      "id": "node/13752352167"
    },
    {
      "type": "Feature",
      "properties": {
        "@id": "node/13760560543",
        "amenity": "atm",
        "brand": "Bank Syariah Indonesia",
        "brand:wikidata": "Q105574200",
        "operator": "Bank Syariah Indonesia",
        "operator:wikidata": "Q105574200"
      },
      "geometry": {
        "type": "Point",
        "coordinates": [
          107.630828,
          -6.891993
        ]
      },
      "id": "node/13760560543"
    },
    {
      "type": "Feature",
      "properties": {
        "@id": "node/13760566474",
        "amenity": "atm",
        "brand": "Bank Mandiri",
        "brand:wikidata": "Q806639",
        "operator": "Bank Mandiri",
        "operator:wikidata": "Q806639"
      },
      "geometry": {
        "type": "Point",
        "coordinates": [
          107.6308675,
          -6.8919885
        ]
      },
      "id": "node/13760566474"
    },
    {
      "type": "Feature",
      "properties": {
        "@id": "node/13760579858",
        "amenity": "atm",
        "brand": "CIMB Niaga",
        "brand:wikidata": "Q5011747",
        "cash_in": "no",
        "operator": "CIMB Niaga",
        "operator:wikidata": "Q5011747"
      },
      "geometry": {
        "type": "Point",
        "coordinates": [
          107.6308499,
          -6.8919893
        ]
      },
      "id": "node/13760579858"
    },
    {
      "type": "Feature",
      "properties": {
        "@id": "node/13760583264",
        "amenity": "atm",
        "brand": "Bank Central Asia",
        "brand:wikidata": "Q806626",
        "operator": "Bank Central Asia",
        "operator:wikidata": "Q806626"
      },
      "geometry": {
        "type": "Point",
        "coordinates": [
          107.6287322,
          -6.8923192
        ]
      },
      "id": "node/13760583264"
    },
    {
      "type": "Feature",
      "properties": {
        "@id": "node/13760609051",
        "amenity": "atm",
        "brand": "BNI",
        "brand:wikidata": "Q2882611",
        "operator": "BNI",
        "operator:wikidata": "Q2882611"
      },
      "geometry": {
        "type": "Point",
        "coordinates": [
          107.6308975,
          -6.8919877
        ]
      },
      "id": "node/13760609051"
    },
    {
      "type": "Feature",
      "properties": {
        "@id": "node/13760616035",
        "amenity": "atm",
        "brand": "Bank BJB",
        "brand:wikidata": "Q12474472",
        "operator": "Bank BJB",
        "operator:wikidata": "Q12474472"
      },
      "geometry": {
        "type": "Point",
        "coordinates": [
          107.6309122,
          -6.8919886
        ]
      },
      "id": "node/13760616035"
    },
    {
      "type": "Feature",
      "properties": {
        "@id": "node/13760619953",
        "amenity": "atm",
        "brand": "Bank Central Asia",
        "brand:wikidata": "Q806626",
        "operator": "Bank Central Asia",
        "operator:wikidata": "Q806626"
      },
      "geometry": {
        "type": "Point",
        "coordinates": [
          107.6308818,
          -6.8919881
        ]
      },
      "id": "node/13760619953"
    },
    {
      "type": "Feature",
      "properties": {
        "@id": "node/13794960221",
        "amenity": "atm",
        "brand": "BNI",
        "brand:wikidata": "Q2882611",
        "operator": "BNI",
        "operator:wikidata": "Q2882611"
      },
      "geometry": {
        "type": "Point",
        "coordinates": [
          107.6175155,
          -6.9062956
        ]
      },
      "id": "node/13794960221"
    },
    {
      "type": "Feature",
      "properties": {
        "@id": "node/13801730888",
        "amenity": "atm",
        "brand": "BRI",
        "brand:wikidata": "Q623042",
        "operator": "BRI",
        "operator:wikidata": "Q623042"
      },
      "geometry": {
        "type": "Point",
        "coordinates": [
          107.6255152,
          -6.9097297
        ]
      },
      "id": "node/13801730888"
    },
    {
      "type": "Feature",
      "properties": {
        "@id": "node/13808602803",
        "amenity": "atm",
        "brand": "Bank BJB",
        "brand:wikidata": "Q12474472",
        "operator": "Bank BJB",
        "operator:wikidata": "Q12474472"
      },
      "geometry": {
        "type": "Point",
        "coordinates": [
          107.5348691,
          -6.8896158
        ]
      },
      "id": "node/13808602803"
    },
    {
      "type": "Feature",
      "properties": {
        "@id": "node/13808603917",
        "amenity": "atm",
        "brand": "Bank Central Asia",
        "brand:wikidata": "Q806626",
        "operator": "Bank Central Asia",
        "operator:wikidata": "Q806626"
      },
      "geometry": {
        "type": "Point",
        "coordinates": [
          107.5388041,
          -6.8927348
        ]
      },
      "id": "node/13808603917"
    },
    {
      "type": "Feature",
      "properties": {
        "@id": "node/13912518697",
        "alt_name": "ATM BCA",
        "amenity": "atm",
        "brand": "Bank Central Asia",
        "cash_in": "yes",
        "cash_out": "yes",
        "name": "Bank Central Asia",
        "opening_hours": "Mo-Su 08:00-21:00",
        "operator": "Bank Central Asia",
        "operator:wikidata": "Q806626",
        "short_name": "BCA"
      },
      "geometry": {
        "type": "Point",
        "coordinates": [
          107.6759341,
          -6.9043422
        ]
      },
      "id": "node/13912518697"
    },
    {
      "type": "Feature",
      "properties": {
        "@id": "node/13913665558",
        "alt_name": "ATM BNI",
        "amenity": "atm",
        "brand": "BNI",
        "cash_in": "yes",
        "cash_out": "yes",
        "level": "0",
        "name": "BNI",
        "official_name": "Bank Negara Indonesia",
        "opening_hours": "24/7",
        "operator": "BNI",
        "operator:wikidata": "Q2882611",
        "ref": "S1FBDGR039",
        "wheelchair": "no"
      },
      "geometry": {
        "type": "Point",
        "coordinates": [
          107.6515679,
          -6.912557
        ]
      },
      "id": "node/13913665558"
    },
    {
      "type": "Feature",
      "properties": {
        "@id": "node/13913665561",
        "alt_name": "ATM BNI",
        "amenity": "atm",
        "brand": "BNI",
        "cash_in": "no",
        "cash_out": "yes",
        "level": "0",
        "name": "BNI",
        "official_name": "Bank Negara Indonesia",
        "opening_hours": "24/7",
        "operator": "BNI",
        "operator:wikidata": "Q2882611",
        "ref": "S1DBDGR038",
        "wheelchair": "no"
      },
      "geometry": {
        "type": "Point",
        "coordinates": [
          107.6515733,
          -6.9125212
        ]
      },
      "id": "node/13913665561"
    },
    {
      "type": "Feature",
      "properties": {
        "@id": "node/13949408831",
        "amenity": "atm",
        "brand": "Bank Mandiri",
        "brand:wikidata": "Q806639",
        "cash_in": "yes",
        "operator": "Bank Mandiri",
        "operator:wikidata": "Q806639"
      },
      "geometry": {
        "type": "Point",
        "coordinates": [
          107.6208399,
          -6.9056988
        ]
      },
      "id": "node/13949408831"
    },
    {
      "type": "Feature",
      "properties": {
        "@id": "node/13968240201",
        "amenity": "atm"
      },
      "geometry": {
        "type": "Point",
        "coordinates": [
          107.6436884,
          -6.9546214
        ]
      },
      "id": "node/13968240201"
    },
    {
      "type": "Feature",
      "properties": {
        "@id": "node/13971530802",
        "amenity": "atm",
        "check_date": "2026-06-28",
        "operator": "Bank Central Asia (BCA)"
      },
      "geometry": {
        "type": "Point",
        "coordinates": [
          107.6372926,
          -6.9756628
        ]
      },
      "id": "node/13971530802"
    },
    {
      "type": "Feature",
      "properties": {
        "@id": "node/14051262734",
        "alt_name": "ATM BNI",
        "amenity": "atm",
        "brand": "Bank Negara Indonesia",
        "cash_in": "yes",
        "cash_out": "yes",
        "name": "Bank Negara Indonesia",
        "operator": "Bank Negara Indonesia",
        "operator:wikidata": "Q2882611",
        "short_name": "BNI"
      },
      "geometry": {
        "type": "Point",
        "coordinates": [
          107.6895762,
          -6.9572279
        ]
      },
      "id": "node/14051262734"
    },
    {
      "type": "Feature",
      "properties": {
        "@id": "node/14067755268",
        "amenity": "atm",
        "brand": "BNI",
        "brand:wikidata": "Q2882611",
        "operator": "BNI",
        "operator:wikidata": "Q2882611"
      },
      "geometry": {
        "type": "Point",
        "coordinates": [
          107.639042,
          -6.9144028
        ]
      },
      "id": "node/14067755268"
    }
  ]
}