{
  "type": "FeatureCollection",
  "generator": "overpass-turbo",
  "copyright": "The data included in this document is from www.openstreetmap.org. The data is made available under ODbL.",
  "timestamp": "2026-08-16T00:15:01Z",
  "features": [
    {
      "type": "Feature",
      "properties": {
        "@id": "relation/5709314",
        "addr:city": "Bandung",
        "addr:street": "Rancabolang",
        "amenity": "school",
        "name": "SMK MedikaCom",
        "type": "multipolygon"
      },
      "geometry": {
        "type": "Polygon",
        "coordinates": [
          [
            [
              107.6640979,
              -6.9404903
            ],
            [
              107.6638083,
              -6.9404236
            ],
            [
              107.6637984,
              -6.9404874
            ],
            [
              107.6640861,
              -6.9405482
            ],
            [
              107.6640621,
              -6.9406762
            ],
            [
              107.6647073,
              -6.9408209
            ],
            [
              107.6647119,
              -6.9404602
            ],
            [
              107.6641279,
              -6.9403528
            ],
            [
              107.6640979,
              -6.9404903
            ]
          ]
        ]
      },
      "id": "relation/5709314"
    },
    {
      "type": "Feature",
      "properties": {
        "@id": "relation/11814594",
        "amenity": "school",
        "building": "yes",
        "name": "SDN Leuwi Bandung 1",
        "type": "multipolygon"
      },
      "geometry": {
        "type": "Polygon",
        "coordinates": [
          [
            [
              107.6297111,
              -6.9866348
            ],
            [
              107.6297668,
              -6.9866631
            ],
            [
              107.6297501,
              -6.9866956
            ],
            [
              107.6299541,
              -6.9867992
            ],
            [
              107.6301438,
              -6.9864315
            ],
            [
              107.6301196,
              -6.9864075
            ],
            [
              107.6299553,
              -6.986317
            ],
            [
              107.6299111,
              -6.9863367
            ],
            [
              107.629785,
              -6.986581
            ],
            [
              107.6297485,
              -6.9865624
            ],
            [
              107.6297111,
              -6.9866348
            ]
          ],
          [
            [
              107.6299879,
              -6.9864346
            ],
            [
              107.6300236,
              -6.9864542
            ],
            [
              107.6299054,
              -6.9866512
            ],
            [
              107.6298666,
              -6.9866274
            ],
            [
              107.6299879,
              -6.9864346
            ]
          ]
        ]
      },
      "id": "relation/11814594"
    },
    {
      "type": "Feature",
      "properties": {
        "@id": "relation/12640502",
        "addr:street": "Jalan Lengkong Besar",
        "amenity": "school",
        "name": "Universitas Pasundan",
        "type": "multipolygon"
      },
      "geometry": {
        "type": "MultiPolygon",
        "coordinates": [
          [
            [
              [
                107.6126223,
                -6.9287299
              ],
              [
                107.6125951,
                -6.9292114
              ],
              [
                107.6128324,
                -6.9292247
              ],
              [
                107.6128385,
                -6.9291163
              ],
              [
                107.6127759,
                -6.9291128
              ],
              [
                107.6127873,
                -6.9289108
              ],
              [
                107.612864,
                -6.9289151
              ],
              [
                107.6128715,
                -6.9287823
              ],
              [
                107.6128063,
                -6.9287787
              ],
              [
                107.6128085,
                -6.9287402
              ],
              [
                107.6126223,
                -6.9287299
              ]
            ]
          ],
          [
            [
              [
                107.612371,
                -6.9287391
              ],
              [
                107.6123639,
                -6.9290085
              ],
              [
                107.6124309,
                -6.9290102
              ],
              [
                107.6124347,
                -6.9288626
              ],
              [
                107.6125,
                -6.9288643
              ],
              [
                107.612499,
                -6.9289054
              ],
              [
                107.6125547,
                -6.9289068
              ],
              [
                107.6125558,
                -6.9288653
              ],
              [
                107.6125905,
                -6.9288662
              ],
              [
                107.6125937,
                -6.9287448
              ],
              [
                107.612371,
                -6.9287391
              ]
            ]
          ]
        ]
      },
      "id": "relation/12640502"
    },
    {
      "type": "Feature",
      "properties": {
        "@id": "relation/21119767",
        "amenity": "school",
        "education": "school",
        "grades": "7-9",
        "name": "SMP Negeri 18 Bandung",
        "type": "multipolygon",
        "wikidata": "Q19740034"
      },
      "geometry": {
        "type": "MultiPolygon",
        "coordinates": [
          [
            [
              [
                107.6416041,
                -6.9514326
              ],
              [
                107.6415466,
                -6.9517356
              ],
              [
                107.6418342,
                -6.95179
              ],
              [
                107.6418864,
                -6.9514818
              ],
              [
                107.6416041,
                -6.9514326
              ]
            ]
          ],
          [
            [
              [
                107.6413687,
                -6.9517628
              ],
              [
                107.6413347,
                -6.9520289
              ],
              [
                107.6414613,
                -6.9520442
              ],
              [
                107.6414613,
                -6.9520552
              ],
              [
                107.642028,
                -6.9521382
              ],
              [
                107.6420745,
                -6.951877
              ],
              [
                107.6413687,
                -6.9517628
              ]
            ]
          ]
        ]
      },
      "id": "relation/21119767"
    },
    {
      "type": "Feature",
      "properties": {
        "@id": "way/95610578",
        "amenity": "school",
        "education": "school",
        "name": "SMA Negeri 22 Bandung"
      },
      "geometry": {
        "type": "Polygon",
        "coordinates": [
          [
            [
              107.6315222,
              -6.9415233
            ],
            [
              107.6307,
              -6.9412825
            ],
            [
              107.6305666,
              -6.9418052
            ],
            [
              107.6302519,
              -6.9417129
            ],
            [
              107.6300821,
              -6.9423566
            ],
            [
              107.6306891,
              -6.9427264
            ],
            [
              107.6308792,
              -6.9423322
            ],
            [
              107.6312653,
              -6.9423777
            ],
            [
              107.6313473,
              -6.942204
            ],
            [
              107.6315222,
              -6.9415233
            ]
          ]
        ]
      },
      "id": "way/95610578"
    },
    {
      "type": "Feature",
      "properties": {
        "@id": "way/95610601",
        "amenity": "school",
        "name": "SMPN 28"
      },
      "geometry": {
        "type": "Polygon",
        "coordinates": [
          [
            [
              107.6262582,
              -6.9373964
            ],
            [
              107.6258493,
              -6.9373425
            ],
            [
              107.6258633,
              -6.937218
            ],
            [
              107.6254658,
              -6.937164
            ],
            [
              107.6253638,
              -6.9377453
            ],
            [
              107.6257507,
              -6.9378027
            ],
            [
              107.6261857,
              -6.9378757
            ],
            [
              107.6262582,
              -6.9373964
            ]
          ]
        ]
      },
      "id": "way/95610601"
    },
    {
      "type": "Feature",
      "properties": {
        "@id": "way/119763723",
        "amenity": "school",
        "building:levels": "1",
        "building:roof": "tile",
        "building:structure": "confined_masonry",
        "building:use": "education",
        "building:walls": "brick",
        "name": "SDN Suka Senang"
      },
      "geometry": {
        "type": "Polygon",
        "coordinates": [
          [
            [
              107.6364691,
              -6.8984768
            ],
            [
              107.6361504,
              -6.8983163
            ],
            [
              107.6360894,
              -6.8983488
            ],
            [
              107.6362418,
              -6.89877
            ],
            [
              107.6365347,
              -6.8986513
            ],
            [
              107.6364691,
              -6.8984768
            ]
          ]
        ]
      },
      "id": "way/119763723"
    },
    {
      "type": "Feature",
      "properties": {
        "@id": "way/119880942",
        "addr:city": "Bandung",
        "addr:housenumber": "22",
        "addr:street": "Jalan Merdeka",
        "amenity": "school",
        "name": "SD Negeri Banjarsari"
      },
      "geometry": {
        "type": "Polygon",
        "coordinates": [
          [
            [
              107.6110678,
              -6.9131695
            ],
            [
              107.6105278,
              -6.9131217
            ],
            [
              107.6104799,
              -6.9136546
            ],
            [
              107.6107704,
              -6.9136803
            ],
            [
              107.6107738,
              -6.9136959
            ],
            [
              107.6108823,
              -6.9137125
            ],
            [
              107.6108893,
              -6.9137091
            ],
            [
              107.6108989,
              -6.9136023
            ],
            [
              107.6110279,
              -6.9136137
            ],
            [
              107.6110678,
              -6.9131695
            ]
          ]
        ]
      },
      "id": "way/119880942"
    },
    {
      "type": "Feature",
      "properties": {
        "@id": "way/123347144",
        "addr:city": "Bandung",
        "addr:full": "Jl. Sadang luhur XI",
        "amenity": "school",
        "name": "SMP Negeri 19 Bandung",
        "operator:type": "government",
        "school:type_idn": "smp",
        "source": "S2City_POI_2022",
        "wheelchair": "no"
      },
      "geometry": {
        "type": "Polygon",
        "coordinates": [
          [
            [
              107.62174,
              -6.8858709
            ],
            [
              107.6221112,
              -6.8865203
            ],
            [
              107.6222867,
              -6.8863856
            ],
            [
              107.622253,
              -6.8863395
            ],
            [
              107.6224861,
              -6.8861638
            ],
            [
              107.6221132,
              -6.8856176
            ],
            [
              107.62174,
              -6.8858709
            ]
          ]
        ]
      },
      "id": "way/123347144"
    },
    {
      "type": "Feature",
      "properties": {
        "@id": "way/152804075",
        "amenity": "school",
        "name": "SMAN 15"
      },
      "geometry": {
        "type": "Polygon",
        "coordinates": [
          [
            [
              107.5734855,
              -6.8781668
            ],
            [
              107.5734295,
              -6.878293
            ],
            [
              107.5735604,
              -6.8783643
            ],
            [
              107.5735935,
              -6.8783201
            ],
            [
              107.5737938,
              -6.878411
            ],
            [
              107.5738171,
              -6.878391
            ],
            [
              107.5738646,
              -6.8784019
            ],
            [
              107.5739022,
              -6.8783993
            ],
            [
              107.5739422,
              -6.8783309
            ],
            [
              107.5739739,
              -6.8782693
            ],
            [
              107.5742874,
              -6.8784336
            ],
            [
              107.5743468,
              -6.8783027
            ],
            [
              107.5742891,
              -6.8782728
            ],
            [
              107.5743431,
              -6.8782234
            ],
            [
              107.5743787,
              -6.8781596
            ],
            [
              107.5743924,
              -6.878088
            ],
            [
              107.5743829,
              -6.8780158
            ],
            [
              107.5744755,
              -6.8779523
            ],
            [
              107.5746292,
              -6.8780259
            ],
            [
              107.5746792,
              -6.8779175
            ],
            [
              107.5741917,
              -6.8776759
            ],
            [
              107.5741262,
              -6.8778019
            ],
            [
              107.5737657,
              -6.8776363
            ],
            [
              107.5736621,
              -6.8778074
            ],
            [
              107.5734855,
              -6.8781668
            ]
          ]
        ]
      },
      "id": "way/152804075"
    },
    {
      "type": "Feature",
      "properties": {
        "@id": "way/152804575",
        "amenity": "school",
        "barrier": "wall",
        "name": "SD Sarijadi Selatan 1 dan 2"
      },
      "geometry": {
        "type": "Polygon",
        "coordinates": [
          [
            [
              107.5728378,
              -6.8837493
            ],
            [
              107.5735124,
              -6.8839804
            ],
            [
              107.5735408,
              -6.8839526
            ],
            [
              107.5735137,
              -6.8838012
            ],
            [
              107.5734975,
              -6.8836128
            ],
            [
              107.5735117,
              -6.8833965
            ],
            [
              107.5734071,
              -6.8833552
            ],
            [
              107.5730503,
              -6.8834125
            ],
            [
              107.5729109,
              -6.8835509
            ],
            [
              107.5728378,
              -6.8837493
            ]
          ]
        ]
      },
      "id": "way/152804575"
    },
    {
      "type": "Feature",
      "properties": {
        "@id": "way/154081189",
        "amenity": "school",
        "name": "Bandung International School"
      },
      "geometry": {
        "type": "Polygon",
        "coordinates": [
          [
            [
              107.5800059,
              -6.8847576
            ],
            [
              107.5801857,
              -6.8848533
            ],
            [
              107.5807717,
              -6.8851332
            ],
            [
              107.5809037,
              -6.8847468
            ],
            [
              107.581357,
              -6.8849146
            ],
            [
              107.5813811,
              -6.8839266
            ],
            [
              107.5807716,
              -6.8837695
            ],
            [
              107.5805248,
              -6.884161
            ],
            [
              107.5803692,
              -6.8841157
            ],
            [
              107.5800059,
              -6.8847576
            ]
          ]
        ]
      },
      "id": "way/154081189"
    },
    {
      "type": "Feature",
      "properties": {
        "@id": "way/154084520",
        "addr:full": "Jalan Sariwangi No.1, Sukawarna, Kec. Sukajadi, Bandung",
        "amenity": "school",
        "name": "SDN Sukawarna",
        "school:type_idn": "sd"
      },
      "geometry": {
        "type": "Polygon",
        "coordinates": [
          [
            [
              107.5783476,
              -6.8823368
            ],
            [
              107.5782453,
              -6.8823693
            ],
            [
              107.5782108,
              -6.8824513
            ],
            [
              107.5787231,
              -6.8826005
            ],
            [
              107.5788894,
              -6.8821078
            ],
            [
              107.5787472,
              -6.8816418
            ],
            [
              107.5781916,
              -6.8818021
            ],
            [
              107.5783476,
              -6.8823368
            ]
          ]
        ]
      },
      "id": "way/154084520"
    },
    {
      "type": "Feature",
      "properties": {
        "@id": "way/154099833",
        "amenity": "school",
        "name": "SD"
      },
      "geometry": {
        "type": "Polygon",
        "coordinates": [
          [
            [
              107.5764031,
              -6.8769209
            ],
            [
              107.5767341,
              -6.8770696
            ],
            [
              107.5769727,
              -6.8765459
            ],
            [
              107.5766417,
              -6.8763972
            ],
            [
              107.5764031,
              -6.8769209
            ]
          ]
        ]
      },
      "id": "way/154099833"
    },
    {
      "type": "Feature",
      "properties": {
        "@id": "way/154223378",
        "amenity": "school",
        "building": "school",
        "name": "SMK Medika Com",
        "source": "POI_WRI_Survey_2023",
        "wheelchair": "no"
      },
      "geometry": {
        "type": "Polygon",
        "coordinates": [
          [
            [
              107.6460501,
              -6.9425455
            ],
            [
              107.6459867,
              -6.9428277
            ],
            [
              107.6466408,
              -6.9429672
            ],
            [
              107.6467029,
              -6.9426809
            ],
            [
              107.6460501,
              -6.9425455
            ]
          ]
        ]
      },
      "id": "way/154223378"
    },
    {
      "type": "Feature",
      "properties": {
        "@id": "way/154249799",
        "addr:full": "Jalan Sarirasa Blok IV, Sarijadi, Bandung",
        "amenity": "school",
        "name": "SDPN Setiabudi",
        "school:type_idn": "sd"
      },
      "geometry": {
        "type": "Polygon",
        "coordinates": [
          [
            [
              107.5787765,
              -6.8800644
            ],
            [
              107.5791494,
              -6.8802301
            ],
            [
              107.5793821,
              -6.8797136
            ],
            [
              107.5790093,
              -6.879548
            ],
            [
              107.5787765,
              -6.8800644
            ]
          ]
        ]
      },
      "id": "way/154249799"
    },
    {
      "type": "Feature",
      "properties": {
        "@id": "way/154257160",
        "amenity": "school",
        "name": "SMP 15"
      },
      "geometry": {
        "type": "Polygon",
        "coordinates": [
          [
            [
              107.5954506,
              -6.8743135
            ],
            [
              107.5954694,
              -6.8748461
            ],
            [
              107.5959253,
              -6.8747768
            ],
            [
              107.5958046,
              -6.8742762
            ],
            [
              107.5957081,
              -6.8743082
            ],
            [
              107.5956947,
              -6.8742735
            ],
            [
              107.5954506,
              -6.8743135
            ]
          ]
        ]
      },
      "id": "way/154257160"
    },
    {
      "type": "Feature",
      "properties": {
        "@id": "way/155153992",
        "amenity": "school",
        "name": "Temasek International School"
      },
      "geometry": {
        "type": "Polygon",
        "coordinates": [
          [
            [
              107.593856,
              -6.8765008
            ],
            [
              107.593867,
              -6.8768861
            ],
            [
              107.5941674,
              -6.8773441
            ],
            [
              107.5943657,
              -6.8772239
            ],
            [
              107.5942291,
              -6.8768834
            ],
            [
              107.5942693,
              -6.8765239
            ],
            [
              107.593856,
              -6.8765008
            ]
          ]
        ]
      },
      "id": "way/155153992"
    },
    {
      "type": "Feature",
      "properties": {
        "@id": "way/155156013",
        "amenity": "school",
        "name": "SMK Wijaya Kusuma"
      },
      "geometry": {
        "type": "Polygon",
        "coordinates": [
          [
            [
              107.5949129,
              -6.8634993
            ],
            [
              107.5947493,
              -6.8640159
            ],
            [
              107.5944676,
              -6.863912
            ],
            [
              107.5943577,
              -6.8642902
            ],
            [
              107.5944942,
              -6.8643219
            ],
            [
              107.5944945,
              -6.8643701
            ],
            [
              107.5948268,
              -6.8643938
            ],
            [
              107.5948431,
              -6.8645458
            ],
            [
              107.5952803,
              -6.8645725
            ],
            [
              107.5953796,
              -6.8647003
            ],
            [
              107.5958114,
              -6.8648228
            ],
            [
              107.5960823,
              -6.8638188
            ],
            [
              107.595798,
              -6.8637816
            ],
            [
              107.5957712,
              -6.8636884
            ],
            [
              107.5949129,
              -6.8634993
            ]
          ]
        ]
      },
      "id": "way/155156013"
    },
    {
      "type": "Feature",
      "properties": {
        "@id": "way/155190710",
        "amenity": "school",
        "name": "SMP Negeri 12"
      },
      "geometry": {
        "type": "Polygon",
        "coordinates": [
          [
            [
              107.5928289,
              -6.8657768
            ],
            [
              107.5928222,
              -6.8658844
            ],
            [
              107.5928564,
              -6.8658849
            ],
            [
              107.5928515,
              -6.8660309
            ],
            [
              107.5932137,
              -6.8660625
            ],
            [
              107.5938695,
              -6.8661196
            ],
            [
              107.5939205,
              -6.8657947
            ],
            [
              107.5935676,
              -6.8657719
            ],
            [
              107.5932528,
              -6.8657697
            ],
            [
              107.5928289,
              -6.8657768
            ]
          ]
        ]
      },
      "id": "way/155190710"
    },
    {
      "type": "Feature",
      "properties": {
        "@id": "way/155588381",
        "amenity": "school"
      },
      "geometry": {
        "type": "Polygon",
        "coordinates": [
          [
            [
              107.5802456,
              -6.8752876
            ],
            [
              107.5801603,
              -6.8754919
            ],
            [
              107.5805636,
              -6.8756578
            ],
            [
              107.5806666,
              -6.8754111
            ],
            [
              107.5805783,
              -6.8753747
            ],
            [
              107.5805605,
              -6.8754172
            ],
            [
              107.5802456,
              -6.8752876
            ]
          ]
        ]
      },
      "id": "way/155588381"
    },
    {
      "type": "Feature",
      "properties": {
        "@id": "way/155777652",
        "addr:city": "Bandung",
        "addr:full": "Jl Cihampelas No 280",
        "amenity": "school",
        "name": "SDN 065 Cihampelas",
        "operator:type": "government",
        "school:type_idn": "sd",
        "source": "S2City_POI_2022",
        "wheelchair": "no"
      },
      "geometry": {
        "type": "Polygon",
        "coordinates": [
          [
            [
              107.6041987,
              -6.8868863
            ],
            [
              107.6040894,
              -6.8873709
            ],
            [
              107.6043684,
              -6.8874256
            ],
            [
              107.6045735,
              -6.8873749
            ],
            [
              107.6046218,
              -6.8869569
            ],
            [
              107.6041987,
              -6.8868863
            ]
          ]
        ]
      },
      "id": "way/155777652"
    },
    {
      "type": "Feature",
      "properties": {
        "@id": "way/176910614",
        "amenity": "school",
        "name": "SD Sarijadi III,IV,V"
      },
      "geometry": {
        "type": "Polygon",
        "coordinates": [
          [
            [
              107.5747969,
              -6.880512
            ],
            [
              107.5746574,
              -6.8804534
            ],
            [
              107.5748264,
              -6.8809887
            ],
            [
              107.5753387,
              -6.8808475
            ],
            [
              107.575379,
              -6.880765
            ],
            [
              107.5747969,
              -6.880512
            ]
          ]
        ]
      },
      "id": "way/176910614"
    },
    {
      "type": "Feature",
      "properties": {
        "@id": "way/183179595",
        "amenity": "school",
        "education": "school",
        "name": "SMAN 8 Bandung"
      },
      "geometry": {
        "type": "Polygon",
        "coordinates": [
          [
            [
              107.6249943,
              -6.937579
            ],
            [
              107.6249352,
              -6.9377748
            ],
            [
              107.6247408,
              -6.9377258
            ],
            [
              107.6246527,
              -6.9379758
            ],
            [
              107.6247394,
              -6.9380614
            ],
            [
              107.6249816,
              -6.9382557
            ],
            [
              107.6249549,
              -6.9383816
            ],
            [
              107.6250633,
              -6.9384515
            ],
            [
              107.6252338,
              -6.9385618
            ],
            [
              107.6253225,
              -6.9386542
            ],
            [
              107.6255619,
              -6.9386668
            ],
            [
              107.6256055,
              -6.9387786
            ],
            [
              107.6255545,
              -6.938949
            ],
            [
              107.6258455,
              -6.9390388
            ],
            [
              107.6262926,
              -6.9393317
            ],
            [
              107.6266812,
              -6.9388322
            ],
            [
              107.6261492,
              -6.9387227
            ],
            [
              107.6261943,
              -6.9381844
            ],
            [
              107.6260943,
              -6.9381718
            ],
            [
              107.6261366,
              -6.9378894
            ],
            [
              107.625345,
              -6.9377608
            ],
            [
              107.6253605,
              -6.9376671
            ],
            [
              107.6249943,
              -6.937579
            ]
          ]
        ]
      },
      "id": "way/183179595"
    },
    {
      "type": "Feature",
      "properties": {
        "@id": "way/183181311",
        "amenity": "school",
        "name": "SMPN 5"
      },
      "geometry": {
        "type": "Polygon",
        "coordinates": [
          [
            [
              107.6150168,
              -6.9150931
            ],
            [
              107.615083,
              -6.9145828
            ],
            [
              107.6149464,
              -6.9142206
            ],
            [
              107.6147013,
              -6.9143059
            ],
            [
              107.6147041,
              -6.914271
            ],
            [
              107.6145957,
              -6.9142584
            ],
            [
              107.6145168,
              -6.9141367
            ],
            [
              107.6140802,
              -6.9144122
            ],
            [
              107.6141097,
              -6.9144625
            ],
            [
              107.614061,
              -6.9148872
            ],
            [
              107.6150168,
              -6.9150931
            ]
          ]
        ]
      },
      "id": "way/183181311"
    },
    {
      "type": "Feature",
      "properties": {
        "@id": "way/183246443",
        "addr:city": "Bandung",
        "addr:full": "Jl. Sabang No. 2, Cihapit, Bandung Wetan",
        "amenity": "school",
        "name": "SD Percontohan Negeri Sabang",
        "source": "S2City_POI_2022"
      },
      "geometry": {
        "type": "Polygon",
        "coordinates": [
          [
            [
              107.6204515,
              -6.9079619
            ],
            [
              107.6205964,
              -6.9084781
            ],
            [
              107.620772,
              -6.9084606
            ],
            [
              107.6211002,
              -6.9084997
            ],
            [
              107.6211776,
              -6.9083179
            ],
            [
              107.6210537,
              -6.9078677
            ],
            [
              107.6209991,
              -6.9076845
            ],
            [
              107.6204515,
              -6.9079619
            ]
          ]
        ]
      },
      "id": "way/183246443"
    },
    {
      "type": "Feature",
      "properties": {
        "@id": "way/183246481",
        "alt_name": "SD 62;SDN 62",
        "amenity": "school",
        "isced:level": "1",
        "name": "SDN 062 Ciujung",
        "name:en": "Public PS #062 Ciujung",
        "official_name": "Sekolah Dasar Negeri 062 Ciujung",
        "official_name:en": "Public Primary School #062",
        "operator:type": "public"
      },
      "geometry": {
        "type": "Polygon",
        "coordinates": [
          [
            [
              107.6299991,
              -6.9069633
            ],
            [
              107.6297475,
              -6.9065904
            ],
            [
              107.6292299,
              -6.9069346
            ],
            [
              107.6294815,
              -6.9073075
            ],
            [
              107.6299991,
              -6.9069633
            ]
          ]
        ]
      },
      "id": "way/183246481"
    },
    {
      "type": "Feature",
      "properties": {
        "@id": "way/184111773",
        "amenity": "school",
        "name": "SMK Igasar"
      },
      "geometry": {
        "type": "Polygon",
        "coordinates": [
          [
            [
              107.6790121,
              -6.9302703
            ],
            [
              107.6787882,
              -6.9313154
            ],
            [
              107.6790524,
              -6.9313619
            ],
            [
              107.6790926,
              -6.9311969
            ],
            [
              107.6794131,
              -6.9312661
            ],
            [
              107.679617,
              -6.9304309
            ],
            [
              107.6795675,
              -6.9304214
            ],
            [
              107.6795771,
              -6.9303798
            ],
            [
              107.6793152,
              -6.9303301
            ],
            [
              107.6790121,
              -6.9302703
            ]
          ]
        ]
      },
      "id": "way/184111773"
    },
    {
      "type": "Feature",
      "properties": {
        "@id": "way/184252540",
        "addr:city": "Bandung",
        "addr:housename": "SMP BPP",
        "addr:housenumber": "10",
        "addr:street": "Jl.Kartini",
        "amenity": "school",
        "name": "SMP BPP"
      },
      "geometry": {
        "type": "Polygon",
        "coordinates": [
          [
            [
              107.6164664,
              -6.9179224
            ],
            [
              107.6163327,
              -6.9178972
            ],
            [
              107.6163031,
              -6.9180169
            ],
            [
              107.6160739,
              -6.9179643
            ],
            [
              107.6159633,
              -6.9179389
            ],
            [
              107.6159087,
              -6.9181728
            ],
            [
              107.6167763,
              -6.9183721
            ],
            [
              107.6168527,
              -6.9180442
            ],
            [
              107.6164606,
              -6.9179541
            ],
            [
              107.6164664,
              -6.9179224
            ]
          ]
        ]
      },
      "id": "way/184252540"
    },
    {
      "type": "Feature",
      "properties": {
        "@id": "way/184252641",
        "addr:city": "Bandung",
        "addr:housename": "SMKK Kartini",
        "addr:housenumber": "9",
        "addr:street": "Jalan Kartini",
        "amenity": "school",
        "name": "SMKK Kartini",
        "name:etymology:wikidata": "Q1373764",
        "name:etymology:wikipedia": "id:Kartini"
      },
      "geometry": {
        "type": "Polygon",
        "coordinates": [
          [
            [
              107.6158552,
              -6.9178874
            ],
            [
              107.6155603,
              -6.9178313
            ],
            [
              107.6155434,
              -6.9179188
            ],
            [
              107.6157373,
              -6.9179557
            ],
            [
              107.6157152,
              -6.9180703
            ],
            [
              107.6158162,
              -6.9180895
            ],
            [
              107.6158552,
              -6.9178874
            ]
          ]
        ]
      },
      "id": "way/184252641"
    },
    {
      "type": "Feature",
      "properties": {
        "@id": "way/184252726",
        "addr:city": "Bandung",
        "addr:housename": "SMKK BPP",
        "addr:street": "Jalan Van de Venter",
        "amenity": "school",
        "name": "SMKK BPP"
      },
      "geometry": {
        "type": "Polygon",
        "coordinates": [
          [
            [
              107.615884,
              -6.9178045
            ],
            [
              107.6159746,
              -6.9177372
            ],
            [
              107.6158956,
              -6.9176325
            ],
            [
              107.6159926,
              -6.9175604
            ],
            [
              107.6160316,
              -6.9175314
            ],
            [
              107.6158716,
              -6.9173195
            ],
            [
              107.6157404,
              -6.9174171
            ],
            [
              107.6158801,
              -6.9176023
            ],
            [
              107.6157849,
              -6.9176731
            ],
            [
              107.615884,
              -6.9178045
            ]
          ]
        ]
      },
      "id": "way/184252726"
    },
    {
      "type": "Feature",
      "properties": {
        "@id": "way/185930427",
        "access:roof": "yes",
        "addr:full": "Komplek Margawangi Jl. Kencanawangi I",
        "amenity": "school",
        "building": "yes",
        "building:levels": "2",
        "building:roof": "tile",
        "building:structure": "reinforced_masonry",
        "building:walls": "brick",
        "capacity:persons": "300",
        "ele": "10",
        "name": "PGRI 4",
        "type:id": "SMK"
      },
      "geometry": {
        "type": "Polygon",
        "coordinates": [
          [
            [
              107.65235,
              -6.9594462
            ],
            [
              107.6519993,
              -6.9594362
            ],
            [
              107.6519968,
              -6.9595246
            ],
            [
              107.6523474,
              -6.9595345
            ],
            [
              107.65235,
              -6.9594462
            ]
          ]
        ]
      },
      "id": "way/185930427"
    },
    {
      "type": "Feature",
      "properties": {
        "@id": "way/190619167",
        "amenity": "school",
        "name": "SMAN 9 Bandung"
      },
      "geometry": {
        "type": "Polygon",
        "coordinates": [
          [
            [
              107.5855974,
              -6.9010725
            ],
            [
              107.5855223,
              -6.9011897
            ],
            [
              107.5854472,
              -6.9014506
            ],
            [
              107.5856296,
              -6.9014293
            ],
            [
              107.5858162,
              -6.9014028
            ],
            [
              107.5858606,
              -6.9017417
            ],
            [
              107.5865684,
              -6.9016126
            ],
            [
              107.5865566,
              -6.901453
            ],
            [
              107.5864771,
              -6.9009767
            ],
            [
              107.5864503,
              -6.9007796
            ],
            [
              107.5862572,
              -6.9008009
            ],
            [
              107.5861124,
              -6.9006518
            ],
            [
              107.5855974,
              -6.9010725
            ]
          ]
        ]
      },
      "id": "way/190619167"
    },
    {
      "type": "Feature",
      "properties": {
        "@id": "way/191119533",
        "amenity": "school",
        "name": "SMA Puragabaya"
      },
      "geometry": {
        "type": "Polygon",
        "coordinates": [
          [
            [
              107.5921891,
              -6.8958745
            ],
            [
              107.5925777,
              -6.8960842
            ],
            [
              107.5927087,
              -6.8958449
            ],
            [
              107.5923202,
              -6.8956352
            ],
            [
              107.5921891,
              -6.8958745
            ]
          ]
        ]
      },
      "id": "way/191119533"
    },
    {
      "type": "Feature",
      "properties": {
        "@id": "way/193082990",
        "amenity": "school",
        "name": "SD Melania"
      },
      "geometry": {
        "type": "Polygon",
        "coordinates": [
          [
            [
              107.6236647,
              -6.8999467
            ],
            [
              107.6236682,
              -6.9001973
            ],
            [
              107.6236784,
              -6.90044
            ],
            [
              107.6240969,
              -6.9004332
            ],
            [
              107.6241469,
              -6.900361
            ],
            [
              107.6238535,
              -6.8999591
            ],
            [
              107.6237694,
              -6.9000133
            ],
            [
              107.6237648,
              -6.8999478
            ],
            [
              107.6236647,
              -6.8999467
            ]
          ]
        ]
      },
      "id": "way/193082990"
    },
    {
      "type": "Feature",
      "properties": {
        "@id": "way/194733884",
        "amenity": "school",
        "name": "SMA Pasundan 1"
      },
      "geometry": {
        "type": "Polygon",
        "coordinates": [
          [
            [
              107.6077124,
              -6.9239114
            ],
            [
              107.6077149,
              -6.9238035
            ],
            [
              107.6077444,
              -6.9235801
            ],
            [
              107.6077699,
              -6.923353
            ],
            [
              107.6078147,
              -6.9231347
            ],
            [
              107.6077635,
              -6.9231232
            ],
            [
              107.6076114,
              -6.9230902
            ],
            [
              107.60738,
              -6.9230547
            ],
            [
              107.6073557,
              -6.9233035
            ],
            [
              107.6073288,
              -6.9236347
            ],
            [
              107.6073212,
              -6.9238657
            ],
            [
              107.6073646,
              -6.9239013
            ],
            [
              107.6077124,
              -6.9239114
            ]
          ]
        ]
      },
      "id": "way/194733884"
    },
    {
      "type": "Feature",
      "properties": {
        "@id": "way/235156242",
        "addr:street": "Jalan A.H Nasution",
        "amenity": "school",
        "building": "yes",
        "name": "SMUN 24"
      },
      "geometry": {
        "type": "Polygon",
        "coordinates": [
          [
            [
              107.6883372,
              -6.9082697
            ],
            [
              107.6887132,
              -6.9087103
            ],
            [
              107.6890509,
              -6.9084264
            ],
            [
              107.6890388,
              -6.9084122
            ],
            [
              107.6890616,
              -6.908393
            ],
            [
              107.6890315,
              -6.9083577
            ],
            [
              107.6890477,
              -6.9083441
            ],
            [
              107.6889835,
              -6.9082689
            ],
            [
              107.6889052,
              -6.9083347
            ],
            [
              107.6886357,
              -6.9080188
            ],
            [
              107.6883372,
              -6.9082697
            ]
          ]
        ]
      },
      "id": "way/235156242"
    },
    {
      "type": "Feature",
      "properties": {
        "@id": "way/243451183",
        "addr:city": "Bandung",
        "addr:full": "Jl. Taman Anggrek No. 1, Cihapit, Bandung Wetan",
        "amenity": "school",
        "building": "school",
        "building:condition": "good",
        "building:levels": "1",
        "name": "SMP Santa Ursula",
        "operator:type": "private",
        "school:type_idn": "smp",
        "source": "S2City_POI_2022",
        "wheelchair": "no"
      },
      "geometry": {
        "type": "Polygon",
        "coordinates": [
          [
            [
              107.6313064,
              -6.9112269
            ],
            [
              107.6315223,
              -6.9109553
            ],
            [
              107.6313372,
              -6.9108554
            ],
            [
              107.6311897,
              -6.9110577
            ],
            [
              107.6310397,
              -6.9109966
            ],
            [
              107.6310181,
              -6.9108714
            ],
            [
              107.631116,
              -6.9108714
            ],
            [
              107.6311148,
              -6.9107197
            ],
            [
              107.6309939,
              -6.9107249
            ],
            [
              107.6309765,
              -6.9106424
            ],
            [
              107.6311508,
              -6.9105225
            ],
            [
              107.6312312,
              -6.9106344
            ],
            [
              107.631348,
              -6.9105559
            ],
            [
              107.6312246,
              -6.9103282
            ],
            [
              107.6308344,
              -6.9105639
            ],
            [
              107.6308906,
              -6.9110764
            ],
            [
              107.6312259,
              -6.9112108
            ],
            [
              107.6313064,
              -6.9112269
            ]
          ]
        ]
      },
      "id": "way/243451183"
    },
    {
      "type": "Feature",
      "properties": {
        "@id": "way/252256966",
        "amenity": "school",
        "check_date": "2024-04-07",
        "name": "SMK Negeri 4 Bandung",
        "website": "https://smkn4bdg.sch.id/"
      },
      "geometry": {
        "type": "Polygon",
        "coordinates": [
          [
            [
              107.6286305,
              -6.9410305
            ],
            [
              107.6285071,
              -6.9418079
            ],
            [
              107.6288986,
              -6.9418293
            ],
            [
              107.6289524,
              -6.9416322
            ],
            [
              107.6292957,
              -6.9416961
            ],
            [
              107.6293547,
              -6.9415524
            ],
            [
              107.6295532,
              -6.9415737
            ],
            [
              107.6297516,
              -6.9410465
            ],
            [
              107.6289309,
              -6.9406364
            ],
            [
              107.628888,
              -6.9409613
            ],
            [
              107.6286466,
              -6.9409134
            ],
            [
              107.6286305,
              -6.9410305
            ]
          ]
        ]
      },
      "id": "way/252256966"
    },
    {
      "type": "Feature",
      "properties": {
        "@id": "way/299081909",
        "addr:city": "Bandung, Jawa Barat",
        "addr:street": "Badak Singa",
        "amenity": "school",
        "name": "SMA Alfa Centuri"
      },
      "geometry": {
        "type": "Polygon",
        "coordinates": [
          [
            [
              107.6117198,
              -6.8975849
            ],
            [
              107.6117105,
              -6.897768
            ],
            [
              107.6120771,
              -6.8977819
            ],
            [
              107.6120771,
              -6.8976846
            ],
            [
              107.611972,
              -6.8976614
            ],
            [
              107.6119744,
              -6.8975918
            ],
            [
              107.6117198,
              -6.8975849
            ]
          ]
        ]
      },
      "id": "way/299081909"
    },
    {
      "type": "Feature",
      "properties": {
        "@id": "way/302552312",
        "addr:city": "Bandung",
        "addr:full": "Jl Kebon Bibit No 16 Bandung",
        "amenity": "school",
        "building": "school",
        "building:condition": "good",
        "building:levels": "2",
        "name": "SMP pertiwi",
        "operator:type": "private",
        "school:type_idn": "smp",
        "source": "S2City_POI_2022",
        "wheelchair": "no"
      },
      "geometry": {
        "type": "Polygon",
        "coordinates": [
          [
            [
              107.607319,
              -6.897686
            ],
            [
              107.6073514,
              -6.8975631
            ],
            [
              107.6074012,
              -6.8973741
            ],
            [
              107.6072759,
              -6.8973415
            ],
            [
              107.6069455,
              -6.8972556
            ],
            [
              107.606917,
              -6.8972482
            ],
            [
              107.6068811,
              -6.8973844
            ],
            [
              107.6068274,
              -6.8973705
            ],
            [
              107.606801,
              -6.8974705
            ],
            [
              107.606781,
              -6.8975462
            ],
            [
              107.6071148,
              -6.8976329
            ],
            [
              107.6070956,
              -6.8977059
            ],
            [
              107.6071673,
              -6.8977245
            ],
            [
              107.6071865,
              -6.8976516
            ],
            [
              107.607319,
              -6.897686
            ]
          ]
        ]
      },
      "id": "way/302552312"
    },
    {
      "type": "Feature",
      "properties": {
        "@id": "way/304178728",
        "access:roof": "no",
        "addr:full": "Jl. Majalaya 2",
        "amenity": "school",
        "building": "yes",
        "building:levels": "2",
        "building:roof": "tile",
        "building:structure": "reinforced_masonry",
        "building:walls": "brick",
        "name": "Sekolah Luar Biasa",
        "type:id": "SD, SMP, SMA"
      },
      "geometry": {
        "type": "Polygon",
        "coordinates": [
          [
            [
              107.6634329,
              -6.9133064
            ],
            [
              107.6634504,
              -6.9132745
            ],
            [
              107.6636054,
              -6.913318
            ],
            [
              107.663623,
              -6.913106
            ],
            [
              107.6635645,
              -6.9131031
            ],
            [
              107.6635118,
              -6.9131031
            ],
            [
              107.6635031,
              -6.9131554
            ],
            [
              107.6635563,
              -6.9131557
            ],
            [
              107.6635528,
              -6.9132193
            ],
            [
              107.6634563,
              -6.9131932
            ],
            [
              107.6634446,
              -6.9131089
            ],
            [
              107.6633796,
              -6.913097
            ],
            [
              107.6633626,
              -6.913167
            ],
            [
              107.6633451,
              -6.9132948
            ],
            [
              107.6634329,
              -6.9133064
            ]
          ]
        ]
      },
      "id": "way/304178728"
    },
    {
      "type": "Feature",
      "properties": {
        "@id": "way/309542537",
        "amenity": "school",
        "grades": "10-12",
        "name": "SMAN 1 Dayeuhkolot"
      },
      "geometry": {
        "type": "Polygon",
        "coordinates": [
          [
            [
              107.6338151,
              -6.9681755
            ],
            [
              107.6337846,
              -6.9688227
            ],
            [
              107.6343265,
              -6.968855
            ],
            [
              107.6344582,
              -6.9682257
            ],
            [
              107.6341123,
              -6.9681926
            ],
            [
              107.6340304,
              -6.9681848
            ],
            [
              107.6339734,
              -6.9681793
            ],
            [
              107.6338151,
              -6.9681755
            ]
          ]
        ]
      },
      "id": "way/309542537"
    },
    {
      "type": "Feature",
      "properties": {
        "@id": "way/316900985",
        "addr:city": "Bandung",
        "addr:postcode": "40291",
        "addr:street": "Jalan Malangbong",
        "amenity": "school",
        "name": "SMA Negeri 23 Bandung",
        "phone": "+6222 7270750",
        "website": "sman23bdg.sch.id",
        "wikipedia": "id:SMA Negeri 23 Bandung"
      },
      "geometry": {
        "type": "Polygon",
        "coordinates": [
          [
            [
              107.664521,
              -6.9127551
            ],
            [
              107.6649456,
              -6.9132068
            ],
            [
              107.6647536,
              -6.9133838
            ],
            [
              107.6647999,
              -6.9133991
            ],
            [
              107.6649602,
              -6.913431
            ],
            [
              107.6650111,
              -6.9132093
            ],
            [
              107.6650802,
              -6.9130769
            ],
            [
              107.665204,
              -6.9129821
            ],
            [
              107.6652346,
              -6.9122418
            ],
            [
              107.6651003,
              -6.9122221
            ],
            [
              107.6650986,
              -6.9121972
            ],
            [
              107.6649528,
              -6.9121855
            ],
            [
              107.6649494,
              -6.9122767
            ],
            [
              107.6647969,
              -6.9125211
            ],
            [
              107.664521,
              -6.9127551
            ]
          ]
        ]
      },
      "id": "way/316900985"
    },
    {
      "type": "Feature",
      "properties": {
        "@id": "way/344078675",
        "amenity": "school",
        "landuse": "education",
        "name": "SDN Bojong Koneng III",
        "school:type_idn": "sd"
      },
      "geometry": {
        "type": "Polygon",
        "coordinates": [
          [
            [
              107.6491847,
              -6.8821048
            ],
            [
              107.6491887,
              -6.8823358
            ],
            [
              107.6497347,
              -6.8823274
            ],
            [
              107.6496917,
              -6.8819115
            ],
            [
              107.6496682,
              -6.8817148
            ],
            [
              107.649653,
              -6.8815539
            ],
            [
              107.6491549,
              -6.8815813
            ],
            [
              107.6491847,
              -6.8821048
            ]
          ]
        ]
      },
      "id": "way/344078675"
    },
    {
      "type": "Feature",
      "properties": {
        "@id": "way/344183512",
        "addr:city": "Bandung",
        "addr:housenumber": "23",
        "addr:postcode": "40115",
        "addr:street": "Jalan Ambon",
        "amenity": "school",
        "name": "SMP Negeri 7 Bandung",
        "source": "S2City_POI_2022"
      },
      "geometry": {
        "type": "Polygon",
        "coordinates": [
          [
            [
              107.6181679,
              -6.9072557
            ],
            [
              107.6189393,
              -6.9072151
            ],
            [
              107.6189141,
              -6.9067048
            ],
            [
              107.6181398,
              -6.9067289
            ],
            [
              107.6181679,
              -6.9072557
            ]
          ]
        ]
      },
      "id": "way/344183512"
    },
    {
      "type": "Feature",
      "properties": {
        "@id": "way/344184445",
        "amenity": "school",
        "building": "school",
        "name": "SD Kartika XIX-1"
      },
      "geometry": {
        "type": "Polygon",
        "coordinates": [
          [
            [
              107.6185721,
              -6.912593
            ],
            [
              107.6183592,
              -6.9125978
            ],
            [
              107.6183607,
              -6.9126629
            ],
            [
              107.6183301,
              -6.9126636
            ],
            [
              107.6183343,
              -6.9128492
            ],
            [
              107.6183809,
              -6.9128482
            ],
            [
              107.6183883,
              -6.9131754
            ],
            [
              107.6184808,
              -6.9131734
            ],
            [
              107.6184743,
              -6.9128881
            ],
            [
              107.6185787,
              -6.9128858
            ],
            [
              107.6185721,
              -6.912593
            ]
          ]
        ]
      },
      "id": "way/344184445"
    },
    {
      "type": "Feature",
      "properties": {
        "@id": "way/358578578",
        "addr:city": "Bandung",
        "addr:housenumber": "36",
        "addr:street": "Jalan Sekejati IV",
        "amenity": "school",
        "name": "SMAN 12 Bandung",
        "source": "POI_WRI_Survey_2023",
        "wheelchair": "no"
      },
      "geometry": {
        "type": "Polygon",
        "coordinates": [
          [
            [
              107.6460603,
              -6.9419897
            ],
            [
              107.6462813,
              -6.9420183
            ],
            [
              107.6463286,
              -6.9416588
            ],
            [
              107.6466197,
              -6.9416965
            ],
            [
              107.6467022,
              -6.9410685
            ],
            [
              107.6458514,
              -6.9409583
            ],
            [
              107.6458435,
              -6.9410185
            ],
            [
              107.6459465,
              -6.9410318
            ],
            [
              107.6459348,
              -6.9411208
            ],
            [
              107.6458918,
              -6.9411152
            ],
            [
              107.6458794,
              -6.9412097
            ],
            [
              107.6459324,
              -6.9412166
            ],
            [
              107.64592,
              -6.9413114
            ],
            [
              107.6457514,
              -6.9412896
            ],
            [
              107.6457273,
              -6.941473
            ],
            [
              107.6461214,
              -6.9415241
            ],
            [
              107.6460603,
              -6.9419897
            ]
          ]
        ]
      },
      "id": "way/358578578"
    },
    {
      "type": "Feature",
      "properties": {
        "@id": "way/368086318",
        "addr:city": "Bandung",
        "addr:housenumber": "20",
        "addr:postcode": "40181",
        "addr:street": "Jalan Gardujati",
        "amenity": "school",
        "name": "Lapangan Basket"
      },
      "geometry": {
        "type": "Polygon",
        "coordinates": [
          [
            [
              107.598882,
              -6.9192784
            ],
            [
              107.5988739,
              -6.9194568
            ],
            [
              107.5990241,
              -6.9194621
            ],
            [
              107.5990322,
              -6.9192784
            ],
            [
              107.598882,
              -6.9192784
            ]
          ]
        ]
      },
      "id": "way/368086318"
    },
    {
      "type": "Feature",
      "properties": {
        "@id": "way/368086380",
        "addr:city": "Bandung",
        "addr:housenumber": "20",
        "addr:postcode": "40181",
        "addr:street": "Jalan Gardujati",
        "amenity": "school",
        "name": "Ruang Guru"
      },
      "geometry": {
        "type": "Polygon",
        "coordinates": [
          [
            [
              107.59876,
              -6.9193137
            ],
            [
              107.5987539,
              -6.9194065
            ],
            [
              107.5988413,
              -6.9194166
            ],
            [
              107.5988495,
              -6.9193177
            ],
            [
              107.59876,
              -6.9193137
            ]
          ]
        ]
      },
      "id": "way/368086380"
    },
    {
      "type": "Feature",
      "properties": {
        "@id": "way/368086438",
        "addr:city": "Bandung",
        "addr:housenumber": "20",
        "addr:postcode": "40181",
        "addr:street": "Jalan Gardujati",
        "amenity": "school",
        "name": "Kantin"
      },
      "geometry": {
        "type": "Polygon",
        "coordinates": [
          [
            [
              107.5988596,
              -6.9191623
            ],
            [
              107.5988617,
              -6.9192188
            ],
            [
              107.598941,
              -6.9192229
            ],
            [
              107.5989389,
              -6.9191664
            ],
            [
              107.5988596,
              -6.9191623
            ]
          ]
        ]
      },
      "id": "way/368086438"
    },
    {
      "type": "Feature",
      "properties": {
        "@id": "way/368086439",
        "addr:city": "Bandung",
        "addr:housenumber": "20",
        "addr:postcode": "40181",
        "addr:street": "Jalan Gardujati",
        "amenity": "school",
        "name": "Aula"
      },
      "geometry": {
        "type": "Polygon",
        "coordinates": [
          [
            [
              107.5984978,
              -6.9193056
            ],
            [
              107.5984978,
              -6.9193883
            ],
            [
              107.5987194,
              -6.9193964
            ],
            [
              107.5987113,
              -6.9193096
            ],
            [
              107.5984978,
              -6.9193056
            ]
          ]
        ]
      },
      "id": "way/368086439"
    },
    {
      "type": "Feature",
      "properties": {
        "@id": "way/376352115",
        "amenity": "school",
        "name": "Sekolah Kristen BPK Penabur"
      },
      "geometry": {
        "type": "Polygon",
        "coordinates": [
          [
            [
              107.6154002,
              -6.9052776
            ],
            [
              107.6154229,
              -6.9058382
            ],
            [
              107.6165348,
              -6.9057862
            ],
            [
              107.6164961,
              -6.9052055
            ],
            [
              107.6154002,
              -6.9052776
            ]
          ]
        ]
      },
      "id": "way/376352115"
    },
    {
      "type": "Feature",
      "properties": {
        "@id": "way/376352120",
        "addr:city": "Bandung",
        "addr:street": "Jalan R.E. Martadinata",
        "amenity": "school",
        "building:levels": "5",
        "isced:level": "1;2;3",
        "name": "SD/SMP/SMA Taruna Bakti",
        "source": "S2City_POI_2022"
      },
      "geometry": {
        "type": "Polygon",
        "coordinates": [
          [
            [
              107.6180967,
              -6.9062202
            ],
            [
              107.6181122,
              -6.9067133
            ],
            [
              107.6181127,
              -6.9067297
            ],
            [
              107.6181398,
              -6.9067289
            ],
            [
              107.6189141,
              -6.9067048
            ],
            [
              107.6190291,
              -6.9067012
            ],
            [
              107.619013,
              -6.9061918
            ],
            [
              107.6180967,
              -6.9062202
            ]
          ]
        ]
      },
      "id": "way/376352120"
    },
    {
      "type": "Feature",
      "properties": {
        "@id": "way/377299670",
        "addr:city": "Bandung",
        "addr:full": "Jl. Ir. H. Juanda No. 304",
        "addr:postcode": "40135",
        "amenity": "school",
        "name": "SD Negeri 024 Coblong",
        "operator:type": "government",
        "school:type_idn": "sd",
        "source": "S2City_POI_2022",
        "wheelchair": "limited"
      },
      "geometry": {
        "type": "Polygon",
        "coordinates": [
          [
            [
              107.6165444,
              -6.8795552
            ],
            [
              107.6166734,
              -6.8795881
            ],
            [
              107.61666,
              -6.8796397
            ],
            [
              107.6169637,
              -6.8797169
            ],
            [
              107.6170341,
              -6.8794442
            ],
            [
              107.616823,
              -6.8793905
            ],
            [
              107.6167946,
              -6.8795003
            ],
            [
              107.6166252,
              -6.8794572
            ],
            [
              107.6165731,
              -6.8794439
            ],
            [
              107.6165444,
              -6.8795552
            ]
          ]
        ]
      },
      "id": "way/377299670"
    },
    {
      "type": "Feature",
      "properties": {
        "@id": "way/377299671",
        "addr:city": "Bandung",
        "addr:full": "Jalan Ir. H. Djuanda No. 338",
        "addr:housenumber": "338",
        "addr:postcode": "40135",
        "addr:street": "Jalan Ir. H. Djuanda",
        "amenity": "school",
        "building": "school",
        "building:condition": "good",
        "building:levels": "3",
        "name": "SD Negeri 103 Coblong",
        "operator:type": "government",
        "school:type_idn": "sd",
        "source": "S2City_POI_2022",
        "wheelchair": "yes"
      },
      "geometry": {
        "type": "Polygon",
        "coordinates": [
          [
            [
              107.6170117,
              -6.8779655
            ],
            [
              107.6169542,
              -6.87811
            ],
            [
              107.6171182,
              -6.8781744
            ],
            [
              107.617151,
              -6.8780921
            ],
            [
              107.6170645,
              -6.8780581
            ],
            [
              107.6170893,
              -6.877996
            ],
            [
              107.6170117,
              -6.8779655
            ]
          ]
        ]
      },
      "id": "way/377299671"
    },
    {
      "type": "Feature",
      "properties": {
        "@id": "way/377299672",
        "addr:city": "Bandung",
        "addr:full": "Jl. Ir. H. Juanda No.285, Dago, Kecamatan Coblong, Kota Bandung, Jawa Barat 40135",
        "addr:postcode": "40135",
        "amenity": "school",
        "building": "school",
        "building:condition": "good",
        "building:levels": "3",
        "name": "SMP Darul Hikam",
        "operator:type": "government",
        "school:type_idn": "smp",
        "source": "S2City_POI_2022",
        "wheelchair": "no"
      },
      "geometry": {
        "type": "Polygon",
        "coordinates": [
          [
            [
              107.6164313,
              -6.8788064
            ],
            [
              107.6162894,
              -6.8787698
            ],
            [
              107.6163,
              -6.8787292
            ],
            [
              107.6161873,
              -6.8787002
            ],
            [
              107.6161165,
              -6.8789708
            ],
            [
              107.6162155,
              -6.8789963
            ],
            [
              107.6162515,
              -6.8788586
            ],
            [
              107.6163113,
              -6.878874
            ],
            [
              107.6162751,
              -6.879012
            ],
            [
              107.616371,
              -6.8790368
            ],
            [
              107.6164313,
              -6.8788064
            ]
          ]
        ]
      },
      "id": "way/377299672"
    },
    {
      "type": "Feature",
      "properties": {
        "@id": "way/377299735",
        "amenity": "school",
        "building": "yes",
        "name": "fcc"
      },
      "geometry": {
        "type": "Polygon",
        "coordinates": [
          [
            [
              107.6147296,
              -6.8833542
            ],
            [
              107.6147825,
              -6.8833928
            ],
            [
              107.6148134,
              -6.8834174
            ],
            [
              107.6148374,
              -6.8833778
            ],
            [
              107.6147576,
              -6.8833243
            ],
            [
              107.6147296,
              -6.8833542
            ]
          ]
        ]
      },
      "id": "way/377299735"
    },
    {
      "type": "Feature",
      "properties": {
        "@id": "way/377561258",
        "amenity": "school",
        "name": "UNPAD"
      },
      "geometry": {
        "type": "Polygon",
        "coordinates": [
          [
            [
              107.617734,
              -6.8732518
            ],
            [
              107.6176164,
              -6.873073
            ],
            [
              107.6175182,
              -6.8729904
            ],
            [
              107.6174064,
              -6.8728794
            ],
            [
              107.6170926,
              -6.8730235
            ],
            [
              107.6168662,
              -6.8731479
            ],
            [
              107.6165882,
              -6.8733604
            ],
            [
              107.6163641,
              -6.8734527
            ],
            [
              107.6163905,
              -6.873585
            ],
            [
              107.6166469,
              -6.8735821
            ],
            [
              107.6167933,
              -6.8735726
            ],
            [
              107.6168169,
              -6.8735668
            ],
            [
              107.6169744,
              -6.8735393
            ],
            [
              107.6176183,
              -6.8733079
            ],
            [
              107.617734,
              -6.8732518
            ]
          ]
        ]
      },
      "id": "way/377561258"
    },
    {
      "type": "Feature",
      "properties": {
        "@id": "way/381032378",
        "amenity": "school",
        "building": "yes",
        "name": "SMP Negeri 7 Cimahi"
      },
      "geometry": {
        "type": "Polygon",
        "coordinates": [
          [
            [
              107.5620751,
              -6.9049542
            ],
            [
              107.5619693,
              -6.905164
            ],
            [
              107.5622328,
              -6.905295
            ],
            [
              107.5622155,
              -6.9053293
            ],
            [
              107.5622819,
              -6.9053623
            ],
            [
              107.5623661,
              -6.9051954
            ],
            [
              107.5624029,
              -6.9051225
            ],
            [
              107.562192,
              -6.9050177
            ],
            [
              107.5621565,
              -6.9050881
            ],
            [
              107.562285,
              -6.9051519
            ],
            [
              107.5622613,
              -6.905199
            ],
            [
              107.5621027,
              -6.9051202
            ],
            [
              107.5621641,
              -6.9049984
            ],
            [
              107.5620751,
              -6.9049542
            ]
          ]
        ]
      },
      "id": "way/381032378"
    },
    {
      "type": "Feature",
      "properties": {
        "@id": "way/381032909",
        "amenity": "school",
        "building": "yes",
        "name": "Kampung Inggris Bandung E-PLC"
      },
      "geometry": {
        "type": "Polygon",
        "coordinates": [
          [
            [
              107.6096442,
              -6.903818
            ],
            [
              107.6096416,
              -6.9039311
            ],
            [
              107.6097943,
              -6.9039345
            ],
            [
              107.6097969,
              -6.9038214
            ],
            [
              107.6096442,
              -6.903818
            ]
          ]
        ]
      },
      "id": "way/381032909"
    },
    {
      "type": "Feature",
      "properties": {
        "@id": "way/381596335",
        "amenity": "school",
        "building": "yes",
        "name": "MI Asih Putera"
      },
      "geometry": {
        "type": "Polygon",
        "coordinates": [
          [
            [
              107.5551249,
              -6.8824312
            ],
            [
              107.5549533,
              -6.8827341
            ],
            [
              107.5551035,
              -6.882818
            ],
            [
              107.5552751,
              -6.882515
            ],
            [
              107.5551249,
              -6.8824312
            ]
          ]
        ]
      },
      "id": "way/381596335"
    },
    {
      "type": "Feature",
      "properties": {
        "@id": "way/381642363",
        "amenity": "school",
        "amenity_1": "kindergarten",
        "building": "yes",
        "name": "TK - SD Yayasan Santo Aloysius 2"
      },
      "geometry": {
        "type": "Polygon",
        "coordinates": [
          [
            [
              107.6234443,
              -6.9574831
            ],
            [
              107.6235543,
              -6.9569882
            ],
            [
              107.6234295,
              -6.9569609
            ],
            [
              107.623349,
              -6.9573229
            ],
            [
              107.6230982,
              -6.957268
            ],
            [
              107.6230687,
              -6.9574009
            ],
            [
              107.6234443,
              -6.9574831
            ]
          ]
        ]
      },
      "id": "way/381642363"
    },
    {
      "type": "Feature",
      "properties": {
        "@id": "way/382982556",
        "addr:city": "Bandung",
        "addr:housenumber": "48B",
        "addr:postcode": "40287",
        "addr:street": "Rancabolang",
        "amenity": "school",
        "building": "school",
        "name": "SMK Farmasi Siliwangi",
        "phone": "+62 22 7509430",
        "website": "http://smkbumisiliwangi.com/"
      },
      "geometry": {
        "type": "Polygon",
        "coordinates": [
          [
            [
              107.6621772,
              -6.9468413
            ],
            [
              107.6621611,
              -6.9469451
            ],
            [
              107.6621906,
              -6.9470995
            ],
            [
              107.6625742,
              -6.9471315
            ],
            [
              107.6626117,
              -6.9469185
            ],
            [
              107.6621772,
              -6.9468413
            ]
          ]
        ]
      },
      "id": "way/382982556"
    },
    {
      "type": "Feature",
      "properties": {
        "@id": "way/382982558",
        "addr:street": "Rancabolang",
        "amenity": "school",
        "building": "school",
        "name": "SDN Rancabolang"
      },
      "geometry": {
        "type": "Polygon",
        "coordinates": [
          [
            [
              107.6620592,
              -6.950433
            ],
            [
              107.6624132,
              -6.9505129
            ],
            [
              107.6624723,
              -6.9501534
            ],
            [
              107.6621316,
              -6.9500869
            ],
            [
              107.6620592,
              -6.950433
            ]
          ]
        ]
      },
      "id": "way/382982558"
    },
    {
      "type": "Feature",
      "properties": {
        "@id": "way/392052080",
        "amenity": "school",
        "building": "yes",
        "name": "SD Negeri 076 Sukajadi"
      },
      "geometry": {
        "type": "Polygon",
        "coordinates": [
          [
            [
              107.5970911,
              -6.889654
            ],
            [
              107.597093,
              -6.8897093
            ],
            [
              107.5970604,
              -6.8897104
            ],
            [
              107.5970613,
              -6.8897355
            ],
            [
              107.5970639,
              -6.8898111
            ],
            [
              107.597122,
              -6.8898091
            ],
            [
              107.597127,
              -6.8899556
            ],
            [
              107.597001,
              -6.8899599
            ],
            [
              107.5970041,
              -6.8900499
            ],
            [
              107.5970963,
              -6.8900468
            ],
            [
              107.5972192,
              -6.8900426
            ],
            [
              107.5972074,
              -6.8896998
            ],
            [
              107.5971721,
              -6.889701
            ],
            [
              107.5971704,
              -6.8896513
            ],
            [
              107.5970911,
              -6.889654
            ]
          ]
        ]
      },
      "id": "way/392052080"
    },
    {
      "type": "Feature",
      "properties": {
        "@id": "way/411970287",
        "addr:city": "Bandung",
        "addr:full": "Jl. Cimanuk No. 1, Citarum, Bandung Wetan",
        "addr:street": "Jalan Cimanuk",
        "amenity": "school",
        "building": "school",
        "building:condition": "good",
        "building:levels": "2",
        "name": "SMP Negeri 44 Bandung",
        "operator:type": "government",
        "school:type_idn": "smp",
        "source": "S2City_POI_2022",
        "wheelchair": "no"
      },
      "geometry": {
        "type": "Polygon",
        "coordinates": [
          [
            [
              107.6198001,
              -6.9050444
            ],
            [
              107.6197987,
              -6.9051055
            ],
            [
              107.6197983,
              -6.9051238
            ],
            [
              107.620126,
              -6.9051312
            ],
            [
              107.620123,
              -6.9052622
            ],
            [
              107.6200871,
              -6.9052614
            ],
            [
              107.6200853,
              -6.9053418
            ],
            [
              107.6202273,
              -6.905345
            ],
            [
              107.6202339,
              -6.9050542
            ],
            [
              107.6198001,
              -6.9050444
            ]
          ]
        ]
      },
      "id": "way/411970287"
    },
    {
      "type": "Feature",
      "properties": {
        "@id": "way/411970289",
        "addr:city": "Kota Bandung",
        "addr:street": "Jalan Ciliwung",
        "amenity": "school",
        "name": "SMK Negeri 2 Kota Bandung"
      },
      "geometry": {
        "type": "Polygon",
        "coordinates": [
          [
            [
              107.6226376,
              -6.9052401
            ],
            [
              107.6223446,
              -6.9056003
            ],
            [
              107.6223204,
              -6.9055843
            ],
            [
              107.6222532,
              -6.9056775
            ],
            [
              107.6234598,
              -6.906515
            ],
            [
              107.6236024,
              -6.906675
            ],
            [
              107.623947,
              -6.9064185
            ],
            [
              107.6240106,
              -6.9060509
            ],
            [
              107.6236722,
              -6.9059327
            ],
            [
              107.6235766,
              -6.9059008
            ],
            [
              107.6230735,
              -6.9055913
            ],
            [
              107.6226376,
              -6.9052401
            ]
          ]
        ]
      },
      "id": "way/411970289"
    },
    {
      "type": "Feature",
      "properties": {
        "@id": "way/412855738",
        "amenity": "school",
        "building": "yes",
        "name": "SMAN 5 Cimahi"
      },
      "geometry": {
        "type": "Polygon",
        "coordinates": [
          [
            [
              107.5446492,
              -6.8783593
            ],
            [
              107.5444426,
              -6.8786201
            ],
            [
              107.5445309,
              -6.8786891
            ],
            [
              107.5447375,
              -6.8784283
            ],
            [
              107.5446492,
              -6.8783593
            ]
          ]
        ]
      },
      "id": "way/412855738"
    },
    {
      "type": "Feature",
      "properties": {
        "@id": "way/413356353",
        "amenity": "school",
        "building": "yes",
        "name": "SMP Hikmah Teladan Bandung"
      },
      "geometry": {
        "type": "Polygon",
        "coordinates": [
          [
            [
              107.5581086,
              -6.8893292
            ],
            [
              107.5579602,
              -6.8895814
            ],
            [
              107.5580558,
              -6.8896258
            ],
            [
              107.5581981,
              -6.8893836
            ],
            [
              107.5581086,
              -6.8893292
            ]
          ]
        ]
      },
      "id": "way/413356353"
    },
    {
      "type": "Feature",
      "properties": {
        "@id": "way/420644118",
        "addr:city": "Bandung",
        "addr:full": "Jl Cihampelas No 173",
        "addr:housenumber": "173",
        "addr:street": "Jalan Cihampelas",
        "amenity": "school",
        "name": "SMAN 2 Bandung",
        "name:en": "Senior High School of 2 Bandung",
        "operator:type": "government",
        "school:type_idn": "sma",
        "source": "S2City_POI_2022",
        "website": "http://www.sman2bdg.sch.id/",
        "wheelchair": "no",
        "wikidata": "Q12510479",
        "wikipedia": "id:SMA Negeri 2 Bandung"
      },
      "geometry": {
        "type": "Polygon",
        "coordinates": [
          [
            [
              107.602854,
              -6.8882474
            ],
            [
              107.6027759,
              -6.8885242
            ],
            [
              107.6028094,
              -6.889111
            ],
            [
              107.602854,
              -6.8897458
            ],
            [
              107.6028726,
              -6.8899118
            ],
            [
              107.6029369,
              -6.8899266
            ],
            [
              107.6033149,
              -6.889982
            ],
            [
              107.6033797,
              -6.8899853
            ],
            [
              107.6034529,
              -6.8899458
            ],
            [
              107.6035241,
              -6.8899313
            ],
            [
              107.6036972,
              -6.889957
            ],
            [
              107.6038008,
              -6.8899843
            ],
            [
              107.6041389,
              -6.8900325
            ],
            [
              107.6040169,
              -6.8888266
            ],
            [
              107.6039845,
              -6.8887543
            ],
            [
              107.6039707,
              -6.8887543
            ],
            [
              107.6038146,
              -6.8887603
            ],
            [
              107.6036754,
              -6.8887679
            ],
            [
              107.6035898,
              -6.8887703
            ],
            [
              107.6035576,
              -6.8885812
            ],
            [
              107.6034932,
              -6.888275
            ],
            [
              107.6030641,
              -6.8883522
            ],
            [
              107.6030587,
              -6.8883096
            ],
            [
              107.602854,
              -6.8882474
            ]
          ]
        ]
      },
      "id": "way/420644118"
    },
    {
      "type": "Feature",
      "properties": {
        "@id": "way/421576699",
        "addr:city": "Bandung",
        "addr:street": "Jalan Merdeka",
        "amenity": "school",
        "name": "SD Negeri Merdeka 5"
      },
      "geometry": {
        "type": "Polygon",
        "coordinates": [
          [
            [
              107.6094534,
              -6.9153167
            ],
            [
              107.609418,
              -6.9158128
            ],
            [
              107.6099818,
              -6.9158524
            ],
            [
              107.6100573,
              -6.9158565
            ],
            [
              107.6100944,
              -6.915391
            ],
            [
              107.6095484,
              -6.9153234
            ],
            [
              107.6094534,
              -6.9153167
            ]
          ]
        ]
      },
      "id": "way/421576699"
    },
    {
      "type": "Feature",
      "properties": {
        "@id": "way/421614237",
        "addr:city": "Bandung",
        "addr:street": "Jalan Perintis Kemerdekaan",
        "amenity": "school",
        "name": "SMK Negeri 1 Bandung"
      },
      "geometry": {
        "type": "Polygon",
        "coordinates": [
          [
            [
              107.6081175,
              -6.9128991
            ],
            [
              107.6080972,
              -6.9134177
            ],
            [
              107.6089306,
              -6.913448
            ],
            [
              107.6089347,
              -6.9129516
            ],
            [
              107.6081175,
              -6.9128991
            ]
          ]
        ]
      },
      "id": "way/421614237"
    },
    {
      "type": "Feature",
      "properties": {
        "@id": "way/490273380",
        "addr:city": "Bandung",
        "addr:country": "ID",
        "addr:district": "Sukajadi",
        "addr:housenumber": "108",
        "addr:place": "SD NEGERI SUKAGALIH 2",
        "addr:postcode": "40162",
        "addr:province": "Jawa Barat",
        "addr:street": "Sukagalih",
        "addr:subdistrict": "Sukagalih",
        "addr:suburb": "Sukabungah",
        "amenity": "school",
        "email": "sdn_sukagalih2@yahoo.com",
        "name": "SD Negeri Sukagalih 2",
        "phone": "+62 22 2042127",
        "source": "http://dapo.dikdasmen.kemdikbud.go.id/sekolah/dceed7377f05208d63ac"
      },
      "geometry": {
        "type": "Polygon",
        "coordinates": [
          [
            [
              107.5921116,
              -6.8924165
            ],
            [
              107.5920493,
              -6.8929932
            ],
            [
              107.5924724,
              -6.8930382
            ],
            [
              107.5925347,
              -6.8924615
            ],
            [
              107.5921116,
              -6.8924165
            ]
          ]
        ]
      },
      "id": "way/490273380"
    },
    {
      "type": "Feature",
      "properties": {
        "@id": "way/490273386",
        "addr:city": "Bandung",
        "addr:country": "ID",
        "addr:district": "Sukajadi",
        "addr:housenumber": "80",
        "addr:place": "SMAS PGRI 1",
        "addr:postcode": "40163",
        "addr:province": "Jawa Barat",
        "addr:street": "Sukagalih",
        "addr:subdistrict": "Sukagalih",
        "amenity": "school",
        "email": "smapgri1bandung@yahoo.com",
        "name": "SMAS PGRI 1 BANDUNG",
        "phone": "+62 22 2030708",
        "source": "http://pmp.dikdasmen.kemdikbud.go.id/sekolah/0C51DB413A75C3A7A636",
        "website": "https://smapgri1bandung.wordpress.com/"
      },
      "geometry": {
        "type": "Polygon",
        "coordinates": [
          [
            [
              107.5898371,
              -6.8916489
            ],
            [
              107.5898179,
              -6.891976
            ],
            [
              107.5899176,
              -6.8919818
            ],
            [
              107.5899201,
              -6.8919386
            ],
            [
              107.5900594,
              -6.8919466
            ],
            [
              107.5900544,
              -6.8920314
            ],
            [
              107.5901402,
              -6.8920364
            ],
            [
              107.5901616,
              -6.8916712
            ],
            [
              107.5900758,
              -6.8916662
            ],
            [
              107.5900644,
              -6.8918608
            ],
            [
              107.5899251,
              -6.8918528
            ],
            [
              107.5899368,
              -6.8916547
            ],
            [
              107.5898371,
              -6.8916489
            ]
          ]
        ]
      },
      "id": "way/490273386"
    },
    {
      "type": "Feature",
      "properties": {
        "@id": "way/492229203",
        "addr:street": "Jalan Sersan Bajuri",
        "amenity": "school",
        "name": "Sekolah Mutiara Nusantara"
      },
      "geometry": {
        "type": "Polygon",
        "coordinates": [
          [
            [
              107.5923817,
              -6.8468931
            ],
            [
              107.5921705,
              -6.8468032
            ],
            [
              107.5922761,
              -6.8465845
            ],
            [
              107.5920498,
              -6.8464677
            ],
            [
              107.5917661,
              -6.8466145
            ],
            [
              107.5916756,
              -6.8467283
            ],
            [
              107.5915005,
              -6.847004
            ],
            [
              107.5913285,
              -6.8474804
            ],
            [
              107.5915579,
              -6.8475523
            ],
            [
              107.591863,
              -6.8474381
            ],
            [
              107.5922455,
              -6.8472268
            ],
            [
              107.5923817,
              -6.8468931
            ]
          ]
        ]
      },
      "id": "way/492229203"
    },
    {
      "type": "Feature",
      "properties": {
        "@id": "way/512326422",
        "addr:city": "Bandung",
        "addr:full": "Jl Wastukencana No 40 Bandung",
        "amenity": "school",
        "building": "school",
        "building:condition": "good",
        "building:levels": "2",
        "name": "Sekolah Kristen Baptis",
        "operator:type": "private",
        "school:type_idn": "smp",
        "source": "S2City_POI_2022",
        "wheelchair": "no"
      },
      "geometry": {
        "type": "Polygon",
        "coordinates": [
          [
            [
              107.6061436,
              -6.9037557
            ],
            [
              107.6062155,
              -6.9037775
            ],
            [
              107.606235,
              -6.9037138
            ],
            [
              107.606158,
              -6.9036906
            ],
            [
              107.6061619,
              -6.9036777
            ],
            [
              107.6060532,
              -6.9036448
            ],
            [
              107.6059804,
              -6.9038824
            ],
            [
              107.6060943,
              -6.9039168
            ],
            [
              107.6061436,
              -6.9037557
            ]
          ]
        ]
      },
      "id": "way/512326422"
    },
    {
      "type": "Feature",
      "properties": {
        "@id": "way/512426050",
        "amenity": "school",
        "building": "yes",
        "name": "SMP PGII 2 Bandung"
      },
      "geometry": {
        "type": "Polygon",
        "coordinates": [
          [
            [
              107.6331756,
              -6.9003468
            ],
            [
              107.6332626,
              -6.9005224
            ],
            [
              107.6333453,
              -6.900482
            ],
            [
              107.6332594,
              -6.9003087
            ],
            [
              107.6333785,
              -6.9002505
            ],
            [
              107.6333325,
              -6.9001578
            ],
            [
              107.6331186,
              -6.9002623
            ],
            [
              107.6331634,
              -6.9003527
            ],
            [
              107.6331756,
              -6.9003468
            ]
          ]
        ]
      },
      "id": "way/512426050"
    },
    {
      "type": "Feature",
      "properties": {
        "@id": "way/512426102",
        "amenity": "school",
        "building": "yes",
        "name": "SMK Icb Cinta Wisata"
      },
      "geometry": {
        "type": "Polygon",
        "coordinates": [
          [
            [
              107.6337079,
              -6.899222
            ],
            [
              107.6338259,
              -6.8993894
            ],
            [
              107.6338784,
              -6.8993529
            ],
            [
              107.6338819,
              -6.8993225
            ],
            [
              107.6337762,
              -6.8991746
            ],
            [
              107.6337079,
              -6.899222
            ]
          ]
        ]
      },
      "id": "way/512426102"
    },
    {
      "type": "Feature",
      "properties": {
        "@id": "way/512426467",
        "amenity": "school",
        "building": "yes",
        "name": "SMA Negeri 14 Bandung"
      },
      "geometry": {
        "type": "Polygon",
        "coordinates": [
          [
            [
              107.6360366,
              -6.9028486
            ],
            [
              107.6360829,
              -6.9029314
            ],
            [
              107.6363967,
              -6.9027583
            ],
            [
              107.6363504,
              -6.9026756
            ],
            [
              107.6360366,
              -6.9028486
            ]
          ]
        ]
      },
      "id": "way/512426467"
    },
    {
      "type": "Feature",
      "properties": {
        "@id": "way/512600981",
        "amenity": "school",
        "building": "yes",
        "name": "SMK Cipta Skill Bandung"
      },
      "geometry": {
        "type": "Polygon",
        "coordinates": [
          [
            [
              107.6319194,
              -6.9006811
            ],
            [
              107.631826,
              -6.9007237
            ],
            [
              107.6318636,
              -6.9008049
            ],
            [
              107.6319569,
              -6.9007624
            ],
            [
              107.6319194,
              -6.9006811
            ]
          ]
        ]
      },
      "id": "way/512600981"
    },
    {
      "type": "Feature",
      "properties": {
        "@id": "way/512700078",
        "addr:city": "Bandung",
        "addr:housenumber": "163",
        "addr:street": "Jl. Taman Pramuka",
        "addr:subdistrict": "Bandung Wetan",
        "addr:village": "Cihapit",
        "amenity": "school",
        "building": "school",
        "building:condition": "good",
        "building:levels": "2",
        "isced:level": "3",
        "name": "SMA Kartika XIX-1",
        "official_name": "Sekolah Menengah Atas Kartika XIX-1",
        "source": "S2City_POI_2022",
        "wheelchair": "yes"
      },
      "geometry": {
        "type": "Polygon",
        "coordinates": [
          [
            [
              107.6264369,
              -6.9090941
            ],
            [
              107.6265925,
              -6.9094416
            ],
            [
              107.6268412,
              -6.9094093
            ],
            [
              107.626854,
              -6.9094456
            ],
            [
              107.6270217,
              -6.9094283
            ],
            [
              107.6270322,
              -6.9094626
            ],
            [
              107.6271099,
              -6.9094626
            ],
            [
              107.6271026,
              -6.9093754
            ],
            [
              107.6271324,
              -6.9093715
            ],
            [
              107.6271155,
              -6.9092579
            ],
            [
              107.6266368,
              -6.9093277
            ],
            [
              107.6265853,
              -6.9092113
            ],
            [
              107.6268499,
              -6.9091648
            ],
            [
              107.6269653,
              -6.9092698
            ],
            [
              107.6270847,
              -6.9092512
            ],
            [
              107.6268646,
              -6.9090259
            ],
            [
              107.6264369,
              -6.9090941
            ]
          ]
        ]
      },
      "id": "way/512700078"
    },
    {
      "type": "Feature",
      "properties": {
        "@id": "way/512704737",
        "addr:city": "Bandung",
        "addr:full": "Jl. Progo No. 4, Citarum, Bandung Wetan",
        "amenity": "school",
        "building": "school",
        "building:condition": "good",
        "building:levels": "3",
        "name": "Sekolah Dasar Kristen Yahya",
        "operator:type": "community",
        "school:type_idn": "sd",
        "source": "S2City_POI_2022",
        "wheelchair": "no"
      },
      "geometry": {
        "type": "Polygon",
        "coordinates": [
          [
            [
              107.6172672,
              -6.9050257
            ],
            [
              107.6172699,
              -6.9050962
            ],
            [
              107.6172244,
              -6.9050955
            ],
            [
              107.6172273,
              -6.9051288
            ],
            [
              107.6173766,
              -6.9052431
            ],
            [
              107.6173663,
              -6.9049422
            ],
            [
              107.6172769,
              -6.9049431
            ],
            [
              107.6172761,
              -6.9048603
            ],
            [
              107.6172227,
              -6.9048608
            ],
            [
              107.6172243,
              -6.9050261
            ],
            [
              107.6172672,
              -6.9050257
            ]
          ]
        ]
      },
      "id": "way/512704737"
    },
    {
      "type": "Feature",
      "properties": {
        "@id": "way/512704764",
        "addr:city": "Bandung",
        "addr:full": "Jl. L. L. R.E. Martadinata 71A-73, Citarum, Bandung Wetan",
        "amenity": "school",
        "building": "school",
        "building:condition": "good",
        "building:levels": "3",
        "name": "Sekolah Kristen Yahya",
        "operator:type": "private",
        "school:type_idn": "sd,smp,sma",
        "source": "S2City_POI_2022",
        "wheelchair": "limited"
      },
      "geometry": {
        "type": "Polygon",
        "coordinates": [
          [
            [
              107.6183501,
              -6.9052877
            ],
            [
              107.6176918,
              -6.905302
            ],
            [
              107.6176962,
              -6.905505
            ],
            [
              107.6183545,
              -6.9054907
            ],
            [
              107.6183501,
              -6.9052877
            ]
          ]
        ]
      },
      "id": "way/512704764"
    },
    {
      "type": "Feature",
      "properties": {
        "@id": "way/512752458",
        "amenity": "school"
      },
      "geometry": {
        "type": "Polygon",
        "coordinates": [
          [
            [
              107.6109698,
              -6.9114818
            ],
            [
              107.610967,
              -6.9115163
            ],
            [
              107.610953,
              -6.9116891
            ],
            [
              107.6112204,
              -6.9117105
            ],
            [
              107.6112372,
              -6.9115032
            ],
            [
              107.6109698,
              -6.9114818
            ]
          ]
        ]
      },
      "id": "way/512752458"
    },
    {
      "type": "Feature",
      "properties": {
        "@id": "way/512752529",
        "amenity": "school",
        "building": "yes",
        "name": "Rumah Biasa"
      },
      "geometry": {
        "type": "Polygon",
        "coordinates": [
          [
            [
              107.6150461,
              -6.9135684
            ],
            [
              107.614865,
              -6.9136709
            ],
            [
              107.6149354,
              -6.9137934
            ],
            [
              107.6151164,
              -6.9136909
            ],
            [
              107.6150461,
              -6.9135684
            ]
          ]
        ]
      },
      "id": "way/512752529"
    },
    {
      "type": "Feature",
      "properties": {
        "@id": "way/512884317",
        "amenity": "school",
        "building": "yes",
        "name": "SMP Kartika XIX-1"
      },
      "geometry": {
        "type": "Polygon",
        "coordinates": [
          [
            [
              107.6182846,
              -6.9131095
            ],
            [
              107.6182887,
              -6.9132657
            ],
            [
              107.6183059,
              -6.9132652
            ],
            [
              107.6183087,
              -6.9133751
            ],
            [
              107.618426,
              -6.9133721
            ],
            [
              107.6184269,
              -6.9134034
            ],
            [
              107.6184923,
              -6.9134017
            ],
            [
              107.6184926,
              -6.9134118
            ],
            [
              107.6185075,
              -6.9134114
            ],
            [
              107.618637,
              -6.913408
            ],
            [
              107.6186838,
              -6.9134068
            ],
            [
              107.6186837,
              -6.9134051
            ],
            [
              107.6186975,
              -6.9134048
            ],
            [
              107.6186959,
              -6.9133453
            ],
            [
              107.6186813,
              -6.9133456
            ],
            [
              107.6186808,
              -6.9133276
            ],
            [
              107.6185008,
              -6.9133323
            ],
            [
              107.6184969,
              -6.9131844
            ],
            [
              107.6184194,
              -6.9131864
            ],
            [
              107.618422,
              -6.9132836
            ],
            [
              107.6183718,
              -6.9132849
            ],
            [
              107.6183713,
              -6.9132646
            ],
            [
              107.6183672,
              -6.9131073
            ],
            [
              107.6182846,
              -6.9131095
            ]
          ]
        ]
      },
      "id": "way/512884317"
    },
    {
      "type": "Feature",
      "properties": {
        "@id": "way/513052329",
        "amenity": "school",
        "building": "yes",
        "name": "Santa Maria 1 Senior High School Bandung"
      },
      "geometry": {
        "type": "Polygon",
        "coordinates": [
          [
            [
              107.6316351,
              -6.9111471
            ],
            [
              107.6315795,
              -6.9112101
            ],
            [
              107.6315069,
              -6.9111567
            ],
            [
              107.6315711,
              -6.9110805
            ],
            [
              107.6315023,
              -6.9110233
            ],
            [
              107.631344,
              -6.911211
            ],
            [
              107.6314129,
              -6.9112682
            ],
            [
              107.631434,
              -6.9112431
            ],
            [
              107.6316496,
              -6.9114012
            ],
            [
              107.6316758,
              -6.911366
            ],
            [
              107.6316833,
              -6.9113729
            ],
            [
              107.6317866,
              -6.9112624
            ],
            [
              107.6317437,
              -6.911223
            ],
            [
              107.6316841,
              -6.9112868
            ],
            [
              107.63167,
              -6.9112765
            ],
            [
              107.6317195,
              -6.9112204
            ],
            [
              107.6316351,
              -6.9111471
            ]
          ]
        ]
      },
      "id": "way/513052329"
    },
    {
      "type": "Feature",
      "properties": {
        "@id": "way/513234330",
        "amenity": "school",
        "building": "yes",
        "name": "SD Alfa Centauri"
      },
      "geometry": {
        "type": "Polygon",
        "coordinates": [
          [
            [
              107.6248041,
              -6.9196576
            ],
            [
              107.6248461,
              -6.9199316
            ],
            [
              107.6250486,
              -6.919901
            ],
            [
              107.6250066,
              -6.919627
            ],
            [
              107.6248041,
              -6.9196576
            ]
          ]
        ]
      },
      "id": "way/513234330"
    },
    {
      "type": "Feature",
      "properties": {
        "@id": "way/513360421",
        "amenity": "school",
        "building": "yes",
        "name": "Sekolah Kristen BPK Penabur Singgasana"
      },
      "geometry": {
        "type": "Polygon",
        "coordinates": [
          [
            [
              107.5985836,
              -6.9541624
            ],
            [
              107.5988901,
              -6.9541709
            ],
            [
              107.5988932,
              -6.9540575
            ],
            [
              107.598817,
              -6.9540554
            ],
            [
              107.5988192,
              -6.9539767
            ],
            [
              107.598589,
              -6.9539704
            ],
            [
              107.5985836,
              -6.9541624
            ]
          ]
        ]
      },
      "id": "way/513360421"
    },
    {
      "type": "Feature",
      "properties": {
        "@id": "way/513524099",
        "amenity": "school",
        "building": "yes",
        "check_date": "2025-08-09",
        "name": "SMP Pasundan 4 Bandung"
      },
      "geometry": {
        "type": "Polygon",
        "coordinates": [
          [
            [
              107.6006314,
              -6.9162581
            ],
            [
              107.6006301,
              -6.9163567
            ],
            [
              107.6007626,
              -6.9163584
            ],
            [
              107.6007639,
              -6.9162599
            ],
            [
              107.6006314,
              -6.9162581
            ]
          ]
        ]
      },
      "id": "way/513524099"
    },
    {
      "type": "Feature",
      "properties": {
        "@id": "way/513529969",
        "amenity": "school",
        "building": "yes",
        "name": "SMP Negeri 6 Bandung"
      },
      "geometry": {
        "type": "Polygon",
        "coordinates": [
          [
            [
              107.6019432,
              -6.9186048
            ],
            [
              107.6019503,
              -6.9184611
            ],
            [
              107.6018491,
              -6.9184562
            ],
            [
              107.6018423,
              -6.9185932
            ],
            [
              107.601613,
              -6.9185668
            ],
            [
              107.6016051,
              -6.9186346
            ],
            [
              107.601601,
              -6.9186692
            ],
            [
              107.6016014,
              -6.9186692
            ],
            [
              107.6015943,
              -6.9187358
            ],
            [
              107.6016888,
              -6.9187456
            ],
            [
              107.6016957,
              -6.9186801
            ],
            [
              107.6019363,
              -6.9187078
            ],
            [
              107.6019483,
              -6.9186054
            ],
            [
              107.6019432,
              -6.9186048
            ]
          ]
        ]
      },
      "id": "way/513529969"
    },
    {
      "type": "Feature",
      "properties": {
        "@id": "way/513682345",
        "amenity": "school",
        "building": "yes",
        "name": "Yayasan Kalam Kudus Indonesia Cabang Bandung"
      },
      "geometry": {
        "type": "Polygon",
        "coordinates": [
          [
            [
              107.5982464,
              -6.9503809
            ],
            [
              107.5981478,
              -6.9511059
            ],
            [
              107.5982366,
              -6.9511179
            ],
            [
              107.5983062,
              -6.9506068
            ],
            [
              107.5984231,
              -6.9506224
            ],
            [
              107.5984522,
              -6.9504085
            ],
            [
              107.5982464,
              -6.9503809
            ]
          ]
        ]
      },
      "id": "way/513682345"
    },
    {
      "type": "Feature",
      "properties": {
        "@id": "way/513729961",
        "amenity": "school",
        "building": "school",
        "name": "SD Negeri 092 Cibadak Andir",
        "source": "POI_WRI_Survey_2023",
        "wheelchair": "no"
      },
      "geometry": {
        "type": "Polygon",
        "coordinates": [
          [
            [
              107.59661,
              -6.9214106
            ],
            [
              107.5966016,
              -6.9216218
            ],
            [
              107.5967694,
              -6.9216284
            ],
            [
              107.5967778,
              -6.9214172
            ],
            [
              107.59661,
              -6.9214106
            ]
          ]
        ]
      },
      "id": "way/513729961"
    },
    {
      "type": "Feature",
      "properties": {
        "@id": "way/513810574",
        "addr:housenumber": "8",
        "addr:street": "Jalan Jenderal Ahmad Yani",
        "amenity": "school",
        "building": "yes",
        "name": "SMKN 15 Bandung"
      },
      "geometry": {
        "type": "Polygon",
        "coordinates": [
          [
            [
              107.6184922,
              -6.9227058
            ],
            [
              107.6184763,
              -6.9228444
            ],
            [
              107.61877,
              -6.9228777
            ],
            [
              107.6187859,
              -6.9227391
            ],
            [
              107.6184922,
              -6.9227058
            ]
          ]
        ]
      },
      "id": "way/513810574"
    },
    {
      "type": "Feature",
      "properties": {
        "@id": "way/514104894",
        "amenity": "school",
        "building": "yes",
        "name": "Pesantren Persatuan Islam 1 -2 Bandung"
      },
      "geometry": {
        "type": "Polygon",
        "coordinates": [
          [
            [
              107.6002519,
              -6.9232769
            ],
            [
              107.6002491,
              -6.9233613
            ],
            [
              107.6003739,
              -6.9233653
            ],
            [
              107.6003766,
              -6.9232809
            ],
            [
              107.6002519,
              -6.9232769
            ]
          ]
        ]
      },
      "id": "way/514104894"
    },
    {
      "type": "Feature",
      "properties": {
        "@id": "way/514104900",
        "amenity": "school",
        "building": "school",
        "name": "Pesantren Persatuan Islam 1-2 Bandung",
        "source": "POI_WRI_Survey_2023",
        "wheelchair": "no"
      },
      "geometry": {
        "type": "Polygon",
        "coordinates": [
          [
            [
              107.6004242,
              -6.922803
            ],
            [
              107.6004041,
              -6.9230147
            ],
            [
              107.600558,
              -6.9230291
            ],
            [
              107.6005782,
              -6.9228174
            ],
            [
              107.6004242,
              -6.922803
            ]
          ]
        ]
      },
      "id": "way/514104900"
    },
    {
      "type": "Feature",
      "properties": {
        "@id": "way/514121581",
        "addr:city": "Bandung",
        "addr:full": "Jl Cihampelas No 164",
        "amenity": "school",
        "building": "school",
        "building:condition": "good",
        "building:levels": "3",
        "name": "TK, SD BPK Penabur",
        "operator:type": "private",
        "school:type_idn": "sd",
        "source": "S2City_POI_2022",
        "wheelchair": "no"
      },
      "geometry": {
        "type": "Polygon",
        "coordinates": [
          [
            [
              107.6039176,
              -6.8903932
            ],
            [
              107.6039139,
              -6.8905916
            ],
            [
              107.6040197,
              -6.8905936
            ],
            [
              107.6040234,
              -6.8903952
            ],
            [
              107.6039176,
              -6.8903932
            ]
          ]
        ]
      },
      "id": "way/514121581"
    },
    {
      "type": "Feature",
      "properties": {
        "@id": "way/514121583",
        "addr:city": "Bandung",
        "addr:full": "Jl Cihampelas No 167",
        "amenity": "school",
        "building": "school",
        "building:condition": "good",
        "building:levels": "2",
        "name": "SMA Pasundan 2",
        "operator:type": "private",
        "school:type_idn": "sma",
        "source": "S2City_POI_2022",
        "wheelchair": "no"
      },
      "geometry": {
        "type": "Polygon",
        "coordinates": [
          [
            [
              107.6039091,
              -6.8907675
            ],
            [
              107.6039143,
              -6.891101
            ],
            [
              107.604046,
              -6.8910948
            ],
            [
              107.6040403,
              -6.8907657
            ],
            [
              107.6039091,
              -6.8907675
            ]
          ]
        ]
      },
      "id": "way/514121583"
    },
    {
      "type": "Feature",
      "properties": {
        "@id": "way/514121584",
        "addr:city": "Bandung",
        "addr:full": "Jl Cihampelas 167",
        "amenity": "school",
        "building": "school",
        "building:condition": "good",
        "building:levels": "2",
        "name": "SMA Pasundan 8",
        "operator:type": "private",
        "school:type_idn": "sma",
        "source": "S2City_POI_2022",
        "wheelchair": "no"
      },
      "geometry": {
        "type": "Polygon",
        "coordinates": [
          [
            [
              107.6039016,
              -6.8911083
            ],
            [
              107.6039002,
              -6.8910657
            ],
            [
              107.6037653,
              -6.89107
            ],
            [
              107.6037698,
              -6.8912098
            ],
            [
              107.6039047,
              -6.8912056
            ],
            [
              107.6039046,
              -6.891201
            ],
            [
              107.6040464,
              -6.8911965
            ],
            [
              107.6040434,
              -6.8911038
            ],
            [
              107.6039016,
              -6.8911083
            ]
          ]
        ]
      },
      "id": "way/514121584"
    },
    {
      "type": "Feature",
      "properties": {
        "@id": "way/516459660",
        "amenity": "school",
        "amenity_1": "kindergarten",
        "building": "yes",
        "name": "LCC Kasih Bangsa"
      },
      "geometry": {
        "type": "Polygon",
        "coordinates": [
          [
            [
              107.560519,
              -6.9466445
            ],
            [
              107.5604407,
              -6.9466981
            ],
            [
              107.5605257,
              -6.9468202
            ],
            [
              107.5606039,
              -6.9467665
            ],
            [
              107.560519,
              -6.9466445
            ]
          ]
        ]
      },
      "id": "way/516459660"
    },
    {
      "type": "Feature",
      "properties": {
        "@id": "way/519065838",
        "amenity": "school",
        "building": "yes",
        "name": "SMP Negeri 29 Bandung"
      },
      "geometry": {
        "type": "Polygon",
        "coordinates": [
          [
            [
              107.5864868,
              -6.8606845
            ],
            [
              107.5863633,
              -6.8606873
            ],
            [
              107.5863647,
              -6.8607459
            ],
            [
              107.5864881,
              -6.8607431
            ],
            [
              107.5864868,
              -6.8606845
            ]
          ]
        ]
      },
      "id": "way/519065838"
    },
    {
      "type": "Feature",
      "properties": {
        "@id": "way/520143070",
        "amenity": "school",
        "building": "yes",
        "name": "SMP Daarut Tauhiid Boarding School Bandung"
      },
      "geometry": {
        "type": "Polygon",
        "coordinates": [
          [
            [
              107.5909673,
              -6.8624657
            ],
            [
              107.590972,
              -6.8624259
            ],
            [
              107.5909044,
              -6.8624181
            ],
            [
              107.5908896,
              -6.8625446
            ],
            [
              107.5909291,
              -6.8625491
            ],
            [
              107.5909205,
              -6.8626072
            ],
            [
              107.5911274,
              -6.8626373
            ],
            [
              107.5911489,
              -6.8624922
            ],
            [
              107.5909673,
              -6.8624657
            ]
          ]
        ]
      },
      "id": "way/520143070"
    },
    {
      "type": "Feature",
      "properties": {
        "@id": "way/520484794",
        "amenity": "school",
        "building": "yes",
        "name": "SMK Negeri 3 Cimahi"
      },
      "geometry": {
        "type": "Polygon",
        "coordinates": [
          [
            [
              107.5568242,
              -6.8592784
            ],
            [
              107.5567666,
              -6.8593836
            ],
            [
              107.5568621,
              -6.8594352
            ],
            [
              107.5569197,
              -6.8593301
            ],
            [
              107.5568242,
              -6.8592784
            ]
          ]
        ]
      },
      "id": "way/520484794"
    },
    {
      "type": "Feature",
      "properties": {
        "@id": "way/520489693",
        "amenity": "school",
        "building": "yes",
        "name": "SD Interaktif Abdussalam"
      },
      "geometry": {
        "type": "Polygon",
        "coordinates": [
          [
            [
              107.5647877,
              -6.8608017
            ],
            [
              107.5647327,
              -6.8609175
            ],
            [
              107.564808,
              -6.8609528
            ],
            [
              107.564863,
              -6.8608369
            ],
            [
              107.5647877,
              -6.8608017
            ]
          ]
        ]
      },
      "id": "way/520489693"
    },
    {
      "type": "Feature",
      "properties": {
        "@id": "way/520489722",
        "amenity": "school",
        "building": "yes",
        "name": "SDN Hanjuang Samijaya"
      },
      "geometry": {
        "type": "Polygon",
        "coordinates": [
          [
            [
              107.5652491,
              -6.8588484
            ],
            [
              107.5651565,
              -6.8590268
            ],
            [
              107.5652404,
              -6.8590697
            ],
            [
              107.5653329,
              -6.8588912
            ],
            [
              107.5652491,
              -6.8588484
            ]
          ]
        ]
      },
      "id": "way/520489722"
    },
    {
      "type": "Feature",
      "properties": {
        "@id": "way/521278431",
        "amenity": "school",
        "name": "SMP- SMA Kartika XIX 2 Bandung"
      },
      "geometry": {
        "type": "Polygon",
        "coordinates": [
          [
            [
              107.5883679,
              -6.8654075
            ],
            [
              107.5883738,
              -6.8654087
            ],
            [
              107.5884207,
              -6.8651677
            ],
            [
              107.5883375,
              -6.8651517
            ],
            [
              107.5883067,
              -6.8653099
            ],
            [
              107.587776,
              -6.8652155
            ],
            [
              107.587789,
              -6.8651466
            ],
            [
              107.5876804,
              -6.8651264
            ],
            [
              107.5876672,
              -6.8651961
            ],
            [
              107.5876643,
              -6.8651956
            ],
            [
              107.5876461,
              -6.8652962
            ],
            [
              107.5876482,
              -6.8652965
            ],
            [
              107.5876348,
              -6.8653674
            ],
            [
              107.5877434,
              -6.8653876
            ],
            [
              107.587757,
              -6.8653159
            ],
            [
              107.5879038,
              -6.865342
            ],
            [
              107.5878665,
              -6.8655022
            ],
            [
              107.5878233,
              -6.8654961
            ],
            [
              107.5878414,
              -6.8654268
            ],
            [
              107.5877917,
              -6.865414
            ],
            [
              107.5877721,
              -6.8654888
            ],
            [
              107.5877115,
              -6.8654802
            ],
            [
              107.5877142,
              -6.8654621
            ],
            [
              107.5877544,
              -6.8654676
            ],
            [
              107.5877635,
              -6.865402
            ],
            [
              107.5875597,
              -6.865374
            ],
            [
              107.5875505,
              -6.8654396
            ],
            [
              107.5876355,
              -6.8654513
            ],
            [
              107.5875664,
              -6.8659253
            ],
            [
              107.587645,
              -6.8659366
            ],
            [
              107.5877011,
              -6.8655516
            ],
            [
              107.5882051,
              -6.8656231
            ],
            [
              107.5881511,
              -6.8659306
            ],
            [
              107.5882422,
              -6.8659464
            ],
            [
              107.5882967,
              -6.8656361
            ],
            [
              107.5883514,
              -6.8656438
            ],
            [
              107.5883616,
              -6.8655724
            ],
            [
              107.5880641,
              -6.8655302
            ],
            [
              107.5880963,
              -6.8653762
            ],
            [
              107.588365,
              -6.865424
            ],
            [
              107.5883679,
              -6.8654075
            ]
          ]
        ]
      },
      "id": "way/521278431"
    },
    {
      "type": "Feature",
      "properties": {
        "@id": "way/521279638",
        "amenity": "school",
        "building": "yes",
        "name": "SDN Gegerkalong Girang 1 & 2"
      },
      "geometry": {
        "type": "Polygon",
        "coordinates": [
          [
            [
              107.5864398,
              -6.8610573
            ],
            [
              107.5865377,
              -6.861072
            ],
            [
              107.5865499,
              -6.8609918
            ],
            [
              107.586452,
              -6.8609772
            ],
            [
              107.5864398,
              -6.8610573
            ]
          ]
        ]
      },
      "id": "way/521279638"
    },
    {
      "type": "Feature",
      "properties": {
        "@id": "way/521696661",
        "amenity": "school",
        "building": "yes",
        "name": "Kumon Pondok Hijau"
      },
      "geometry": {
        "type": "Polygon",
        "coordinates": [
          [
            [
              107.5826378,
              -6.8610227
            ],
            [
              107.5826164,
              -6.861084
            ],
            [
              107.5827072,
              -6.8611153
            ],
            [
              107.5827287,
              -6.8610541
            ],
            [
              107.5826378,
              -6.8610227
            ]
          ]
        ]
      },
      "id": "way/521696661"
    },
    {
      "type": "Feature",
      "properties": {
        "@id": "way/521705133",
        "amenity": "school",
        "building": "yes",
        "name": "SDN KPAD Gegerkalong"
      },
      "geometry": {
        "type": "Polygon",
        "coordinates": [
          [
            [
              107.5819337,
              -6.8665191
            ],
            [
              107.5818692,
              -6.8665159
            ],
            [
              107.5818625,
              -6.8666504
            ],
            [
              107.581927,
              -6.8666536
            ],
            [
              107.5819337,
              -6.8665191
            ]
          ]
        ]
      },
      "id": "way/521705133"
    },
    {
      "type": "Feature",
      "properties": {
        "@id": "way/522029625",
        "amenity": "school",
        "building": "yes",
        "name": "MTS Al-Inayah"
      },
      "geometry": {
        "type": "Polygon",
        "coordinates": [
          [
            [
              107.578581,
              -6.8708544
            ],
            [
              107.5785018,
              -6.8710262
            ],
            [
              107.5785847,
              -6.8710638
            ],
            [
              107.5786639,
              -6.8708921
            ],
            [
              107.578581,
              -6.8708544
            ]
          ]
        ]
      },
      "id": "way/522029625"
    },
    {
      "type": "Feature",
      "properties": {
        "@id": "way/529967151",
        "addr:street": "Jl. Cikutra-Sekejati No. 09 Bandung",
        "amenity": "school",
        "building": "yes",
        "name": "SMK Pelita"
      },
      "geometry": {
        "type": "Polygon",
        "coordinates": [
          [
            [
              107.6446175,
              -6.8968479
            ],
            [
              107.6446924,
              -6.8968726
            ],
            [
              107.6447257,
              -6.8967729
            ],
            [
              107.6447799,
              -6.8967908
            ],
            [
              107.6448089,
              -6.8967043
            ],
            [
              107.64468,
              -6.8966617
            ],
            [
              107.6446175,
              -6.8968479
            ]
          ]
        ]
      },
      "id": "way/529967151"
    },
    {
      "type": "Feature",
      "properties": {
        "@id": "way/529972100",
        "addr:street": "Jalan Pasundan",
        "amenity": "school",
        "name": "Sekolah Menengah Pertama Pasundan 1 Bandung"
      },
      "geometry": {
        "type": "Polygon",
        "coordinates": [
          [
            [
              107.6077473,
              -6.9240481
            ],
            [
              107.6077379,
              -6.92416
            ],
            [
              107.6077206,
              -6.9244682
            ],
            [
              107.6082173,
              -6.9245105
            ],
            [
              107.6082213,
              -6.9243814
            ],
            [
              107.6082336,
              -6.9243816
            ],
            [
              107.608245,
              -6.9240769
            ],
            [
              107.6081593,
              -6.9240721
            ],
            [
              107.6079481,
              -6.9240603
            ],
            [
              107.6077473,
              -6.9240481
            ]
          ]
        ]
      },
      "id": "way/529972100"
    },
    {
      "type": "Feature",
      "properties": {
        "@id": "way/529972101",
        "addr:street": "Jalan Balong Gede",
        "amenity": "school",
        "name": "Sekolah Dasar Negeri Balonggede"
      },
      "geometry": {
        "type": "Polygon",
        "coordinates": [
          [
            [
              107.6074107,
              -6.9244442
            ],
            [
              107.6073637,
              -6.9247572
            ],
            [
              107.6076057,
              -6.9247931
            ],
            [
              107.6076528,
              -6.92448
            ],
            [
              107.6074107,
              -6.9244442
            ]
          ]
        ]
      },
      "id": "way/529972101"
    },
    {
      "type": "Feature",
      "properties": {
        "@id": "way/530011017",
        "addr:housenumber": "78",
        "addr:street": "Jl. Antapani",
        "amenity": "school",
        "building": "school",
        "name": "MTS Negeri 2"
      },
      "geometry": {
        "type": "Polygon",
        "coordinates": [
          [
            [
              107.6583496,
              -6.9101686
            ],
            [
              107.6583377,
              -6.9102753
            ],
            [
              107.6586178,
              -6.9103061
            ],
            [
              107.6586297,
              -6.9101994
            ],
            [
              107.6583496,
              -6.9101686
            ]
          ]
        ]
      },
      "id": "way/530011017"
    },
    {
      "type": "Feature",
      "properties": {
        "@id": "way/530011018",
        "addr:housenumber": "78",
        "addr:street": "Jl. Antapani",
        "amenity": "school",
        "building": "school",
        "name": "MTS Negeri 2"
      },
      "geometry": {
        "type": "Polygon",
        "coordinates": [
          [
            [
              107.6579864,
              -6.910303
            ],
            [
              107.6583914,
              -6.9108116
            ],
            [
              107.658779,
              -6.9105706
            ],
            [
              107.6586315,
              -6.9103296
            ],
            [
              107.6585537,
              -6.9103789
            ],
            [
              107.6586422,
              -6.910524
            ],
            [
              107.6584223,
              -6.9106598
            ],
            [
              107.6580723,
              -6.9102338
            ],
            [
              107.6579864,
              -6.910303
            ]
          ]
        ]
      },
      "id": "way/530011018"
    },
    {
      "type": "Feature",
      "properties": {
        "@id": "way/530011020",
        "addr:housenumber": "225 - 227",
        "addr:street": "Jl. Terusan Jakarta",
        "amenity": "school",
        "building": "school",
        "name": "SD Negeri 2 Antapani"
      },
      "geometry": {
        "type": "Polygon",
        "coordinates": [
          [
            [
              107.6581475,
              -6.910529
            ],
            [
              107.657934,
              -6.9105283
            ],
            [
              107.6579343,
              -6.9104488
            ],
            [
              107.6579219,
              -6.9104487
            ],
            [
              107.6579222,
              -6.9103797
            ],
            [
              107.6578511,
              -6.9103794
            ],
            [
              107.6578509,
              -6.9104468
            ],
            [
              107.6578278,
              -6.9104467
            ],
            [
              107.6578272,
              -6.9106146
            ],
            [
              107.6581472,
              -6.9106158
            ],
            [
              107.6581475,
              -6.910529
            ]
          ]
        ]
      },
      "id": "way/530011020"
    },
    {
      "type": "Feature",
      "properties": {
        "@id": "way/530032578",
        "addr:full": "Jalan Sarimanah Blok 23, Sarijadi, Sukajadi, Kota Bandung",
        "amenity": "school",
        "name": "SMPN 26 Bandung",
        "school:type_idn": "smp"
      },
      "geometry": {
        "type": "Polygon",
        "coordinates": [
          [
            [
              107.5775933,
              -6.8823522
            ],
            [
              107.5767202,
              -6.8826152
            ],
            [
              107.5767699,
              -6.8827776
            ],
            [
              107.5774591,
              -6.8829267
            ],
            [
              107.5775933,
              -6.8823522
            ]
          ]
        ]
      },
      "id": "way/530032578"
    },
    {
      "type": "Feature",
      "properties": {
        "@id": "way/530037889",
        "addr:city": "Bandung",
        "addr:full": "Jl Wastukencana No 75A",
        "amenity": "school",
        "name": "SMPN 40 Bandung",
        "operator:type": "government",
        "school:type_idn": "smp",
        "source": "S2City_POI_2022",
        "wheelchair": "no"
      },
      "geometry": {
        "type": "Polygon",
        "coordinates": [
          [
            [
              107.6062425,
              -6.905554
            ],
            [
              107.6065725,
              -6.9058336
            ],
            [
              107.606999,
              -6.9054222
            ],
            [
              107.6067871,
              -6.9052917
            ],
            [
              107.6065443,
              -6.9051692
            ],
            [
              107.6062425,
              -6.905554
            ]
          ]
        ]
      },
      "id": "way/530037889"
    },
    {
      "type": "Feature",
      "properties": {
        "@id": "way/530048658",
        "amenity": "school",
        "name": "STM PUSDIKHUBAD"
      },
      "geometry": {
        "type": "Polygon",
        "coordinates": [
          [
            [
              107.5462315,
              -6.8817623
            ],
            [
              107.5458604,
              -6.8816971
            ],
            [
              107.5454256,
              -6.8816208
            ],
            [
              107.5454786,
              -6.8820307
            ],
            [
              107.5461807,
              -6.8822171
            ],
            [
              107.5462315,
              -6.8817623
            ]
          ]
        ]
      },
      "id": "way/530048658"
    },
    {
      "type": "Feature",
      "properties": {
        "@id": "way/530346540",
        "addr:full": "Jalan Prof. Dr. Sutami No.81-83, Sukarasa, Sukasari, Kota Bandung, Jawa Barat 40163",
        "amenity": "school",
        "name": "Sekolah Menengah Kejuruan Yapari Aktripa Bandung",
        "school:type_idn": "sma"
      },
      "geometry": {
        "type": "Polygon",
        "coordinates": [
          [
            [
              107.5883308,
              -6.8783399
            ],
            [
              107.5888082,
              -6.878248
            ],
            [
              107.5887564,
              -6.8779827
            ],
            [
              107.588279,
              -6.8780746
            ],
            [
              107.5883308,
              -6.8783399
            ]
          ]
        ]
      },
      "id": "way/530346540"
    },
    {
      "type": "Feature",
      "properties": {
        "@id": "way/530365515",
        "Alamat": "Jl. Jend. Sudirman No.150, Baros, Cimahi Tengah, Kota Cimahi, Jawa Barat 40521",
        "amenity": "school",
        "name": "Sekolah Menengah Pertama Wiyata Bakti"
      },
      "geometry": {
        "type": "Polygon",
        "coordinates": [
          [
            [
              107.5339249,
              -6.8902616
            ],
            [
              107.5342119,
              -6.8906104
            ],
            [
              107.5345713,
              -6.8903095
            ],
            [
              107.534287,
              -6.8899846
            ],
            [
              107.5339249,
              -6.8902616
            ]
          ]
        ]
      },
      "id": "way/530365515"
    },
    {
      "type": "Feature",
      "properties": {
        "@id": "way/530365516",
        "Alamat": "Jl. Jend. Sudirman No.152, Baros, Cimahi Tengah, Kota Cimahi, Jawa Barat 40521",
        "amenity": "school",
        "name": "Sekolah Menengah Pertama Negeri 2 Cimahi"
      },
      "geometry": {
        "type": "Polygon",
        "coordinates": [
          [
            [
              107.5337076,
              -6.8903734
            ],
            [
              107.5343353,
              -6.8898222
            ],
            [
              107.5341716,
              -6.8896305
            ],
            [
              107.5342065,
              -6.8895932
            ],
            [
              107.5339758,
              -6.8893402
            ],
            [
              107.5334099,
              -6.8900938
            ],
            [
              107.5336486,
              -6.8902962
            ],
            [
              107.5337076,
              -6.8903734
            ]
          ]
        ]
      },
      "id": "way/530365516"
    },
    {
      "type": "Feature",
      "properties": {
        "@id": "way/530366895",
        "Alamat": "Jl. Sriwijaya 9 No.45A, Setiamanah, Cimahi Tengah, Kota Cimahi, Jawa Barat 40524",
        "addr:city": "Cimahi",
        "addr:postcode": "40524",
        "addr:street": "Jalan Sriwijaya IX",
        "amenity": "school",
        "name": "Sekolah Menengah Atas Negeri 2 Cimahi",
        "religion": "none",
        "wikidata": "Q25469635"
      },
      "geometry": {
        "type": "Polygon",
        "coordinates": [
          [
            [
              107.5338687,
              -6.8828745
            ],
            [
              107.5345663,
              -6.882217
            ],
            [
              107.5344715,
              -6.8821178
            ],
            [
              107.5344065,
              -6.8820497
            ],
            [
              107.5342523,
              -6.8818881
            ],
            [
              107.5342084,
              -6.8819296
            ],
            [
              107.5341051,
              -6.8820275
            ],
            [
              107.5340296,
              -6.8820989
            ],
            [
              107.533548,
              -6.8825547
            ],
            [
              107.5337904,
              -6.8827984
            ],
            [
              107.5338687,
              -6.8828745
            ]
          ]
        ]
      },
      "id": "way/530366895"
    },
    {
      "type": "Feature",
      "properties": {
        "@id": "way/530366896",
        "Alamat": "Sriwijaya 1, Setiamanah, Cimahi Tengah, Kota Cimahi, Jawa Barat 40524",
        "amenity": "school",
        "name": "Sekolah Menengah Pertama Negeri 3 Cimahi"
      },
      "geometry": {
        "type": "Polygon",
        "coordinates": [
          [
            [
              107.5333965,
              -6.8822437
            ],
            [
              107.5338739,
              -6.8817484
            ],
            [
              107.5335735,
              -6.8814129
            ],
            [
              107.5330692,
              -6.8819241
            ],
            [
              107.5333965,
              -6.8822437
            ]
          ]
        ]
      },
      "id": "way/530366896"
    },
    {
      "type": "Feature",
      "properties": {
        "@id": "way/530387864",
        "addr:housenumber": "116",
        "addr:street": "Jl. Rancabentang Dalam",
        "amenity": "school",
        "building": "school",
        "name": "Pondok Pesantren Nurul Huda"
      },
      "geometry": {
        "type": "Polygon",
        "coordinates": [
          [
            [
              107.6111336,
              -6.872254
            ],
            [
              107.6113865,
              -6.8723352
            ],
            [
              107.6114692,
              -6.8720812
            ],
            [
              107.6113867,
              -6.8720548
            ],
            [
              107.6114028,
              -6.8720054
            ],
            [
              107.6112324,
              -6.8719507
            ],
            [
              107.6111336,
              -6.872254
            ]
          ]
        ]
      },
      "id": "way/530387864"
    },
    {
      "type": "Feature",
      "properties": {
        "@id": "way/530592293",
        "addr:street": "Jl. Pesantren, Cimahi",
        "amenity": "school",
        "name": "SDN Cibabat Mandiri 2"
      },
      "geometry": {
        "type": "Polygon",
        "coordinates": [
          [
            [
              107.560578,
              -6.8746052
            ],
            [
              107.5605478,
              -6.8746984
            ],
            [
              107.5604761,
              -6.8749247
            ],
            [
              107.5609991,
              -6.8750113
            ],
            [
              107.5610816,
              -6.8747696
            ],
            [
              107.5609816,
              -6.8746897
            ],
            [
              107.560578,
              -6.8746052
            ]
          ]
        ]
      },
      "id": "way/530592293"
    },
    {
      "type": "Feature",
      "properties": {
        "@id": "way/530592295",
        "addr:street": "Jl. Cihanjuang 199, Cimahi",
        "amenity": "school",
        "building": "yes",
        "name": "Mts Asih Putera"
      },
      "geometry": {
        "type": "Polygon",
        "coordinates": [
          [
            [
              107.5596446,
              -6.8678772
            ],
            [
              107.5597908,
              -6.8676722
            ],
            [
              107.5597328,
              -6.8676315
            ],
            [
              107.5595867,
              -6.8678365
            ],
            [
              107.5596446,
              -6.8678772
            ]
          ]
        ]
      },
      "id": "way/530592295"
    },
    {
      "type": "Feature",
      "properties": {
        "@id": "way/530592296",
        "addr:street": "Jl. Cihanjuang Babut Girang RT 06",
        "amenity": "school",
        "name": "SDN Cibabat Mandiri 3"
      },
      "geometry": {
        "type": "Polygon",
        "coordinates": [
          [
            [
              107.5615888,
              -6.8677451
            ],
            [
              107.561579,
              -6.8677626
            ],
            [
              107.5614209,
              -6.8680504
            ],
            [
              107.5618366,
              -6.8683126
            ],
            [
              107.5620111,
              -6.8679269
            ],
            [
              107.5615888,
              -6.8677451
            ]
          ]
        ]
      },
      "id": "way/530592296"
    },
    {
      "type": "Feature",
      "properties": {
        "@id": "way/530592297",
        "addr:street": "Jl. Cihanjuang Atas Km 2,5",
        "amenity": "school",
        "name": "SMPN 10 Cimahi"
      },
      "geometry": {
        "type": "Polygon",
        "coordinates": [
          [
            [
              107.5618198,
              -6.8672861
            ],
            [
              107.5616537,
              -6.8676129
            ],
            [
              107.5615922,
              -6.8677375
            ],
            [
              107.5620114,
              -6.8679186
            ],
            [
              107.5621094,
              -6.8674407
            ],
            [
              107.5618198,
              -6.8672861
            ]
          ]
        ]
      },
      "id": "way/530592297"
    },
    {
      "type": "Feature",
      "properties": {
        "@id": "way/530965868",
        "addr:housenumber": "4-6",
        "addr:street": "Jl. Kadipaten Raya",
        "amenity": "school",
        "building": "yes",
        "education": "school",
        "name": "SD Muhammadiyah 7 - SMP Muhammadiyah 8"
      },
      "geometry": {
        "type": "Polygon",
        "coordinates": [
          [
            [
              107.6551929,
              -6.9178824
            ],
            [
              107.6553026,
              -6.9178691
            ],
            [
              107.6552302,
              -6.917278
            ],
            [
              107.6551205,
              -6.9172913
            ],
            [
              107.6551307,
              -6.9173506
            ],
            [
              107.6551929,
              -6.9178824
            ]
          ]
        ]
      },
      "id": "way/530965868"
    },
    {
      "type": "Feature",
      "properties": {
        "@id": "way/530965904",
        "addr:housenumber": "1",
        "addr:street": "Jl. Cicalengka Raya",
        "amenity": "school",
        "building": "yes",
        "name": "SD Negeri Griya Bumi Antapani 14"
      },
      "geometry": {
        "type": "Polygon",
        "coordinates": [
          [
            [
              107.6578644,
              -6.9194267
            ],
            [
              107.6578644,
              -6.9195266
            ],
            [
              107.6580897,
              -6.9195266
            ],
            [
              107.6580897,
              -6.9195066
            ],
            [
              107.6581755,
              -6.9195066
            ],
            [
              107.6581755,
              -6.919452
            ],
            [
              107.6580146,
              -6.919452
            ],
            [
              107.6580146,
              -6.9194267
            ],
            [
              107.6578644,
              -6.9194267
            ]
          ]
        ]
      },
      "id": "way/530965904"
    },
    {
      "type": "Feature",
      "properties": {
        "@id": "way/530965910",
        "addr:housenumber": "1",
        "addr:street": "Jl. Cicalengka Raya",
        "amenity": "school",
        "building": "yes",
        "name": "SD Negeri Griya Bumi Antapani 14"
      },
      "geometry": {
        "type": "Polygon",
        "coordinates": [
          [
            [
              107.6580977,
              -6.9195306
            ],
            [
              107.6580928,
              -6.9196737
            ],
            [
              107.6581706,
              -6.9196763
            ],
            [
              107.6581755,
              -6.9195332
            ],
            [
              107.6580977,
              -6.9195306
            ]
          ]
        ]
      },
      "id": "way/530965910"
    },
    {
      "type": "Feature",
      "properties": {
        "@id": "way/530965911",
        "addr:housenumber": "1",
        "addr:street": "Jl. Cicalengka Raya",
        "amenity": "school",
        "building": "yes",
        "name": "SD Negeri Griya Bumi Antapani 14"
      },
      "geometry": {
        "type": "Polygon",
        "coordinates": [
          [
            [
              107.6578537,
              -6.9196717
            ],
            [
              107.6578501,
              -6.9197468
            ],
            [
              107.6581371,
              -6.9197601
            ],
            [
              107.6581407,
              -6.919685
            ],
            [
              107.6578537,
              -6.9196717
            ]
          ]
        ]
      },
      "id": "way/530965911"
    },
    {
      "type": "Feature",
      "properties": {
        "@id": "way/530965938",
        "addr:housenumber": "2",
        "addr:street": "Jl. Kadipaten",
        "amenity": "school",
        "building": "yes",
        "name": "SD Negeri Griya Bumi Antapani 13"
      },
      "geometry": {
        "type": "Polygon",
        "coordinates": [
          [
            [
              107.6559882,
              -6.9194547
            ],
            [
              107.6560921,
              -6.9194507
            ],
            [
              107.6560866,
              -6.9193097
            ],
            [
              107.6560499,
              -6.9193111
            ],
            [
              107.6560508,
              -6.9193336
            ],
            [
              107.6559836,
              -6.9193362
            ],
            [
              107.6559882,
              -6.9194547
            ]
          ]
        ]
      },
      "id": "way/530965938"
    },
    {
      "type": "Feature",
      "properties": {
        "@id": "way/530965939",
        "addr:housenumber": "2",
        "addr:street": "Jl. Kadipaten",
        "amenity": "school",
        "building": "yes",
        "name": "SD Negeri Griya Bumi Antapani 13"
      },
      "geometry": {
        "type": "Polygon",
        "coordinates": [
          [
            [
              107.6555959,
              -6.9193668
            ],
            [
              107.6556791,
              -6.9193582
            ],
            [
              107.6556715,
              -6.9192868
            ],
            [
              107.6555884,
              -6.9192955
            ],
            [
              107.6555959,
              -6.9193668
            ]
          ]
        ]
      },
      "id": "way/530965939"
    },
    {
      "type": "Feature",
      "properties": {
        "@id": "way/530965940",
        "addr:housenumber": "2",
        "addr:street": "Jl. Kadipaten",
        "amenity": "school",
        "building": "yes",
        "name": "SD Negeri Griya Bumi Antapani 13"
      },
      "geometry": {
        "type": "Polygon",
        "coordinates": [
          [
            [
              107.6555979,
              -6.9193735
            ],
            [
              107.6556144,
              -6.9195484
            ],
            [
              107.6559872,
              -6.9195138
            ],
            [
              107.6559707,
              -6.9193389
            ],
            [
              107.6558651,
              -6.9193487
            ],
            [
              107.6558716,
              -6.9194173
            ],
            [
              107.6556966,
              -6.9194336
            ],
            [
              107.6556902,
              -6.9193649
            ],
            [
              107.6555979,
              -6.9193735
            ]
          ]
        ]
      },
      "id": "way/530965940"
    },
    {
      "type": "Feature",
      "properties": {
        "@id": "way/531049493",
        "addr:street": "Jalan Sasak Gantung",
        "amenity": "school",
        "building": "school",
        "name": "Sekolah Menengah Pertama 43 Bandung"
      },
      "geometry": {
        "type": "Polygon",
        "coordinates": [
          [
            [
              107.6070419,
              -6.9251514
            ],
            [
              107.6067106,
              -6.9251027
            ],
            [
              107.6066969,
              -6.9251946
            ],
            [
              107.6069292,
              -6.9252288
            ],
            [
              107.6069,
              -6.9254245
            ],
            [
              107.606999,
              -6.925439
            ],
            [
              107.6070419,
              -6.9251514
            ]
          ]
        ]
      },
      "id": "way/531049493"
    },
    {
      "type": "Feature",
      "properties": {
        "@id": "way/531049495",
        "addr:street": "Jalan Sasak Gantung",
        "amenity": "school",
        "building": "school",
        "name": "Sekolah Menengah Pertama 43 Bandung"
      },
      "geometry": {
        "type": "Polygon",
        "coordinates": [
          [
            [
              107.6065832,
              -6.9253991
            ],
            [
              107.6065536,
              -6.9256459
            ],
            [
              107.6066579,
              -6.9256582
            ],
            [
              107.6066728,
              -6.9255343
            ],
            [
              107.6069004,
              -6.9255612
            ],
            [
              107.6068856,
              -6.9256851
            ],
            [
              107.6070223,
              -6.9257012
            ],
            [
              107.6070519,
              -6.9254545
            ],
            [
              107.6065832,
              -6.9253991
            ]
          ]
        ]
      },
      "id": "way/531049495"
    },
    {
      "type": "Feature",
      "properties": {
        "@id": "way/531049496",
        "addr:street": "Jalan Sasak Gantung",
        "amenity": "school",
        "building": "school",
        "name": "Sekolah Menengah Pertama 43 Bandung"
      },
      "geometry": {
        "type": "Polygon",
        "coordinates": [
          [
            [
              107.6065324,
              -6.9250961
            ],
            [
              107.6065023,
              -6.9253731
            ],
            [
              107.6066156,
              -6.9253852
            ],
            [
              107.6066339,
              -6.9252163
            ],
            [
              107.6066745,
              -6.9252207
            ],
            [
              107.6066863,
              -6.9251126
            ],
            [
              107.6065324,
              -6.9250961
            ]
          ]
        ]
      },
      "id": "way/531049496"
    },
    {
      "type": "Feature",
      "properties": {
        "@id": "way/531063780",
        "amenity": "school",
        "building": "yes",
        "name": "SMP Santo Yusup Yayasan Salib Suci Bandung"
      },
      "geometry": {
        "type": "Polygon",
        "coordinates": [
          [
            [
              107.6510704,
              -6.907583
            ],
            [
              107.6510838,
              -6.9077534
            ],
            [
              107.6512618,
              -6.9077396
            ],
            [
              107.6512483,
              -6.9075692
            ],
            [
              107.6510704,
              -6.907583
            ]
          ]
        ]
      },
      "id": "way/531063780"
    },
    {
      "type": "Feature",
      "properties": {
        "@id": "way/534763426",
        "addr:street": "Jl. Gumuruh",
        "amenity": "school",
        "building": "yes",
        "name": "SD Negeri Krida Winaya"
      },
      "geometry": {
        "type": "Polygon",
        "coordinates": [
          [
            [
              107.6380919,
              -6.9320911
            ],
            [
              107.6381629,
              -6.9321296
            ],
            [
              107.6382121,
              -6.9320402
            ],
            [
              107.6381411,
              -6.9320017
            ],
            [
              107.6380919,
              -6.9320911
            ]
          ]
        ]
      },
      "id": "way/534763426"
    },
    {
      "type": "Feature",
      "properties": {
        "@id": "way/535499195",
        "addr:housenumber": "92A",
        "addr:street": "Jl. Yupiter",
        "amenity": "school",
        "building": "yes",
        "name": "SDN 261 Margahayu Raya"
      },
      "geometry": {
        "type": "Polygon",
        "coordinates": [
          [
            [
              107.6581755,
              -6.9459169
            ],
            [
              107.658293,
              -6.9459254
            ],
            [
              107.6582989,
              -6.9458437
            ],
            [
              107.6581815,
              -6.9458353
            ],
            [
              107.6581755,
              -6.9459169
            ]
          ]
        ]
      },
      "id": "way/535499195"
    },
    {
      "type": "Feature",
      "properties": {
        "@id": "way/535499197",
        "addr:housenumber": "92A",
        "addr:street": "Jl. Yupiter",
        "amenity": "school",
        "building": "yes",
        "name": "SDN 261 Margahayu Raya"
      },
      "geometry": {
        "type": "Polygon",
        "coordinates": [
          [
            [
              107.6579516,
              -6.9459056
            ],
            [
              107.6581492,
              -6.9459198
            ],
            [
              107.6581541,
              -6.9458524
            ],
            [
              107.6579565,
              -6.9458382
            ],
            [
              107.6579516,
              -6.9459056
            ]
          ]
        ]
      },
      "id": "way/535499197"
    },
    {
      "type": "Feature",
      "properties": {
        "@id": "way/535499199",
        "addr:housenumber": "92A",
        "addr:street": "Jl. Yupiter",
        "amenity": "school",
        "building": "yes",
        "name": "SDN 261 Margahayu Raya"
      },
      "geometry": {
        "type": "Polygon",
        "coordinates": [
          [
            [
              107.658034,
              -6.9458177
            ],
            [
              107.6581852,
              -6.9458286
            ],
            [
              107.6581916,
              -6.9457399
            ],
            [
              107.6581303,
              -6.9457355
            ],
            [
              107.658128,
              -6.9457666
            ],
            [
              107.6580382,
              -6.9457602
            ],
            [
              107.658034,
              -6.9458177
            ]
          ]
        ]
      },
      "id": "way/535499199"
    },
    {
      "type": "Feature",
      "properties": {
        "@id": "way/535499203",
        "addr:housenumber": "92A",
        "addr:street": "Jl. Yupiter",
        "amenity": "school",
        "building": "yes",
        "name": "SDN 261 Margahayu Raya"
      },
      "geometry": {
        "type": "Polygon",
        "coordinates": [
          [
            [
              107.657931,
              -6.9458205
            ],
            [
              107.6580168,
              -6.9458266
            ],
            [
              107.6580411,
              -6.9454924
            ],
            [
              107.6579554,
              -6.9454863
            ],
            [
              107.657931,
              -6.9458205
            ]
          ]
        ]
      },
      "id": "way/535499203"
    },
    {
      "type": "Feature",
      "properties": {
        "@id": "way/535499206",
        "addr:housenumber": "92A",
        "addr:street": "Jl. Yupiter",
        "amenity": "school",
        "building": "yes",
        "name": "SDN 261 Margahayu Raya"
      },
      "geometry": {
        "type": "Polygon",
        "coordinates": [
          [
            [
              107.658205,
              -6.9458018
            ],
            [
              107.658313,
              -6.9458131
            ],
            [
              107.6583451,
              -6.9455112
            ],
            [
              107.6582371,
              -6.9454999
            ],
            [
              107.658205,
              -6.9458018
            ]
          ]
        ]
      },
      "id": "way/535499206"
    },
    {
      "type": "Feature",
      "properties": {
        "@id": "way/535499208",
        "addr:housenumber": "92A",
        "addr:street": "Jl. Yupiter",
        "amenity": "school",
        "building": "yes",
        "name": "SDN 261 Margahayu Raya"
      },
      "geometry": {
        "type": "Polygon",
        "coordinates": [
          [
            [
              107.6580407,
              -6.9456054
            ],
            [
              107.6581889,
              -6.9456127
            ],
            [
              107.6581939,
              -6.9455128
            ],
            [
              107.6580458,
              -6.9455055
            ],
            [
              107.6580407,
              -6.9456054
            ]
          ]
        ]
      },
      "id": "way/535499208"
    },
    {
      "type": "Feature",
      "properties": {
        "@id": "way/535625941",
        "addr:housenumber": "94",
        "addr:street": "Jl. Saturnus Timur",
        "amenity": "school",
        "building": "yes",
        "name": "SD Islam Asy-Syifa I"
      },
      "geometry": {
        "type": "Polygon",
        "coordinates": [
          [
            [
              107.6669933,
              -6.950965
            ],
            [
              107.6669773,
              -6.9510454
            ],
            [
              107.667165,
              -6.9510821
            ],
            [
              107.6671467,
              -6.9511743
            ],
            [
              107.6672246,
              -6.9511896
            ],
            [
              107.6672588,
              -6.951017
            ],
            [
              107.6669933,
              -6.950965
            ]
          ]
        ]
      },
      "id": "way/535625941"
    },
    {
      "type": "Feature",
      "properties": {
        "@id": "way/535682922",
        "amenity": "school",
        "building": "yes",
        "name": "SMA Istiqamah"
      },
      "geometry": {
        "type": "Polygon",
        "coordinates": [
          [
            [
              107.6463631,
              -6.9452087
            ],
            [
              107.6463149,
              -6.9455065
            ],
            [
              107.6464483,
              -6.9455278
            ],
            [
              107.6464365,
              -6.945601
            ],
            [
              107.6466034,
              -6.9456276
            ],
            [
              107.6466635,
              -6.9452566
            ],
            [
              107.6463631,
              -6.9452087
            ]
          ]
        ]
      },
      "id": "way/535682922"
    },
    {
      "type": "Feature",
      "properties": {
        "@id": "way/535873203",
        "addr:housenumber": "94",
        "addr:street": "Jl. Saturnus Timur",
        "amenity": "school",
        "building": "yes",
        "name": "SD Islam Asy-Syifa I"
      },
      "geometry": {
        "type": "Polygon",
        "coordinates": [
          [
            [
              107.6670516,
              -6.9511527
            ],
            [
              107.6669749,
              -6.951139
            ],
            [
              107.6669621,
              -6.9512088
            ],
            [
              107.6670389,
              -6.9512226
            ],
            [
              107.6670516,
              -6.9511527
            ]
          ]
        ]
      },
      "id": "way/535873203"
    },
    {
      "type": "Feature",
      "properties": {
        "@id": "way/535873204",
        "addr:housenumber": "94",
        "addr:street": "Jl. Saturnus Timur",
        "amenity": "school",
        "building": "yes",
        "name": "SD Islam Asy-Syifa I"
      },
      "geometry": {
        "type": "Polygon",
        "coordinates": [
          [
            [
              107.6670623,
              -6.9511469
            ],
            [
              107.6670476,
              -6.9512232
            ],
            [
              107.667228,
              -6.9512575
            ],
            [
              107.6672385,
              -6.9512032
            ],
            [
              107.6671343,
              -6.9511833
            ],
            [
              107.6671385,
              -6.9511614
            ],
            [
              107.6670623,
              -6.9511469
            ]
          ]
        ]
      },
      "id": "way/535873204"
    },
    {
      "type": "Feature",
      "properties": {
        "@id": "way/535878223",
        "addr:housenumber": "73",
        "addr:street": "Jl. Pluto Utara Blok G",
        "amenity": "school",
        "building": "yes",
        "name": "SD Negeri Margahayu Raya 2"
      },
      "geometry": {
        "type": "Polygon",
        "coordinates": [
          [
            [
              107.6637163,
              -6.9550686
            ],
            [
              107.6637037,
              -6.9551515
            ],
            [
              107.6638419,
              -6.9551721
            ],
            [
              107.6638544,
              -6.9550892
            ],
            [
              107.6637163,
              -6.9550686
            ]
          ]
        ]
      },
      "id": "way/535878223"
    },
    {
      "type": "Feature",
      "properties": {
        "@id": "way/535878266",
        "addr:housenumber": "73",
        "addr:street": "Jl. Pluto Utara Blok G",
        "amenity": "school",
        "building": "yes",
        "name": "SD Negeri Margahayu Raya 2"
      },
      "geometry": {
        "type": "Polygon",
        "coordinates": [
          [
            [
              107.6635044,
              -6.9550267
            ],
            [
              107.6635871,
              -6.9550362
            ],
            [
              107.6635969,
              -6.9549524
            ],
            [
              107.6635142,
              -6.9549429
            ],
            [
              107.6635044,
              -6.9550267
            ]
          ]
        ]
      },
      "id": "way/535878266"
    },
    {
      "type": "Feature",
      "properties": {
        "@id": "way/535878269",
        "addr:housenumber": "73",
        "addr:street": "Jl. Pluto Utara Blok G",
        "amenity": "school",
        "building": "yes",
        "name": "SD Negeri Margahayu Raya 2"
      },
      "geometry": {
        "type": "Polygon",
        "coordinates": [
          [
            [
              107.6635373,
              -6.9550386
            ],
            [
              107.6635205,
              -6.9551514
            ],
            [
              107.6636935,
              -6.9551767
            ],
            [
              107.6637103,
              -6.9550639
            ],
            [
              107.6635373,
              -6.9550386
            ]
          ]
        ]
      },
      "id": "way/535878269"
    },
    {
      "type": "Feature",
      "properties": {
        "@id": "way/535878395",
        "addr:housenumber": "73",
        "addr:street": "Jl. Pluto Utara Blok G",
        "amenity": "school",
        "building": "yes",
        "name": "SD Negeri Margahayu Raya 2"
      },
      "geometry": {
        "type": "Polygon",
        "coordinates": [
          [
            [
              107.6637894,
              -6.9549881
            ],
            [
              107.6637771,
              -6.9550673
            ],
            [
              107.6639166,
              -6.9550886
            ],
            [
              107.6639289,
              -6.9550094
            ],
            [
              107.6637894,
              -6.9549881
            ]
          ]
        ]
      },
      "id": "way/535878395"
    },
    {
      "type": "Feature",
      "properties": {
        "@id": "way/535965707",
        "addr:housenumber": "62",
        "addr:street": "Jl. Cipamokolan",
        "amenity": "school",
        "building": "school",
        "name": "SDN 263 Rancaloa"
      },
      "geometry": {
        "type": "Polygon",
        "coordinates": [
          [
            [
              107.6762187,
              -6.9469353
            ],
            [
              107.6763693,
              -6.9469509
            ],
            [
              107.6763783,
              -6.9468641
            ],
            [
              107.676273,
              -6.9468533
            ],
            [
              107.6762673,
              -6.9469079
            ],
            [
              107.6762221,
              -6.9469032
            ],
            [
              107.6762187,
              -6.9469353
            ]
          ]
        ]
      },
      "id": "way/535965707"
    },
    {
      "type": "Feature",
      "properties": {
        "@id": "way/535965708",
        "addr:housenumber": "62",
        "addr:street": "Jl. Cipamokolan",
        "amenity": "school",
        "building": "school",
        "name": "SDN 263 Rancaloa"
      },
      "geometry": {
        "type": "Polygon",
        "coordinates": [
          [
            [
              107.6763743,
              -6.9469553
            ],
            [
              107.6764863,
              -6.9469668
            ],
            [
              107.6764957,
              -6.9468767
            ],
            [
              107.6763837,
              -6.9468652
            ],
            [
              107.6763743,
              -6.9469553
            ]
          ]
        ]
      },
      "id": "way/535965708"
    },
    {
      "type": "Feature",
      "properties": {
        "@id": "way/535976602",
        "addr:housenumber": "41 C",
        "addr:street": "Jl.Cijawura Hilir",
        "amenity": "school",
        "building": "yes",
        "name": "SD Negeri Cijawura Hilir 3,5,6"
      },
      "geometry": {
        "type": "Polygon",
        "coordinates": [
          [
            [
              107.6567982,
              -6.9646541
            ],
            [
              107.656788,
              -6.9647203
            ],
            [
              107.6569986,
              -6.9647523
            ],
            [
              107.6570088,
              -6.964686
            ],
            [
              107.6567982,
              -6.9646541
            ]
          ]
        ]
      },
      "id": "way/535976602"
    },
    {
      "type": "Feature",
      "properties": {
        "@id": "way/536042091",
        "addr:housenumber": "5",
        "addr:street": "Jl. Ciganitri Muktri",
        "amenity": "school",
        "building": "yes",
        "name": "SD Negeri Ciganitri 1"
      },
      "geometry": {
        "type": "Polygon",
        "coordinates": [
          [
            [
              107.6524584,
              -6.9663966
            ],
            [
              107.6524224,
              -6.9666138
            ],
            [
              107.6525082,
              -6.9666278
            ],
            [
              107.6525441,
              -6.9664106
            ],
            [
              107.6524584,
              -6.9663966
            ]
          ]
        ]
      },
      "id": "way/536042091"
    },
    {
      "type": "Feature",
      "properties": {
        "@id": "way/536256795",
        "addr:housenumber": "81",
        "addr:street": "Jl. Mekar Sari",
        "amenity": "school",
        "building": "school",
        "name": "Sekolah Menengah Atas Negeri 16 Bandung",
        "source": "POI_WRI_Survey_2023",
        "wheelchair": "no"
      },
      "geometry": {
        "type": "Polygon",
        "coordinates": [
          [
            [
              107.6572041,
              -6.9262167
            ],
            [
              107.6572219,
              -6.9260974
            ],
            [
              107.6567467,
              -6.9260275
            ],
            [
              107.6566894,
              -6.9264116
            ],
            [
              107.656799,
              -6.9264277
            ],
            [
              107.6568385,
              -6.926163
            ],
            [
              107.6572041,
              -6.9262167
            ]
          ]
        ]
      },
      "id": "way/536256795"
    },
    {
      "type": "Feature",
      "properties": {
        "@id": "way/536256796",
        "addr:housenumber": "81",
        "addr:street": "Jl. Mekar Sari",
        "amenity": "school",
        "building": "school",
        "name": "Sekolah Menengah Atas Negeri 16 Bandung"
      },
      "geometry": {
        "type": "Polygon",
        "coordinates": [
          [
            [
              107.6570872,
              -6.9263982
            ],
            [
              107.6571912,
              -6.9264109
            ],
            [
              107.6572135,
              -6.9262299
            ],
            [
              107.6571096,
              -6.9262172
            ],
            [
              107.6570872,
              -6.9263982
            ]
          ]
        ]
      },
      "id": "way/536256796"
    },
    {
      "type": "Feature",
      "properties": {
        "@id": "way/536307383",
        "amenity": "school",
        "building": "yes",
        "name": "SD Plus Al Ghifari"
      },
      "geometry": {
        "type": "Polygon",
        "coordinates": [
          [
            [
              107.6795702,
              -6.9338336
            ],
            [
              107.6794639,
              -6.9338114
            ],
            [
              107.6794244,
              -6.9339985
            ],
            [
              107.6795306,
              -6.9340206
            ],
            [
              107.6795702,
              -6.9338336
            ]
          ]
        ]
      },
      "id": "way/536307383"
    },
    {
      "type": "Feature",
      "properties": {
        "@id": "way/536518350",
        "addr:street": "Cijaura, Buah Batu",
        "amenity": "school",
        "building": "yes",
        "name": "SD Negeri Jakapurwa 1"
      },
      "geometry": {
        "type": "Polygon",
        "coordinates": [
          [
            [
              107.6451038,
              -6.9574255
            ],
            [
              107.6450984,
              -6.9575028
            ],
            [
              107.6452004,
              -6.9575097
            ],
            [
              107.6452058,
              -6.9574325
            ],
            [
              107.6451038,
              -6.9574255
            ]
          ]
        ]
      },
      "id": "way/536518350"
    },
    {
      "type": "Feature",
      "properties": {
        "@id": "way/536536534",
        "addr:housenumber": "22",
        "addr:street": "Jalan Kencanawangi Utara",
        "amenity": "school",
        "building": "yes",
        "name": "SMK PGRI Bandung"
      },
      "geometry": {
        "type": "Polygon",
        "coordinates": [
          [
            [
              107.652038,
              -6.9588875
            ],
            [
              107.6520308,
              -6.9589755
            ],
            [
              107.6524058,
              -6.9590058
            ],
            [
              107.652413,
              -6.9589178
            ],
            [
              107.652038,
              -6.9588875
            ]
          ]
        ]
      },
      "id": "way/536536534"
    },
    {
      "type": "Feature",
      "properties": {
        "@id": "way/536624259",
        "addr:city": "Bandung",
        "addr:full": "Jl. Sadang tengah No. 17",
        "addr:housenumber": "19",
        "addr:street": "Jalan Sadang Tengah",
        "amenity": "school",
        "building": "school",
        "building:condition": "good",
        "building:levels": "2",
        "name": "SMP - SMK IT Bina Insan Mulia",
        "operator:type": "private",
        "school:type_idn": "smp , sma",
        "source": "S2City_POI_2022",
        "wheelchair": "no"
      },
      "geometry": {
        "type": "Polygon",
        "coordinates": [
          [
            [
              107.625011,
              -6.8902582
            ],
            [
              107.6251038,
              -6.8902598
            ],
            [
              107.6251058,
              -6.8901471
            ],
            [
              107.6250129,
              -6.8901456
            ],
            [
              107.625011,
              -6.8902582
            ]
          ]
        ]
      },
      "id": "way/536624259"
    },
    {
      "type": "Feature",
      "properties": {
        "@id": "way/536661510",
        "amenity": "school",
        "building": "yes",
        "name": "SMK Mvp Ars Internasional"
      },
      "geometry": {
        "type": "Polygon",
        "coordinates": [
          [
            [
              107.6496575,
              -6.910767
            ],
            [
              107.650084,
              -6.9107324
            ],
            [
              107.6500701,
              -6.9105642
            ],
            [
              107.6496437,
              -6.9105988
            ],
            [
              107.6496575,
              -6.910767
            ]
          ]
        ]
      },
      "id": "way/536661510"
    },
    {
      "type": "Feature",
      "properties": {
        "@id": "way/536665352",
        "addr:housenumber": "1",
        "addr:street": "Jl. Batik Tiga Negeri",
        "amenity": "school",
        "building": "yes",
        "name": "TK Mutiara Bunda"
      },
      "geometry": {
        "type": "Polygon",
        "coordinates": [
          [
            [
              107.6326489,
              -6.8969213
            ],
            [
              107.6326999,
              -6.8970171
            ],
            [
              107.632793,
              -6.8969684
            ],
            [
              107.632742,
              -6.8968725
            ],
            [
              107.6326489,
              -6.8969213
            ]
          ]
        ]
      },
      "id": "way/536665352"
    },
    {
      "type": "Feature",
      "properties": {
        "@id": "way/536665353",
        "addr:housenumber": "1",
        "addr:street": "Jl. Batik Tiga Negeri",
        "amenity": "school",
        "building": "yes",
        "name": "TK Mutiara Bunda"
      },
      "geometry": {
        "type": "Polygon",
        "coordinates": [
          [
            [
              107.6325913,
              -6.8969665
            ],
            [
              107.6326355,
              -6.8970624
            ],
            [
              107.6326901,
              -6.8970376
            ],
            [
              107.6326459,
              -6.8969417
            ],
            [
              107.6325913,
              -6.8969665
            ]
          ]
        ]
      },
      "id": "way/536665353"
    },
    {
      "type": "Feature",
      "properties": {
        "@id": "way/536665354",
        "addr:housenumber": "2A",
        "addr:street": "Jl. Rereng Adumanis",
        "amenity": "school",
        "building": "yes",
        "name": "SD Negeri Sukaluyu"
      },
      "geometry": {
        "type": "Polygon",
        "coordinates": [
          [
            [
              107.6317008,
              -6.8957363
            ],
            [
              107.6317244,
              -6.8957863
            ],
            [
              107.6318585,
              -6.8957237
            ],
            [
              107.6318349,
              -6.8956738
            ],
            [
              107.6317008,
              -6.8957363
            ]
          ]
        ]
      },
      "id": "way/536665354"
    },
    {
      "type": "Feature",
      "properties": {
        "@id": "way/536665355",
        "addr:housenumber": "2A",
        "addr:street": "Jl. Rereng Adumanis",
        "amenity": "school",
        "building": "yes",
        "name": "SD Negeri Sukaluyu"
      },
      "geometry": {
        "type": "Polygon",
        "coordinates": [
          [
            [
              107.6320356,
              -6.8953424
            ],
            [
              107.6319787,
              -6.8953677
            ],
            [
              107.6320756,
              -6.8955829
            ],
            [
              107.6321325,
              -6.8955576
            ],
            [
              107.6320356,
              -6.8953424
            ]
          ]
        ]
      },
      "id": "way/536665355"
    },
    {
      "type": "Feature",
      "properties": {
        "@id": "way/536665357",
        "addr:housenumber": "2A",
        "addr:street": "Jl. Rereng Adumanis",
        "amenity": "school",
        "building": "yes",
        "name": "SD Negeri Sukaluyu"
      },
      "geometry": {
        "type": "Polygon",
        "coordinates": [
          [
            [
              107.6318314,
              -6.8956298
            ],
            [
              107.631868,
              -6.8957043
            ],
            [
              107.6320577,
              -6.8956126
            ],
            [
              107.6320211,
              -6.895538
            ],
            [
              107.6318314,
              -6.8956298
            ]
          ]
        ]
      },
      "id": "way/536665357"
    },
    {
      "type": "Feature",
      "properties": {
        "@id": "way/536665358",
        "addr:housenumber": "2A",
        "addr:street": "Jl. Rereng Adumanis",
        "amenity": "school",
        "building": "yes",
        "name": "SD Negeri Sukaluyu"
      },
      "geometry": {
        "type": "Polygon",
        "coordinates": [
          [
            [
              107.6316763,
              -6.8954476
            ],
            [
              107.6317091,
              -6.89552
            ],
            [
              107.6319159,
              -6.8954276
            ],
            [
              107.6318831,
              -6.8953553
            ],
            [
              107.6316763,
              -6.8954476
            ]
          ]
        ]
      },
      "id": "way/536665358"
    },
    {
      "type": "Feature",
      "properties": {
        "@id": "way/536665359",
        "addr:housenumber": "2A",
        "addr:street": "Jl. Rereng Adumanis",
        "amenity": "school",
        "building": "yes",
        "name": "SD Negeri Sukaluyu"
      },
      "geometry": {
        "type": "Polygon",
        "coordinates": [
          [
            [
              107.6315807,
              -6.8955015
            ],
            [
              107.6316867,
              -6.8957248
            ],
            [
              107.6317633,
              -6.8956889
            ],
            [
              107.6316573,
              -6.8954657
            ],
            [
              107.6315807,
              -6.8955015
            ]
          ]
        ]
      },
      "id": "way/536665359"
    },
    {
      "type": "Feature",
      "properties": {
        "@id": "way/545165975",
        "addr:city": "Bandung",
        "addr:street": "Pajajaran",
        "addr:unit": "92",
        "amenity": "school",
        "description": "SMK Negeri 12 Bandung - Teknologi Pesawat Udara",
        "level": "2",
        "name": "SMK Negeri 12 Bandung"
      },
      "geometry": {
        "type": "Polygon",
        "coordinates": [
          [
            [
              107.5926235,
              -6.9048171
            ],
            [
              107.591951,
              -6.9049366
            ],
            [
              107.5920177,
              -6.9055488
            ],
            [
              107.5921138,
              -6.9063701
            ],
            [
              107.5922434,
              -6.9068165
            ],
            [
              107.5922565,
              -6.907062
            ],
            [
              107.5932078,
              -6.9068884
            ],
            [
              107.5931118,
              -6.9063814
            ],
            [
              107.5934802,
              -6.9063274
            ],
            [
              107.5932981,
              -6.9061211
            ],
            [
              107.5929355,
              -6.90583
            ],
            [
              107.5928555,
              -6.9054524
            ],
            [
              107.5927742,
              -6.9054605
            ],
            [
              107.5926235,
              -6.9048171
            ]
          ]
        ]
      },
      "id": "way/545165975"
    },
    {
      "type": "Feature",
      "properties": {
        "@id": "way/545165976",
        "addr:city": "Bandung",
        "addr:postcode": "40264",
        "addr:street": "Jalan Solontongan",
        "addr:unit": "10",
        "amenity": "school",
        "education": "school",
        "name": "SMK Negeri 3 Bandung"
      },
      "geometry": {
        "type": "Polygon",
        "coordinates": [
          [
            [
              107.6264107,
              -6.9393324
            ],
            [
              107.6267791,
              -6.9396299
            ],
            [
              107.6275123,
              -6.9398941
            ],
            [
              107.6277038,
              -6.9399451
            ],
            [
              107.6278117,
              -6.9395141
            ],
            [
              107.6278999,
              -6.9391617
            ],
            [
              107.6274656,
              -6.9390319
            ],
            [
              107.6275572,
              -6.9389119
            ],
            [
              107.6274423,
              -6.938865
            ],
            [
              107.6273862,
              -6.9389253
            ],
            [
              107.6270716,
              -6.9388884
            ],
            [
              107.6270303,
              -6.9390208
            ],
            [
              107.6266647,
              -6.9389387
            ],
            [
              107.6264107,
              -6.9393324
            ]
          ]
        ]
      },
      "id": "way/545165976"
    },
    {
      "type": "Feature",
      "properties": {
        "@id": "way/545165977",
        "addr:city": "Bandung",
        "addr:postcode": "40264",
        "addr:street": "Jalan Kliningan",
        "addr:unit": "31",
        "amenity": "school",
        "name": "SMK Negeri 8 Bandung"
      },
      "geometry": {
        "type": "Polygon",
        "coordinates": [
          [
            [
              107.6276291,
              -6.9402557
            ],
            [
              107.6285584,
              -6.9406683
            ],
            [
              107.6288705,
              -6.9398182
            ],
            [
              107.6278117,
              -6.9395141
            ],
            [
              107.6276291,
              -6.9402557
            ]
          ]
        ]
      },
      "id": "way/545165977"
    },
    {
      "type": "Feature",
      "properties": {
        "@id": "way/547901459",
        "addr:city": "Bandung",
        "addr:full": "Jl. Sultan Agung No. 4, Citarum, Bandung Wetan",
        "amenity": "school",
        "building": "school",
        "building:condition": "good",
        "building:levels": "3",
        "name": "Sekolah Santo Aloysius",
        "operator:type": "private",
        "school:type_idn": "sd,smp,sma",
        "source": "S2City_POI_2022",
        "wheelchair": "limited"
      },
      "geometry": {
        "type": "Polygon",
        "coordinates": [
          [
            [
              107.6124272,
              -6.9046302
            ],
            [
              107.6123621,
              -6.9046875
            ],
            [
              107.6123365,
              -6.9046589
            ],
            [
              107.6122302,
              -6.9047526
            ],
            [
              107.612241,
              -6.9047646
            ],
            [
              107.6119173,
              -6.9050497
            ],
            [
              107.6118987,
              -6.905029
            ],
            [
              107.611812,
              -6.9051054
            ],
            [
              107.6118305,
              -6.9051261
            ],
            [
              107.6121395,
              -6.9054719
            ],
            [
              107.612244,
              -6.9053798
            ],
            [
              107.6120297,
              -6.90514
            ],
            [
              107.6123042,
              -6.9048983
            ],
            [
              107.6124297,
              -6.9050388
            ],
            [
              107.6124482,
              -6.9050225
            ],
            [
              107.6125205,
              -6.9051034
            ],
            [
              107.6126047,
              -6.9050292
            ],
            [
              107.6125888,
              -6.9050114
            ],
            [
              107.612664,
              -6.9049452
            ],
            [
              107.6125866,
              -6.9048586
            ],
            [
              107.6126116,
              -6.9048366
            ],
            [
              107.6124272,
              -6.9046302
            ]
          ]
        ]
      },
      "id": "way/547901459"
    },
    {
      "type": "Feature",
      "properties": {
        "@id": "way/548097112",
        "addr:city": "Bandung",
        "addr:full": "Jl. Supratman No. 47, Cihapit, Bandung Wetan",
        "amenity": "school",
        "building": "school",
        "building:condition": "good",
        "building:levels": "1",
        "name": "SMP - SMA INTELEGENSIA",
        "operator:type": "private",
        "school:type_idn": "smp,sma",
        "source": "S2City_POI_2022",
        "wheelchair": "limited"
      },
      "geometry": {
        "type": "Polygon",
        "coordinates": [
          [
            [
              107.6274649,
              -6.9037741
            ],
            [
              107.62755,
              -6.9039053
            ],
            [
              107.6277755,
              -6.9037613
            ],
            [
              107.6276905,
              -6.9036301
            ],
            [
              107.6274649,
              -6.9037741
            ]
          ]
        ]
      },
      "id": "way/548097112"
    },
    {
      "type": "Feature",
      "properties": {
        "@id": "way/548114646",
        "addr:city": "Bandung",
        "addr:full": "Jl. Citarum No. 35, Citarum, Bandung Wetan",
        "amenity": "school",
        "building": "school",
        "building:condition": "good",
        "building:levels": "2",
        "name": "SD EDU Global",
        "operator:type": "private",
        "school:type_idn": "sd",
        "source": "S2City_POI_2022",
        "wheelchair": "limited"
      },
      "geometry": {
        "type": "Polygon",
        "coordinates": [
          [
            [
              107.6242392,
              -6.9017009
            ],
            [
              107.624113,
              -6.901849
            ],
            [
              107.6242472,
              -6.9019617
            ],
            [
              107.6242693,
              -6.9019357
            ],
            [
              107.6242962,
              -6.9019584
            ],
            [
              107.6243222,
              -6.9019279
            ],
            [
              107.6243465,
              -6.9019483
            ],
            [
              107.6243876,
              -6.9019
            ],
            [
              107.6243634,
              -6.9018796
            ],
            [
              107.6244003,
              -6.9018363
            ],
            [
              107.6243733,
              -6.9018137
            ],
            [
              107.6242392,
              -6.9017009
            ]
          ]
        ]
      },
      "id": "way/548114646"
    },
    {
      "type": "Feature",
      "properties": {
        "@id": "way/564996888",
        "amenity": "school"
      },
      "geometry": {
        "type": "Polygon",
        "coordinates": [
          [
            [
              107.6370764,
              -6.8935203
            ],
            [
              107.6374761,
              -6.8935443
            ],
            [
              107.6374932,
              -6.8933822
            ],
            [
              107.6375056,
              -6.8931714
            ],
            [
              107.6375056,
              -6.8930809
            ],
            [
              107.6371281,
              -6.8930483
            ],
            [
              107.6371195,
              -6.8931219
            ],
            [
              107.6370859,
              -6.8934328
            ],
            [
              107.6370764,
              -6.8935203
            ]
          ]
        ]
      },
      "id": "way/564996888"
    },
    {
      "type": "Feature",
      "properties": {
        "@id": "way/568847925",
        "amenity": "school",
        "name": "SMAN 10"
      },
      "geometry": {
        "type": "Polygon",
        "coordinates": [
          [
            [
              107.6422809,
              -6.9028136
            ],
            [
              107.6423193,
              -6.9026751
            ],
            [
              107.6427232,
              -6.902791
            ],
            [
              107.6427466,
              -6.9027168
            ],
            [
              107.6431207,
              -6.902837
            ],
            [
              107.6431394,
              -6.9027443
            ],
            [
              107.6432942,
              -6.9027716
            ],
            [
              107.6434682,
              -6.9028024
            ],
            [
              107.6435193,
              -6.9028114
            ],
            [
              107.643617,
              -6.9027963
            ],
            [
              107.643722,
              -6.9027891
            ],
            [
              107.643727,
              -6.9027888
            ],
            [
              107.6439523,
              -6.9028088
            ],
            [
              107.6439583,
              -6.9026923
            ],
            [
              107.643569,
              -6.9026049
            ],
            [
              107.6435797,
              -6.9025061
            ],
            [
              107.6435294,
              -6.9024903
            ],
            [
              107.6435437,
              -6.9024041
            ],
            [
              107.6434971,
              -6.9023912
            ],
            [
              107.6435244,
              -6.9022718
            ],
            [
              107.6433531,
              -6.9022341
            ],
            [
              107.6432789,
              -6.9022178
            ],
            [
              107.6432648,
              -6.9022147
            ],
            [
              107.6430627,
              -6.9021727
            ],
            [
              107.6425786,
              -6.9020722
            ],
            [
              107.6421079,
              -6.901954
            ],
            [
              107.6418617,
              -6.9019083
            ],
            [
              107.6418527,
              -6.9019501
            ],
            [
              107.6417832,
              -6.9022735
            ],
            [
              107.6419442,
              -6.9023325
            ],
            [
              107.641951,
              -6.902335
            ],
            [
              107.641916,
              -6.9025018
            ],
            [
              107.6420684,
              -6.9025366
            ],
            [
              107.6420715,
              -6.9025373
            ],
            [
              107.6420348,
              -6.9027333
            ],
            [
              107.6422809,
              -6.9028136
            ]
          ]
        ]
      },
      "id": "way/568847925"
    },
    {
      "type": "Feature",
      "properties": {
        "@id": "way/570135572",
        "amenity": "school",
        "name": "SDN Cicadas Barat"
      },
      "geometry": {
        "type": "Polygon",
        "coordinates": [
          [
            [
              107.643763,
              -6.9058529
            ],
            [
              107.643075,
              -6.9053546
            ],
            [
              107.6429426,
              -6.9055462
            ],
            [
              107.6430543,
              -6.9056504
            ],
            [
              107.6432083,
              -6.905806
            ],
            [
              107.6434311,
              -6.9059442
            ],
            [
              107.6437603,
              -6.9061568
            ],
            [
              107.643763,
              -6.9058529
            ]
          ]
        ]
      },
      "id": "way/570135572"
    },
    {
      "type": "Feature",
      "properties": {
        "@id": "way/570135575",
        "amenity": "school",
        "name": "SDN Cicadas 2"
      },
      "geometry": {
        "type": "Polygon",
        "coordinates": [
          [
            [
              107.6439261,
              -6.9053901
            ],
            [
              107.6439153,
              -6.9056653
            ],
            [
              107.644305,
              -6.9057758
            ],
            [
              107.6443732,
              -6.9054865
            ],
            [
              107.6439261,
              -6.9053901
            ]
          ]
        ]
      },
      "id": "way/570135575"
    },
    {
      "type": "Feature",
      "properties": {
        "@id": "way/571863008",
        "amenity": "school",
        "name": "SDN 043 Cimuncang"
      },
      "geometry": {
        "type": "Polygon",
        "coordinates": [
          [
            [
              107.6475803,
              -6.904046
            ],
            [
              107.6477099,
              -6.9040597
            ],
            [
              107.6477485,
              -6.9040132
            ],
            [
              107.6479608,
              -6.9040488
            ],
            [
              107.6479663,
              -6.903953
            ],
            [
              107.6479443,
              -6.9037942
            ],
            [
              107.648027,
              -6.9035177
            ],
            [
              107.648129,
              -6.9033808
            ],
            [
              107.6481924,
              -6.9033069
            ],
            [
              107.6482366,
              -6.9032001
            ],
            [
              107.6482779,
              -6.9030687
            ],
            [
              107.6477678,
              -6.9029264
            ],
            [
              107.6476354,
              -6.9034328
            ],
            [
              107.6475334,
              -6.9035505
            ],
            [
              107.6475141,
              -6.9036573
            ],
            [
              107.6475775,
              -6.9038763
            ],
            [
              107.6475803,
              -6.904046
            ]
          ]
        ]
      },
      "id": "way/571863008"
    },
    {
      "type": "Feature",
      "properties": {
        "@id": "way/600480736",
        "addr:city": "Cimahi",
        "addr:street": "Jalan SMP",
        "amenity": "school",
        "education": "school",
        "name": "SMP Negeri 1 Cimahi"
      },
      "geometry": {
        "type": "Polygon",
        "coordinates": [
          [
            [
              107.5439813,
              -6.8764167
            ],
            [
              107.5439564,
              -6.8765614
            ],
            [
              107.5438929,
              -6.8766871
            ],
            [
              107.5438418,
              -6.8766936
            ],
            [
              107.5437024,
              -6.8769786
            ],
            [
              107.5442154,
              -6.8772182
            ],
            [
              107.5441771,
              -6.8772981
            ],
            [
              107.5443193,
              -6.87737
            ],
            [
              107.5444266,
              -6.8771623
            ],
            [
              107.544499,
              -6.8770851
            ],
            [
              107.544322,
              -6.8770052
            ],
            [
              107.5444856,
              -6.8766244
            ],
            [
              107.5439813,
              -6.8764167
            ]
          ]
        ]
      },
      "id": "way/600480736"
    },
    {
      "type": "Feature",
      "properties": {
        "@id": "way/617194595",
        "amenity": "school",
        "name": "Pribadi Bilingual Boarding School Bandung",
        "name:id": "SMA Pribadi Bandung"
      },
      "geometry": {
        "type": "Polygon",
        "coordinates": [
          [
            [
              107.640067,
              -6.8990842
            ],
            [
              107.6406758,
              -6.899244
            ],
            [
              107.6407492,
              -6.8990901
            ],
            [
              107.6408475,
              -6.898525
            ],
            [
              107.6406047,
              -6.8984705
            ],
            [
              107.6405837,
              -6.8984362
            ],
            [
              107.6403757,
              -6.8983871
            ],
            [
              107.6403272,
              -6.8983773
            ],
            [
              107.6402333,
              -6.8983599
            ],
            [
              107.6401689,
              -6.8983253
            ],
            [
              107.6401418,
              -6.8983955
            ],
            [
              107.6400696,
              -6.8988712
            ],
            [
              107.6400321,
              -6.8990762
            ],
            [
              107.640067,
              -6.8990842
            ]
          ]
        ]
      },
      "id": "way/617194595"
    },
    {
      "type": "Feature",
      "properties": {
        "@id": "way/629769419",
        "amenity": "school",
        "building": "yes",
        "name": "SMA Negeri 6 Cimahi"
      },
      "geometry": {
        "type": "Polygon",
        "coordinates": [
          [
            [
              107.5626889,
              -6.9243513
            ],
            [
              107.5627291,
              -6.9244205
            ],
            [
              107.5628407,
              -6.9243567
            ],
            [
              107.5628004,
              -6.9242874
            ],
            [
              107.5626889,
              -6.9243513
            ]
          ]
        ]
      },
      "id": "way/629769419"
    },
    {
      "type": "Feature",
      "properties": {
        "@id": "way/629769435",
        "amenity": "school",
        "building": "yes",
        "name": "SMP Negeri 4 Cimahi"
      },
      "geometry": {
        "type": "Polygon",
        "coordinates": [
          [
            [
              107.5635231,
              -6.9246695
            ],
            [
              107.5636169,
              -6.9246109
            ],
            [
              107.5633943,
              -6.9242461
            ],
            [
              107.5636438,
              -6.9241024
            ],
            [
              107.5637376,
              -6.9242435
            ],
            [
              107.5638181,
              -6.9241849
            ],
            [
              107.5636706,
              -6.9239639
            ],
            [
              107.5633407,
              -6.9241609
            ],
            [
              107.5633219,
              -6.924137
            ],
            [
              107.5632441,
              -6.9241822
            ],
            [
              107.5634479,
              -6.9245151
            ],
            [
              107.5633997,
              -6.924539
            ],
            [
              107.5634587,
              -6.9246322
            ],
            [
              107.5634935,
              -6.9246109
            ],
            [
              107.5635231,
              -6.9246695
            ]
          ]
        ]
      },
      "id": "way/629769435"
    },
    {
      "type": "Feature",
      "properties": {
        "@id": "way/629771450",
        "amenity": "school",
        "building": "yes",
        "name": "SMP BPPI Bojong"
      },
      "geometry": {
        "type": "Polygon",
        "coordinates": [
          [
            [
              107.5709595,
              -6.9259755
            ],
            [
              107.5711032,
              -6.9259977
            ],
            [
              107.5711227,
              -6.9258736
            ],
            [
              107.570979,
              -6.9258514
            ],
            [
              107.5709595,
              -6.9259755
            ]
          ]
        ]
      },
      "id": "way/629771450"
    },
    {
      "type": "Feature",
      "properties": {
        "@id": "way/629771492",
        "amenity": "school",
        "building": "yes",
        "name": "MAN 1 Kota Bandung",
        "religion": "muslim",
        "school": "high_school"
      },
      "geometry": {
        "type": "Polygon",
        "coordinates": [
          [
            [
              107.5718604,
              -6.9223673
            ],
            [
              107.571673,
              -6.9223633
            ],
            [
              107.5716671,
              -6.9226367
            ],
            [
              107.5718545,
              -6.9226407
            ],
            [
              107.5718604,
              -6.9223673
            ]
          ]
        ]
      },
      "id": "way/629771492"
    },
    {
      "type": "Feature",
      "properties": {
        "@id": "way/630357472",
        "amenity": "school",
        "building": "yes",
        "name": "Sekolah Cendekia Muda"
      },
      "geometry": {
        "type": "Polygon",
        "coordinates": [
          [
            [
              107.6753323,
              -6.9211075
            ],
            [
              107.6752438,
              -6.9213166
            ],
            [
              107.6753164,
              -6.9213469
            ],
            [
              107.6754049,
              -6.9211378
            ],
            [
              107.6753323,
              -6.9211075
            ]
          ]
        ]
      },
      "id": "way/630357472"
    },
    {
      "type": "Feature",
      "properties": {
        "@id": "way/631643636",
        "amenity": "school",
        "building": "yes",
        "name": "SDIT Luqmanul Hakim"
      },
      "geometry": {
        "type": "Polygon",
        "coordinates": [
          [
            [
              107.6757552,
              -6.9322353
            ],
            [
              107.6756701,
              -6.9324817
            ],
            [
              107.6757746,
              -6.9325173
            ],
            [
              107.6758597,
              -6.932271
            ],
            [
              107.6757552,
              -6.9322353
            ]
          ]
        ]
      },
      "id": "way/631643636"
    },
    {
      "type": "Feature",
      "properties": {
        "@id": "way/631802389",
        "amenity": "school",
        "building": "yes",
        "name": "MI Al Barokah"
      },
      "geometry": {
        "type": "Polygon",
        "coordinates": [
          [
            [
              107.5784659,
              -6.9274498
            ],
            [
              107.5783784,
              -6.927426
            ],
            [
              107.5783448,
              -6.9275896
            ],
            [
              107.5784316,
              -6.9276091
            ],
            [
              107.5784659,
              -6.9274498
            ]
          ]
        ]
      },
      "id": "way/631802389"
    },
    {
      "type": "Feature",
      "properties": {
        "@id": "way/631868201",
        "amenity": "school",
        "building": "yes",
        "name": "MTS At - Taufiq"
      },
      "geometry": {
        "type": "Polygon",
        "coordinates": [
          [
            [
              107.5804611,
              -6.9209064
            ],
            [
              107.5803013,
              -6.9209027
            ],
            [
              107.5802981,
              -6.9209867
            ],
            [
              107.5803634,
              -6.9209891
            ],
            [
              107.5803637,
              -6.9210179
            ],
            [
              107.5802974,
              -6.9210174
            ],
            [
              107.5802958,
              -6.9210553
            ],
            [
              107.5804562,
              -6.9210553
            ],
            [
              107.5804611,
              -6.9209064
            ]
          ]
        ]
      },
      "id": "way/631868201"
    },
    {
      "type": "Feature",
      "properties": {
        "@id": "way/632220208",
        "amenity": "school",
        "building": "yes",
        "name": "Sekolah Klasikal Terang Nusantara"
      },
      "geometry": {
        "type": "Polygon",
        "coordinates": [
          [
            [
              107.5857253,
              -6.9224518
            ],
            [
              107.5854618,
              -6.9224509
            ],
            [
              107.5854689,
              -6.9225797
            ],
            [
              107.5854879,
              -6.9225792
            ],
            [
              107.5854888,
              -6.9225997
            ],
            [
              107.5857277,
              -6.9225907
            ],
            [
              107.5857253,
              -6.9224518
            ]
          ]
        ]
      },
      "id": "way/632220208"
    },
    {
      "type": "Feature",
      "properties": {
        "@id": "way/632226405",
        "amenity": "school",
        "building": "yes",
        "name": "SD Bina Talenta Cigereleng"
      },
      "geometry": {
        "type": "Polygon",
        "coordinates": [
          [
            [
              107.6124796,
              -6.9397929
            ],
            [
              107.6124811,
              -6.9397465
            ],
            [
              107.6124524,
              -6.9397449
            ],
            [
              107.6124521,
              -6.9397182
            ],
            [
              107.6122997,
              -6.9397177
            ],
            [
              107.6122995,
              -6.9397932
            ],
            [
              107.6124796,
              -6.9397929
            ]
          ]
        ]
      },
      "id": "way/632226405"
    },
    {
      "type": "Feature",
      "properties": {
        "@id": "way/632234236",
        "amenity": "school",
        "building": "yes",
        "education": "school"
      },
      "geometry": {
        "type": "Polygon",
        "coordinates": [
          [
            [
              107.6045595,
              -6.9471352
            ],
            [
              107.6044675,
              -6.9471138
            ],
            [
              107.6044405,
              -6.9472205
            ],
            [
              107.6045325,
              -6.9472355
            ],
            [
              107.6045595,
              -6.9471352
            ]
          ]
        ]
      },
      "id": "way/632234236"
    },
    {
      "type": "Feature",
      "properties": {
        "@id": "way/632234239",
        "amenity": "school",
        "building": "yes",
        "education": "school"
      },
      "geometry": {
        "type": "Polygon",
        "coordinates": [
          [
            [
              107.6044202,
              -6.947147
            ],
            [
              107.6043612,
              -6.9471348
            ],
            [
              107.6043431,
              -6.9472365
            ],
            [
              107.6044038,
              -6.9472467
            ],
            [
              107.6044202,
              -6.947147
            ]
          ]
        ]
      },
      "id": "way/632234239"
    },
    {
      "type": "Feature",
      "properties": {
        "@id": "way/632234263",
        "amenity": "school",
        "building": "yes",
        "education": "school"
      },
      "geometry": {
        "type": "Polygon",
        "coordinates": [
          [
            [
              107.6048686,
              -6.9472087
            ],
            [
              107.6047642,
              -6.9471841
            ],
            [
              107.6047241,
              -6.9473619
            ],
            [
              107.6048327,
              -6.94739
            ],
            [
              107.6048686,
              -6.9472087
            ]
          ]
        ]
      },
      "id": "way/632234263"
    },
    {
      "type": "Feature",
      "properties": {
        "@id": "way/632234280",
        "amenity": "school",
        "building": "yes",
        "education": "school"
      },
      "geometry": {
        "type": "Polygon",
        "coordinates": [
          [
            [
              107.6045104,
              -6.9472428
            ],
            [
              107.6044372,
              -6.947239
            ],
            [
              107.6044302,
              -6.9473879
            ],
            [
              107.6044693,
              -6.9473893
            ],
            [
              107.6044691,
              -6.94741
            ],
            [
              107.6045033,
              -6.9474101
            ],
            [
              107.6045104,
              -6.9472428
            ]
          ]
        ]
      },
      "id": "way/632234280"
    },
    {
      "type": "Feature",
      "properties": {
        "@id": "way/632234282",
        "amenity": "school",
        "building": "yes",
        "education": "school"
      },
      "geometry": {
        "type": "Polygon",
        "coordinates": [
          [
            [
              107.6047128,
              -6.9473137
            ],
            [
              107.6045361,
              -6.9472464
            ],
            [
              107.6045189,
              -6.9472968
            ],
            [
              107.6046947,
              -6.9473655
            ],
            [
              107.6047128,
              -6.9473137
            ]
          ]
        ]
      },
      "id": "way/632234282"
    },
    {
      "type": "Feature",
      "properties": {
        "@id": "way/632234303",
        "amenity": "school",
        "building": "yes",
        "education": "school",
        "name": "Aula"
      },
      "geometry": {
        "type": "Polygon",
        "coordinates": [
          [
            [
              107.6047806,
              -6.9474007
            ],
            [
              107.6045472,
              -6.9473116
            ],
            [
              107.604507,
              -6.9474204
            ],
            [
              107.6044956,
              -6.9474154
            ],
            [
              107.6044786,
              -6.9474655
            ],
            [
              107.6046367,
              -6.9475238
            ],
            [
              107.6046543,
              -6.9474794
            ],
            [
              107.6047409,
              -6.9475108
            ],
            [
              107.6047806,
              -6.9474007
            ]
          ]
        ]
      },
      "id": "way/632234303"
    },
    {
      "type": "Feature",
      "properties": {
        "@id": "way/632234372",
        "amenity": "school",
        "building": "yes",
        "name": "Sekolah Kristen Pelita Bangsa"
      },
      "geometry": {
        "type": "Polygon",
        "coordinates": [
          [
            [
              107.6046141,
              -6.9475205
            ],
            [
              107.6045159,
              -6.9474824
            ],
            [
              107.6044773,
              -6.9478081
            ],
            [
              107.6045494,
              -6.9478183
            ],
            [
              107.6045705,
              -6.9476115
            ],
            [
              107.6046014,
              -6.9476141
            ],
            [
              107.6046141,
              -6.9475205
            ]
          ]
        ]
      },
      "id": "way/632234372"
    },
    {
      "type": "Feature",
      "properties": {
        "@id": "way/632234386",
        "amenity": "school",
        "building": "yes",
        "education": "school"
      },
      "geometry": {
        "type": "Polygon",
        "coordinates": [
          [
            [
              107.604737,
              -6.9475622
            ],
            [
              107.6046178,
              -6.9475222
            ],
            [
              107.6046125,
              -6.9475585
            ],
            [
              107.6047358,
              -6.9475999
            ],
            [
              107.604737,
              -6.9475622
            ]
          ]
        ]
      },
      "id": "way/632234386"
    },
    {
      "type": "Feature",
      "properties": {
        "@id": "way/632235271",
        "amenity": "school",
        "building": "school",
        "name": "SD-SMP Yami Bandung",
        "source": "POI_WRI_Survey_2023",
        "wheelchair": "no"
      },
      "geometry": {
        "type": "Polygon",
        "coordinates": [
          [
            [
              107.6087932,
              -6.9508707
            ],
            [
              107.6087867,
              -6.9509384
            ],
            [
              107.6091818,
              -6.9509759
            ],
            [
              107.6091921,
              -6.9508695
            ],
            [
              107.6091353,
              -6.9508641
            ],
            [
              107.6091316,
              -6.9509028
            ],
            [
              107.6087932,
              -6.9508707
            ]
          ]
        ]
      },
      "id": "way/632235271"
    },
    {
      "type": "Feature",
      "properties": {
        "@id": "way/632239947",
        "amenity": "school",
        "building": "school",
        "name": "TK Kemala Bhayangkari 49",
        "source": "POI_WRI_Survey_2023",
        "wheelchair": "no"
      },
      "geometry": {
        "type": "Polygon",
        "coordinates": [
          [
            [
              107.6082406,
              -6.9454143
            ],
            [
              107.6081293,
              -6.9454531
            ],
            [
              107.6082032,
              -6.945662
            ],
            [
              107.6083145,
              -6.9456232
            ],
            [
              107.6082406,
              -6.9454143
            ]
          ]
        ]
      },
      "id": "way/632239947"
    },
    {
      "type": "Feature",
      "properties": {
        "@id": "way/632246002",
        "amenity": "school",
        "building": "yes",
        "name": "SMP Ganesha"
      },
      "geometry": {
        "type": "Polygon",
        "coordinates": [
          [
            [
              107.6060244,
              -6.938968
            ],
            [
              107.6059019,
              -6.9389915
            ],
            [
              107.6059123,
              -6.9390641
            ],
            [
              107.6058582,
              -6.9390739
            ],
            [
              107.6058666,
              -6.939114
            ],
            [
              107.6058894,
              -6.9391099
            ],
            [
              107.6059113,
              -6.9392177
            ],
            [
              107.6061948,
              -6.9391832
            ],
            [
              107.6061851,
              -6.9390963
            ],
            [
              107.6060624,
              -6.9391119
            ],
            [
              107.6060244,
              -6.938968
            ]
          ]
        ]
      },
      "id": "way/632246002"
    },
    {
      "type": "Feature",
      "properties": {
        "@id": "way/632246448",
        "amenity": "school",
        "building": "school",
        "name": "SMK Prakarya Internasional",
        "source": "POI_WRI_Survey_2023",
        "wheelchair": "no"
      },
      "geometry": {
        "type": "Polygon",
        "coordinates": [
          [
            [
              107.6031978,
              -6.9403784
            ],
            [
              107.6031423,
              -6.9403803
            ],
            [
              107.6031469,
              -6.9405108
            ],
            [
              107.6032606,
              -6.9405069
            ],
            [
              107.6032581,
              -6.9404354
            ],
            [
              107.6031999,
              -6.9404373
            ],
            [
              107.6031978,
              -6.9403784
            ]
          ]
        ]
      },
      "id": "way/632246448"
    },
    {
      "type": "Feature",
      "properties": {
        "@id": "way/632254483",
        "amenity": "school",
        "building": "school",
        "name": "MTS Muhammadiyah Tegallega",
        "source": "POI_WRI_Survey_2023",
        "wheelchair": "no"
      },
      "geometry": {
        "type": "Polygon",
        "coordinates": [
          [
            [
              107.6020503,
              -6.9363763
            ],
            [
              107.6020641,
              -6.9362908
            ],
            [
              107.6018906,
              -6.9362632
            ],
            [
              107.6018786,
              -6.9363377
            ],
            [
              107.6018592,
              -6.9364574
            ],
            [
              107.602092,
              -6.9364944
            ],
            [
              107.602108,
              -6.9363949
            ],
            [
              107.6019886,
              -6.9363759
            ],
            [
              107.6019901,
              -6.9363667
            ],
            [
              107.6020503,
              -6.9363763
            ]
          ]
        ]
      },
      "id": "way/632254483"
    },
    {
      "type": "Feature",
      "properties": {
        "@id": "way/632538891",
        "amenity": "school",
        "building": "yes",
        "name": "SMP Yos Sudarso Bandung",
        "name:etymology:wikidata": "Q3738184",
        "name:etymology:wikipedia": "id:Yos Sudarso"
      },
      "geometry": {
        "type": "Polygon",
        "coordinates": [
          [
            [
              107.6070794,
              -6.9291157
            ],
            [
              107.6070879,
              -6.9290857
            ],
            [
              107.6069845,
              -6.9290598
            ],
            [
              107.6069744,
              -6.9290966
            ],
            [
              107.6070135,
              -6.9291056
            ],
            [
              107.6070079,
              -6.929127
            ],
            [
              107.6070584,
              -6.9291375
            ],
            [
              107.6070379,
              -6.9292244
            ],
            [
              107.6072285,
              -6.9292655
            ],
            [
              107.6073726,
              -6.9292724
            ],
            [
              107.6073777,
              -6.9291962
            ],
            [
              107.6073586,
              -6.9291945
            ],
            [
              107.6073622,
              -6.9291621
            ],
            [
              107.6072998,
              -6.9291463
            ],
            [
              107.6072977,
              -6.9291732
            ],
            [
              107.6072343,
              -6.92917
            ],
            [
              107.6072356,
              -6.9291552
            ],
            [
              107.6072045,
              -6.9291485
            ],
            [
              107.607213,
              -6.9291196
            ],
            [
              107.6071309,
              -6.9290942
            ],
            [
              107.6071275,
              -6.9291049
            ],
            [
              107.6071188,
              -6.9291028
            ],
            [
              107.6071127,
              -6.9291242
            ],
            [
              107.6070794,
              -6.9291157
            ]
          ]
        ]
      },
      "id": "way/632538891"
    },
    {
      "type": "Feature",
      "properties": {
        "@id": "way/632538908",
        "amenity": "school",
        "building": "school",
        "name": "SMK Ganesha,SMP GANESHA",
        "source": "POI_WRI_Survey_2023",
        "wheelchair": "no"
      },
      "geometry": {
        "type": "Polygon",
        "coordinates": [
          [
            [
              107.6065818,
              -6.92919
            ],
            [
              107.6064667,
              -6.9291821
            ],
            [
              107.6064661,
              -6.9291919
            ],
            [
              107.6064237,
              -6.9291891
            ],
            [
              107.6064149,
              -6.9293172
            ],
            [
              107.6066206,
              -6.9293312
            ],
            [
              107.6066179,
              -6.9293704
            ],
            [
              107.6067439,
              -6.9293789
            ],
            [
              107.6067554,
              -6.9292117
            ],
            [
              107.6065812,
              -6.9291999
            ],
            [
              107.6065818,
              -6.92919
            ]
          ]
        ]
      },
      "id": "way/632538908"
    },
    {
      "type": "Feature",
      "properties": {
        "@id": "way/632538930",
        "amenity": "school",
        "building": "school",
        "name": "Taman Kanak Kanak Kuncup Harapan",
        "source": "POI_WRI_Survey_2023",
        "wheelchair": "no"
      },
      "geometry": {
        "type": "Polygon",
        "coordinates": [
          [
            [
              107.6064673,
              -6.9293876
            ],
            [
              107.6064723,
              -6.9293239
            ],
            [
              107.6064131,
              -6.9293194
            ],
            [
              107.6064034,
              -6.9294423
            ],
            [
              107.6067341,
              -6.9294678
            ],
            [
              107.6067409,
              -6.9293807
            ],
            [
              107.6066184,
              -6.9293712
            ],
            [
              107.6066163,
              -6.9293991
            ],
            [
              107.6064673,
              -6.9293876
            ]
          ]
        ]
      },
      "id": "way/632538930"
    },
    {
      "type": "Feature",
      "properties": {
        "@id": "way/632540079",
        "amenity": "school",
        "building": "yes",
        "name": "SMP Negeri 10 Bandung"
      },
      "geometry": {
        "type": "Polygon",
        "coordinates": [
          [
            [
              107.6061287,
              -6.9289668
            ],
            [
              107.6057442,
              -6.9289357
            ],
            [
              107.60574,
              -6.9289719
            ],
            [
              107.6057556,
              -6.9289723
            ],
            [
              107.6057266,
              -6.9292732
            ],
            [
              107.6056884,
              -6.9292718
            ],
            [
              107.605684,
              -6.9293219
            ],
            [
              107.6057862,
              -6.9293313
            ],
            [
              107.6060403,
              -6.9293857
            ],
            [
              107.6061314,
              -6.9293957
            ],
            [
              107.6061325,
              -6.9293819
            ],
            [
              107.6061682,
              -6.9293847
            ],
            [
              107.6061771,
              -6.929285
            ],
            [
              107.6059809,
              -6.9292666
            ],
            [
              107.605987,
              -6.9291772
            ],
            [
              107.6058539,
              -6.929166
            ],
            [
              107.6058663,
              -6.9290354
            ],
            [
              107.6060009,
              -6.9290435
            ],
            [
              107.6060015,
              -6.9290354
            ],
            [
              107.6060229,
              -6.9290368
            ],
            [
              107.606026,
              -6.9290076
            ],
            [
              107.6061232,
              -6.9290171
            ],
            [
              107.6061287,
              -6.9289668
            ]
          ]
        ]
      },
      "id": "way/632540079"
    },
    {
      "type": "Feature",
      "properties": {
        "@id": "way/632544611",
        "amenity": "school",
        "building": "school",
        "name": "SD Negeri 079 Pajagalan",
        "source": "POI_WRI_Survey_2023",
        "wheelchair": "no"
      },
      "geometry": {
        "type": "Polygon",
        "coordinates": [
          [
            [
              107.6012487,
              -6.9271433
            ],
            [
              107.6011733,
              -6.9271387
            ],
            [
              107.6011527,
              -6.9274713
            ],
            [
              107.6016083,
              -6.9274991
            ],
            [
              107.6016139,
              -6.9274073
            ],
            [
              107.6015678,
              -6.9274045
            ],
            [
              107.601581,
              -6.9271907
            ],
            [
              107.6014951,
              -6.9271855
            ],
            [
              107.601486,
              -6.9271848
            ],
            [
              107.6014728,
              -6.9273985
            ],
            [
              107.6012341,
              -6.9273801
            ],
            [
              107.6012487,
              -6.9271433
            ]
          ]
        ]
      },
      "id": "way/632544611"
    },
    {
      "type": "Feature",
      "properties": {
        "@id": "way/632556719",
        "amenity": "school",
        "building": "school",
        "name": "SD Negeri 249 Astanaanyar",
        "source": "POI_WRI_Survey_2023",
        "wheelchair": "no"
      },
      "geometry": {
        "type": "Polygon",
        "coordinates": [
          [
            [
              107.6004758,
              -6.9323462
            ],
            [
              107.6004714,
              -6.9324387
            ],
            [
              107.6008024,
              -6.9324545
            ],
            [
              107.6008069,
              -6.9323619
            ],
            [
              107.6004758,
              -6.9323462
            ]
          ]
        ]
      },
      "id": "way/632556719"
    },
    {
      "type": "Feature",
      "properties": {
        "@id": "way/632655603",
        "amenity": "school",
        "check_date": "2026-05-01",
        "name": "SMK Bina Warga"
      },
      "geometry": {
        "type": "Polygon",
        "coordinates": [
          [
            [
              107.6229444,
              -6.9364716
            ],
            [
              107.6228187,
              -6.9363447
            ],
            [
              107.6226253,
              -6.9363523
            ],
            [
              107.6224751,
              -6.9364906
            ],
            [
              107.6227102,
              -6.9366843
            ],
            [
              107.6229444,
              -6.9364716
            ]
          ]
        ]
      },
      "id": "way/632655603"
    },
    {
      "type": "Feature",
      "properties": {
        "@id": "way/632655957",
        "amenity": "school",
        "building": "yes",
        "name": "SMK Nusa Bhakti Bandung"
      },
      "geometry": {
        "type": "Polygon",
        "coordinates": [
          [
            [
              107.6181141,
              -6.9333572
            ],
            [
              107.6179193,
              -6.9333087
            ],
            [
              107.6178423,
              -6.9335082
            ],
            [
              107.6178597,
              -6.9335146
            ],
            [
              107.6178641,
              -6.9336394
            ],
            [
              107.6179312,
              -6.9336628
            ],
            [
              107.6180807,
              -6.9337606
            ],
            [
              107.6181702,
              -6.9337443
            ],
            [
              107.6181239,
              -6.9335922
            ],
            [
              107.6180941,
              -6.9335869
            ],
            [
              107.6181131,
              -6.9335266
            ],
            [
              107.6179819,
              -6.93347
            ],
            [
              107.6179322,
              -6.9335774
            ],
            [
              107.6179018,
              -6.9335676
            ],
            [
              107.6179103,
              -6.9335365
            ],
            [
              107.6179381,
              -6.9335421
            ],
            [
              107.6179847,
              -6.9334368
            ],
            [
              107.6181109,
              -6.933463
            ],
            [
              107.6181141,
              -6.9333572
            ]
          ]
        ]
      },
      "id": "way/632655957"
    },
    {
      "type": "Feature",
      "properties": {
        "@id": "way/632673584",
        "amenity": "school",
        "building": "yes",
        "name": "SDN Pelita"
      },
      "geometry": {
        "type": "Polygon",
        "coordinates": [
          [
            [
              107.6324354,
              -6.943735
            ],
            [
              107.6323415,
              -6.9437082
            ],
            [
              107.6322663,
              -6.943974
            ],
            [
              107.6323636,
              -6.9440004
            ],
            [
              107.6324354,
              -6.943735
            ]
          ]
        ]
      },
      "id": "way/632673584"
    },
    {
      "type": "Feature",
      "properties": {
        "@id": "way/632673835",
        "amenity": "school",
        "building": "yes",
        "name": "Neutron Bandung 2"
      },
      "geometry": {
        "type": "Polygon",
        "coordinates": [
          [
            [
              107.6312993,
              -6.9454595
            ],
            [
              107.6311789,
              -6.9453359
            ],
            [
              107.6310422,
              -6.945458
            ],
            [
              107.6310825,
              -6.9455027
            ],
            [
              107.631092,
              -6.9455245
            ],
            [
              107.6311032,
              -6.9455364
            ],
            [
              107.6311183,
              -6.9455451
            ],
            [
              107.6311487,
              -6.9455486
            ],
            [
              107.6311758,
              -6.9455729
            ],
            [
              107.6312993,
              -6.9454595
            ]
          ]
        ]
      },
      "id": "way/632673835"
    },
    {
      "type": "Feature",
      "properties": {
        "@id": "way/633132357",
        "amenity": "school",
        "building": "yes",
        "name": "Pondok Pesantren Sirna Miskin"
      },
      "geometry": {
        "type": "Polygon",
        "coordinates": [
          [
            [
              107.5870841,
              -6.9500453
            ],
            [
              107.58701,
              -6.9500235
            ],
            [
              107.586983,
              -6.9503656
            ],
            [
              107.5871689,
              -6.9504038
            ],
            [
              107.587177,
              -6.9503585
            ],
            [
              107.5870444,
              -6.9503308
            ],
            [
              107.5870476,
              -6.9502904
            ],
            [
              107.5871184,
              -6.9502963
            ],
            [
              107.5871207,
              -6.9502702
            ],
            [
              107.5870722,
              -6.9502654
            ],
            [
              107.5870738,
              -6.9502202
            ],
            [
              107.5870524,
              -6.9502189
            ],
            [
              107.5870583,
              -6.9501131
            ],
            [
              107.5870828,
              -6.9501141
            ],
            [
              107.5870841,
              -6.9500453
            ]
          ]
        ]
      },
      "id": "way/633132357"
    },
    {
      "type": "Feature",
      "properties": {
        "@id": "way/633135078",
        "amenity": "school",
        "building": "yes",
        "name": "SD Negeri 228 Cangkuang"
      },
      "geometry": {
        "type": "Polygon",
        "coordinates": [
          [
            [
              107.591491,
              -6.9611933
            ],
            [
              107.5914851,
              -6.9611873
            ],
            [
              107.5914193,
              -6.961255
            ],
            [
              107.5915114,
              -6.9613463
            ],
            [
              107.5914253,
              -6.9614338
            ],
            [
              107.5914901,
              -6.961495
            ],
            [
              107.5916402,
              -6.9613435
            ],
            [
              107.5915473,
              -6.9612499
            ],
            [
              107.591491,
              -6.9611933
            ]
          ]
        ]
      },
      "id": "way/633135078"
    },
    {
      "type": "Feature",
      "properties": {
        "@id": "way/633138115",
        "amenity": "school",
        "building": "yes",
        "name": "SMPN 38 Bandung"
      },
      "geometry": {
        "type": "Polygon",
        "coordinates": [
          [
            [
              107.5915082,
              -6.9577741
            ],
            [
              107.591438,
              -6.9577624
            ],
            [
              107.5914858,
              -6.9574114
            ],
            [
              107.5913746,
              -6.9573928
            ],
            [
              107.5913254,
              -6.9577477
            ],
            [
              107.5912683,
              -6.9577413
            ],
            [
              107.5912529,
              -6.9578556
            ],
            [
              107.5914928,
              -6.9578888
            ],
            [
              107.5915082,
              -6.9577741
            ]
          ]
        ]
      },
      "id": "way/633138115"
    },
    {
      "type": "Feature",
      "properties": {
        "@id": "way/633172245",
        "amenity": "school",
        "building": "yes",
        "name": "SD Al-Basyariyah Bandung"
      },
      "geometry": {
        "type": "Polygon",
        "coordinates": [
          [
            [
              107.5896439,
              -6.948995
            ],
            [
              107.5896518,
              -6.948915
            ],
            [
              107.5895684,
              -6.9489052
            ],
            [
              107.589567,
              -6.9489229
            ],
            [
              107.5894965,
              -6.9489149
            ],
            [
              107.5894992,
              -6.9488974
            ],
            [
              107.5894492,
              -6.9488933
            ],
            [
              107.589448,
              -6.9489332
            ],
            [
              107.5894572,
              -6.9489335
            ],
            [
              107.5894567,
              -6.9489475
            ],
            [
              107.5894575,
              -6.9489873
            ],
            [
              107.5896439,
              -6.948995
            ]
          ]
        ]
      },
      "id": "way/633172245"
    },
    {
      "type": "Feature",
      "properties": {
        "@id": "way/633225239",
        "addr:city": "Bandung",
        "addr:full": "Gg. Sukaleueur",
        "amenity": "school",
        "building": "school",
        "building:condition": "good",
        "building:levels": "2",
        "name": "SD Al-Quran Islamiyah",
        "operator:type": "private",
        "school:type_idn": "sd",
        "source": "S2City_POI_2022",
        "wheelchair": "limited"
      },
      "geometry": {
        "type": "Polygon",
        "coordinates": [
          [
            [
              107.59557,
              -6.9322706
            ],
            [
              107.5954982,
              -6.9322628
            ],
            [
              107.595493,
              -6.9323101
            ],
            [
              107.5954767,
              -6.9323083
            ],
            [
              107.5954712,
              -6.9323592
            ],
            [
              107.5955593,
              -6.9323687
            ],
            [
              107.59557,
              -6.9322706
            ]
          ]
        ]
      },
      "id": "way/633225239"
    },
    {
      "type": "Feature",
      "properties": {
        "@id": "way/633225591",
        "addr:city": "Bandung",
        "addr:full": "Gg. Sukaleueur",
        "amenity": "school",
        "building": "school",
        "building:condition": "good",
        "building:levels": "2",
        "name": "Madrasah Diniyah Takmiliyah Awwaliyah Ismailiyah",
        "operator:type": "government",
        "school:type_idn": "sd",
        "source": "S2City_POI_2022",
        "wheelchair": "limited"
      },
      "geometry": {
        "type": "Polygon",
        "coordinates": [
          [
            [
              107.5942571,
              -6.9331769
            ],
            [
              107.5941921,
              -6.9331847
            ],
            [
              107.5942021,
              -6.9332679
            ],
            [
              107.5943152,
              -6.9332545
            ],
            [
              107.5943073,
              -6.9331887
            ],
            [
              107.5942592,
              -6.9331945
            ],
            [
              107.5942571,
              -6.9331769
            ]
          ]
        ]
      },
      "id": "way/633225591"
    },
    {
      "type": "Feature",
      "properties": {
        "@id": "way/633226105",
        "addr:city": "Bandung",
        "addr:full": "Jl. Sukarma",
        "amenity": "school",
        "building": "school",
        "building:condition": "good",
        "building:levels": "3",
        "image": "http://classic.ona.io/api/v1/files/26309005?filename=hot_id/attachments/659305_gib_fasum_sekolah/1650863661240.jpg",
        "name": "Yayasan Pendidikan Islam Baabu Sallam",
        "operator:type": "private",
        "school:type_idn": "sd",
        "source": "S2City_POI_2022",
        "wheelchair": "limited"
      },
      "geometry": {
        "type": "Polygon",
        "coordinates": [
          [
            [
              107.5945527,
              -6.93471
            ],
            [
              107.5944461,
              -6.9346892
            ],
            [
              107.5944379,
              -6.9347259
            ],
            [
              107.5943856,
              -6.9347161
            ],
            [
              107.5943662,
              -6.9348479
            ],
            [
              107.594522,
              -6.9348829
            ],
            [
              107.5945425,
              -6.9347649
            ],
            [
              107.5945527,
              -6.93471
            ]
          ]
        ]
      },
      "id": "way/633226105"
    },
    {
      "type": "Feature",
      "properties": {
        "@id": "way/633501929",
        "amenity": "school",
        "building": "yes",
        "name": "SDN Pasirluyu 1"
      },
      "geometry": {
        "type": "Polygon",
        "coordinates": [
          [
            [
              107.6189282,
              -6.9396031
            ],
            [
              107.61883,
              -6.9395858
            ],
            [
              107.6187896,
              -6.9397876
            ],
            [
              107.6187793,
              -6.9397856
            ],
            [
              107.6187707,
              -6.9398312
            ],
            [
              107.618883,
              -6.93985
            ],
            [
              107.6189282,
              -6.9396031
            ]
          ]
        ]
      },
      "id": "way/633501929"
    },
    {
      "type": "Feature",
      "properties": {
        "@id": "way/633538812",
        "amenity": "school",
        "building": "school",
        "isced:level": "1",
        "min_age": "6",
        "name": "SD Negeri 146 Gumuruh",
        "official_name": "Sekolah Dasar Negeri 146 Gumuruh",
        "operator:type": "public",
        "wheelchair": "limited"
      },
      "geometry": {
        "type": "Polygon",
        "coordinates": [
          [
            [
              107.6370984,
              -6.9398245
            ],
            [
              107.6370275,
              -6.9401368
            ],
            [
              107.637115,
              -6.9401537
            ],
            [
              107.6371245,
              -6.9401122
            ],
            [
              107.6371444,
              -6.9401152
            ],
            [
              107.6371987,
              -6.9398489
            ],
            [
              107.6370989,
              -6.9398232
            ],
            [
              107.6370984,
              -6.9398245
            ]
          ]
        ]
      },
      "id": "way/633538812"
    },
    {
      "type": "Feature",
      "properties": {
        "@id": "way/633625725",
        "amenity": "school",
        "building": "school",
        "name": "Sd Negeri 038 Kiaracondong",
        "source": "POI_WRI_Survey_2023",
        "wheelchair": "no"
      },
      "geometry": {
        "type": "Polygon",
        "coordinates": [
          [
            [
              107.6431541,
              -6.9332511
            ],
            [
              107.6430719,
              -6.9332411
            ],
            [
              107.6430489,
              -6.9334284
            ],
            [
              107.6431219,
              -6.9334373
            ],
            [
              107.643135,
              -6.9333312
            ],
            [
              107.6431441,
              -6.9333324
            ],
            [
              107.6431541,
              -6.9332511
            ]
          ]
        ]
      },
      "id": "way/633625725"
    },
    {
      "type": "Feature",
      "properties": {
        "@id": "way/633626892",
        "amenity": "school",
        "building": "school",
        "name": "SD Ignatius Slamet Riyadi 2",
        "name:etymology:wikidata": "Q4188833",
        "name:etymology:wikipedia": "id:Slamet Rijadi",
        "source": "POI_WRI_Survey_2023",
        "wheelchair": "no"
      },
      "geometry": {
        "type": "Polygon",
        "coordinates": [
          [
            [
              107.6436573,
              -6.9371282
            ],
            [
              107.6432114,
              -6.9371172
            ],
            [
              107.6432054,
              -6.9373583
            ],
            [
              107.643427,
              -6.9373637
            ],
            [
              107.6434295,
              -6.9372665
            ],
            [
              107.6433007,
              -6.9372633
            ],
            [
              107.6433017,
              -6.9372219
            ],
            [
              107.6436294,
              -6.9372299
            ],
            [
              107.6436309,
              -6.9371724
            ],
            [
              107.6436562,
              -6.937173
            ],
            [
              107.6436573,
              -6.9371282
            ]
          ]
        ]
      },
      "id": "way/633626892"
    },
    {
      "type": "Feature",
      "properties": {
        "@id": "way/633756359",
        "addr:city": "Bandung",
        "addr:full": "Jalan Babakan Ciparay",
        "amenity": "school",
        "building": "school",
        "building:condition": "good",
        "building:levels": "2",
        "name": "SD Al Hidayah",
        "operator:type": "private",
        "school:type_idn": "sd",
        "source": "S2City_POI_2022",
        "wheelchair": "no"
      },
      "geometry": {
        "type": "Polygon",
        "coordinates": [
          [
            [
              107.5853676,
              -6.9294327
            ],
            [
              107.5852866,
              -6.9294214
            ],
            [
              107.5852701,
              -6.9295386
            ],
            [
              107.585351,
              -6.9295498
            ],
            [
              107.5853676,
              -6.9294327
            ]
          ]
        ]
      },
      "id": "way/633756359"
    },
    {
      "type": "Feature",
      "properties": {
        "@id": "way/633767294",
        "addr:city": "Bandung",
        "addr:full": "Gg. Sindang Asih 7",
        "amenity": "school",
        "building": "school",
        "building:condition": "poor",
        "building:levels": "2",
        "name": "MTs Persis 29",
        "operator:type": "private",
        "school:type_idn": "smp",
        "source": "S2City_POI_2022",
        "wheelchair": "no"
      },
      "geometry": {
        "type": "Polygon",
        "coordinates": [
          [
            [
              107.5919722,
              -6.9326475
            ],
            [
              107.591861,
              -6.9326388
            ],
            [
              107.591855,
              -6.9327139
            ],
            [
              107.5918009,
              -6.9327096
            ],
            [
              107.5917953,
              -6.9327796
            ],
            [
              107.5919606,
              -6.9327926
            ],
            [
              107.5919722,
              -6.9326475
            ]
          ]
        ]
      },
      "id": "way/633767294"
    },
    {
      "type": "Feature",
      "properties": {
        "@id": "way/633767383",
        "addr:city": "Bandung",
        "addr:full": "Jl. Peta Babakan Tarogong 119E",
        "amenity": "school",
        "building": "school",
        "building:condition": "good",
        "building:levels": "3",
        "name": "SMK Putra Nasional",
        "operator:type": "private",
        "school:type_idn": "sma",
        "source": "S2City_POI_2022",
        "wheelchair": "no"
      },
      "geometry": {
        "type": "Polygon",
        "coordinates": [
          [
            [
              107.5918185,
              -6.9330114
            ],
            [
              107.5918129,
              -6.9330764
            ],
            [
              107.5919191,
              -6.9330854
            ],
            [
              107.5919304,
              -6.9329547
            ],
            [
              107.5918246,
              -6.9329456
            ],
            [
              107.5918244,
              -6.9329479
            ],
            [
              107.5917446,
              -6.9329411
            ],
            [
              107.591739,
              -6.9330046
            ],
            [
              107.5918185,
              -6.9330114
            ]
          ]
        ]
      },
      "id": "way/633767383"
    },
    {
      "type": "Feature",
      "properties": {
        "@id": "way/633767797",
        "addr:city": "Bandung",
        "addr:full": "Jalan Peta",
        "amenity": "school",
        "building": "school",
        "building:condition": "good",
        "building:levels": "3",
        "name": "MI Persis 29",
        "operator:type": "private",
        "school:type_idn": "sd",
        "source": "S2City_POI_2022",
        "wheelchair": "limited"
      },
      "geometry": {
        "type": "Polygon",
        "coordinates": [
          [
            [
              107.5926519,
              -6.9343545
            ],
            [
              107.592614,
              -6.93432
            ],
            [
              107.5925904,
              -6.934326
            ],
            [
              107.5925812,
              -6.9344353
            ],
            [
              107.592537,
              -6.9344376
            ],
            [
              107.5925367,
              -6.9345198
            ],
            [
              107.5926493,
              -6.9345203
            ],
            [
              107.5926519,
              -6.9343545
            ]
          ]
        ]
      },
      "id": "way/633767797"
    },
    {
      "type": "Feature",
      "properties": {
        "@id": "way/633768365",
        "addr:city": "Bandung",
        "addr:full": "Jl. Babakan Tarogong",
        "amenity": "school",
        "building": "school",
        "building:condition": "good",
        "building:levels": "2",
        "name": "SD Negeri 118 Tanjung",
        "operator:type": "government",
        "school:type_idn": "sd",
        "source": "S2City_POI_2022",
        "wheelchair": "no"
      },
      "geometry": {
        "type": "Polygon",
        "coordinates": [
          [
            [
              107.5888149,
              -6.9299484
            ],
            [
              107.5889276,
              -6.9299238
            ],
            [
              107.5889137,
              -6.9298521
            ],
            [
              107.588736,
              -6.9298853
            ],
            [
              107.5887709,
              -6.9300676
            ],
            [
              107.5889641,
              -6.9300302
            ],
            [
              107.5889502,
              -6.9299586
            ],
            [
              107.5888206,
              -6.9299837
            ],
            [
              107.5888149,
              -6.9299484
            ]
          ]
        ]
      },
      "id": "way/633768365"
    },
    {
      "type": "Feature",
      "properties": {
        "@id": "way/633769828",
        "addr:city": "Bandung",
        "addr:full": "Jalan Sukamulya Dalam 3",
        "amenity": "school",
        "building": "school",
        "building:condition": "good",
        "building:levels": "2",
        "name": "Madrasah Ibtidaiyah Miftahussalam",
        "operator:type": "government",
        "school:type_idn": "sd",
        "source": "S2City_POI_2022",
        "wheelchair": "limited"
      },
      "geometry": {
        "type": "Polygon",
        "coordinates": [
          [
            [
              107.590649,
              -6.9377219
            ],
            [
              107.5905842,
              -6.9377103
            ],
            [
              107.5905692,
              -6.937785
            ],
            [
              107.5906355,
              -6.937798
            ],
            [
              107.590649,
              -6.9377219
            ]
          ]
        ]
      },
      "id": "way/633769828"
    },
    {
      "type": "Feature",
      "properties": {
        "@id": "way/633769832",
        "addr:city": "Bandung",
        "addr:full": "Jalan Cetarip barat No.16",
        "amenity": "school",
        "building": "school",
        "building:condition": "good",
        "building:levels": "2",
        "name": "SLB C dan SMK Budaya Bangsa",
        "operator:type": "private",
        "school:type_idn": "sma",
        "source": "S2City_POI_2022",
        "wheelchair": "yes"
      },
      "geometry": {
        "type": "Polygon",
        "coordinates": [
          [
            [
              107.5889457,
              -6.9377255
            ],
            [
              107.5888629,
              -6.9377241
            ],
            [
              107.5887134,
              -6.9377215
            ],
            [
              107.5887114,
              -6.9378364
            ],
            [
              107.5888649,
              -6.937839
            ],
            [
              107.5888641,
              -6.9378863
            ],
            [
              107.5887034,
              -6.9378835
            ],
            [
              107.5887053,
              -6.9377793
            ],
            [
              107.5886174,
              -6.9377777
            ],
            [
              107.5886154,
              -6.9378916
            ],
            [
              107.5886876,
              -6.9378929
            ],
            [
              107.5886862,
              -6.9379708
            ],
            [
              107.5889413,
              -6.9379753
            ],
            [
              107.5889457,
              -6.9377255
            ]
          ]
        ]
      },
      "id": "way/633769832"
    },
    {
      "type": "Feature",
      "properties": {
        "@id": "way/634588122",
        "amenity": "school",
        "building": "yes",
        "education": "school",
        "name": "Sekolah Citra Cemara",
        "name:zh": "勁松三語學校"
      },
      "geometry": {
        "type": "Polygon",
        "coordinates": [
          [
            [
              107.574234,
              -6.9189723
            ],
            [
              107.5741654,
              -6.9189586
            ],
            [
              107.5741448,
              -6.9190731
            ],
            [
              107.5742007,
              -6.9190803
            ],
            [
              107.5742044,
              -6.9190561
            ],
            [
              107.5742215,
              -6.919058
            ],
            [
              107.574234,
              -6.9189723
            ]
          ]
        ]
      },
      "id": "way/634588122"
    },
    {
      "type": "Feature",
      "properties": {
        "@id": "way/634625542",
        "amenity": "school",
        "building": "yes",
        "name": "SMK Kiansantang"
      },
      "geometry": {
        "type": "Polygon",
        "coordinates": [
          [
            [
              107.5802723,
              -6.9162609
            ],
            [
              107.5802455,
              -6.9163503
            ],
            [
              107.5807597,
              -6.9165131
            ],
            [
              107.580789,
              -6.9164468
            ],
            [
              107.5808058,
              -6.9164478
            ],
            [
              107.5808241,
              -6.9164076
            ],
            [
              107.580723,
              -6.9163659
            ],
            [
              107.5807079,
              -6.9164
            ],
            [
              107.5805848,
              -6.9163612
            ],
            [
              107.5805876,
              -6.9163399
            ],
            [
              107.5805,
              -6.916314
            ],
            [
              107.5804915,
              -6.9163291
            ],
            [
              107.5802723,
              -6.9162609
            ]
          ]
        ]
      },
      "id": "way/634625542"
    },
    {
      "type": "Feature",
      "properties": {
        "@id": "way/634629472",
        "addr:housenumber": "638",
        "addr:street": "Jalan Jendral Sudirman",
        "amenity": "school",
        "building": "yes",
        "name": "Sekolah BPK Penabur Bandung"
      },
      "geometry": {
        "type": "Polygon",
        "coordinates": [
          [
            [
              107.5781318,
              -6.9169141
            ],
            [
              107.5779212,
              -6.9168909
            ],
            [
              107.5778703,
              -6.917292
            ],
            [
              107.5775932,
              -6.9172631
            ],
            [
              107.5775919,
              -6.9172768
            ],
            [
              107.5775713,
              -6.9172756
            ],
            [
              107.5775527,
              -6.917437
            ],
            [
              107.5775591,
              -6.9174372
            ],
            [
              107.577559,
              -6.9174507
            ],
            [
              107.5775668,
              -6.9174509
            ],
            [
              107.5775665,
              -6.9174575
            ],
            [
              107.5780007,
              -6.9175068
            ],
            [
              107.5780017,
              -6.9175008
            ],
            [
              107.5780079,
              -6.9175015
            ],
            [
              107.57801,
              -6.917488
            ],
            [
              107.5780191,
              -6.9174891
            ],
            [
              107.5780379,
              -6.9173343
            ],
            [
              107.578033,
              -6.917334
            ],
            [
              107.5780365,
              -6.9173146
            ],
            [
              107.5780835,
              -6.9173196
            ],
            [
              107.5781318,
              -6.9169141
            ]
          ]
        ]
      },
      "id": "way/634629472"
    },
    {
      "type": "Feature",
      "properties": {
        "@id": "way/634638886",
        "amenity": "school",
        "building": "yes",
        "name": "SMA YWKA Bandung"
      },
      "geometry": {
        "type": "Polygon",
        "coordinates": [
          [
            [
              107.5755414,
              -6.914138
            ],
            [
              107.575939,
              -6.9142751
            ],
            [
              107.5760216,
              -6.914039
            ],
            [
              107.575624,
              -6.9139019
            ],
            [
              107.5755414,
              -6.914138
            ]
          ]
        ]
      },
      "id": "way/634638886"
    },
    {
      "type": "Feature",
      "properties": {
        "@id": "way/634664549",
        "amenity": "school",
        "building": "yes",
        "name": "SMK Pasundan 2 Bandung"
      },
      "geometry": {
        "type": "Polygon",
        "coordinates": [
          [
            [
              107.5716757,
              -6.9071528
            ],
            [
              107.5716592,
              -6.907234
            ],
            [
              107.5718575,
              -6.9072764
            ],
            [
              107.5720296,
              -6.9065443
            ],
            [
              107.5718834,
              -6.9065027
            ],
            [
              107.5718688,
              -6.9065536
            ],
            [
              107.5719233,
              -6.9065693
            ],
            [
              107.5718536,
              -6.9068634
            ],
            [
              107.5718114,
              -6.9068536
            ],
            [
              107.5718146,
              -6.9068359
            ],
            [
              107.5717421,
              -6.9068202
            ],
            [
              107.5717493,
              -6.9067816
            ],
            [
              107.5714663,
              -6.9067236
            ],
            [
              107.5714399,
              -6.9068683
            ],
            [
              107.5714213,
              -6.9068663
            ],
            [
              107.5714045,
              -6.906871
            ],
            [
              107.5713958,
              -6.9068879
            ],
            [
              107.5713951,
              -6.9069067
            ],
            [
              107.571404,
              -6.9069216
            ],
            [
              107.5714259,
              -6.9069309
            ],
            [
              107.5717071,
              -6.9069902
            ],
            [
              107.5716997,
              -6.9070395
            ],
            [
              107.5713862,
              -6.9069774
            ],
            [
              107.5713746,
              -6.9070305
            ],
            [
              107.5714594,
              -6.9070483
            ],
            [
              107.5714477,
              -6.9071069
            ],
            [
              107.5716757,
              -6.9071528
            ]
          ]
        ]
      },
      "id": "way/634664549"
    },
    {
      "type": "Feature",
      "properties": {
        "@id": "way/635734030",
        "amenity": "school",
        "building": "yes"
      },
      "geometry": {
        "type": "Polygon",
        "coordinates": [
          [
            [
              107.5749708,
              -6.941783
            ],
            [
              107.5747911,
              -6.9417018
            ],
            [
              107.5746591,
              -6.9419458
            ],
            [
              107.5747182,
              -6.9419769
            ],
            [
              107.5746973,
              -6.9420192
            ],
            [
              107.5747304,
              -6.9420329
            ],
            [
              107.5746858,
              -6.9421115
            ],
            [
              107.574982,
              -6.9422618
            ],
            [
              107.5749942,
              -6.9422408
            ],
            [
              107.575311,
              -6.9424021
            ],
            [
              107.5753614,
              -6.9422964
            ],
            [
              107.5750513,
              -6.9421395
            ],
            [
              107.5750435,
              -6.9421515
            ],
            [
              107.5747596,
              -6.9420121
            ],
            [
              107.5748377,
              -6.9418606
            ],
            [
              107.5749155,
              -6.9418956
            ],
            [
              107.5749708,
              -6.941783
            ]
          ]
        ]
      },
      "id": "way/635734030"
    },
    {
      "type": "Feature",
      "properties": {
        "@id": "way/635734488",
        "amenity": "school",
        "building": "yes",
        "name": "SMP Negeri 21 Bandung"
      },
      "geometry": {
        "type": "Polygon",
        "coordinates": [
          [
            [
              107.5801935,
              -6.9458019
            ],
            [
              107.5802807,
              -6.9455106
            ],
            [
              107.5802315,
              -6.9454958
            ],
            [
              107.5802253,
              -6.9455124
            ],
            [
              107.5801749,
              -6.9454972
            ],
            [
              107.5801032,
              -6.9457766
            ],
            [
              107.5801935,
              -6.9458019
            ]
          ]
        ]
      },
      "id": "way/635734488"
    },
    {
      "type": "Feature",
      "properties": {
        "@id": "way/635812528",
        "amenity": "school",
        "building": "yes",
        "name": "SMP Waringin Ciroyom"
      },
      "geometry": {
        "type": "Polygon",
        "coordinates": [
          [
            [
              107.5929028,
              -6.9167049
            ],
            [
              107.5927942,
              -6.9167063
            ],
            [
              107.5927949,
              -6.9167192
            ],
            [
              107.592405,
              -6.9167205
            ],
            [
              107.5924024,
              -6.916832
            ],
            [
              107.5926392,
              -6.9168321
            ],
            [
              107.5926391,
              -6.9168762
            ],
            [
              107.5927216,
              -6.9168745
            ],
            [
              107.5927223,
              -6.917001
            ],
            [
              107.5923898,
              -6.9170005
            ],
            [
              107.5923903,
              -6.9171202
            ],
            [
              107.5924238,
              -6.9171184
            ],
            [
              107.5926343,
              -6.9171074
            ],
            [
              107.5926344,
              -6.9170922
            ],
            [
              107.5928872,
              -6.9170902
            ],
            [
              107.5928879,
              -6.9170769
            ],
            [
              107.5931514,
              -6.9170802
            ],
            [
              107.5931599,
              -6.9170166
            ],
            [
              107.593187,
              -6.9170162
            ],
            [
              107.5931866,
              -6.9169695
            ],
            [
              107.5932021,
              -6.9169696
            ],
            [
              107.593202,
              -6.9168996
            ],
            [
              107.5932121,
              -6.9168995
            ],
            [
              107.5932115,
              -6.916836
            ],
            [
              107.5932193,
              -6.9168359
            ],
            [
              107.5932186,
              -6.9167433
            ],
            [
              107.5931903,
              -6.9167169
            ],
            [
              107.5930697,
              -6.9167149
            ],
            [
              107.5930698,
              -6.9167211
            ],
            [
              107.5929036,
              -6.9167215
            ],
            [
              107.5929028,
              -6.9167049
            ]
          ]
        ]
      },
      "id": "way/635812528"
    },
    {
      "type": "Feature",
      "properties": {
        "@id": "way/635812535",
        "amenity": "school",
        "building": "yes",
        "name": "SMA Trinitas Bandung"
      },
      "geometry": {
        "type": "Polygon",
        "coordinates": [
          [
            [
              107.5919112,
              -6.9167452
            ],
            [
              107.5918049,
              -6.9167436
            ],
            [
              107.5918049,
              -6.9167198
            ],
            [
              107.5916253,
              -6.9167196
            ],
            [
              107.5916242,
              -6.9167464
            ],
            [
              107.5915973,
              -6.9167457
            ],
            [
              107.5915972,
              -6.9167595
            ],
            [
              107.591563,
              -6.9167605
            ],
            [
              107.5915613,
              -6.9170057
            ],
            [
              107.5915483,
              -6.9170067
            ],
            [
              107.5915504,
              -6.9173449
            ],
            [
              107.591904,
              -6.9173467
            ],
            [
              107.591903,
              -6.9173159
            ],
            [
              107.5918959,
              -6.9173155
            ],
            [
              107.591897,
              -6.9172386
            ],
            [
              107.591837,
              -6.9172376
            ],
            [
              107.5918368,
              -6.9172299
            ],
            [
              107.5918247,
              -6.91723
            ],
            [
              107.5918248,
              -6.9172191
            ],
            [
              107.5916847,
              -6.9172183
            ],
            [
              107.591678,
              -6.917011
            ],
            [
              107.5916792,
              -6.9168276
            ],
            [
              107.5917714,
              -6.9168294
            ],
            [
              107.591771,
              -6.9168834
            ],
            [
              107.5919111,
              -6.9168794
            ],
            [
              107.5919112,
              -6.9167452
            ]
          ]
        ]
      },
      "id": "way/635812535"
    },
    {
      "type": "Feature",
      "properties": {
        "@id": "way/635816400",
        "amenity": "school",
        "building": "yes",
        "name": "Rajawali Ciroyom"
      },
      "geometry": {
        "type": "Polygon",
        "coordinates": [
          [
            [
              107.5838239,
              -6.9131207
            ],
            [
              107.5836965,
              -6.9130627
            ],
            [
              107.5836665,
              -6.9131275
            ],
            [
              107.5837939,
              -6.9131855
            ],
            [
              107.5838239,
              -6.9131207
            ]
          ]
        ]
      },
      "id": "way/635816400"
    },
    {
      "type": "Feature",
      "properties": {
        "@id": "way/635819200",
        "amenity": "school",
        "building": "yes",
        "name": "SMP Negeri 41 Bandung"
      },
      "geometry": {
        "type": "Polygon",
        "coordinates": [
          [
            [
              107.5899002,
              -6.9151185
            ],
            [
              107.5900767,
              -6.9149683
            ],
            [
              107.5900055,
              -6.914886
            ],
            [
              107.5898349,
              -6.9150238
            ],
            [
              107.589848,
              -6.9150403
            ],
            [
              107.5897289,
              -6.9151424
            ],
            [
              107.5898002,
              -6.9152312
            ],
            [
              107.5898054,
              -6.9152274
            ],
            [
              107.5899134,
              -6.9153562
            ],
            [
              107.5898718,
              -6.9153897
            ],
            [
              107.5898968,
              -6.9154235
            ],
            [
              107.589927,
              -6.9153991
            ],
            [
              107.5899627,
              -6.9154458
            ],
            [
              107.5899432,
              -6.9154606
            ],
            [
              107.5899735,
              -6.9154979
            ],
            [
              107.589994,
              -6.9154794
            ],
            [
              107.5900403,
              -6.9155414
            ],
            [
              107.5900508,
              -6.9155338
            ],
            [
              107.5900608,
              -6.9155458
            ],
            [
              107.5900661,
              -6.9155423
            ],
            [
              107.5901756,
              -6.9156745
            ],
            [
              107.59017,
              -6.91568
            ],
            [
              107.5902384,
              -6.9157666
            ],
            [
              107.590343,
              -6.9156828
            ],
            [
              107.590126,
              -6.9154128
            ],
            [
              107.5901713,
              -6.9153782
            ],
            [
              107.5901468,
              -6.9153463
            ],
            [
              107.5901234,
              -6.9153624
            ],
            [
              107.5900518,
              -6.9152759
            ],
            [
              107.5900344,
              -6.9152873
            ],
            [
              107.5899002,
              -6.9151185
            ]
          ]
        ]
      },
      "id": "way/635819200"
    },
    {
      "type": "Feature",
      "properties": {
        "@id": "way/635898523",
        "addr:city": "Bandung",
        "addr:full": "Jalan Madesa No 2",
        "amenity": "school",
        "building": "school",
        "building:condition": "good",
        "building:levels": "1",
        "name": "Madrasah Hidayah",
        "operator:type": "private",
        "school:type_idn": "sd",
        "source": "S2City_POI_2022",
        "wheelchair": "limited"
      },
      "geometry": {
        "type": "Polygon",
        "coordinates": [
          [
            [
              107.5851125,
              -6.9389067
            ],
            [
              107.5851138,
              -6.938818
            ],
            [
              107.5850219,
              -6.9388167
            ],
            [
              107.5850206,
              -6.9389054
            ],
            [
              107.5851125,
              -6.9389067
            ]
          ]
        ]
      },
      "id": "way/635898523"
    },
    {
      "type": "Feature",
      "properties": {
        "@id": "way/635904123",
        "amenity": "school",
        "building": "yes",
        "name": "SD Muhammadiyah 5",
        "religion": "muslim"
      },
      "geometry": {
        "type": "Polygon",
        "coordinates": [
          [
            [
              107.5956825,
              -6.9399004
            ],
            [
              107.5956342,
              -6.939894
            ],
            [
              107.5956291,
              -6.9399289
            ],
            [
              107.5955593,
              -6.9399221
            ],
            [
              107.595525,
              -6.9402081
            ],
            [
              107.5956087,
              -6.9402112
            ],
            [
              107.5956288,
              -6.940007
            ],
            [
              107.595726,
              -6.9400187
            ],
            [
              107.5957415,
              -6.9399428
            ],
            [
              107.5956788,
              -6.9399354
            ],
            [
              107.5956825,
              -6.9399004
            ]
          ]
        ]
      },
      "id": "way/635904123"
    },
    {
      "type": "Feature",
      "properties": {
        "@id": "way/635947064",
        "addr:city": "Bandung",
        "addr:full": "Jalan Kopo",
        "amenity": "school",
        "building": "school",
        "building:condition": "good",
        "building:levels": "1",
        "name": "MI Qoshrul Mutaqien",
        "operator:type": "private",
        "school:type_idn": "sd",
        "source": "S2City_POI_2022",
        "wheelchair": "no"
      },
      "geometry": {
        "type": "Polygon",
        "coordinates": [
          [
            [
              107.5875882,
              -6.9418201
            ],
            [
              107.5874761,
              -6.9418044
            ],
            [
              107.5874661,
              -6.9418715
            ],
            [
              107.5875785,
              -6.9418852
            ],
            [
              107.5875882,
              -6.9418201
            ]
          ]
        ]
      },
      "id": "way/635947064"
    },
    {
      "type": "Feature",
      "properties": {
        "@id": "way/635969654",
        "addr:city": "Bandung",
        "addr:full": "Jl. Pagarsih No. 181E",
        "amenity": "school",
        "building": "school",
        "building:condition": "good",
        "building:levels": "1",
        "name": "SD Swasta Swadaya 1",
        "operator:type": "private",
        "school:type_idn": "sd",
        "source": "S2City_POI_2022",
        "wheelchair": "limited"
      },
      "geometry": {
        "type": "Polygon",
        "coordinates": [
          [
            [
              107.58925,
              -6.9229024
            ],
            [
              107.5891145,
              -6.9228973
            ],
            [
              107.5888696,
              -6.922888
            ],
            [
              107.5888699,
              -6.9228819
            ],
            [
              107.5887858,
              -6.9228787
            ],
            [
              107.5887816,
              -6.9229887
            ],
            [
              107.5888975,
              -6.922993
            ],
            [
              107.5888953,
              -6.9230506
            ],
            [
              107.5887507,
              -6.9230451
            ],
            [
              107.5887489,
              -6.9230931
            ],
            [
              107.5887132,
              -6.9230918
            ],
            [
              107.5887116,
              -6.9231351
            ],
            [
              107.5889359,
              -6.9231435
            ],
            [
              107.5889367,
              -6.9231238
            ],
            [
              107.5891712,
              -6.9231327
            ],
            [
              107.5891709,
              -6.9231413
            ],
            [
              107.5892408,
              -6.9231439
            ],
            [
              107.58925,
              -6.9229024
            ]
          ]
        ]
      },
      "id": "way/635969654"
    },
    {
      "type": "Feature",
      "properties": {
        "@id": "way/635970113",
        "amenity": "school",
        "building": "school",
        "name": "Les Private Kursus Bimbel Nuraima",
        "source": "POI_WRI_Survey_2023",
        "wheelchair": "no"
      },
      "geometry": {
        "type": "Polygon",
        "coordinates": [
          [
            [
              107.5905068,
              -6.9241006
            ],
            [
              107.590504,
              -6.9241494
            ],
            [
              107.5905939,
              -6.9241545
            ],
            [
              107.5905967,
              -6.9241057
            ],
            [
              107.5905068,
              -6.9241006
            ]
          ]
        ]
      },
      "id": "way/635970113"
    },
    {
      "type": "Feature",
      "properties": {
        "@id": "way/635973381",
        "addr:city": "Bandung",
        "addr:full": "Jl. Jend. Sudirman no 467",
        "amenity": "school",
        "building": "school",
        "building:condition": "good",
        "building:levels": "4",
        "education": "school",
        "name": "Sekolah Pelita Fajar",
        "name:zh": "曙光三語學校",
        "operator:type": "private",
        "source": "S2City_POI_2022",
        "wheelchair": "limited"
      },
      "geometry": {
        "type": "Polygon",
        "coordinates": [
          [
            [
              107.5879933,
              -6.919174
            ],
            [
              107.5878985,
              -6.9191682
            ],
            [
              107.5878821,
              -6.919431
            ],
            [
              107.5877755,
              -6.9194244
            ],
            [
              107.5877665,
              -6.9195684
            ],
            [
              107.5877655,
              -6.9195843
            ],
            [
              107.5879669,
              -6.9195967
            ],
            [
              107.5879933,
              -6.919174
            ]
          ]
        ]
      },
      "id": "way/635973381"
    },
    {
      "type": "Feature",
      "properties": {
        "@id": "way/635974301",
        "addr:city": "Bandung",
        "addr:full": "Jl. Siti Mariah RT 09/RW 02",
        "amenity": "school",
        "building": "school",
        "building:condition": "good",
        "building:levels": "1",
        "name": "Paud Melati",
        "operator:type": "government",
        "school:type_idn": "sd",
        "source": "S2City_POI_2022",
        "wheelchair": "no"
      },
      "geometry": {
        "type": "Polygon",
        "coordinates": [
          [
            [
              107.5879292,
              -6.9209482
            ],
            [
              107.5878348,
              -6.9209242
            ],
            [
              107.5878342,
              -6.92097
            ],
            [
              107.5879149,
              -6.9210024
            ],
            [
              107.5879292,
              -6.9209482
            ]
          ]
        ]
      },
      "id": "way/635974301"
    },
    {
      "type": "Feature",
      "properties": {
        "@id": "way/635974361",
        "addr:city": "Bandung",
        "addr:full": "Jl. Siti Mariah RT 09/RW 02",
        "amenity": "school",
        "building": "school",
        "building:condition": "good",
        "building:levels": "1",
        "name": "Paud Melati",
        "operator:type": "government",
        "school:type_idn": "sd",
        "source": "S2City_POI_2022",
        "wheelchair": "no"
      },
      "geometry": {
        "type": "Polygon",
        "coordinates": [
          [
            [
              107.5878815,
              -6.9210319
            ],
            [
              107.5878124,
              -6.9210215
            ],
            [
              107.5878022,
              -6.9210925
            ],
            [
              107.58787,
              -6.9211026
            ],
            [
              107.5878815,
              -6.9210319
            ]
          ]
        ]
      },
      "id": "way/635974361"
    },
    {
      "type": "Feature",
      "properties": {
        "@id": "way/636109574",
        "amenity": "school",
        "building": "yes",
        "name": "SMAN 13 Bandung"
      },
      "geometry": {
        "type": "Polygon",
        "coordinates": [
          [
            [
              107.5656226,
              -6.9029922
            ],
            [
              107.5654314,
              -6.9028333
            ],
            [
              107.5652283,
              -6.9030741
            ],
            [
              107.5652605,
              -6.9031009
            ],
            [
              107.5648824,
              -6.9033185
            ],
            [
              107.5649374,
              -6.9034127
            ],
            [
              107.5649762,
              -6.9033903
            ],
            [
              107.5650803,
              -6.9035685
            ],
            [
              107.5650617,
              -6.9035792
            ],
            [
              107.5651789,
              -6.9037798
            ],
            [
              107.5652114,
              -6.9037611
            ],
            [
              107.5651958,
              -6.9037344
            ],
            [
              107.5652241,
              -6.9037182
            ],
            [
              107.5652059,
              -6.9036872
            ],
            [
              107.5652247,
              -6.9036764
            ],
            [
              107.5652168,
              -6.9036628
            ],
            [
              107.5652531,
              -6.9036418
            ],
            [
              107.5652407,
              -6.9036207
            ],
            [
              107.5652991,
              -6.903587
            ],
            [
              107.5653295,
              -6.9035045
            ],
            [
              107.5653185,
              -6.9034863
            ],
            [
              107.5653006,
              -6.9034969
            ],
            [
              107.5652704,
              -6.9034469
            ],
            [
              107.5651588,
              -6.9035133
            ],
            [
              107.5650537,
              -6.9033391
            ],
            [
              107.5651787,
              -6.9032648
            ],
            [
              107.5653783,
              -6.9034307
            ],
            [
              107.5654556,
              -6.9033389
            ],
            [
              107.5653819,
              -6.9032777
            ],
            [
              107.5656226,
              -6.9029922
            ]
          ]
        ]
      },
      "id": "way/636109574"
    },
    {
      "type": "Feature",
      "properties": {
        "@id": "way/636133984",
        "amenity": "school",
        "building": "yes",
        "name": "SMP Angkasa Lanud Husein Sastranegara"
      },
      "geometry": {
        "type": "Polygon",
        "coordinates": [
          [
            [
              107.5866403,
              -6.9067536
            ],
            [
              107.5867315,
              -6.906477
            ],
            [
              107.5866485,
              -6.9064501
            ],
            [
              107.5865461,
              -6.9067637
            ],
            [
              107.5865589,
              -6.9068239
            ],
            [
              107.5867873,
              -6.906896
            ],
            [
              107.586805,
              -6.9068622
            ],
            [
              107.5868454,
              -6.906875
            ],
            [
              107.5869069,
              -6.9068499
            ],
            [
              107.5869584,
              -6.906667
            ],
            [
              107.5868692,
              -6.9066439
            ],
            [
              107.5868148,
              -6.9068067
            ],
            [
              107.5866403,
              -6.9067536
            ]
          ]
        ]
      },
      "id": "way/636133984"
    },
    {
      "type": "Feature",
      "properties": {
        "@id": "way/636241452",
        "amenity": "school",
        "building": "school",
        "name": "SD Kemah Indonesia",
        "source": "POI_WRI_Survey_2023",
        "wheelchair": "no"
      },
      "geometry": {
        "type": "Polygon",
        "coordinates": [
          [
            [
              107.5943447,
              -6.9252952
            ],
            [
              107.5942941,
              -6.9252222
            ],
            [
              107.5942024,
              -6.9252847
            ],
            [
              107.594253,
              -6.9253577
            ],
            [
              107.5943447,
              -6.9252952
            ]
          ]
        ]
      },
      "id": "way/636241452"
    },
    {
      "type": "Feature",
      "properties": {
        "@id": "way/636241523",
        "amenity": "school",
        "building": "school",
        "name": "DTA Al Kautsar",
        "source": "POI_WRI_Survey_2023",
        "wheelchair": "no"
      },
      "geometry": {
        "type": "Polygon",
        "coordinates": [
          [
            [
              107.5944821,
              -6.9255079
            ],
            [
              107.5944516,
              -6.9254736
            ],
            [
              107.5944106,
              -6.9255095
            ],
            [
              107.5944827,
              -6.9255906
            ],
            [
              107.5945429,
              -6.9255378
            ],
            [
              107.5945013,
              -6.9254911
            ],
            [
              107.5944821,
              -6.9255079
            ]
          ]
        ]
      },
      "id": "way/636241523"
    },
    {
      "type": "Feature",
      "properties": {
        "@id": "way/636241911",
        "addr:city": "Bandung",
        "addr:full": "Jl. Pagarsih No. 29",
        "amenity": "school",
        "building": "school",
        "building:condition": "good",
        "building:levels": "2",
        "image": "http://classic.ona.io/api/v1/files/26267107?filename=hot_id/attachments/659305_gib_fasum_sekolah/1650599309029.jpg",
        "name": "SDN 003 Pagarsih Bandung",
        "operator:type": "government",
        "school:type_idn": "sd",
        "source": "S2City_POI_2022",
        "wheelchair": "limited"
      },
      "geometry": {
        "type": "Polygon",
        "coordinates": [
          [
            [
              107.5945912,
              -6.9229688
            ],
            [
              107.5945619,
              -6.9229664
            ],
            [
              107.5945642,
              -6.9229383
            ],
            [
              107.594327,
              -6.9229186
            ],
            [
              107.5943199,
              -6.9230034
            ],
            [
              107.5944743,
              -6.9230162
            ],
            [
              107.5944611,
              -6.923173
            ],
            [
              107.5945216,
              -6.923178
            ],
            [
              107.5945204,
              -6.9231914
            ],
            [
              107.5945785,
              -6.9231963
            ],
            [
              107.5945832,
              -6.9231408
            ],
            [
              107.5945566,
              -6.9231386
            ],
            [
              107.5945586,
              -6.9231148
            ],
            [
              107.5945787,
              -6.9231165
            ],
            [
              107.5945912,
              -6.9229688
            ]
          ]
        ]
      },
      "id": "way/636241911"
    },
    {
      "type": "Feature",
      "properties": {
        "@id": "way/636403995",
        "amenity": "school",
        "building": "yes",
        "name": "PG-TK-SD Ignatius Slamet Riyadi",
        "name:etymology:wikidata": "Q4188833",
        "name:etymology:wikipedia": "id:Slamet Rijadi"
      },
      "geometry": {
        "type": "Polygon",
        "coordinates": [
          [
            [
              107.6319297,
              -6.925173
            ],
            [
              107.6318364,
              -6.9251517
            ],
            [
              107.6317844,
              -6.9253655
            ],
            [
              107.6318815,
              -6.925387
            ],
            [
              107.6319297,
              -6.925173
            ]
          ]
        ]
      },
      "id": "way/636403995"
    },
    {
      "type": "Feature",
      "properties": {
        "@id": "way/636489642",
        "amenity": "school",
        "building": "yes",
        "name": "SMP PGRI 3 Bandung"
      },
      "geometry": {
        "type": "Polygon",
        "coordinates": [
          [
            [
              107.6353001,
              -6.9162274
            ],
            [
              107.6350571,
              -6.9161843
            ],
            [
              107.635033,
              -6.9163031
            ],
            [
              107.6350971,
              -6.9163142
            ],
            [
              107.6350961,
              -6.91632
            ],
            [
              107.6352084,
              -6.9163403
            ],
            [
              107.6352148,
              -6.9163121
            ],
            [
              107.6352829,
              -6.9163226
            ],
            [
              107.6353001,
              -6.9162274
            ]
          ]
        ]
      },
      "id": "way/636489642"
    },
    {
      "type": "Feature",
      "properties": {
        "@id": "way/637759399",
        "amenity": "school",
        "building": "yes",
        "name": "SD Plus Nurul Aulia"
      },
      "geometry": {
        "type": "Polygon",
        "coordinates": [
          [
            [
              107.5564058,
              -6.8618156
            ],
            [
              107.5563707,
              -6.8618699
            ],
            [
              107.5564286,
              -6.8619068
            ],
            [
              107.5564637,
              -6.8618525
            ],
            [
              107.5564058,
              -6.8618156
            ]
          ]
        ]
      },
      "id": "way/637759399"
    },
    {
      "type": "Feature",
      "properties": {
        "@id": "way/637769086",
        "amenity": "school",
        "building": "yes",
        "name": "SMK Bina Essa Parongpong"
      },
      "geometry": {
        "type": "Polygon",
        "coordinates": [
          [
            [
              107.5633474,
              -6.8643921
            ],
            [
              107.5632807,
              -6.8644803
            ],
            [
              107.5633205,
              -6.8645099
            ],
            [
              107.5633872,
              -6.8644217
            ],
            [
              107.5633474,
              -6.8643921
            ]
          ]
        ]
      },
      "id": "way/637769086"
    },
    {
      "type": "Feature",
      "properties": {
        "@id": "way/638081357",
        "amenity": "school",
        "building": "yes",
        "name": "Madrasah Aliyah Multiteknik Asih Putera"
      },
      "geometry": {
        "type": "Polygon",
        "coordinates": [
          [
            [
              107.5597673,
              -6.8678972
            ],
            [
              107.5597226,
              -6.8679662
            ],
            [
              107.5598169,
              -6.8680264
            ],
            [
              107.5598616,
              -6.8679574
            ],
            [
              107.5597673,
              -6.8678972
            ]
          ]
        ]
      },
      "id": "way/638081357"
    },
    {
      "type": "Feature",
      "properties": {
        "@id": "way/638461444",
        "amenity": "school",
        "building": "yes",
        "name": "SDS Al-Ikhlas Cipedes"
      },
      "geometry": {
        "type": "Polygon",
        "coordinates": [
          [
            [
              107.59431,
              -6.8849228
            ],
            [
              107.5943112,
              -6.8848838
            ],
            [
              107.5942206,
              -6.8848856
            ],
            [
              107.5942044,
              -6.8849036
            ],
            [
              107.5941974,
              -6.8849958
            ],
            [
              107.5942216,
              -6.884997
            ],
            [
              107.5942211,
              -6.8850027
            ],
            [
              107.594287,
              -6.8850106
            ],
            [
              107.5942865,
              -6.8850246
            ],
            [
              107.5944159,
              -6.8850368
            ],
            [
              107.5944323,
              -6.88491
            ],
            [
              107.5943569,
              -6.8849009
            ],
            [
              107.5943542,
              -6.8849248
            ],
            [
              107.59431,
              -6.8849228
            ]
          ]
        ]
      },
      "id": "way/638461444"
    },
    {
      "type": "Feature",
      "properties": {
        "@id": "way/639152594",
        "amenity": "school",
        "building": "school",
        "name": "SD Negeri 158 Babakan Sari",
        "source": "POI_WRI_Survey_2023",
        "wheelchair": "no"
      },
      "geometry": {
        "type": "Polygon",
        "coordinates": [
          [
            [
              107.6539803,
              -6.9240938
            ],
            [
              107.6539789,
              -6.9241082
            ],
            [
              107.6539601,
              -6.9241064
            ],
            [
              107.6539501,
              -6.9242091
            ],
            [
              107.6542298,
              -6.924236
            ],
            [
              107.6542412,
              -6.9241188
            ],
            [
              107.6539803,
              -6.9240938
            ]
          ]
        ]
      },
      "id": "way/639152594"
    },
    {
      "type": "Feature",
      "properties": {
        "@id": "way/639222847",
        "amenity": "school",
        "building": "school",
        "name": "SD Negeri 221 Babakan Sentral",
        "source": "POI_WRI_Survey_2023",
        "wheelchair": "no"
      },
      "geometry": {
        "type": "Polygon",
        "coordinates": [
          [
            [
              107.6502564,
              -6.9296085
            ],
            [
              107.6500757,
              -6.9293908
            ],
            [
              107.6499976,
              -6.9294547
            ],
            [
              107.6501783,
              -6.9296724
            ],
            [
              107.6502564,
              -6.9296085
            ]
          ]
        ]
      },
      "id": "way/639222847"
    },
    {
      "type": "Feature",
      "properties": {
        "@id": "way/639795843",
        "addr:city": "Bandung",
        "addr:full": "Jl Hegar Asih no 1-3",
        "amenity": "school",
        "building": "school",
        "building:condition": "good",
        "building:levels": "2",
        "image": "http://classic.ona.io/api/v1/files/26293818?filename=hot_id/attachments/659305_gib_fasum_sekolah/1650789082232.jpg",
        "name": "SPLBC YPLB Bandung",
        "operator:type": "private",
        "school:type_idn": "smp",
        "source": "S2City_POI_2022",
        "wheelchair": "yes"
      },
      "geometry": {
        "type": "Polygon",
        "coordinates": [
          [
            [
              107.6024975,
              -6.8859465
            ],
            [
              107.6024488,
              -6.8859508
            ],
            [
              107.6024502,
              -6.8859674
            ],
            [
              107.6024284,
              -6.8859694
            ],
            [
              107.6024291,
              -6.8859772
            ],
            [
              107.6024336,
              -6.886028
            ],
            [
              107.6024407,
              -6.8861076
            ],
            [
              107.6025429,
              -6.8860986
            ],
            [
              107.6025299,
              -6.8859531
            ],
            [
              107.6024983,
              -6.8859559
            ],
            [
              107.6024975,
              -6.8859465
            ]
          ]
        ]
      },
      "id": "way/639795843"
    },
    {
      "type": "Feature",
      "properties": {
        "@id": "way/639862169",
        "amenity": "school",
        "building": "yes",
        "name": "SMP Negeri 22 Bandung"
      },
      "geometry": {
        "type": "Polygon",
        "coordinates": [
          [
            [
              107.6337477,
              -6.9120737
            ],
            [
              107.6337878,
              -6.9120473
            ],
            [
              107.6335397,
              -6.9116657
            ],
            [
              107.6334473,
              -6.9117247
            ],
            [
              107.6336954,
              -6.9121081
            ],
            [
              107.6337045,
              -6.9121021
            ],
            [
              107.6338024,
              -6.9122514
            ],
            [
              107.6338457,
              -6.912223
            ],
            [
              107.6337477,
              -6.9120737
            ]
          ]
        ]
      },
      "id": "way/639862169"
    },
    {
      "type": "Feature",
      "properties": {
        "@id": "way/639894004",
        "amenity": "school",
        "building": "yes",
        "name": "SMP Negeri 51 Bandung"
      },
      "geometry": {
        "type": "Polygon",
        "coordinates": [
          [
            [
              107.6802688,
              -6.9646159
            ],
            [
              107.6802679,
              -6.9645059
            ],
            [
              107.6802135,
              -6.9645062
            ],
            [
              107.6802136,
              -6.964543
            ],
            [
              107.6801908,
              -6.9645432
            ],
            [
              107.6801901,
              -6.9646163
            ],
            [
              107.6802688,
              -6.9646159
            ]
          ]
        ]
      },
      "id": "way/639894004"
    },
    {
      "type": "Feature",
      "properties": {
        "@id": "way/648355519",
        "addr:street": "jalan Pesantren",
        "amenity": "school",
        "name": "SMA N 3 Cimahi"
      },
      "geometry": {
        "type": "Polygon",
        "coordinates": [
          [
            [
              107.5600914,
              -6.8737669
            ],
            [
              107.5603957,
              -6.8732162
            ],
            [
              107.5601426,
              -6.873061
            ],
            [
              107.5600649,
              -6.8731747
            ],
            [
              107.5598812,
              -6.8730719
            ],
            [
              107.559616,
              -6.8735442
            ],
            [
              107.5600914,
              -6.8737669
            ]
          ]
        ]
      },
      "id": "way/648355519"
    },
    {
      "type": "Feature",
      "properties": {
        "@id": "way/648363941",
        "amenity": "school",
        "building": "yes",
        "name": "SMP Pasundan 1 Cimahi"
      },
      "geometry": {
        "type": "Polygon",
        "coordinates": [
          [
            [
              107.5509684,
              -6.8679334
            ],
            [
              107.5509255,
              -6.8680107
            ],
            [
              107.5509898,
              -6.8680473
            ],
            [
              107.5512339,
              -6.8681864
            ],
            [
              107.5512795,
              -6.8681198
            ],
            [
              107.5509684,
              -6.8679334
            ]
          ]
        ]
      },
      "id": "way/648363941"
    },
    {
      "type": "Feature",
      "properties": {
        "@id": "way/651172189",
        "amenity": "school",
        "building": "school",
        "name": "Madrasah Al-Qautsar"
      },
      "geometry": {
        "type": "Polygon",
        "coordinates": [
          [
            [
              107.6520441,
              -6.9634445
            ],
            [
              107.6519421,
              -6.9634365
            ],
            [
              107.6519312,
              -6.9635726
            ],
            [
              107.6520332,
              -6.9635807
            ],
            [
              107.6520441,
              -6.9634445
            ]
          ]
        ]
      },
      "id": "way/651172189"
    },
    {
      "type": "Feature",
      "properties": {
        "@id": "way/663035706",
        "amenity": "school",
        "name": "SMK Negeri 1 Cimahi"
      },
      "geometry": {
        "type": "Polygon",
        "coordinates": [
          [
            [
              107.5378283,
              -6.9026571
            ],
            [
              107.5392685,
              -6.9025704
            ],
            [
              107.5396983,
              -6.901022
            ],
            [
              107.5390271,
              -6.9008802
            ],
            [
              107.5384913,
              -6.900783
            ],
            [
              107.5384652,
              -6.9008595
            ],
            [
              107.538228,
              -6.9008466
            ],
            [
              107.5381149,
              -6.9015695
            ],
            [
              107.5380582,
              -6.9018188
            ],
            [
              107.5379884,
              -6.9020298
            ],
            [
              107.5378711,
              -6.9023853
            ],
            [
              107.5378463,
              -6.9025473
            ],
            [
              107.5378283,
              -6.9026571
            ]
          ]
        ]
      },
      "id": "way/663035706"
    },
    {
      "type": "Feature",
      "properties": {
        "@id": "way/721493914",
        "addr:city": "Bandung",
        "addr:full": "Jalan Ir. H. Juanda No.93",
        "amenity": "school",
        "name": "SMA Negeri 1 Bandung",
        "operator:type": "government",
        "school:type_idn": "sma",
        "source": "S2City_POI_2022",
        "wheelchair": "yes",
        "wikidata": "Q19734594"
      },
      "geometry": {
        "type": "Polygon",
        "coordinates": [
          [
            [
              107.6128034,
              -6.895132
            ],
            [
              107.6117291,
              -6.8950229
            ],
            [
              107.6115946,
              -6.8958288
            ],
            [
              107.6124179,
              -6.8958817
            ],
            [
              107.6124277,
              -6.8957203
            ],
            [
              107.612773,
              -6.8955668
            ],
            [
              107.6128034,
              -6.895132
            ]
          ]
        ]
      },
      "id": "way/721493914"
    },
    {
      "type": "Feature",
      "properties": {
        "@id": "way/722451178",
        "addr:city": "Bandung",
        "addr:full": "Jl. Puyuh No. 2",
        "amenity": "school",
        "name": "SD Negeri 32 Tilil",
        "operator:type": "government",
        "school:type_idn": "sd",
        "source": "S2City_POI_2022",
        "wheelchair": "limited"
      },
      "geometry": {
        "type": "Polygon",
        "coordinates": [
          [
            [
              107.623285,
              -6.8978839
            ],
            [
              107.6232632,
              -6.8979771
            ],
            [
              107.6232082,
              -6.8979658
            ],
            [
              107.6231237,
              -6.8983931
            ],
            [
              107.6235781,
              -6.8984686
            ],
            [
              107.6236794,
              -6.8979603
            ],
            [
              107.623285,
              -6.8978839
            ]
          ]
        ]
      },
      "id": "way/722451178"
    },
    {
      "type": "Feature",
      "properties": {
        "@id": "way/725301016",
        "amenity": "school",
        "building": "yes",
        "name": "SDN MELONG MANDIRI 1"
      },
      "geometry": {
        "type": "Polygon",
        "coordinates": [
          [
            [
              107.5602223,
              -6.9258222
            ],
            [
              107.5602071,
              -6.9260823
            ],
            [
              107.5603015,
              -6.9260883
            ],
            [
              107.5603096,
              -6.9258222
            ],
            [
              107.5602223,
              -6.9258222
            ]
          ]
        ]
      },
      "id": "way/725301016"
    },
    {
      "type": "Feature",
      "properties": {
        "@id": "way/730917386",
        "amenity": "school",
        "building": "yes",
        "name": "Yayasan Atikan Sunda Bandung (YAS)"
      },
      "geometry": {
        "type": "Polygon",
        "coordinates": [
          [
            [
              107.6468474,
              -6.9006258
            ],
            [
              107.6467203,
              -6.9007927
            ],
            [
              107.6468567,
              -6.9008952
            ],
            [
              107.6469839,
              -6.9007284
            ],
            [
              107.6468474,
              -6.9006258
            ]
          ]
        ]
      },
      "id": "way/730917386"
    },
    {
      "type": "Feature",
      "properties": {
        "@id": "way/769024630",
        "amenity": "school",
        "building": "school",
        "name": "SMP Negeri 30 Kota Bandung",
        "source": "POI_WRI_Survey_2023",
        "wheelchair": "no"
      },
      "geometry": {
        "type": "Polygon",
        "coordinates": [
          [
            [
              107.6458415,
              -6.9362694
            ],
            [
              107.6459445,
              -6.9362934
            ],
            [
              107.6459512,
              -6.9362654
            ],
            [
              107.6460008,
              -6.936277
            ],
            [
              107.6459906,
              -6.9363199
            ],
            [
              107.6460766,
              -6.93634
            ],
            [
              107.6460872,
              -6.9362953
            ],
            [
              107.646204,
              -6.9363226
            ],
            [
              107.6462312,
              -6.9362076
            ],
            [
              107.6459869,
              -6.9361506
            ],
            [
              107.6460161,
              -6.9360275
            ],
            [
              107.6461494,
              -6.9360586
            ],
            [
              107.6461619,
              -6.9360059
            ],
            [
              107.6459175,
              -6.9359488
            ],
            [
              107.6458756,
              -6.9361254
            ],
            [
              107.6458541,
              -6.9362162
            ],
            [
              107.6458415,
              -6.9362694
            ]
          ]
        ]
      },
      "id": "way/769024630"
    },
    {
      "type": "Feature",
      "properties": {
        "@id": "way/777206920",
        "addr:city": "Sayati, Margahayu, Bandung, Jawa Barat",
        "addr:postcode": "40223",
        "addr:street": "Jalan Kopo Sayati",
        "amenity": "school",
        "name": "SDN Margahayu 01, 02, 03, 13",
        "operator": "Government",
        "operator:type": "government"
      },
      "geometry": {
        "type": "Polygon",
        "coordinates": [
          [
            [
              107.5774198,
              -6.9627888
            ],
            [
              107.5772757,
              -6.9629873
            ],
            [
              107.5772558,
              -6.9630186
            ],
            [
              107.577404,
              -6.9631085
            ],
            [
              107.5774308,
              -6.9631247
            ],
            [
              107.5775907,
              -6.9632217
            ],
            [
              107.5777346,
              -6.9630048
            ],
            [
              107.5776831,
              -6.9629661
            ],
            [
              107.577449,
              -6.9628049
            ],
            [
              107.5774198,
              -6.9627888
            ]
          ]
        ]
      },
      "id": "way/777206920"
    },
    {
      "type": "Feature",
      "properties": {
        "@id": "way/779076134",
        "amenity": "school",
        "name": "SMPN 13 Bandung"
      },
      "geometry": {
        "type": "Polygon",
        "coordinates": [
          [
            [
              107.6227906,
              -6.9350293
            ],
            [
              107.6223292,
              -6.9358187
            ],
            [
              107.6225357,
              -6.9359772
            ],
            [
              107.6226819,
              -6.9361302
            ],
            [
              107.6227919,
              -6.9361276
            ],
            [
              107.622918,
              -6.9359931
            ],
            [
              107.6231912,
              -6.9354227
            ],
            [
              107.6232412,
              -6.9352729
            ],
            [
              107.6227906,
              -6.9350293
            ]
          ]
        ]
      },
      "id": "way/779076134"
    },
    {
      "type": "Feature",
      "properties": {
        "@id": "way/791996982",
        "amenity": "school",
        "building": "yes",
        "name": "Yayasan Pendidikan Mathlaul Anwar Pesantren Palgenep Margahayu"
      },
      "geometry": {
        "type": "Polygon",
        "coordinates": [
          [
            [
              107.5677483,
              -6.97613
            ],
            [
              107.5677379,
              -6.9762228
            ],
            [
              107.5678873,
              -6.9762392
            ],
            [
              107.5678977,
              -6.9761465
            ],
            [
              107.5677483,
              -6.97613
            ]
          ]
        ]
      },
      "id": "way/791996982"
    },
    {
      "type": "Feature",
      "properties": {
        "@id": "way/803857861",
        "amenity": "school",
        "building": "yes",
        "name": "Pondok Pesantren Al - Basyariyah 2"
      },
      "geometry": {
        "type": "Polygon",
        "coordinates": [
          [
            [
              107.5471485,
              -6.9593677
            ],
            [
              107.5469682,
              -6.9596472
            ],
            [
              107.5470504,
              -6.9596961
            ],
            [
              107.5470043,
              -6.9597714
            ],
            [
              107.5469705,
              -6.9598199
            ],
            [
              107.5472599,
              -6.9600074
            ],
            [
              107.5473486,
              -6.95987
            ],
            [
              107.5474045,
              -6.9597835
            ],
            [
              107.5472611,
              -6.9596923
            ],
            [
              107.5473284,
              -6.959562
            ],
            [
              107.5472784,
              -6.9595071
            ],
            [
              107.5472246,
              -6.9594871
            ],
            [
              107.5472464,
              -6.9594299
            ],
            [
              107.5471485,
              -6.9593677
            ]
          ]
        ]
      },
      "id": "way/803857861"
    },
    {
      "type": "Feature",
      "properties": {
        "@id": "way/810717201",
        "amenity": "school"
      },
      "geometry": {
        "type": "Polygon",
        "coordinates": [
          [
            [
              107.6107026,
              -6.9112995
            ],
            [
              107.6106923,
              -6.9114011
            ],
            [
              107.6109226,
              -6.9114242
            ],
            [
              107.610933,
              -6.9113226
            ],
            [
              107.6107026,
              -6.9112995
            ]
          ]
        ]
      },
      "id": "way/810717201"
    },
    {
      "type": "Feature",
      "properties": {
        "@id": "way/810717202",
        "amenity": "school"
      },
      "geometry": {
        "type": "Polygon",
        "coordinates": [
          [
            [
              107.6106674,
              -6.9114847
            ],
            [
              107.6106578,
              -6.9115746
            ],
            [
              107.610696,
              -6.911579
            ],
            [
              107.6108127,
              -6.9115919
            ],
            [
              107.6107918,
              -6.9117776
            ],
            [
              107.6107907,
              -6.9118071
            ],
            [
              107.6109374,
              -6.9118226
            ],
            [
              107.610953,
              -6.9116891
            ],
            [
              107.610967,
              -6.9115163
            ],
            [
              107.6106674,
              -6.9114847
            ]
          ]
        ]
      },
      "id": "way/810717202"
    },
    {
      "type": "Feature",
      "properties": {
        "@id": "way/810717203",
        "amenity": "school"
      },
      "geometry": {
        "type": "Polygon",
        "coordinates": [
          [
            [
              107.610696,
              -6.911579
            ],
            [
              107.6106752,
              -6.9117648
            ],
            [
              107.6107918,
              -6.9117776
            ],
            [
              107.6108127,
              -6.9115919
            ],
            [
              107.610696,
              -6.911579
            ]
          ]
        ]
      },
      "id": "way/810717203"
    },
    {
      "type": "Feature",
      "properties": {
        "@id": "way/822640475",
        "amenity": "school",
        "building": "yes",
        "name": "SMK Plus Assalaam Bandung"
      },
      "geometry": {
        "type": "Polygon",
        "coordinates": [
          [
            [
              107.5930637,
              -6.9670084
            ],
            [
              107.5930645,
              -6.9672006
            ],
            [
              107.592817,
              -6.9672085
            ],
            [
              107.5928174,
              -6.9671788
            ],
            [
              107.5927322,
              -6.9671776
            ],
            [
              107.5927313,
              -6.9672439
            ],
            [
              107.5928016,
              -6.9672449
            ],
            [
              107.5928026,
              -6.9672762
            ],
            [
              107.5931609,
              -6.9672649
            ],
            [
              107.5931587,
              -6.9671977
            ],
            [
              107.5931478,
              -6.967198
            ],
            [
              107.593147,
              -6.967008
            ],
            [
              107.5931163,
              -6.9670082
            ],
            [
              107.5931254,
              -6.9667844
            ],
            [
              107.5926919,
              -6.9667669
            ],
            [
              107.5926912,
              -6.9667848
            ],
            [
              107.5926827,
              -6.966993
            ],
            [
              107.5930637,
              -6.9670084
            ]
          ]
        ]
      },
      "id": "way/822640475"
    },
    {
      "type": "Feature",
      "properties": {
        "@id": "way/825059197",
        "amenity": "school",
        "building": "yes",
        "name": "SMP Negeri 2 Dayeuhkolot"
      },
      "geometry": {
        "type": "Polygon",
        "coordinates": [
          [
            [
              107.5938406,
              -6.9723575
            ],
            [
              107.5938614,
              -6.9723594
            ],
            [
              107.5938544,
              -6.9724351
            ],
            [
              107.5938468,
              -6.9725183
            ],
            [
              107.5939597,
              -6.9725285
            ],
            [
              107.5939615,
              -6.9725083
            ],
            [
              107.5939802,
              -6.9723053
            ],
            [
              107.5938465,
              -6.9722932
            ],
            [
              107.5938447,
              -6.9723126
            ],
            [
              107.5938406,
              -6.9723575
            ]
          ]
        ]
      },
      "id": "way/825059197"
    },
    {
      "type": "Feature",
      "properties": {
        "@id": "way/832706774",
        "amenity": "school",
        "building": "yes",
        "name": "SDK - SMPK Kalam Kudus Dayeuhkolot"
      },
      "geometry": {
        "type": "Polygon",
        "coordinates": [
          [
            [
              107.5907495,
              -6.9677881
            ],
            [
              107.5907077,
              -6.9679506
            ],
            [
              107.5912707,
              -6.9680936
            ],
            [
              107.5913126,
              -6.967931
            ],
            [
              107.5907495,
              -6.9677881
            ]
          ]
        ]
      },
      "id": "way/832706774"
    },
    {
      "type": "Feature",
      "properties": {
        "@id": "way/844314441",
        "amenity": "school",
        "building": "yes",
        "name": "SD YAS I Pasirleutik"
      },
      "geometry": {
        "type": "Polygon",
        "coordinates": [
          [
            [
              107.6505607,
              -6.8935129
            ],
            [
              107.6505388,
              -6.8935718
            ],
            [
              107.6507515,
              -6.8936499
            ],
            [
              107.6507245,
              -6.8937222
            ],
            [
              107.6506029,
              -6.8936776
            ],
            [
              107.650567,
              -6.8937739
            ],
            [
              107.6507722,
              -6.8938493
            ],
            [
              107.650857,
              -6.8936216
            ],
            [
              107.6505607,
              -6.8935129
            ]
          ]
        ]
      },
      "id": "way/844314441"
    },
    {
      "type": "Feature",
      "properties": {
        "@id": "way/856181532",
        "amenity": "school",
        "building": "yes",
        "name": "SMP Garuda Dayeuhkolot"
      },
      "geometry": {
        "type": "Polygon",
        "coordinates": [
          [
            [
              107.6290273,
              -6.9828899
            ],
            [
              107.6290262,
              -6.9829629
            ],
            [
              107.629089,
              -6.9829638
            ],
            [
              107.6290901,
              -6.9828908
            ],
            [
              107.6290273,
              -6.9828899
            ]
          ]
        ]
      },
      "id": "way/856181532"
    },
    {
      "type": "Feature",
      "properties": {
        "@id": "way/856303845",
        "amenity": "school",
        "building": "yes",
        "name": "SMKN 14 Bandung"
      },
      "geometry": {
        "type": "Polygon",
        "coordinates": [
          [
            [
              107.6569465,
              -6.9637852
            ],
            [
              107.6569808,
              -6.9635673
            ],
            [
              107.6569023,
              -6.9635551
            ],
            [
              107.6568679,
              -6.9637729
            ],
            [
              107.6569465,
              -6.9637852
            ]
          ]
        ]
      },
      "id": "way/856303845"
    },
    {
      "type": "Feature",
      "properties": {
        "@id": "way/856650016",
        "amenity": "school",
        "building": "yes",
        "name": "SMPK 3 Bina Bakti Margahayu"
      },
      "geometry": {
        "type": "Polygon",
        "coordinates": [
          [
            [
              107.5726197,
              -6.9658575
            ],
            [
              107.5725806,
              -6.9660307
            ],
            [
              107.5727713,
              -6.9660731
            ],
            [
              107.5728104,
              -6.9658999
            ],
            [
              107.5726197,
              -6.9658575
            ]
          ]
        ]
      },
      "id": "way/856650016"
    },
    {
      "type": "Feature",
      "properties": {
        "@id": "way/857104954",
        "amenity": "school",
        "building": "yes",
        "name": "SDN Ciwaruga 01"
      },
      "geometry": {
        "type": "Polygon",
        "coordinates": [
          [
            [
              107.5746405,
              -6.8652204
            ],
            [
              107.5747086,
              -6.8652473
            ],
            [
              107.5747577,
              -6.8651247
            ],
            [
              107.5746897,
              -6.8650979
            ],
            [
              107.5746405,
              -6.8652204
            ]
          ]
        ]
      },
      "id": "way/857104954"
    },
    {
      "type": "Feature",
      "properties": {
        "@id": "way/857131211",
        "amenity": "school",
        "building": "yes",
        "name": "Yayasan Tarbiyatul Insan An Naim Bandung"
      },
      "geometry": {
        "type": "Polygon",
        "coordinates": [
          [
            [
              107.5977925,
              -6.9834833
            ],
            [
              107.5978919,
              -6.98361
            ],
            [
              107.5979866,
              -6.9835368
            ],
            [
              107.5978873,
              -6.9834101
            ],
            [
              107.5977925,
              -6.9834833
            ]
          ]
        ]
      },
      "id": "way/857131211"
    },
    {
      "type": "Feature",
      "properties": {
        "@id": "way/857206922",
        "amenity": "school",
        "building": "yes",
        "name": "SDN Jeungjing Rigil Tengah"
      },
      "geometry": {
        "type": "Polygon",
        "coordinates": [
          [
            [
              107.5691436,
              -6.8699741
            ],
            [
              107.5692178,
              -6.8699945
            ],
            [
              107.5692402,
              -6.869914
            ],
            [
              107.5691659,
              -6.8698936
            ],
            [
              107.5691436,
              -6.8699741
            ]
          ]
        ]
      },
      "id": "way/857206922"
    },
    {
      "type": "Feature",
      "properties": {
        "@id": "way/857779227",
        "amenity": "school",
        "building": "yes",
        "name": "Yayasan Surya Kanti Cimuncang"
      },
      "geometry": {
        "type": "Polygon",
        "coordinates": [
          [
            [
              107.6496843,
              -6.8946359
            ],
            [
              107.6496501,
              -6.8947305
            ],
            [
              107.6497172,
              -6.8947544
            ],
            [
              107.6497513,
              -6.8946598
            ],
            [
              107.6496843,
              -6.8946359
            ]
          ]
        ]
      },
      "id": "way/857779227"
    },
    {
      "type": "Feature",
      "properties": {
        "@id": "way/857802296",
        "amenity": "school",
        "building": "yes",
        "check_date": "2026-03-18",
        "name": "SMK Negeri 5 Bandung"
      },
      "geometry": {
        "type": "Polygon",
        "coordinates": [
          [
            [
              107.6465065,
              -6.8895436
            ],
            [
              107.6464413,
              -6.8896154
            ],
            [
              107.6465762,
              -6.8897362
            ],
            [
              107.6466414,
              -6.8896644
            ],
            [
              107.6465065,
              -6.8895436
            ]
          ]
        ]
      },
      "id": "way/857802296"
    },
    {
      "type": "Feature",
      "properties": {
        "@id": "way/857929017",
        "amenity": "school",
        "building": "yes",
        "name": "SMA Cendekia Muda Bandung"
      },
      "geometry": {
        "type": "Polygon",
        "coordinates": [
          [
            [
              107.6344742,
              -6.894779
            ],
            [
              107.6344497,
              -6.8948794
            ],
            [
              107.634619,
              -6.8949202
            ],
            [
              107.6346435,
              -6.8948198
            ],
            [
              107.6344742,
              -6.894779
            ]
          ]
        ]
      },
      "id": "way/857929017"
    },
    {
      "type": "Feature",
      "properties": {
        "@id": "way/858204091",
        "amenity": "school",
        "building": "yes",
        "name": "MTS Al Haq",
        "religion": "muslim"
      },
      "geometry": {
        "type": "Polygon",
        "coordinates": [
          [
            [
              107.562043,
              -6.9744067
            ],
            [
              107.5620082,
              -6.974504
            ],
            [
              107.5620683,
              -6.9745252
            ],
            [
              107.5621031,
              -6.9744279
            ],
            [
              107.562043,
              -6.9744067
            ]
          ]
        ]
      },
      "id": "way/858204091"
    },
    {
      "type": "Feature",
      "properties": {
        "@id": "way/868987223",
        "addr:city": "Bandung",
        "addr:full": "Jl. Ir. H. Juanda No.285, Dago, Kecamatan Coblong, Kota Bandung, Jawa Barat 40135",
        "addr:postcode": "40135",
        "amenity": "school",
        "building": "school",
        "building:condition": "good",
        "building:levels": "3",
        "name": "SD Darul Hikam",
        "operator:type": "government",
        "school:type_idn": "sd",
        "source": "S2City_POI_2022",
        "wheelchair": "no"
      },
      "geometry": {
        "type": "Polygon",
        "coordinates": [
          [
            [
              107.6158861,
              -6.8789874
            ],
            [
              107.6158732,
              -6.879031
            ],
            [
              107.6159025,
              -6.8790396
            ],
            [
              107.6158425,
              -6.8792431
            ],
            [
              107.6159059,
              -6.8792615
            ],
            [
              107.6159457,
              -6.8791264
            ],
            [
              107.6159788,
              -6.8790143
            ],
            [
              107.6158861,
              -6.8789874
            ]
          ]
        ]
      },
      "id": "way/868987223"
    },
    {
      "type": "Feature",
      "properties": {
        "@id": "way/876099078",
        "addr:city": "Bandung",
        "addr:full": "Jalan Ir. H. Djuanda No. 3/162A",
        "amenity": "school",
        "building": "school",
        "building:condition": "good",
        "building:levels": "1",
        "name": "Madrasah Al Ishlah",
        "operator:type": "private",
        "school:type_idn": "sd",
        "source": "S2City_POI_2022",
        "wheelchair": "no"
      },
      "geometry": {
        "type": "Polygon",
        "coordinates": [
          [
            [
              107.6197552,
              -6.873593
            ],
            [
              107.6197399,
              -6.8736513
            ],
            [
              107.6198071,
              -6.8736686
            ],
            [
              107.6198223,
              -6.8736103
            ],
            [
              107.6197552,
              -6.873593
            ]
          ]
        ]
      },
      "id": "way/876099078"
    },
    {
      "type": "Feature",
      "properties": {
        "@id": "way/909004992",
        "amenity": "school",
        "building": "yes",
        "name": "SMAN 1 Margaasih"
      },
      "geometry": {
        "type": "Polygon",
        "coordinates": [
          [
            [
              107.5487907,
              -6.9711513
            ],
            [
              107.5487196,
              -6.9712964
            ],
            [
              107.5488229,
              -6.971339
            ],
            [
              107.5488886,
              -6.9712019
            ],
            [
              107.5487907,
              -6.9711513
            ]
          ]
        ]
      },
      "id": "way/909004992"
    },
    {
      "type": "Feature",
      "properties": {
        "@id": "way/909271541",
        "amenity": "school",
        "building": "yes",
        "name": "SMA Sekolah Angkasa Lanud Sulaiman"
      },
      "geometry": {
        "type": "Polygon",
        "coordinates": [
          [
            [
              107.5635894,
              -6.9827371
            ],
            [
              107.5635439,
              -6.9828209
            ],
            [
              107.5636121,
              -6.9828806
            ],
            [
              107.5636462,
              -6.9828532
            ],
            [
              107.5637015,
              -6.9828854
            ],
            [
              107.5637112,
              -6.9828677
            ],
            [
              107.5638038,
              -6.9829257
            ],
            [
              107.5637957,
              -6.9829451
            ],
            [
              107.5638233,
              -6.9829434
            ],
            [
              107.563885,
              -6.9829902
            ],
            [
              107.5639256,
              -6.9828951
            ],
            [
              107.5638217,
              -6.9828483
            ],
            [
              107.5638298,
              -6.9828306
            ],
            [
              107.5637583,
              -6.9827935
            ],
            [
              107.5637486,
              -6.982808
            ],
            [
              107.5636998,
              -6.9827919
            ],
            [
              107.5636787,
              -6.9827855
            ],
            [
              107.5635894,
              -6.9827371
            ]
          ]
        ]
      },
      "id": "way/909271541"
    },
    {
      "type": "Feature",
      "properties": {
        "@id": "way/909273012",
        "amenity": "school",
        "building": "yes",
        "name": "SMP Sekolah Angkasa Lanud Sulaiman"
      },
      "geometry": {
        "type": "Polygon",
        "coordinates": [
          [
            [
              107.56418,
              -6.9827633
            ],
            [
              107.5640502,
              -6.982972
            ],
            [
              107.5639847,
              -6.9829401
            ],
            [
              107.5639272,
              -6.9829207
            ],
            [
              107.5639215,
              -6.9829423
            ],
            [
              107.5638319,
              -6.9831088
            ],
            [
              107.5638434,
              -6.9831236
            ],
            [
              107.5638399,
              -6.9831362
            ],
            [
              107.5638882,
              -6.983167
            ],
            [
              107.5639112,
              -6.9831601
            ],
            [
              107.5639743,
              -6.9830438
            ],
            [
              107.5639881,
              -6.9830461
            ],
            [
              107.5639433,
              -6.9831225
            ],
            [
              107.5639755,
              -6.9831225
            ],
            [
              107.5640031,
              -6.9831693
            ],
            [
              107.5641386,
              -6.9832137
            ],
            [
              107.5642546,
              -6.9829766
            ],
            [
              107.5643707,
              -6.983037
            ],
            [
              107.5644431,
              -6.9829127
            ],
            [
              107.5643063,
              -6.9828397
            ],
            [
              107.5642627,
              -6.9828067
            ],
            [
              107.5642363,
              -6.9828135
            ],
            [
              107.5642363,
              -6.9827941
            ],
            [
              107.56418,
              -6.9827633
            ]
          ]
        ]
      },
      "id": "way/909273012"
    },
    {
      "type": "Feature",
      "properties": {
        "@id": "way/986536819",
        "addr:city": "Sukamenak",
        "addr:street": "SAMPORA SEKEAWI",
        "amenity": "school",
        "operator": "YAYASAN ANNI'MAH",
        "operator:type": "public",
        "website": "https://annimah.sch.id/"
      },
      "geometry": {
        "type": "Polygon",
        "coordinates": [
          [
            [
              107.5840848,
              -6.9739089
            ],
            [
              107.5839873,
              -6.9743095
            ],
            [
              107.5847237,
              -6.974473
            ],
            [
              107.5848011,
              -6.9740825
            ],
            [
              107.5840848,
              -6.9739089
            ]
          ]
        ]
      },
      "id": "way/986536819"
    },
    {
      "type": "Feature",
      "properties": {
        "@id": "way/1049708028",
        "amenity": "school",
        "building": "yes",
        "name": "SD Plus Marhas"
      },
      "geometry": {
        "type": "Polygon",
        "coordinates": [
          [
            [
              107.5719585,
              -6.9788055
            ],
            [
              107.5719677,
              -6.9788969
            ],
            [
              107.57198,
              -6.9788999
            ],
            [
              107.5719876,
              -6.9789464
            ],
            [
              107.5720521,
              -6.9789311
            ],
            [
              107.572039,
              -6.9788322
            ],
            [
              107.5720475,
              -6.97882
            ],
            [
              107.5720352,
              -6.978791
            ],
            [
              107.5719585,
              -6.9788055
            ]
          ]
        ]
      },
      "id": "way/1049708028"
    },
    {
      "type": "Feature",
      "properties": {
        "@id": "way/1049832410",
        "amenity": "school",
        "name": "SMP Angkasa",
        "operator": "Bandung",
        "operator:type": "private"
      },
      "geometry": {
        "type": "Polygon",
        "coordinates": [
          [
            [
              107.579809,
              -6.8951351
            ],
            [
              107.5797165,
              -6.8950568
            ],
            [
              107.5792607,
              -6.8953956
            ],
            [
              107.5794315,
              -6.8956628
            ],
            [
              107.5793496,
              -6.8958909
            ],
            [
              107.5793985,
              -6.8959888
            ],
            [
              107.5796243,
              -6.8961706
            ],
            [
              107.5802452,
              -6.8956151
            ],
            [
              107.5802158,
              -6.8955847
            ],
            [
              107.5798289,
              -6.8951725
            ],
            [
              107.579809,
              -6.8951351
            ]
          ]
        ]
      },
      "id": "way/1049832410"
    },
    {
      "type": "Feature",
      "properties": {
        "@id": "way/1052977334",
        "amenity": "school"
      },
      "geometry": {
        "type": "Polygon",
        "coordinates": [
          [
            [
              107.6183167,
              -6.8837683
            ],
            [
              107.6183285,
              -6.8840341
            ],
            [
              107.6185332,
              -6.8840341
            ],
            [
              107.6185175,
              -6.8837683
            ],
            [
              107.6183167,
              -6.8837683
            ]
          ]
        ]
      },
      "id": "way/1052977334"
    },
    {
      "type": "Feature",
      "properties": {
        "@id": "way/1052982386",
        "amenity": "school"
      },
      "geometry": {
        "type": "Polygon",
        "coordinates": [
          [
            [
              107.6186727,
              -6.8840094
            ],
            [
              107.6186798,
              -6.8842784
            ],
            [
              107.6188382,
              -6.8842889
            ],
            [
              107.618803,
              -6.8840163
            ],
            [
              107.6186727,
              -6.8840094
            ]
          ]
        ]
      },
      "id": "way/1052982386"
    },
    {
      "type": "Feature",
      "properties": {
        "@id": "way/1059541357",
        "addr:city": "Bandung",
        "addr:full": "Jalan Pelesiran No.36",
        "amenity": "school",
        "name": "SD Negeri Pelesiran",
        "operator:type": "government",
        "school:type_idn": "sd",
        "source": "S2City_POI_2022"
      },
      "geometry": {
        "type": "Polygon",
        "coordinates": [
          [
            [
              107.6073061,
              -6.8957343
            ],
            [
              107.6073774,
              -6.8957782
            ],
            [
              107.6075575,
              -6.8957765
            ],
            [
              107.607735,
              -6.8954922
            ],
            [
              107.6075345,
              -6.8953687
            ],
            [
              107.6073061,
              -6.8957343
            ]
          ]
        ]
      },
      "id": "way/1059541357"
    },
    {
      "type": "Feature",
      "properties": {
        "@id": "way/1059993443",
        "addr:city": "Bandung",
        "addr:full": "Jl. Baros No. 2, Cihapit, Bandung Wetan",
        "amenity": "school",
        "building": "school",
        "building:condition": "good",
        "building:levels": "2",
        "name": "SD Priangan Istiqamah",
        "operator:type": "private",
        "school:type_idn": "sd",
        "source": "S2City_POI_2022",
        "wheelchair": "limited"
      },
      "geometry": {
        "type": "Polygon",
        "coordinates": [
          [
            [
              107.6283185,
              -6.9070664
            ],
            [
              107.6284567,
              -6.9072275
            ],
            [
              107.6285465,
              -6.907153
            ],
            [
              107.6284151,
              -6.9069373
            ],
            [
              107.6283936,
              -6.9068907
            ],
            [
              107.6284003,
              -6.9067283
            ],
            [
              107.6282796,
              -6.9067229
            ],
            [
              107.6282756,
              -6.9069639
            ],
            [
              107.6282823,
              -6.9070185
            ],
            [
              107.6283185,
              -6.9070664
            ]
          ]
        ]
      },
      "id": "way/1059993443"
    },
    {
      "type": "Feature",
      "properties": {
        "@id": "way/1059993444",
        "amenity": "school",
        "source": "S2City_POI_2022"
      },
      "geometry": {
        "type": "Polygon",
        "coordinates": [
          [
            [
              107.6111215,
              -6.905586
            ],
            [
              107.6113482,
              -6.9058469
            ],
            [
              107.6113455,
              -6.9058975
            ],
            [
              107.6112248,
              -6.9060013
            ],
            [
              107.6112061,
              -6.906199
            ],
            [
              107.611436,
              -6.906243
            ],
            [
              107.6114441,
              -6.9062476
            ],
            [
              107.6115002,
              -6.9063134
            ],
            [
              107.6116794,
              -6.9063315
            ],
            [
              107.6118001,
              -6.9063422
            ],
            [
              107.6119289,
              -6.9062916
            ],
            [
              107.6120462,
              -6.9062709
            ],
            [
              107.6122313,
              -6.906211
            ],
            [
              107.6125713,
              -6.9063621
            ],
            [
              107.613219,
              -6.905554
            ],
            [
              107.6129884,
              -6.905325
            ],
            [
              107.6128757,
              -6.9049815
            ],
            [
              107.6127858,
              -6.9050108
            ],
            [
              107.612692,
              -6.9048604
            ],
            [
              107.6123098,
              -6.9044703
            ],
            [
              107.6111215,
              -6.905586
            ]
          ]
        ]
      },
      "id": "way/1059993444"
    },
    {
      "type": "Feature",
      "properties": {
        "@id": "way/1059993466",
        "addr:full": "Jl. Ambon No. 23, Citarum, Bandung Wetan",
        "amenity": "school",
        "building": "school",
        "building:condition": "good",
        "building:levels": "3",
        "name": "SMPN 7 BANDUNG",
        "operator:type": "government",
        "school:type_idn": "smp",
        "source": "S2City_POI_2022",
        "wheelchair": "no"
      },
      "geometry": {
        "type": "Polygon",
        "coordinates": [
          [
            [
              107.618674,
              -6.9070909
            ],
            [
              107.6189058,
              -6.9070736
            ],
            [
              107.6188979,
              -6.9069694
            ],
            [
              107.6188029,
              -6.9069765
            ],
            [
              107.6187936,
              -6.9068549
            ],
            [
              107.618695,
              -6.9068623
            ],
            [
              107.6187042,
              -6.9069829
            ],
            [
              107.618644,
              -6.9069874
            ],
            [
              107.6186271,
              -6.9067653
            ],
            [
              107.6185253,
              -6.9067729
            ],
            [
              107.6185422,
              -6.9069947
            ],
            [
              107.6183931,
              -6.9070059
            ],
            [
              107.6183906,
              -6.9069734
            ],
            [
              107.6183155,
              -6.906979
            ],
            [
              107.6183258,
              -6.9071145
            ],
            [
              107.618462,
              -6.9071042
            ],
            [
              107.618463,
              -6.9071168
            ],
            [
              107.6186748,
              -6.9071009
            ],
            [
              107.618674,
              -6.9070909
            ]
          ]
        ]
      },
      "id": "way/1059993466"
    },
    {
      "type": "Feature",
      "properties": {
        "@id": "way/1059993467",
        "addr:city": "Bandung",
        "addr:street": "Jalan Cimanuk",
        "amenity": "school",
        "name": "SMPN 44 BANDUNG",
        "source": "S2City_POI_2022"
      },
      "geometry": {
        "type": "Polygon",
        "coordinates": [
          [
            [
              107.6195018,
              -6.9051799
            ],
            [
              107.6195233,
              -6.9051805
            ],
            [
              107.6197244,
              -6.9051864
            ],
            [
              107.6197251,
              -6.9052348
            ],
            [
              107.6198917,
              -6.9052438
            ],
            [
              107.6198984,
              -6.9052757
            ],
            [
              107.6199795,
              -6.9053476
            ],
            [
              107.6202343,
              -6.9053523
            ],
            [
              107.6202424,
              -6.9050467
            ],
            [
              107.6195041,
              -6.9050254
            ],
            [
              107.6195022,
              -6.9051518
            ],
            [
              107.6195018,
              -6.9051799
            ]
          ]
        ]
      },
      "id": "way/1059993467"
    },
    {
      "type": "Feature",
      "properties": {
        "@id": "way/1059993476",
        "addr:city": "Bandung",
        "addr:full": "Jl. L. L. R.E. Martadinata 52, Citarum, Bandung Wetan",
        "amenity": "school",
        "building": "school",
        "building:condition": "good",
        "building:levels": "4",
        "name": "Sekolah Taruna Bakti",
        "operator:type": "private",
        "school:type_idn": "sd,smp,sma",
        "source": "S2City_POI_2022",
        "wheelchair": "limited"
      },
      "geometry": {
        "type": "Polygon",
        "coordinates": [
          [
            [
              107.6181256,
              -6.9065056
            ],
            [
              107.6181831,
              -6.9065047
            ],
            [
              107.6182986,
              -6.906503
            ],
            [
              107.6184515,
              -6.9065006
            ],
            [
              107.6186956,
              -6.9064969
            ],
            [
              107.6188655,
              -6.9064943
            ],
            [
              107.6189858,
              -6.9064925
            ],
            [
              107.6189818,
              -6.9062331
            ],
            [
              107.6181216,
              -6.9062462
            ],
            [
              107.6181256,
              -6.9065056
            ]
          ]
        ]
      },
      "id": "way/1059993476"
    },
    {
      "type": "Feature",
      "properties": {
        "@id": "way/1059993477",
        "amenity": "school",
        "source": "S2City_POI_2022"
      },
      "geometry": {
        "type": "Polygon",
        "coordinates": [
          [
            [
              107.6180403,
              -6.9059907
            ],
            [
              107.6182837,
              -6.9059894
            ],
            [
              107.6182837,
              -6.9056592
            ],
            [
              107.6183675,
              -6.9056578
            ],
            [
              107.6183635,
              -6.9052771
            ],
            [
              107.6176769,
              -6.9052877
            ],
            [
              107.6176776,
              -6.9054129
            ],
            [
              107.617678,
              -6.9054957
            ],
            [
              107.6176782,
              -6.90553
            ],
            [
              107.6177412,
              -6.905538
            ],
            [
              107.6177466,
              -6.905735
            ],
            [
              107.6180369,
              -6.9057304
            ],
            [
              107.6180402,
              -6.905983
            ],
            [
              107.6180403,
              -6.9059907
            ]
          ]
        ]
      },
      "id": "way/1059993477"
    },
    {
      "type": "Feature",
      "properties": {
        "@id": "way/1059993479",
        "addr:city": "Bandung",
        "addr:full": "Jl. Banda No. 19, Citarum, Bandung Wetan",
        "amenity": "school",
        "building": "school",
        "building:condition": "good",
        "building:levels": "4",
        "name": "Sekolah Kristen BPK Penabur",
        "operator:type": "private",
        "school:type_idn": "sd",
        "source": "S2City_POI_2022",
        "wheelchair": "limited"
      },
      "geometry": {
        "type": "Polygon",
        "coordinates": [
          [
            [
              107.6164732,
              -6.9054515
            ],
            [
              107.61649,
              -6.9054222
            ],
            [
              107.6164886,
              -6.9053956
            ],
            [
              107.6164605,
              -6.9053543
            ],
            [
              107.6164256,
              -6.9053263
            ],
            [
              107.6163934,
              -6.905313
            ],
            [
              107.6163505,
              -6.9053077
            ],
            [
              107.6162928,
              -6.905305
            ],
            [
              107.6162472,
              -6.905317
            ],
            [
              107.6162231,
              -6.9053317
            ],
            [
              107.6161976,
              -6.9053516
            ],
            [
              107.6161735,
              -6.9053862
            ],
            [
              107.6161735,
              -6.9054102
            ],
            [
              107.6162002,
              -6.9054582
            ],
            [
              107.6162073,
              -6.9057433
            ],
            [
              107.6164803,
              -6.9057366
            ],
            [
              107.6164732,
              -6.9054515
            ]
          ]
        ]
      },
      "id": "way/1059993479"
    },
    {
      "type": "Feature",
      "properties": {
        "@id": "way/1060020570",
        "addr:city": "Bandung",
        "addr:full": "Jalan Sekeloa Utara No. 30A",
        "amenity": "school",
        "name": "SD Negeri 127 SEKELOA",
        "operator_type": "government",
        "school:type_idn": "sd",
        "source": "S2City_POI_2022",
        "wheelchair": "yes"
      },
      "geometry": {
        "type": "Polygon",
        "coordinates": [
          [
            [
              107.6188263,
              -6.8878553
            ],
            [
              107.6190197,
              -6.8877385
            ],
            [
              107.6189215,
              -6.8875783
            ],
            [
              107.6187281,
              -6.8876951
            ],
            [
              107.6188263,
              -6.8878553
            ]
          ]
        ]
      },
      "id": "way/1060020570"
    },
    {
      "type": "Feature",
      "properties": {
        "@id": "way/1060020576",
        "addr:city": "Bandung",
        "addr:full": "Jalan Penata Yudha No.2",
        "amenity": "school",
        "name": "SMP - SMA PGII 1 Bandung",
        "operator:type": "private",
        "school:type_idn": "smp,sma",
        "source": "S2City_POI_2022",
        "wheelchair": "yes"
      },
      "geometry": {
        "type": "Polygon",
        "coordinates": [
          [
            [
              107.6164638,
              -6.8976955
            ],
            [
              107.6161809,
              -6.897782
            ],
            [
              107.6162392,
              -6.8979814
            ],
            [
              107.6165265,
              -6.8979012
            ],
            [
              107.6165906,
              -6.8980064
            ],
            [
              107.6166402,
              -6.8980097
            ],
            [
              107.6166296,
              -6.8981277
            ],
            [
              107.6166185,
              -6.8982772
            ],
            [
              107.6169527,
              -6.8983059
            ],
            [
              107.6169674,
              -6.898047
            ],
            [
              107.6169446,
              -6.89779
            ],
            [
              107.6168822,
              -6.8975051
            ],
            [
              107.6168082,
              -6.8974096
            ],
            [
              107.6165771,
              -6.8975923
            ],
            [
              107.6164638,
              -6.8976955
            ]
          ]
        ]
      },
      "id": "way/1060020576"
    },
    {
      "type": "Feature",
      "properties": {
        "@id": "way/1060020578",
        "addr:city": "Bandung",
        "addr:full": "Jalan Ir. H. Juanda No.82",
        "amenity": "school",
        "check_date": "2025-08-09",
        "operator_type": "private",
        "school:type_idn": "sma",
        "source": "S2City_POI_2022",
        "wheelchair": "yes"
      },
      "geometry": {
        "type": "Polygon",
        "coordinates": [
          [
            [
              107.6129893,
              -6.8965249
            ],
            [
              107.6129768,
              -6.896888
            ],
            [
              107.6135164,
              -6.8969112
            ],
            [
              107.6135227,
              -6.8965448
            ],
            [
              107.6129893,
              -6.8965249
            ]
          ]
        ]
      },
      "id": "way/1060020578"
    },
    {
      "type": "Feature",
      "properties": {
        "@id": "way/1060043150",
        "addr:city": "Bandung",
        "addr:full": "Gg. Siti Mariah VI",
        "amenity": "school",
        "building": "school",
        "building:condition": "good",
        "building:levels": "2",
        "name": "Madrasah Ali Yasin",
        "operator:type": "private",
        "school:type_idn": "sd",
        "source": "S2City_POI_2022",
        "wheelchair": "no"
      },
      "geometry": {
        "type": "Polygon",
        "coordinates": [
          [
            [
              107.5885615,
              -6.9215935
            ],
            [
              107.5885312,
              -6.9216912
            ],
            [
              107.588658,
              -6.9217299
            ],
            [
              107.5886883,
              -6.9216322
            ],
            [
              107.5885615,
              -6.9215935
            ]
          ]
        ]
      },
      "id": "way/1060043150"
    },
    {
      "type": "Feature",
      "properties": {
        "@id": "way/1060043152",
        "addr:city": "Bandung",
        "addr:full": "Jl. Jamika No. 32",
        "amenity": "school",
        "building": "school",
        "building:condition": "good",
        "building:levels": "2",
        "name": "SD-SMP Multi Talenta School",
        "operator:type": "private",
        "school:type_idn": "smp",
        "source": "S2City_POI_2022",
        "wheelchair": "limited"
      },
      "geometry": {
        "type": "Polygon",
        "coordinates": [
          [
            [
              107.5864036,
              -6.9204785
            ],
            [
              107.5863958,
              -6.9205269
            ],
            [
              107.5865953,
              -6.9205588
            ],
            [
              107.5866032,
              -6.9205104
            ],
            [
              107.5864036,
              -6.9204785
            ]
          ]
        ]
      },
      "id": "way/1060043152"
    },
    {
      "type": "Feature",
      "properties": {
        "@id": "way/1060079280",
        "addr:city": "Bandung",
        "addr:full": "Jl. Lapangan Supratman No. 7, Cihapit, Bandung Wetan",
        "amenity": "school",
        "building": "school",
        "building:condition": "good",
        "building:levels": "2",
        "operator:type": "government",
        "school:type_idn": "sd",
        "source": "S2City_POI_2022",
        "wheelchair": "yes"
      },
      "geometry": {
        "type": "Polygon",
        "coordinates": [
          [
            [
              107.6294108,
              -6.9071289
            ],
            [
              107.629477,
              -6.9072385
            ],
            [
              107.6296106,
              -6.907159
            ],
            [
              107.6295443,
              -6.9070493
            ],
            [
              107.6295183,
              -6.9070648
            ],
            [
              107.6294571,
              -6.9069635
            ],
            [
              107.6294008,
              -6.9068705
            ],
            [
              107.6293141,
              -6.9069221
            ],
            [
              107.6294316,
              -6.9071165
            ],
            [
              107.6294108,
              -6.9071289
            ]
          ]
        ]
      },
      "id": "way/1060079280"
    },
    {
      "type": "Feature",
      "properties": {
        "@id": "way/1060079290",
        "amenity": "school",
        "building": "yes",
        "name": "Sekolah Dasar Santa Ursula Bandung"
      },
      "geometry": {
        "type": "Polygon",
        "coordinates": [
          [
            [
              107.6334421,
              -6.9128766
            ],
            [
              107.6332794,
              -6.9129661
            ],
            [
              107.6334126,
              -6.9132046
            ],
            [
              107.6335753,
              -6.9131151
            ],
            [
              107.6335226,
              -6.9130207
            ],
            [
              107.6334421,
              -6.9128766
            ]
          ]
        ]
      },
      "id": "way/1060079290"
    },
    {
      "type": "Feature",
      "properties": {
        "@id": "way/1060079298",
        "amenity": "school",
        "name": "Sekolah Santa Ursula",
        "source": "S2City_POI_2022"
      },
      "geometry": {
        "type": "Polygon",
        "coordinates": [
          [
            [
              107.6308586,
              -6.9110991
            ],
            [
              107.631222,
              -6.9112696
            ],
            [
              107.6312864,
              -6.9112829
            ],
            [
              107.6317477,
              -6.9115332
            ],
            [
              107.632256,
              -6.9120244
            ],
            [
              107.632657,
              -6.912525
            ],
            [
              107.6331693,
              -6.9134224
            ],
            [
              107.6339525,
              -6.9130283
            ],
            [
              107.6326409,
              -6.9110019
            ],
            [
              107.6319274,
              -6.9099102
            ],
            [
              107.6318818,
              -6.9098996
            ],
            [
              107.6312958,
              -6.9102817
            ],
            [
              107.6308304,
              -6.9105373
            ],
            [
              107.6308143,
              -6.9105573
            ],
            [
              107.6308586,
              -6.9110991
            ]
          ]
        ]
      },
      "id": "way/1060079298"
    },
    {
      "type": "Feature",
      "properties": {
        "@id": "way/1060079300",
        "addr:city": "Bandung",
        "addr:full": "Jl. Taman Citarum, Citarum, Bandung Wetan",
        "amenity": "school",
        "building": "school",
        "building:condition": "good",
        "building:levels": "2",
        "name": "SD Istiqamah",
        "operator:type": "private",
        "school:type_idn": "sd",
        "source": "S2City_POI_2022",
        "wheelchair": "limited"
      },
      "geometry": {
        "type": "Polygon",
        "coordinates": [
          [
            [
              107.6216048,
              -6.9048651
            ],
            [
              107.6216666,
              -6.9048967
            ],
            [
              107.6218488,
              -6.90499
            ],
            [
              107.6218779,
              -6.9049339
            ],
            [
              107.6219233,
              -6.9049572
            ],
            [
              107.6220525,
              -6.9047086
            ],
            [
              107.6219729,
              -6.9046678
            ],
            [
              107.6219472,
              -6.9047173
            ],
            [
              107.6217374,
              -6.9046099
            ],
            [
              107.6216048,
              -6.9048651
            ]
          ]
        ]
      },
      "id": "way/1060079300"
    },
    {
      "type": "Feature",
      "properties": {
        "@id": "way/1060079312",
        "addr:city": "Bandung",
        "addr:full": "Jl. Ciliwung No. 4, Cihapit, Bandung Wetan",
        "amenity": "school",
        "building": "school",
        "building:condition": "good",
        "building:levels": "2",
        "name": "SMKN 2 BANDUNG",
        "operator:type": "government",
        "school:type_idn": "sma",
        "source": "S2City_POI_2022",
        "wheelchair": "yes"
      },
      "geometry": {
        "type": "Polygon",
        "coordinates": [
          [
            [
              107.6229528,
              -6.905799
            ],
            [
              107.6234852,
              -6.9060972
            ],
            [
              107.6235475,
              -6.9059876
            ],
            [
              107.6230151,
              -6.9056893
            ],
            [
              107.6229528,
              -6.905799
            ]
          ]
        ]
      },
      "id": "way/1060079312"
    },
    {
      "type": "Feature",
      "properties": {
        "@id": "way/1060219579",
        "addr:city": "Bandung",
        "addr:full": "Jl. Sukarma",
        "amenity": "school",
        "building": "school",
        "building:condition": "good",
        "building:levels": "1",
        "name": "TK Bhakti",
        "operator:type": "private",
        "school:type_idn": "sd",
        "source": "S2City_POI_2022",
        "wheelchair": "no"
      },
      "geometry": {
        "type": "Polygon",
        "coordinates": [
          [
            [
              107.5950414,
              -6.9346787
            ],
            [
              107.595029,
              -6.9347714
            ],
            [
              107.595104,
              -6.9347813
            ],
            [
              107.5951164,
              -6.9346886
            ],
            [
              107.5950414,
              -6.9346787
            ]
          ]
        ]
      },
      "id": "way/1060219579"
    },
    {
      "type": "Feature",
      "properties": {
        "@id": "way/1060219580",
        "addr:city": "Bandung",
        "addr:full": "Jl Kopo Asih No 188",
        "amenity": "school",
        "name": "Yayasan Bina Ishlah Persada",
        "operator:type": "private",
        "school:type_idn": "sd",
        "source": "S2City_POI_2022",
        "wheelchair": "no"
      },
      "geometry": {
        "type": "Polygon",
        "coordinates": [
          [
            [
              107.5958413,
              -6.9345894
            ],
            [
              107.5956626,
              -6.9345418
            ],
            [
              107.5956338,
              -6.9345265
            ],
            [
              107.5956076,
              -6.9344986
            ],
            [
              107.5955647,
              -6.9344779
            ],
            [
              107.595499,
              -6.9344573
            ],
            [
              107.5954413,
              -6.9345957
            ],
            [
              107.5955989,
              -6.93466
            ],
            [
              107.5957568,
              -6.9347042
            ],
            [
              107.5958108,
              -6.9347152
            ],
            [
              107.5958413,
              -6.9345894
            ]
          ]
        ]
      },
      "id": "way/1060219580"
    },
    {
      "type": "Feature",
      "properties": {
        "@id": "way/1060417228",
        "addr:city": "Bandung",
        "addr:full": "Jalan Dago Pojok",
        "amenity": "school",
        "name": "SMA Negeri 19 Bandung",
        "operator:type": "government",
        "school:type_idn": "sma",
        "source": "S2City_POI_2022",
        "wheelchair": "no"
      },
      "geometry": {
        "type": "Polygon",
        "coordinates": [
          [
            [
              107.6160347,
              -6.8741598
            ],
            [
              107.616264,
              -6.874267
            ],
            [
              107.6165151,
              -6.8742653
            ],
            [
              107.6165124,
              -6.8740569
            ],
            [
              107.6166238,
              -6.8740556
            ],
            [
              107.6167542,
              -6.8738835
            ],
            [
              107.6167274,
              -6.8738642
            ],
            [
              107.6168514,
              -6.8736012
            ],
            [
              107.6166238,
              -6.8736039
            ],
            [
              107.6166238,
              -6.8736325
            ],
            [
              107.6162746,
              -6.8736295
            ],
            [
              107.6162741,
              -6.8735871
            ],
            [
              107.6161795,
              -6.8735856
            ],
            [
              107.6161728,
              -6.873291
            ],
            [
              107.6159307,
              -6.8732877
            ],
            [
              107.6158845,
              -6.8734108
            ],
            [
              107.6158771,
              -6.8738742
            ],
            [
              107.6160347,
              -6.8741598
            ]
          ]
        ]
      },
      "id": "way/1060417228"
    },
    {
      "type": "Feature",
      "properties": {
        "@id": "way/1060417243",
        "addr:city": "Bandung",
        "addr:full": "Jalan Dago Pojok No. 12 Bandung",
        "amenity": "school",
        "name": "SMP Negeri 35",
        "operator:type": "government",
        "school:type_idn": "smp",
        "source": "S2City_POI_2022",
        "wheelchair": "no"
      },
      "geometry": {
        "type": "Polygon",
        "coordinates": [
          [
            [
              107.6163183,
              -6.8744341
            ],
            [
              107.6163156,
              -6.8746968
            ],
            [
              107.6164638,
              -6.8747163
            ],
            [
              107.6164699,
              -6.8745905
            ],
            [
              107.616498,
              -6.8745869
            ],
            [
              107.6169802,
              -6.874742
            ],
            [
              107.6171156,
              -6.8744414
            ],
            [
              107.6166251,
              -6.8740698
            ],
            [
              107.6165463,
              -6.8741741
            ],
            [
              107.6165604,
              -6.8742107
            ],
            [
              107.6164149,
              -6.8744341
            ],
            [
              107.6163183,
              -6.8744341
            ]
          ]
        ]
      },
      "id": "way/1060417243"
    },
    {
      "type": "Feature",
      "properties": {
        "@id": "way/1060430641",
        "addr:city": "Bandung",
        "addr:full": "Jalan Sangkuriang No. 87",
        "amenity": "school",
        "name": "SD Negeri 53 Cisitu",
        "operator:type": "government",
        "school:type_idn": "sd",
        "source": "S2City_POI_2022",
        "wheelchair": "no"
      },
      "geometry": {
        "type": "Polygon",
        "coordinates": [
          [
            [
              107.6087961,
              -6.8821651
            ],
            [
              107.6094344,
              -6.8821558
            ],
            [
              107.6095042,
              -6.8820134
            ],
            [
              107.6095073,
              -6.8817071
            ],
            [
              107.6092466,
              -6.8817045
            ],
            [
              107.6092455,
              -6.8814954
            ],
            [
              107.6088383,
              -6.8814968
            ],
            [
              107.6088393,
              -6.8816715
            ],
            [
              107.6088621,
              -6.8817058
            ],
            [
              107.6088299,
              -6.8820506
            ],
            [
              107.6087966,
              -6.8820503
            ],
            [
              107.6087961,
              -6.8821651
            ]
          ]
        ]
      },
      "id": "way/1060430641"
    },
    {
      "type": "Feature",
      "properties": {
        "@id": "way/1060537202",
        "addr:city": "Bandung",
        "addr:full": "Jl. Bp. Husen blk no 4",
        "amenity": "school",
        "name": "SMP Pasundan 3 Bandung",
        "operator:type": "government",
        "school:type_idn": "smp",
        "source": "S2City_POI_2022",
        "wheelchair": "no"
      },
      "geometry": {
        "type": "Polygon",
        "coordinates": [
          [
            [
              107.6034397,
              -6.8908913
            ],
            [
              107.603429,
              -6.8911576
            ],
            [
              107.6036368,
              -6.8911696
            ],
            [
              107.6036476,
              -6.8911163
            ],
            [
              107.6036556,
              -6.891109
            ],
            [
              107.6037552,
              -6.891112
            ],
            [
              107.6037877,
              -6.8907316
            ],
            [
              107.6038018,
              -6.8907056
            ],
            [
              107.6038031,
              -6.8906144
            ],
            [
              107.6034216,
              -6.8906051
            ],
            [
              107.6034397,
              -6.8908913
            ]
          ]
        ]
      },
      "id": "way/1060537202"
    },
    {
      "type": "Feature",
      "properties": {
        "@id": "way/1061010851",
        "addr:city": "Bandung",
        "addr:full": "Jl. Pasirkoja",
        "amenity": "school",
        "building": "school",
        "building:condition": "good",
        "building:levels": "2",
        "name": "SMA Swadaya",
        "operator:type": "private",
        "school:type_idn": "sma",
        "source": "S2City_POI_2022",
        "wheelchair": "no"
      },
      "geometry": {
        "type": "Polygon",
        "coordinates": [
          [
            [
              107.5881685,
              -6.9259529
            ],
            [
              107.5881645,
              -6.9260554
            ],
            [
              107.5882834,
              -6.92606
            ],
            [
              107.5882874,
              -6.9259575
            ],
            [
              107.5881685,
              -6.9259529
            ]
          ]
        ]
      },
      "id": "way/1061010851"
    },
    {
      "type": "Feature",
      "properties": {
        "@id": "way/1061010857",
        "addr:city": "Bandung",
        "addr:full": "Gg. Laksana 1 No. 32",
        "amenity": "school",
        "building": "school",
        "building:condition": "good",
        "building:levels": "1",
        "name": "TK Kober Nurul Falah",
        "operator:type": "government",
        "school:type_idn": "sd",
        "source": "S2City_POI_2022",
        "wheelchair": "no"
      },
      "geometry": {
        "type": "Polygon",
        "coordinates": [
          [
            [
              107.5905041,
              -6.9299349
            ],
            [
              107.5904873,
              -6.9300121
            ],
            [
              107.5905108,
              -6.9300171
            ],
            [
              107.590504,
              -6.9300483
            ],
            [
              107.5905326,
              -6.9300544
            ],
            [
              107.5905394,
              -6.9300232
            ],
            [
              107.5905441,
              -6.9300242
            ],
            [
              107.5905609,
              -6.929947
            ],
            [
              107.5905041,
              -6.9299349
            ]
          ]
        ]
      },
      "id": "way/1061010857"
    },
    {
      "type": "Feature",
      "properties": {
        "@id": "way/1061010859",
        "addr:city": "Bandung",
        "addr:full": "Jl. Babakan Tarogong",
        "amenity": "school",
        "name": "SMPN 33 Bandung",
        "operator:type": "government",
        "school:type_idn": "sma",
        "source": "S2City_POI_2022",
        "wheelchair": "limited"
      },
      "geometry": {
        "type": "Polygon",
        "coordinates": [
          [
            [
              107.5895244,
              -6.9282614
            ],
            [
              107.5895539,
              -6.9285157
            ],
            [
              107.5896974,
              -6.9285064
            ],
            [
              107.5897779,
              -6.928505
            ],
            [
              107.5897866,
              -6.9286215
            ],
            [
              107.5902975,
              -6.9285749
            ],
            [
              107.5902814,
              -6.9284518
            ],
            [
              107.5902962,
              -6.9284232
            ],
            [
              107.5902915,
              -6.9283612
            ],
            [
              107.5902405,
              -6.9279891
            ],
            [
              107.5902198,
              -6.9279878
            ],
            [
              107.5898563,
              -6.9280138
            ],
            [
              107.5897135,
              -6.9280284
            ],
            [
              107.5896049,
              -6.928115
            ],
            [
              107.5895244,
              -6.9282614
            ]
          ]
        ]
      },
      "id": "way/1061010859"
    },
    {
      "type": "Feature",
      "properties": {
        "@id": "way/1061010863",
        "addr:city": "Bandung",
        "addr:full": "Jl. Babakan Tarogong No 42",
        "amenity": "school",
        "building": "school",
        "building:condition": "good",
        "building:levels": "2",
        "name": "SMK Madani Bandung",
        "operator:type": "private",
        "school:type_idn": "sma",
        "source": "S2City_POI_2022",
        "wheelchair": "limited"
      },
      "geometry": {
        "type": "Polygon",
        "coordinates": [
          [
            [
              107.5937956,
              -6.935614
            ],
            [
              107.5937993,
              -6.935666
            ],
            [
              107.5938845,
              -6.93566
            ],
            [
              107.5938808,
              -6.935608
            ],
            [
              107.5937956,
              -6.935614
            ]
          ]
        ]
      },
      "id": "way/1061010863"
    },
    {
      "type": "Feature",
      "properties": {
        "@id": "way/1061419441",
        "addr:city": "Bandung",
        "addr:full": "Jalan Sukamulya",
        "amenity": "school",
        "name": "SD Negeri Genta Masekdas",
        "operator:type": "government",
        "school:type_idn": "sd",
        "source": "S2City_POI_2022",
        "wheelchair": "limited"
      },
      "geometry": {
        "type": "Polygon",
        "coordinates": [
          [
            [
              107.5869307,
              -6.9361327
            ],
            [
              107.58693,
              -6.9362765
            ],
            [
              107.5869421,
              -6.9365601
            ],
            [
              107.5872928,
              -6.9365794
            ],
            [
              107.587392,
              -6.9365647
            ],
            [
              107.5874235,
              -6.9365421
            ],
            [
              107.5874235,
              -6.9361374
            ],
            [
              107.5873136,
              -6.9361394
            ],
            [
              107.5871174,
              -6.9361427
            ],
            [
              107.5870742,
              -6.936134
            ],
            [
              107.5870053,
              -6.9361339
            ],
            [
              107.5869307,
              -6.9361327
            ]
          ]
        ]
      },
      "id": "way/1061419441"
    },
    {
      "type": "Feature",
      "properties": {
        "@id": "way/1061419444",
        "addr:city": "Bandung",
        "addr:full": "Jalan Kopo No. 256",
        "amenity": "school",
        "name": "SD Negeri 099 Babakan Tarogong",
        "operator:type": "government",
        "school:type_idn": "sd",
        "source": "S2City_POI_2022",
        "wheelchair": "limited"
      },
      "geometry": {
        "type": "Polygon",
        "coordinates": [
          [
            [
              107.5940211,
              -6.938344
            ],
            [
              107.593889,
              -6.93834
            ],
            [
              107.5937455,
              -6.938356
            ],
            [
              107.5935883,
              -6.9383729
            ],
            [
              107.5934709,
              -6.9383876
            ],
            [
              107.5933821,
              -6.9384036
            ],
            [
              107.5933673,
              -6.9384155
            ],
            [
              107.5933643,
              -6.9384388
            ],
            [
              107.593368,
              -6.9385217
            ],
            [
              107.593374,
              -6.9385736
            ],
            [
              107.5933824,
              -6.9386089
            ],
            [
              107.5933881,
              -6.9386295
            ],
            [
              107.5934005,
              -6.9386382
            ],
            [
              107.5934123,
              -6.9386412
            ],
            [
              107.5934443,
              -6.9386425
            ],
            [
              107.5936054,
              -6.9386562
            ],
            [
              107.5937931,
              -6.9386801
            ],
            [
              107.5939149,
              -6.9386891
            ],
            [
              107.5940613,
              -6.9384265
            ],
            [
              107.5940855,
              -6.9383706
            ],
            [
              107.5940774,
              -6.938354
            ],
            [
              107.59406,
              -6.938346
            ],
            [
              107.5940211,
              -6.938344
            ]
          ]
        ]
      },
      "id": "way/1061419444"
    },
    {
      "type": "Feature",
      "properties": {
        "@id": "way/1061419447",
        "addr:city": "Bandung",
        "addr:full": "Jalan Madesa",
        "amenity": "school",
        "name": "SMA Negeri 18",
        "operator:type": "government",
        "school:type_idn": "sma",
        "source": "S2City_POI_2022",
        "wheelchair": "limited"
      },
      "geometry": {
        "type": "Polygon",
        "coordinates": [
          [
            [
              107.5847588,
              -6.9379912
            ],
            [
              107.5847502,
              -6.9381124
            ],
            [
              107.5847452,
              -6.9381834
            ],
            [
              107.5847011,
              -6.9381816
            ],
            [
              107.5845321,
              -6.9381676
            ],
            [
              107.5845093,
              -6.9384139
            ],
            [
              107.5844939,
              -6.9386149
            ],
            [
              107.5845207,
              -6.9386399
            ],
            [
              107.5845184,
              -6.938763
            ],
            [
              107.5845281,
              -6.9387773
            ],
            [
              107.5847242,
              -6.9387996
            ],
            [
              107.585029,
              -6.9388109
            ],
            [
              107.5850441,
              -6.9385866
            ],
            [
              107.5851822,
              -6.9386066
            ],
            [
              107.5852831,
              -6.9386089
            ],
            [
              107.5853026,
              -6.9383833
            ],
            [
              107.5853137,
              -6.9380421
            ],
            [
              107.5851333,
              -6.9380278
            ],
            [
              107.5850314,
              -6.9380135
            ],
            [
              107.5849019,
              -6.9379995
            ],
            [
              107.5847588,
              -6.9379912
            ]
          ]
        ]
      },
      "id": "way/1061419447"
    },
    {
      "type": "Feature",
      "properties": {
        "@id": "way/1061419450",
        "addr:city": "Bandung",
        "addr:full": "Jalan Peta Gang Sukamulya 1",
        "amenity": "school",
        "name": "SMP SMA SMK Pahlawan Toha",
        "operator:type": "private",
        "school:type_idn": "smp,sma",
        "source": "S2City_POI_2022",
        "wheelchair": "limited"
      },
      "geometry": {
        "type": "Polygon",
        "coordinates": [
          [
            [
              107.5922472,
              -6.9363441
            ],
            [
              107.5922519,
              -6.9364793
            ],
            [
              107.5922561,
              -6.936554
            ],
            [
              107.5922587,
              -6.9365993
            ],
            [
              107.5922624,
              -6.9366647
            ],
            [
              107.5922599,
              -6.9366787
            ],
            [
              107.5922557,
              -6.936685
            ],
            [
              107.5922526,
              -6.936688
            ],
            [
              107.5921632,
              -6.936692
            ],
            [
              107.5921665,
              -6.9369967
            ],
            [
              107.5925553,
              -6.9369947
            ],
            [
              107.5925472,
              -6.936576
            ],
            [
              107.5925459,
              -6.9362871
            ],
            [
              107.5923253,
              -6.9362891
            ],
            [
              107.5923079,
              -6.9362955
            ],
            [
              107.592297,
              -6.9363251
            ],
            [
              107.5922685,
              -6.9363397
            ],
            [
              107.5922472,
              -6.9363441
            ]
          ]
        ]
      },
      "id": "way/1061419450"
    },
    {
      "type": "Feature",
      "properties": {
        "@id": "way/1061419451",
        "addr:city": "Bandung",
        "addr:full": "Jalan Sukamulya No. 33",
        "amenity": "school",
        "name": "SMP Negeri 24 Bandung",
        "operator:type": "government",
        "school:type_idn": "smp",
        "source": "S2City_POI_2022",
        "wheelchair": "limited"
      },
      "geometry": {
        "type": "Polygon",
        "coordinates": [
          [
            [
              107.5864224,
              -6.9365467
            ],
            [
              107.5864197,
              -6.936564
            ],
            [
              107.586647,
              -6.936588
            ],
            [
              107.5867761,
              -6.9365907
            ],
            [
              107.5867805,
              -6.9364289
            ],
            [
              107.5867832,
              -6.9362855
            ],
            [
              107.5869032,
              -6.9362878
            ],
            [
              107.5869106,
              -6.9358398
            ],
            [
              107.5869119,
              -6.9357526
            ],
            [
              107.5865116,
              -6.9357307
            ],
            [
              107.5864942,
              -6.9360528
            ],
            [
              107.5864808,
              -6.936138
            ],
            [
              107.5864452,
              -6.9363038
            ],
            [
              107.5864224,
              -6.9365467
            ]
          ]
        ]
      },
      "id": "way/1061419451"
    },
    {
      "type": "Feature",
      "properties": {
        "@id": "way/1061698486",
        "addr:city": "Bandung",
        "addr:full": "Jl. Palem IV No. 9",
        "amenity": "school",
        "building": "school",
        "building:condition": "good",
        "building:levels": "3",
        "name": "SMK Galuh Pakuan - SMA 19 Bumi Siliwangi",
        "operator:type": "private",
        "school:type_idn": "sma",
        "source": "S2City_POI_2022",
        "wheelchair": "no"
      },
      "geometry": {
        "type": "Polygon",
        "coordinates": [
          [
            [
              107.6273083,
              -6.8898011
            ],
            [
              107.6273429,
              -6.8898554
            ],
            [
              107.6274249,
              -6.8898039
            ],
            [
              107.6272944,
              -6.889599
            ],
            [
              107.6271699,
              -6.8896771
            ],
            [
              107.6272659,
              -6.8898278
            ],
            [
              107.6273083,
              -6.8898011
            ]
          ]
        ]
      },
      "id": "way/1061698486"
    },
    {
      "type": "Feature",
      "properties": {
        "@id": "way/1061698487",
        "addr:city": "Bandung",
        "addr:full": "Kp Pasirkaliki Barat",
        "amenity": "school",
        "name": "SMP Negeri 63 Bandung",
        "operator:type": "government",
        "school:type_idn": "smp",
        "source": "S2City_POI_2022",
        "wheelchair": "yes"
      },
      "geometry": {
        "type": "Polygon",
        "coordinates": [
          [
            [
              107.6253133,
              -6.8926886
            ],
            [
              107.6260847,
              -6.8926846
            ],
            [
              107.6260834,
              -6.8924382
            ],
            [
              107.625312,
              -6.8924422
            ],
            [
              107.6253133,
              -6.8926886
            ]
          ]
        ]
      },
      "id": "way/1061698487"
    },
    {
      "type": "Feature",
      "properties": {
        "@id": "way/1061698488",
        "addr:city": "Bandung",
        "addr:full": "Kp Pasirkaliki Barat",
        "amenity": "school",
        "name": "SD Negeri 104 Langensari Senanggalih",
        "operator:type": "government",
        "school:type_idn": "sd",
        "source": "S2City_POI_2022",
        "wheelchair": "yes"
      },
      "geometry": {
        "type": "Polygon",
        "coordinates": [
          [
            [
              107.6253007,
              -6.8926938
            ],
            [
              107.6253024,
              -6.8929628
            ],
            [
              107.6260695,
              -6.8929581
            ],
            [
              107.6260678,
              -6.892689
            ],
            [
              107.6253007,
              -6.8926938
            ]
          ]
        ]
      },
      "id": "way/1061698488"
    },
    {
      "type": "Feature",
      "properties": {
        "@id": "way/1061698490",
        "addr:city": "Bandung",
        "addr:full": "Jl. Sadang Serang - Pasirkaliki Barat",
        "amenity": "school",
        "building": "school",
        "building:condition": "good",
        "building:levels": "2",
        "name": "SLB C Terate",
        "operator:type": "private",
        "school:type_idn": "sd , smp, sma",
        "source": "S2City_POI_2022",
        "wheelchair": "yes"
      },
      "geometry": {
        "type": "Polygon",
        "coordinates": [
          [
            [
              107.6253726,
              -6.8919641
            ],
            [
              107.6253702,
              -6.8921479
            ],
            [
              107.6255053,
              -6.8921496
            ],
            [
              107.6255077,
              -6.8919658
            ],
            [
              107.6253726,
              -6.8919641
            ]
          ]
        ]
      },
      "id": "way/1061698490"
    },
    {
      "type": "Feature",
      "properties": {
        "@id": "way/1061698491",
        "addr:city": "Bandung",
        "addr:full": "Jl. Terusan Teuku Umar No. 87",
        "amenity": "school",
        "name": "SD Negeri 128 Haurpancuh",
        "operator:type": "government",
        "school:type_idn": "sd",
        "source": "S2City_POI_2022",
        "wheelchair": "no"
      },
      "geometry": {
        "type": "Polygon",
        "coordinates": [
          [
            [
              107.6195945,
              -6.892847
            ],
            [
              107.6199981,
              -6.8928507
            ],
            [
              107.6199944,
              -6.8926479
            ],
            [
              107.619869,
              -6.8925947
            ],
            [
              107.6197323,
              -6.8925969
            ],
            [
              107.6197292,
              -6.892733
            ],
            [
              107.6195959,
              -6.8927335
            ],
            [
              107.6195945,
              -6.892847
            ]
          ]
        ]
      },
      "id": "way/1061698491"
    },
    {
      "type": "Feature",
      "properties": {
        "@id": "way/1061698497",
        "addr:city": "Bandung",
        "addr:full": "Jl. Pasir Kaliki Barat",
        "amenity": "school",
        "name": "SD Negeri 173 Neglasari",
        "operator:type": "government",
        "school:type_idn": "sd",
        "source": "S2City_POI_2022",
        "wheelchair": "limited"
      },
      "geometry": {
        "type": "Polygon",
        "coordinates": [
          [
            [
              107.6237436,
              -6.8912627
            ],
            [
              107.6237398,
              -6.8915137
            ],
            [
              107.6238502,
              -6.8915137
            ],
            [
              107.6238493,
              -6.8916172
            ],
            [
              107.6242173,
              -6.89162
            ],
            [
              107.6242589,
              -6.8912748
            ],
            [
              107.6237436,
              -6.8912627
            ]
          ]
        ]
      },
      "id": "way/1061698497"
    },
    {
      "type": "Feature",
      "properties": {
        "@id": "way/1061698499",
        "addr:city": "Bandung",
        "addr:full": "Jl. Titimplik Dalam No. 1",
        "amenity": "school",
        "name": "SD Negeri 54 Tikukur",
        "operator:type": "government",
        "school:type_idn": "sd",
        "source": "S2City_POI_2022",
        "wheelchair": "yes"
      },
      "geometry": {
        "type": "Polygon",
        "coordinates": [
          [
            [
              107.6215828,
              -6.897133
            ],
            [
              107.62214,
              -6.8972954
            ],
            [
              107.6221736,
              -6.8972142
            ],
            [
              107.6219295,
              -6.8970348
            ],
            [
              107.6216787,
              -6.8968554
            ],
            [
              107.6216231,
              -6.8969203
            ],
            [
              107.6215828,
              -6.897133
            ]
          ]
        ]
      },
      "id": "way/1061698499"
    },
    {
      "type": "Feature",
      "properties": {
        "@id": "way/1061731137",
        "addr:city": "Bandung",
        "addr:full": "Jl. Tubagus Ismail VIII No. 42 A",
        "amenity": "school",
        "name": "SD - SMP Salman Alfarisi",
        "operator:type": "private",
        "school:type_idn": "sd , smp",
        "source": "S2City_POI_2022",
        "wheelchair": "yes"
      },
      "geometry": {
        "type": "Polygon",
        "coordinates": [
          [
            [
              107.6212202,
              -6.8823413
            ],
            [
              107.6217751,
              -6.8829039
            ],
            [
              107.6221169,
              -6.8830622
            ],
            [
              107.6222757,
              -6.8830447
            ],
            [
              107.6230614,
              -6.8834687
            ],
            [
              107.6232275,
              -6.8831826
            ],
            [
              107.6229886,
              -6.8828937
            ],
            [
              107.6227215,
              -6.8827886
            ],
            [
              107.6226678,
              -6.8827902
            ],
            [
              107.6224686,
              -6.8828364
            ],
            [
              107.6223767,
              -6.8828178
            ],
            [
              107.6222349,
              -6.8827594
            ],
            [
              107.6221129,
              -6.88267
            ],
            [
              107.6219758,
              -6.8825288
            ],
            [
              107.6216858,
              -6.8821163
            ],
            [
              107.6212202,
              -6.8823413
            ]
          ]
        ]
      },
      "id": "way/1061731137"
    },
    {
      "type": "Feature",
      "properties": {
        "@id": "way/1061731141",
        "addr:city": "Bandung",
        "addr:full": "Jl. Sadangsari No. 1",
        "amenity": "school",
        "name": "SD Negeri 205 Neglasari",
        "operator:type": "government",
        "school:type_idn": "sd",
        "source": "S2City_POI_2022",
        "wheelchair": "no"
      },
      "geometry": {
        "type": "Polygon",
        "coordinates": [
          [
            [
              107.6234372,
              -6.8903253
            ],
            [
              107.6233432,
              -6.8905705
            ],
            [
              107.623471,
              -6.8906938
            ],
            [
              107.6237396,
              -6.8907702
            ],
            [
              107.6238391,
              -6.8904472
            ],
            [
              107.6234372,
              -6.8903253
            ]
          ]
        ]
      },
      "id": "way/1061731141"
    },
    {
      "type": "Feature",
      "properties": {
        "@id": "way/1061731143",
        "addr:city": "Bandung",
        "addr:full": "Jl. Tubagus Ismail No. 78",
        "amenity": "school",
        "name": "SMP Darul Hikam",
        "operator:type": "private",
        "school:type_idn": "smp",
        "source": "S2City_POI_2022",
        "wheelchair": "no"
      },
      "geometry": {
        "type": "Polygon",
        "coordinates": [
          [
            [
              107.6159978,
              -6.8833608
            ],
            [
              107.615942,
              -6.8838138
            ],
            [
              107.6162216,
              -6.8838477
            ],
            [
              107.6162774,
              -6.8833947
            ],
            [
              107.6159978,
              -6.8833608
            ]
          ]
        ]
      },
      "id": "way/1061731143"
    },
    {
      "type": "Feature",
      "properties": {
        "@id": "way/1061731145",
        "addr:city": "Bandung",
        "addr:full": "Jl. Bambayang No. 15",
        "amenity": "school",
        "building": "school",
        "building:condition": "good",
        "building:levels": "2",
        "name": "SD Al amin",
        "operator:type": "private",
        "school:type_idn": "sd",
        "source": "S2City_POI_2022",
        "wheelchair": "no"
      },
      "geometry": {
        "type": "Polygon",
        "coordinates": [
          [
            [
              107.6179223,
              -6.8809515
            ],
            [
              107.6179048,
              -6.8810487
            ],
            [
              107.6179835,
              -6.8810626
            ],
            [
              107.6180009,
              -6.8809654
            ],
            [
              107.6179223,
              -6.8809515
            ]
          ]
        ]
      },
      "id": "way/1061731145"
    },
    {
      "type": "Feature",
      "properties": {
        "@id": "way/1062130917",
        "addr:city": "Bandung",
        "addr:full": "Jalan Dago Pojok",
        "amenity": "school",
        "name": "Sekolah Bunga Bangsa Bandung",
        "operator:type": "private",
        "school:type_idn": "sma",
        "source": "S2City_POI_2022",
        "wheelchair": "limited"
      },
      "geometry": {
        "type": "Polygon",
        "coordinates": [
          [
            [
              107.6209485,
              -6.8637323
            ],
            [
              107.6212925,
              -6.8638874
            ],
            [
              107.6214055,
              -6.8636771
            ],
            [
              107.6212633,
              -6.8636015
            ],
            [
              107.6211832,
              -6.8635552
            ],
            [
              107.6212549,
              -6.8634241
            ],
            [
              107.6211517,
              -6.8633662
            ],
            [
              107.6211356,
              -6.8633861
            ],
            [
              107.6210068,
              -6.8635898
            ],
            [
              107.6209485,
              -6.8637323
            ]
          ]
        ]
      },
      "id": "way/1062130917"
    },
    {
      "type": "Feature",
      "properties": {
        "@id": "way/1062130919",
        "addr:city": "Bandung",
        "addr:full": "Jalan Babakan Ciparay Gg. Atakiria 1",
        "amenity": "school",
        "name": "SMP Pasundan 5 - SMA Pasundan 9",
        "operator:type": "private",
        "school:type_idn": "smp,sma",
        "source": "S2City_POI_2022",
        "wheelchair": "no"
      },
      "geometry": {
        "type": "Polygon",
        "coordinates": [
          [
            [
              107.5849941,
              -6.9425714
            ],
            [
              107.5852617,
              -6.9425781
            ],
            [
              107.5852885,
              -6.9425588
            ],
            [
              107.5852952,
              -6.9425115
            ],
            [
              107.5852624,
              -6.9424583
            ],
            [
              107.5852215,
              -6.9423891
            ],
            [
              107.5851826,
              -6.9423451
            ],
            [
              107.5851262,
              -6.9422912
            ],
            [
              107.5851189,
              -6.9422227
            ],
            [
              107.585135,
              -6.9421118
            ],
            [
              107.5851162,
              -6.9419987
            ],
            [
              107.5850622,
              -6.942014
            ],
            [
              107.5849837,
              -6.9420266
            ],
            [
              107.5849881,
              -6.9421015
            ],
            [
              107.5849335,
              -6.9421085
            ],
            [
              107.5849207,
              -6.9423831
            ],
            [
              107.5849254,
              -6.942433
            ],
            [
              107.5849278,
              -6.9425022
            ],
            [
              107.5849204,
              -6.9425701
            ],
            [
              107.5849257,
              -6.9425961
            ],
            [
              107.5849687,
              -6.9425994
            ],
            [
              107.5849941,
              -6.9425714
            ]
          ]
        ]
      },
      "id": "way/1062130919"
    },
    {
      "type": "Feature",
      "properties": {
        "@id": "way/1062130920",
        "addr:city": "Bandung",
        "addr:full": "Jalan Kopo No 322",
        "amenity": "school",
        "name": "SMP SMA NUSANTARA",
        "operator:type": "private",
        "school:type_idn": "smp,sma",
        "source": "S2City_POI_2022",
        "wheelchair": "no"
      },
      "geometry": {
        "type": "Polygon",
        "coordinates": [
          [
            [
              107.5914066,
              -6.9416376
            ],
            [
              107.59141,
              -6.9416549
            ],
            [
              107.5914274,
              -6.9416868
            ],
            [
              107.5915287,
              -6.9417481
            ],
            [
              107.5918546,
              -6.9419351
            ],
            [
              107.5919592,
              -6.9417497
            ],
            [
              107.5919558,
              -6.9417128
            ],
            [
              107.5919389,
              -6.9416853
            ],
            [
              107.5919251,
              -6.9416667
            ],
            [
              107.5918733,
              -6.9416309
            ],
            [
              107.5918262,
              -6.9416168
            ],
            [
              107.5916031,
              -6.9415211
            ],
            [
              107.5915407,
              -6.9415111
            ],
            [
              107.5915099,
              -6.9415044
            ],
            [
              107.5914757,
              -6.9415184
            ],
            [
              107.5914066,
              -6.9416376
            ]
          ]
        ]
      },
      "id": "way/1062130920"
    },
    {
      "type": "Feature",
      "properties": {
        "@id": "way/1062130921",
        "addr:city": "Bandung",
        "addr:full": "Jalan Madesa No 24",
        "amenity": "school",
        "name": "SD Negeri Citarip Barat",
        "operator:type": "government",
        "school:type_idn": "sd",
        "source": "S2City_POI_2022",
        "wheelchair": "no"
      },
      "geometry": {
        "type": "Polygon",
        "coordinates": [
          [
            [
              107.5848292,
              -6.9391398
            ],
            [
              107.5850151,
              -6.9391438
            ],
            [
              107.5852245,
              -6.9391594
            ],
            [
              107.5852318,
              -6.9389261
            ],
            [
              107.5851491,
              -6.9389198
            ],
            [
              107.585052,
              -6.9389163
            ],
            [
              107.5847834,
              -6.9389005
            ],
            [
              107.5847781,
              -6.939052
            ],
            [
              107.5848061,
              -6.9390521
            ],
            [
              107.5848203,
              -6.9391296
            ],
            [
              107.5848292,
              -6.9391398
            ]
          ]
        ]
      },
      "id": "way/1062130921"
    },
    {
      "type": "Feature",
      "properties": {
        "@id": "way/1062130922",
        "addr:city": "Bandung",
        "addr:full": "Jalan KH. Wahid Hasyim No.322",
        "amenity": "school",
        "name": "MI dan MTs Salafiyah",
        "operator:type": "private",
        "school:type_idn": "sd,smp",
        "source": "S2City_POI_2022",
        "wheelchair": "no"
      },
      "geometry": {
        "type": "Polygon",
        "coordinates": [
          [
            [
              107.5909319,
              -6.9419118
            ],
            [
              107.5909201,
              -6.9420113
            ],
            [
              107.5909101,
              -6.9420935
            ],
            [
              107.5910325,
              -6.9421102
            ],
            [
              107.591233,
              -6.9421261
            ],
            [
              107.5913925,
              -6.9421335
            ],
            [
              107.5914003,
              -6.9420559
            ],
            [
              107.5914056,
              -6.941974
            ],
            [
              107.5911357,
              -6.9419451
            ],
            [
              107.5909319,
              -6.9419118
            ]
          ]
        ]
      },
      "id": "way/1062130922"
    },
    {
      "type": "Feature",
      "properties": {
        "@id": "way/1062130925",
        "addr:city": "Bandung",
        "addr:full": "Jalan Citarip Barat RT 04",
        "amenity": "school",
        "name": "MI Thoriqul Huda",
        "operator:type": "private",
        "school:type_idn": "sd",
        "source": "S2City_POI_2022",
        "wheelchair": "no"
      },
      "geometry": {
        "type": "Polygon",
        "coordinates": [
          [
            [
              107.5892274,
              -6.9410471
            ],
            [
              107.5892275,
              -6.9412375
            ],
            [
              107.5893454,
              -6.9412378
            ],
            [
              107.5893487,
              -6.9410471
            ],
            [
              107.5892274,
              -6.9410471
            ]
          ]
        ]
      },
      "id": "way/1062130925"
    },
    {
      "type": "Feature",
      "properties": {
        "@id": "way/1062130927",
        "addr:city": "Bandung",
        "addr:full": "Jalan Cikalapa II No. 4 Kp. Tanggulan Dago Pojok",
        "addr:postcode": "40135",
        "amenity": "school",
        "name": "SD Sekolah Alam Bandung",
        "operator:type": "private",
        "school:type_idn": "sd",
        "source": "S2City_POI_2022",
        "wheelchair": "limited"
      },
      "geometry": {
        "type": "Polygon",
        "coordinates": [
          [
            [
              107.616789,
              -6.866631
            ],
            [
              107.6167904,
              -6.8666443
            ],
            [
              107.6167957,
              -6.8667295
            ],
            [
              107.6168118,
              -6.866812
            ],
            [
              107.6168574,
              -6.8668799
            ],
            [
              107.6170559,
              -6.8670717
            ],
            [
              107.6173241,
              -6.8669279
            ],
            [
              107.6176085,
              -6.8667748
            ],
            [
              107.6176594,
              -6.8667361
            ],
            [
              107.6176903,
              -6.8666816
            ],
            [
              107.6177064,
              -6.8665737
            ],
            [
              107.6176795,
              -6.8664006
            ],
            [
              107.6176085,
              -6.8662848
            ],
            [
              107.6174985,
              -6.8662328
            ],
            [
              107.6174033,
              -6.8661929
            ],
            [
              107.61719,
              -6.8662808
            ],
            [
              107.6172195,
              -6.8663447
            ],
            [
              107.6172437,
              -6.8664352
            ],
            [
              107.6172115,
              -6.8665111
            ],
            [
              107.6171297,
              -6.8665764
            ],
            [
              107.6170573,
              -6.866583
            ],
            [
              107.6170009,
              -6.8665457
            ],
            [
              107.6168574,
              -6.8665724
            ],
            [
              107.616789,
              -6.866631
            ]
          ]
        ]
      },
      "id": "way/1062130927"
    },
    {
      "type": "Feature",
      "properties": {
        "@id": "way/1062486024",
        "addr:city": "Bandung",
        "addr:full": "Jalan Cisitu Baru No.52, Dago, Kecamatan Coblong, Kota Bandung, Jawa Barat 40135",
        "amenity": "school",
        "name": "Yayasan Pesantren Islam Al-Falah",
        "operator:type": "private",
        "school:type_idn": "sd,smp,sma",
        "source": "S2City_POI_2022",
        "wheelchair": "limited"
      },
      "geometry": {
        "type": "Polygon",
        "coordinates": [
          [
            [
              107.6128744,
              -6.8829953
            ],
            [
              107.6128659,
              -6.8830349
            ],
            [
              107.6128375,
              -6.8831664
            ],
            [
              107.6130842,
              -6.8831351
            ],
            [
              107.6131729,
              -6.8832295
            ],
            [
              107.6131842,
              -6.8832985
            ],
            [
              107.6132093,
              -6.8833543
            ],
            [
              107.6133862,
              -6.8833112
            ],
            [
              107.613376,
              -6.8831033
            ],
            [
              107.6133578,
              -6.8828747
            ],
            [
              107.6133592,
              -6.8828049
            ],
            [
              107.6133989,
              -6.8826957
            ],
            [
              107.6134049,
              -6.8824343
            ],
            [
              107.6133746,
              -6.8824336
            ],
            [
              107.6131069,
              -6.882427
            ],
            [
              107.613104,
              -6.8825409
            ],
            [
              107.6130794,
              -6.8825361
            ],
            [
              107.6130681,
              -6.8826784
            ],
            [
              107.6131268,
              -6.8826841
            ],
            [
              107.6132163,
              -6.8829294
            ],
            [
              107.6131184,
              -6.8829387
            ],
            [
              107.6131215,
              -6.8829727
            ],
            [
              107.6128999,
              -6.882993
            ],
            [
              107.6128744,
              -6.8829953
            ]
          ]
        ]
      },
      "id": "way/1062486024"
    },
    {
      "type": "Feature",
      "properties": {
        "@id": "way/1081974041",
        "addr:housenumber": "16",
        "addr:street": "Jalan Sasak Gantung",
        "amenity": "school",
        "building": "yes",
        "name": "SMP Assalaam"
      },
      "geometry": {
        "type": "Polygon",
        "coordinates": [
          [
            [
              107.6079332,
              -6.9260342
            ],
            [
              107.6078856,
              -6.9263552
            ],
            [
              107.6080025,
              -6.9263723
            ],
            [
              107.6080553,
              -6.92638
            ],
            [
              107.6080597,
              -6.9263507
            ],
            [
              107.6080996,
              -6.9263565
            ],
            [
              107.6081436,
              -6.9260596
            ],
            [
              107.6080757,
              -6.9260497
            ],
            [
              107.6080434,
              -6.9262672
            ],
            [
              107.6079958,
              -6.9262602
            ],
            [
              107.6080059,
              -6.9261921
            ],
            [
              107.6080276,
              -6.9261953
            ],
            [
              107.6080434,
              -6.9260888
            ],
            [
              107.6079987,
              -6.9260823
            ],
            [
              107.6080043,
              -6.9260446
            ],
            [
              107.6079332,
              -6.9260342
            ]
          ]
        ]
      },
      "id": "way/1081974041"
    },
    {
      "type": "Feature",
      "properties": {
        "@id": "way/1082065761",
        "amenity": "school",
        "building": "school",
        "name": "SD Kristen Gamaliel, SMP Kristen Gamaliel, SMA Kristen Gamaliel",
        "source": "POI_WRI_Survey_2023",
        "wheelchair": "no"
      },
      "geometry": {
        "type": "Polygon",
        "coordinates": [
          [
            [
              107.5970532,
              -6.9205983
            ],
            [
              107.5971596,
              -6.9206098
            ],
            [
              107.5972123,
              -6.9201319
            ],
            [
              107.596976,
              -6.9201062
            ],
            [
              107.5969424,
              -6.9204109
            ],
            [
              107.5968985,
              -6.9204062
            ],
            [
              107.5968796,
              -6.9205781
            ],
            [
              107.5969691,
              -6.9205878
            ],
            [
              107.5969643,
              -6.920631
            ],
            [
              107.5970486,
              -6.9206401
            ],
            [
              107.5970532,
              -6.9205983
            ]
          ]
        ]
      },
      "id": "way/1082065761"
    },
    {
      "type": "Feature",
      "properties": {
        "@id": "way/1082339029",
        "addr:city": "Kota Bandung",
        "addr:district": "Lengkong",
        "addr:housename": "SMA Edu Global Bandung",
        "addr:housenumber": "38",
        "addr:postcode": "40262",
        "addr:province": "Jawa Barat",
        "addr:street": "Jl. Gatot Subroto No.38",
        "addr:subdistrict": "Malabar",
        "amenity": "school",
        "building": "yes",
        "name": "SMA Edu Global Bandung"
      },
      "geometry": {
        "type": "Polygon",
        "coordinates": [
          [
            [
              107.6224656,
              -6.9232916
            ],
            [
              107.6223743,
              -6.9235779
            ],
            [
              107.6225242,
              -6.923625
            ],
            [
              107.6226154,
              -6.9233386
            ],
            [
              107.6224656,
              -6.9232916
            ]
          ]
        ]
      },
      "id": "way/1082339029"
    },
    {
      "type": "Feature",
      "properties": {
        "@id": "way/1082905821",
        "addr:city": "Bandung",
        "addr:housenumber": "#58",
        "addr:street": "Jl. Pajajaran , Pasir Kaliki, Cicendo",
        "amenity": "school",
        "building": "yes",
        "name": "SD Negeri 016 Cipto Pajajaran"
      },
      "geometry": {
        "type": "Polygon",
        "coordinates": [
          [
            [
              107.5997179,
              -6.9063725
            ],
            [
              107.5996996,
              -6.9065863
            ],
            [
              107.6000397,
              -6.9066149
            ],
            [
              107.6000469,
              -6.9065313
            ],
            [
              107.5998006,
              -6.9065106
            ],
            [
              107.5998117,
              -6.9063804
            ],
            [
              107.5997179,
              -6.9063725
            ]
          ]
        ]
      },
      "id": "way/1082905821"
    },
    {
      "type": "Feature",
      "properties": {
        "@id": "way/1087268200",
        "amenity": "school",
        "name": "TK Dan SD GIKI"
      },
      "geometry": {
        "type": "Polygon",
        "coordinates": [
          [
            [
              107.5968933,
              -6.8813049
            ],
            [
              107.5968825,
              -6.880939
            ],
            [
              107.5964366,
              -6.8809753
            ],
            [
              107.5964637,
              -6.8813184
            ],
            [
              107.5968933,
              -6.8813049
            ]
          ]
        ]
      },
      "id": "way/1087268200"
    },
    {
      "type": "Feature",
      "properties": {
        "@id": "way/1116137212",
        "amenity": "school",
        "grades": "1-7",
        "name": "Sekolah Dasar Firdaus Percikan Iman",
        "operator": "Percikan Iman",
        "operator:type": "private"
      },
      "geometry": {
        "type": "Polygon",
        "coordinates": [
          [
            [
              107.5792083,
              -6.8582126
            ],
            [
              107.5787155,
              -6.8580838
            ],
            [
              107.5786936,
              -6.8581014
            ],
            [
              107.5786655,
              -6.8580934
            ],
            [
              107.5786238,
              -6.8582203
            ],
            [
              107.5785938,
              -6.8582116
            ],
            [
              107.5785244,
              -6.858419
            ],
            [
              107.5788476,
              -6.8585209
            ],
            [
              107.578891,
              -6.858385
            ],
            [
              107.5791515,
              -6.8584517
            ],
            [
              107.5792083,
              -6.8582126
            ]
          ]
        ]
      },
      "id": "way/1116137212"
    },
    {
      "type": "Feature",
      "properties": {
        "@id": "way/1136860988",
        "amenity": "school",
        "name": "SD Negeri 019 Pabaki",
        "source": "POI_WRI_Survey_2023",
        "wheelchair": "no"
      },
      "geometry": {
        "type": "Polygon",
        "coordinates": [
          [
            [
              107.5958102,
              -6.9273113
            ],
            [
              107.5957927,
              -6.9276333
            ],
            [
              107.5957883,
              -6.9276331
            ],
            [
              107.5957785,
              -6.9278129
            ],
            [
              107.5961422,
              -6.9278323
            ],
            [
              107.5961695,
              -6.9273306
            ],
            [
              107.5958102,
              -6.9273113
            ]
          ]
        ]
      },
      "id": "way/1136860988"
    },
    {
      "type": "Feature",
      "properties": {
        "@id": "way/1144615563",
        "amenity": "school",
        "building": "school",
        "name": "SD Negeri 039 Tegallega",
        "source": "POI_WRI_Survey_2023",
        "wheelchair": "no"
      },
      "geometry": {
        "type": "Polygon",
        "coordinates": [
          [
            [
              107.6037321,
              -6.9387215
            ],
            [
              107.6036427,
              -6.9388055
            ],
            [
              107.6038636,
              -6.9390374
            ],
            [
              107.6039531,
              -6.9389535
            ],
            [
              107.6037321,
              -6.9387215
            ]
          ]
        ]
      },
      "id": "way/1144615563"
    },
    {
      "type": "Feature",
      "properties": {
        "@id": "way/1145035584",
        "amenity": "school",
        "name": "SD Negeri Gegerkalong 2 KPAD"
      },
      "geometry": {
        "type": "Polygon",
        "coordinates": [
          [
            [
              107.5818497,
              -6.8663876
            ],
            [
              107.5817814,
              -6.8667883
            ],
            [
              107.5824642,
              -6.8669133
            ],
            [
              107.5825385,
              -6.8665006
            ],
            [
              107.5818497,
              -6.8663876
            ]
          ]
        ]
      },
      "id": "way/1145035584"
    },
    {
      "type": "Feature",
      "properties": {
        "@id": "way/1149006921",
        "amenity": "school",
        "grades": "1-6",
        "name": "SD Negeri Isola 2",
        "wikidata": "Q116879510"
      },
      "geometry": {
        "type": "Polygon",
        "coordinates": [
          [
            [
              107.5920675,
              -6.8643003
            ],
            [
              107.5922009,
              -6.8643193
            ],
            [
              107.5922379,
              -6.8641629
            ],
            [
              107.5922851,
              -6.8639165
            ],
            [
              107.5922956,
              -6.863876
            ],
            [
              107.5923072,
              -6.863834
            ],
            [
              107.5923292,
              -6.863744
            ],
            [
              107.5923367,
              -6.8637222
            ],
            [
              107.5923576,
              -6.8636429
            ],
            [
              107.592176,
              -6.863614
            ],
            [
              107.5921296,
              -6.8638983
            ],
            [
              107.5920959,
              -6.8641653
            ],
            [
              107.5920837,
              -6.864214
            ],
            [
              107.5920742,
              -6.8642482
            ],
            [
              107.5920675,
              -6.8643003
            ]
          ]
        ]
      },
      "id": "way/1149006921"
    },
    {
      "type": "Feature",
      "properties": {
        "@id": "way/1161397961",
        "amenity": "school",
        "building": "school",
        "name": "SD Negeri 159 Sekejati",
        "source": "POI_WRI_Survey_2023",
        "wheelchair": "no"
      },
      "geometry": {
        "type": "Polygon",
        "coordinates": [
          [
            [
              107.653424,
              -6.9398703
            ],
            [
              107.6534146,
              -6.9400766
            ],
            [
              107.6535085,
              -6.9400808
            ],
            [
              107.6535179,
              -6.9398745
            ],
            [
              107.653424,
              -6.9398703
            ]
          ]
        ]
      },
      "id": "way/1161397961"
    },
    {
      "type": "Feature",
      "properties": {
        "@id": "way/1162113661",
        "amenity": "school",
        "name": "SD Negeri 023 Pajagalan",
        "source": "POI_WRI_Survey_2023",
        "wheelchair": "no"
      },
      "geometry": {
        "type": "Polygon",
        "coordinates": [
          [
            [
              107.6001021,
              -6.9256204
            ],
            [
              107.6001139,
              -6.9262941
            ],
            [
              107.6005823,
              -6.926286
            ],
            [
              107.6005705,
              -6.9256124
            ],
            [
              107.6001021,
              -6.9256204
            ]
          ]
        ]
      },
      "id": "way/1162113661"
    },
    {
      "type": "Feature",
      "properties": {
        "@id": "way/1162114864",
        "amenity": "school",
        "name": "SMK Profita Bandung",
        "source": "POI_WRI_Survey_2023",
        "wheelchair": "no"
      },
      "geometry": {
        "type": "Polygon",
        "coordinates": [
          [
            [
              107.6011689,
              -6.9255255
            ],
            [
              107.6011575,
              -6.925799
            ],
            [
              107.6014381,
              -6.9258181
            ],
            [
              107.6014981,
              -6.9258174
            ],
            [
              107.601501,
              -6.9258127
            ],
            [
              107.6015211,
              -6.9255377
            ],
            [
              107.6011689,
              -6.9255255
            ]
          ]
        ]
      },
      "id": "way/1162114864"
    },
    {
      "type": "Feature",
      "properties": {
        "@id": "way/1162117899",
        "amenity": "school",
        "building": "school",
        "name": "Madrasah At-Taqwa",
        "source": "POI_WRI_Survey_2023",
        "wheelchair": "no"
      },
      "geometry": {
        "type": "Polygon",
        "coordinates": [
          [
            [
              107.5961984,
              -6.9240132
            ],
            [
              107.5961944,
              -6.9240851
            ],
            [
              107.5963209,
              -6.924092
            ],
            [
              107.5963249,
              -6.9240201
            ],
            [
              107.5961984,
              -6.9240132
            ]
          ]
        ]
      },
      "id": "way/1162117899"
    },
    {
      "type": "Feature",
      "properties": {
        "@id": "way/1162126431",
        "amenity": "school",
        "building": "school",
        "name": "SMK Prakarya Internasional (gedung 2)",
        "source": "POI_WRI_Survey_2023",
        "wheelchair": "no"
      },
      "geometry": {
        "type": "Polygon",
        "coordinates": [
          [
            [
              107.6044844,
              -6.9398197
            ],
            [
              107.6044564,
              -6.9398926
            ],
            [
              107.6045521,
              -6.9399289
            ],
            [
              107.6045802,
              -6.939856
            ],
            [
              107.6044844,
              -6.9398197
            ]
          ]
        ]
      },
      "id": "way/1162126431"
    },
    {
      "type": "Feature",
      "properties": {
        "@id": "way/1162127258",
        "amenity": "school",
        "name": "SD Negeri Pajagalan 073",
        "source": "POI_WRI_Survey_2023",
        "wheelchair": "no"
      },
      "geometry": {
        "type": "Polygon",
        "coordinates": [
          [
            [
              107.6007079,
              -6.9241346
            ],
            [
              107.6007892,
              -6.9241418
            ],
            [
              107.601047,
              -6.9241724
            ],
            [
              107.6010611,
              -6.9240667
            ],
            [
              107.6010599,
              -6.9240345
            ],
            [
              107.6010472,
              -6.9240251
            ],
            [
              107.6010401,
              -6.9239959
            ],
            [
              107.6010378,
              -6.9239659
            ],
            [
              107.6010304,
              -6.9239489
            ],
            [
              107.6007112,
              -6.9239369
            ],
            [
              107.6007079,
              -6.9241346
            ]
          ]
        ]
      },
      "id": "way/1162127258"
    },
    {
      "type": "Feature",
      "properties": {
        "@id": "way/1162127903",
        "amenity": "school",
        "building": "school",
        "name": "SD Negeri 143 Kopo",
        "source": "POI_WRI_Survey_2023",
        "wheelchair": "no"
      },
      "geometry": {
        "type": "Polygon",
        "coordinates": [
          [
            [
              107.6024171,
              -6.9317334
            ],
            [
              107.602399,
              -6.9320709
            ],
            [
              107.6025375,
              -6.9320783
            ],
            [
              107.6025412,
              -6.9320091
            ],
            [
              107.6026179,
              -6.9320132
            ],
            [
              107.6026323,
              -6.9317448
            ],
            [
              107.6024171,
              -6.9317334
            ]
          ]
        ]
      },
      "id": "way/1162127903"
    },
    {
      "type": "Feature",
      "properties": {
        "@id": "way/1162131409",
        "amenity": "school",
        "name": "SMP Negeri 25 Bandung",
        "source": "POI_WRI_Survey_2023",
        "wheelchair": "no"
      },
      "geometry": {
        "type": "Polygon",
        "coordinates": [
          [
            [
              107.6007149,
              -6.9257572
            ],
            [
              107.600986,
              -6.925783
            ],
            [
              107.6011524,
              -6.9257963
            ],
            [
              107.601165,
              -6.925543
            ],
            [
              107.6011724,
              -6.925426
            ],
            [
              107.6011719,
              -6.9254111
            ],
            [
              107.6007474,
              -6.9253844
            ],
            [
              107.600735,
              -6.9253844
            ],
            [
              107.6007149,
              -6.9257572
            ]
          ]
        ]
      },
      "id": "way/1162131409"
    },
    {
      "type": "Feature",
      "properties": {
        "@id": "way/1162174587",
        "amenity": "school",
        "name": "SMP Negeri 30 Kota Bandung",
        "source": "POI_WRI_Survey_2023",
        "wheelchair": "no"
      },
      "geometry": {
        "type": "Polygon",
        "coordinates": [
          [
            [
              107.6446408,
              -6.9404056
            ],
            [
              107.6446111,
              -6.9406279
            ],
            [
              107.644537,
              -6.9406201
            ],
            [
              107.6445234,
              -6.9407189
            ],
            [
              107.6449607,
              -6.9407765
            ],
            [
              107.6451188,
              -6.9407973
            ],
            [
              107.6451257,
              -6.9407458
            ],
            [
              107.6452426,
              -6.9407612
            ],
            [
              107.6452589,
              -6.9406395
            ],
            [
              107.645299,
              -6.9406448
            ],
            [
              107.645305,
              -6.9405996
            ],
            [
              107.645319,
              -6.9404949
            ],
            [
              107.6446408,
              -6.9404056
            ]
          ]
        ]
      },
      "id": "way/1162174587"
    },
    {
      "type": "Feature",
      "properties": {
        "@id": "way/1162434830",
        "amenity": "school",
        "building": "school",
        "name": "SMK Otista Bandung",
        "source": "POI_WRI_Survey_2023",
        "wheelchair": "no"
      },
      "geometry": {
        "type": "Polygon",
        "coordinates": [
          [
            [
              107.6000062,
              -6.9204192
            ],
            [
              107.5999918,
              -6.9206208
            ],
            [
              107.6000564,
              -6.9206253
            ],
            [
              107.6000708,
              -6.9204238
            ],
            [
              107.6000062,
              -6.9204192
            ]
          ]
        ]
      },
      "id": "way/1162434830"
    },
    {
      "type": "Feature",
      "properties": {
        "@id": "way/1162440100",
        "amenity": "school",
        "name": "SD Negeri 142 Dwikora",
        "source": "POI_WRI_Survey_2023",
        "wheelchair": "no"
      },
      "geometry": {
        "type": "Polygon",
        "coordinates": [
          [
            [
              107.6027775,
              -6.9442357
            ],
            [
              107.60297,
              -6.9442838
            ],
            [
              107.6029664,
              -6.9442488
            ],
            [
              107.6029668,
              -6.9442252
            ],
            [
              107.602977,
              -6.9442049
            ],
            [
              107.6029931,
              -6.9441869
            ],
            [
              107.6030481,
              -6.944181
            ],
            [
              107.6030957,
              -6.9441816
            ],
            [
              107.6030967,
              -6.9439644
            ],
            [
              107.6030778,
              -6.9438916
            ],
            [
              107.6030828,
              -6.9437901
            ],
            [
              107.6028841,
              -6.9437483
            ],
            [
              107.6027775,
              -6.9442357
            ]
          ]
        ]
      },
      "id": "way/1162440100"
    },
    {
      "type": "Feature",
      "properties": {
        "@id": "way/1162452266",
        "amenity": "school",
        "name": "SD Negeri 265 Bandung Kulon",
        "source": "POI_WRI_Survey_2023",
        "wheelchair": "no"
      },
      "geometry": {
        "type": "Polygon",
        "coordinates": [
          [
            [
              107.5922562,
              -6.9213592
            ],
            [
              107.592096,
              -6.92171
            ],
            [
              107.5923682,
              -6.9218331
            ],
            [
              107.5923625,
              -6.9218474
            ],
            [
              107.5924788,
              -6.9218987
            ],
            [
              107.5925821,
              -6.921666
            ],
            [
              107.59256,
              -6.9216564
            ],
            [
              107.5926123,
              -6.9215277
            ],
            [
              107.5926117,
              -6.9215199
            ],
            [
              107.5926083,
              -6.9215137
            ],
            [
              107.5922562,
              -6.9213592
            ]
          ]
        ]
      },
      "id": "way/1162452266"
    },
    {
      "type": "Feature",
      "properties": {
        "@id": "way/1162681725",
        "amenity": "school",
        "building": "school",
        "name": "SMP,SMA, SMK Bina Dharma",
        "source": "POI_WRI_Survey_2023",
        "wheelchair": "no"
      },
      "geometry": {
        "type": "Polygon",
        "coordinates": [
          [
            [
              107.6519901,
              -6.9222709
            ],
            [
              107.6519217,
              -6.9225662
            ],
            [
              107.6519968,
              -6.9225833
            ],
            [
              107.6520476,
              -6.9223643
            ],
            [
              107.652206,
              -6.9224004
            ],
            [
              107.652159,
              -6.9226037
            ],
            [
              107.6522421,
              -6.9226227
            ],
            [
              107.6523069,
              -6.9223432
            ],
            [
              107.6519901,
              -6.9222709
            ]
          ]
        ]
      },
      "id": "way/1162681725"
    },
    {
      "type": "Feature",
      "properties": {
        "@id": "way/1162682949",
        "amenity": "school",
        "name": "SD Negeri Sukapura 2",
        "source": "POI_WRI_Survey_2023",
        "wheelchair": "no"
      },
      "geometry": {
        "type": "Polygon",
        "coordinates": [
          [
            [
              107.6492485,
              -6.9297365
            ],
            [
              107.6491767,
              -6.9300776
            ],
            [
              107.6494899,
              -6.9301189
            ],
            [
              107.6496531,
              -6.9301429
            ],
            [
              107.6497091,
              -6.9298214
            ],
            [
              107.6493893,
              -6.9297598
            ],
            [
              107.6492485,
              -6.9297365
            ]
          ]
        ]
      },
      "id": "way/1162682949"
    },
    {
      "type": "Feature",
      "properties": {
        "@id": "way/1162685544",
        "amenity": "school",
        "building": "school",
        "name": "Pusat Kegiatan Belajar Masyarakat Jati Waringin",
        "source": "POI_WRI_Survey_2023",
        "wheelchair": "no"
      },
      "geometry": {
        "type": "Polygon",
        "coordinates": [
          [
            [
              107.6087751,
              -6.9484192
            ],
            [
              107.6087715,
              -6.9484701
            ],
            [
              107.6088465,
              -6.9484753
            ],
            [
              107.6088501,
              -6.9484244
            ],
            [
              107.6087751,
              -6.9484192
            ]
          ]
        ]
      },
      "id": "way/1162685544"
    },
    {
      "type": "Feature",
      "properties": {
        "@id": "way/1162722628",
        "amenity": "school",
        "building": "school",
        "name": "TK SD HAS Darul Ilmi",
        "source": "POI_WRI_Survey_2023",
        "wheelchair": "no"
      },
      "geometry": {
        "type": "Polygon",
        "coordinates": [
          [
            [
              107.6544475,
              -6.9333321
            ],
            [
              107.654429,
              -6.9334986
            ],
            [
              107.6545588,
              -6.9335128
            ],
            [
              107.6545773,
              -6.9333464
            ],
            [
              107.6544475,
              -6.9333321
            ]
          ]
        ]
      },
      "id": "way/1162722628"
    },
    {
      "type": "Feature",
      "properties": {
        "@id": "way/1162724683",
        "amenity": "school",
        "building": "school",
        "name": "Yayasan Bina Dharma",
        "source": "POI_WRI_Survey_2023",
        "wheelchair": "no"
      },
      "geometry": {
        "type": "Polygon",
        "coordinates": [
          [
            [
              107.6521039,
              -6.9222085
            ],
            [
              107.6520909,
              -6.9222911
            ],
            [
              107.6522878,
              -6.9223218
            ],
            [
              107.6523008,
              -6.9222393
            ],
            [
              107.6521039,
              -6.9222085
            ]
          ]
        ]
      },
      "id": "way/1162724683"
    },
    {
      "type": "Feature",
      "properties": {
        "@id": "way/1162724918",
        "amenity": "school",
        "building": "school",
        "name": "PKBM MDC GATSU",
        "source": "POI_WRI_Survey_2023",
        "wheelchair": "no"
      },
      "geometry": {
        "type": "Polygon",
        "coordinates": [
          [
            [
              107.645148,
              -6.9331992
            ],
            [
              107.6451289,
              -6.9332423
            ],
            [
              107.6452029,
              -6.9332747
            ],
            [
              107.6452221,
              -6.9332317
            ],
            [
              107.645148,
              -6.9331992
            ]
          ]
        ]
      },
      "id": "way/1162724918"
    },
    {
      "type": "Feature",
      "properties": {
        "@id": "way/1162725383",
        "amenity": "school",
        "building": "school",
        "name": "SMP Vijaya Kusumah",
        "source": "POI_WRI_Survey_2023",
        "wheelchair": "no"
      },
      "geometry": {
        "type": "Polygon",
        "coordinates": [
          [
            [
              107.6432128,
              -6.9428809
            ],
            [
              107.6431324,
              -6.9431941
            ],
            [
              107.6432584,
              -6.943226
            ],
            [
              107.6433079,
              -6.9430334
            ],
            [
              107.6433674,
              -6.9430484
            ],
            [
              107.6433983,
              -6.9429278
            ],
            [
              107.6432128,
              -6.9428809
            ]
          ]
        ]
      },
      "id": "way/1162725383"
    },
    {
      "type": "Feature",
      "properties": {
        "@id": "way/1162728535",
        "amenity": "school",
        "building": "school",
        "name": "SD AR-RAFFI 1",
        "source": "POI_WRI_Survey_2023",
        "wheelchair": "no"
      },
      "geometry": {
        "type": "Polygon",
        "coordinates": [
          [
            [
              107.6456784,
              -6.9419344
            ],
            [
              107.6456684,
              -6.9420243
            ],
            [
              107.6457786,
              -6.9420365
            ],
            [
              107.6457887,
              -6.9419466
            ],
            [
              107.6456784,
              -6.9419344
            ]
          ]
        ]
      },
      "id": "way/1162728535"
    },
    {
      "type": "Feature",
      "properties": {
        "@id": "way/1162728872",
        "amenity": "school",
        "name": "SMP Ar-Rafi' Drajat",
        "source": "POI_WRI_Survey_2023",
        "wheelchair": "no"
      },
      "geometry": {
        "type": "Polygon",
        "coordinates": [
          [
            [
              107.6463393,
              -6.9407115
            ],
            [
              107.6462868,
              -6.9409884
            ],
            [
              107.646724,
              -6.9410701
            ],
            [
              107.6467765,
              -6.9407932
            ],
            [
              107.6463393,
              -6.9407115
            ]
          ]
        ]
      },
      "id": "way/1162728872"
    },
    {
      "type": "Feature",
      "properties": {
        "@id": "way/1172833308",
        "amenity": "school",
        "barrier": "wall",
        "education": "school",
        "landuse": "education",
        "name": "Sekolah Menengah Kejuruan Negeri 6 Bandung"
      },
      "geometry": {
        "type": "Polygon",
        "coordinates": [
          [
            [
              107.6795568,
              -6.9397425
            ],
            [
              107.6795045,
              -6.9405537
            ],
            [
              107.6794226,
              -6.9414332
            ],
            [
              107.6794429,
              -6.9415154
            ],
            [
              107.6794575,
              -6.941585
            ],
            [
              107.6805834,
              -6.9416662
            ],
            [
              107.6805934,
              -6.941597
            ],
            [
              107.6806712,
              -6.941577
            ],
            [
              107.6807262,
              -6.9415051
            ],
            [
              107.680749,
              -6.9410937
            ],
            [
              107.6808657,
              -6.9401595
            ],
            [
              107.6807919,
              -6.9401535
            ],
            [
              107.6808043,
              -6.9400094
            ],
            [
              107.6808194,
              -6.9398956
            ],
            [
              107.6817468,
              -6.9400087
            ],
            [
              107.6817709,
              -6.9396453
            ],
            [
              107.681209,
              -6.9395854
            ],
            [
              107.68126,
              -6.9389238
            ],
            [
              107.6808469,
              -6.9388825
            ],
            [
              107.6804365,
              -6.9388452
            ],
            [
              107.6802984,
              -6.9398117
            ],
            [
              107.6795568,
              -6.9397425
            ]
          ]
        ]
      },
      "id": "way/1172833308"
    },
    {
      "type": "Feature",
      "properties": {
        "@id": "way/1195172986",
        "addr:city": "Bandung",
        "addr:country": "ID",
        "addr:housenumber": "139",
        "addr:postcode": "40275",
        "addr:province": "Jawa Barat",
        "addr:street": "Jalan Binong Jati",
        "addr:subdistrict": "Turangga",
        "addr:village": "Binong",
        "amenity": "school",
        "education": "school",
        "isced:level": "2",
        "landuse": "education",
        "name": "SMP Negeri 31 Kota Bandung",
        "official_name": "Sekolah Menengah Pertama 31 Kota Bandung",
        "short_name": "SMPN 31 Bandung"
      },
      "geometry": {
        "type": "Polygon",
        "coordinates": [
          [
            [
              107.6401256,
              -6.9379559
            ],
            [
              107.6401015,
              -6.9381443
            ],
            [
              107.640017,
              -6.9387161
            ],
            [
              107.6401878,
              -6.9387287
            ],
            [
              107.6408819,
              -6.9387352
            ],
            [
              107.640894,
              -6.9387326
            ],
            [
              107.6408984,
              -6.9387271
            ],
            [
              107.6409122,
              -6.9386399
            ],
            [
              107.6409403,
              -6.9382002
            ],
            [
              107.6409182,
              -6.9381982
            ],
            [
              107.6409371,
              -6.9380007
            ],
            [
              107.6401256,
              -6.9379559
            ]
          ]
        ]
      },
      "id": "way/1195172986"
    },
    {
      "type": "Feature",
      "properties": {
        "@id": "way/1198173664",
        "addr:housenumber": "68",
        "addr:state": "JW",
        "addr:street": "Bulevar Magna",
        "amenity": "school",
        "building": "commercial",
        "name": "Indonesia College",
        "office": "educational_institution",
        "operator:type": "private"
      },
      "geometry": {
        "type": "Polygon",
        "coordinates": [
          [
            [
              107.6888921,
              -6.9583667
            ],
            [
              107.6888881,
              -6.9584137
            ],
            [
              107.6890051,
              -6.9584237
            ],
            [
              107.6890092,
              -6.9583767
            ],
            [
              107.6888921,
              -6.9583667
            ]
          ]
        ]
      },
      "id": "way/1198173664"
    },
    {
      "type": "Feature",
      "properties": {
        "@id": "way/1225336220",
        "abbr_name": "SMAN 25 Bandung",
        "addr:housenumber": "21",
        "addr:street": "Jl. Baturaden Vlll",
        "amenity": "school",
        "name": "Sekolah Menengah Atas Negeri 25 Bandung"
      },
      "geometry": {
        "type": "Polygon",
        "coordinates": [
          [
            [
              107.6661256,
              -6.966141
            ],
            [
              107.6652743,
              -6.9662579
            ],
            [
              107.6649427,
              -6.9663034
            ],
            [
              107.6648703,
              -6.9670436
            ],
            [
              107.6657635,
              -6.9672725
            ],
            [
              107.6660787,
              -6.9672619
            ],
            [
              107.6662108,
              -6.966561
            ],
            [
              107.6661256,
              -6.966141
            ]
          ]
        ]
      },
      "id": "way/1225336220"
    },
    {
      "type": "Feature",
      "properties": {
        "@id": "way/1232570633",
        "addr:housenumber": "160",
        "addr:postcode": "40142",
        "addr:street": "Jalan Ciumbuleuit",
        "amenity": "school",
        "denomination": "protestant",
        "grades": "0-12",
        "name": "SD, SMP, SMA Kristen Hidup Baru",
        "operator": "Yayasan Taman Pendidikan Kristen Hidup baru",
        "operator:type": "private_non_profit",
        "religion": "christian",
        "website": "https://www.sekolahhidupbaru.sch.id/"
      },
      "geometry": {
        "type": "Polygon",
        "coordinates": [
          [
            [
              107.6059533,
              -6.8652121
            ],
            [
              107.60587,
              -6.8653322
            ],
            [
              107.6059228,
              -6.8654301
            ],
            [
              107.6059655,
              -6.8655037
            ],
            [
              107.6059614,
              -6.865532
            ],
            [
              107.6058263,
              -6.8656591
            ],
            [
              107.6058639,
              -6.8656935
            ],
            [
              107.6059127,
              -6.8657146
            ],
            [
              107.6059411,
              -6.8657268
            ],
            [
              107.6060123,
              -6.865751
            ],
            [
              107.6060478,
              -6.8657338
            ],
            [
              107.6060804,
              -6.8657197
            ],
            [
              107.6061139,
              -6.8657157
            ],
            [
              107.6061647,
              -6.8657247
            ],
            [
              107.6062125,
              -6.8657722
            ],
            [
              107.6062694,
              -6.8657177
            ],
            [
              107.6062308,
              -6.8656612
            ],
            [
              107.6063212,
              -6.8653917
            ],
            [
              107.6061546,
              -6.8653302
            ],
            [
              107.6059533,
              -6.8652121
            ]
          ]
        ]
      },
      "id": "way/1232570633"
    },
    {
      "type": "Feature",
      "properties": {
        "@id": "way/1234811611",
        "addr:housenumber": "17-19",
        "amenity": "school",
        "area": "yes",
        "name": "Sekolah Muthahhari"
      },
      "geometry": {
        "type": "Polygon",
        "coordinates": [
          [
            [
              107.671439,
              -6.9211799
            ],
            [
              107.671806,
              -6.9216843
            ],
            [
              107.6720106,
              -6.9215375
            ],
            [
              107.6716435,
              -6.9210332
            ],
            [
              107.671439,
              -6.9211799
            ]
          ]
        ]
      },
      "id": "way/1234811611"
    },
    {
      "type": "Feature",
      "properties": {
        "@id": "way/1248717468",
        "addr:city": "Kota Bandung",
        "addr:housenumber": "8",
        "addr:street": "Jalan Belitung",
        "alt_name": "SMA Negeri 3 Kota Bandung",
        "amenity": "school",
        "isced:level": "3",
        "name": "SMAN 3 Bandung",
        "official_name": "SMA Negeri 3 Bandung",
        "website": "https://www.sman3bandung.sch.id/",
        "wikidata": "Q7391096"
      },
      "geometry": {
        "type": "Polygon",
        "coordinates": [
          [
            [
              107.6150527,
              -6.9130477
            ],
            [
              107.6154324,
              -6.9128952
            ],
            [
              107.6151362,
              -6.9120018
            ],
            [
              107.6148823,
              -6.9120952
            ],
            [
              107.6146887,
              -6.9121869
            ],
            [
              107.6146358,
              -6.9123152
            ],
            [
              107.6150527,
              -6.9130477
            ]
          ]
        ]
      },
      "id": "way/1248717468"
    },
    {
      "type": "Feature",
      "properties": {
        "@id": "way/1248717469",
        "addr:city": "Kota Bandung",
        "addr:housenumber": "8",
        "addr:street": "Jalan Belitung",
        "alt_name": "SMA Negeri 5 Kota Bandung",
        "amenity": "school",
        "isced:level": "3",
        "name": "SMAN 5 Bandung",
        "official_name": "SMA Negeri 5 Bandung",
        "website": "https://sman5bdg.sch.id",
        "wikidata": "Q5287796"
      },
      "geometry": {
        "type": "Polygon",
        "coordinates": [
          [
            [
              107.6159771,
              -6.9127651
            ],
            [
              107.615599,
              -6.911841
            ],
            [
              107.6153567,
              -6.9119252
            ],
            [
              107.6151362,
              -6.9120018
            ],
            [
              107.6154324,
              -6.9128952
            ],
            [
              107.6154568,
              -6.9129687
            ],
            [
              107.6159771,
              -6.9127651
            ]
          ]
        ]
      },
      "id": "way/1248717469"
    },
    {
      "type": "Feature",
      "properties": {
        "@id": "way/1282746974",
        "amenity": "school"
      },
      "geometry": {
        "type": "Polygon",
        "coordinates": [
          [
            [
              107.6526497,
              -6.9486191
            ],
            [
              107.6527206,
              -6.9484483
            ],
            [
              107.6524045,
              -6.9483906
            ],
            [
              107.652383,
              -6.9485358
            ],
            [
              107.6526497,
              -6.9486191
            ]
          ]
        ]
      },
      "id": "way/1282746974"
    },
    {
      "type": "Feature",
      "properties": {
        "@id": "way/1286749458",
        "amenity": "school",
        "name": "SMA Telkom Bandung"
      },
      "geometry": {
        "type": "Polygon",
        "coordinates": [
          [
            [
              107.6271102,
              -6.9732469
            ],
            [
              107.6268554,
              -6.972994
            ],
            [
              107.6261392,
              -6.9729408
            ],
            [
              107.6261015,
              -6.9732411
            ],
            [
              107.6260507,
              -6.9736463
            ],
            [
              107.627027,
              -6.973798
            ],
            [
              107.6271102,
              -6.9732469
            ]
          ]
        ]
      },
      "id": "way/1286749458"
    },
    {
      "type": "Feature",
      "properties": {
        "@id": "way/1286749459",
        "amenity": "school",
        "name": "SMP Telkom Bandung"
      },
      "geometry": {
        "type": "Polygon",
        "coordinates": [
          [
            [
              107.6237708,
              -6.9725813
            ],
            [
              107.6237333,
              -6.9727624
            ],
            [
              107.6251361,
              -6.972821
            ],
            [
              107.6251495,
              -6.9722219
            ],
            [
              107.6251173,
              -6.9720728
            ],
            [
              107.6244494,
              -6.9720435
            ],
            [
              107.6237708,
              -6.9725813
            ]
          ]
        ]
      },
      "id": "way/1286749459"
    },
    {
      "type": "Feature",
      "properties": {
        "@id": "way/1293529509",
        "amenity": "school",
        "name": "SD Negeri 008 Mohammad Toha"
      },
      "geometry": {
        "type": "Polygon",
        "coordinates": [
          [
            [
              107.6062143,
              -6.9300825
            ],
            [
              107.6067222,
              -6.9301331
            ],
            [
              107.6067624,
              -6.929736
            ],
            [
              107.6062545,
              -6.9296853
            ],
            [
              107.6062143,
              -6.9300825
            ]
          ]
        ]
      },
      "id": "way/1293529509"
    },
    {
      "type": "Feature",
      "properties": {
        "@id": "way/1293531002",
        "amenity": "school",
        "building": "yes",
        "name": "SD Assalaam"
      },
      "geometry": {
        "type": "Polygon",
        "coordinates": [
          [
            [
              107.6076928,
              -6.9257404
            ],
            [
              107.6075982,
              -6.9257266
            ],
            [
              107.6076244,
              -6.9255501
            ],
            [
              107.6076387,
              -6.9255522
            ],
            [
              107.6076535,
              -6.9254525
            ],
            [
              107.6075609,
              -6.925439
            ],
            [
              107.6075461,
              -6.9255386
            ],
            [
              107.6075513,
              -6.9255394
            ],
            [
              107.6075392,
              -6.925621
            ],
            [
              107.60752,
              -6.9257505
            ],
            [
              107.607529,
              -6.9257518
            ],
            [
              107.6075212,
              -6.9258044
            ],
            [
              107.6077854,
              -6.925843
            ],
            [
              107.6077926,
              -6.9257943
            ],
            [
              107.6077983,
              -6.9257559
            ],
            [
              107.6078187,
              -6.925618
            ],
            [
              107.6078327,
              -6.9255237
            ],
            [
              107.6078477,
              -6.9254227
            ],
            [
              107.60784,
              -6.9254216
            ],
            [
              107.6078505,
              -6.9253513
            ],
            [
              107.607585,
              -6.9253125
            ],
            [
              107.6075691,
              -6.9254202
            ],
            [
              107.6077351,
              -6.9254444
            ],
            [
              107.6077116,
              -6.9256024
            ],
            [
              107.6077132,
              -6.9256026
            ],
            [
              107.6076928,
              -6.9257404
            ]
          ]
        ]
      },
      "id": "way/1293531002"
    },
    {
      "type": "Feature",
      "properties": {
        "@id": "way/1306332922",
        "amenity": "school",
        "grades": "1-6",
        "name": "SDN Girimekar 1"
      },
      "geometry": {
        "type": "Polygon",
        "coordinates": [
          [
            [
              107.6909398,
              -6.8991451
            ],
            [
              107.6907797,
              -6.899408
            ],
            [
              107.6908895,
              -6.8994675
            ],
            [
              107.6909321,
              -6.8994786
            ],
            [
              107.6910587,
              -6.8994725
            ],
            [
              107.6911253,
              -6.8994564
            ],
            [
              107.6911227,
              -6.8993933
            ],
            [
              107.6911603,
              -6.8992712
            ],
            [
              107.6909398,
              -6.8991451
            ]
          ]
        ]
      },
      "id": "way/1306332922"
    },
    {
      "type": "Feature",
      "properties": {
        "@id": "way/1370426949",
        "amenity": "school",
        "grades": "6-9",
        "name": "SMP Negeri 34 Bandung"
      },
      "geometry": {
        "type": "Polygon",
        "coordinates": [
          [
            [
              107.6257317,
              -6.9497634
            ],
            [
              107.6258053,
              -6.9507942
            ],
            [
              107.6257175,
              -6.950801
            ],
            [
              107.6257503,
              -6.950964
            ],
            [
              107.6260562,
              -6.9509409
            ],
            [
              107.6259674,
              -6.9497611
            ],
            [
              107.6257317,
              -6.9497634
            ]
          ]
        ]
      },
      "id": "way/1370426949"
    },
    {
      "type": "Feature",
      "properties": {
        "@id": "way/1370429553",
        "addr:housenumber": "23",
        "addr:street": "Jalan Kembar Baru",
        "amenity": "school",
        "name": "SMA Negeri 11 Bandung"
      },
      "geometry": {
        "type": "Polygon",
        "coordinates": [
          [
            [
              107.609894,
              -6.9401719
            ],
            [
              107.6099641,
              -6.9411872
            ],
            [
              107.6109658,
              -6.9411733
            ],
            [
              107.6109681,
              -6.9401905
            ],
            [
              107.609894,
              -6.9401719
            ]
          ]
        ]
      },
      "id": "way/1370429553"
    },
    {
      "type": "Feature",
      "properties": {
        "@id": "way/1370429557",
        "amenity": "school",
        "name": "SD Negeri 039 Tegallega"
      },
      "geometry": {
        "type": "Polygon",
        "coordinates": [
          [
            [
              107.6035889,
              -6.9380458
            ],
            [
              107.603182,
              -6.9380187
            ],
            [
              107.6031723,
              -6.9381329
            ],
            [
              107.6032351,
              -6.9382453
            ],
            [
              107.6033709,
              -6.9384845
            ],
            [
              107.6035577,
              -6.9384931
            ],
            [
              107.6035889,
              -6.9380458
            ]
          ]
        ]
      },
      "id": "way/1370429557"
    },
    {
      "type": "Feature",
      "properties": {
        "@id": "way/1381650286",
        "amenity": "school"
      },
      "geometry": {
        "type": "Polygon",
        "coordinates": [
          [
            [
              107.591555,
              -6.9166273
            ],
            [
              107.5915211,
              -6.9175357
            ],
            [
              107.5919124,
              -6.9175204
            ],
            [
              107.59239,
              -6.9175173
            ],
            [
              107.5924331,
              -6.9171503
            ],
            [
              107.5932065,
              -6.9171136
            ],
            [
              107.5932742,
              -6.9166395
            ],
            [
              107.5932126,
              -6.9165967
            ],
            [
              107.591555,
              -6.9166273
            ]
          ]
        ]
      },
      "id": "way/1381650286"
    },
    {
      "type": "Feature",
      "properties": {
        "@id": "way/1382263622",
        "amenity": "school",
        "name": "SMP Negeri 14 Bandung"
      },
      "geometry": {
        "type": "Polygon",
        "coordinates": [
          [
            [
              107.6305616,
              -6.9078223
            ],
            [
              107.6300367,
              -6.908171
            ],
            [
              107.6302862,
              -6.9085445
            ],
            [
              107.6308138,
              -6.9082079
            ],
            [
              107.6305616,
              -6.9078223
            ]
          ]
        ]
      },
      "id": "way/1382263622"
    },
    {
      "type": "Feature",
      "properties": {
        "@id": "way/1382263625",
        "amenity": "school"
      },
      "geometry": {
        "type": "Polygon",
        "coordinates": [
          [
            [
              107.633827,
              -6.9115779
            ],
            [
              107.6336341,
              -6.9116236
            ],
            [
              107.6334271,
              -6.9117712
            ],
            [
              107.633827,
              -6.9123843
            ],
            [
              107.6340358,
              -6.9122859
            ],
            [
              107.633827,
              -6.9115779
            ]
          ]
        ]
      },
      "id": "way/1382263625"
    },
    {
      "type": "Feature",
      "properties": {
        "@id": "way/1382263656",
        "addr:city": "Kota Bandung",
        "addr:housenumber": "273",
        "addr:postcode": "40114",
        "addr:street": "Jalan Jenderal Ahmad Yani",
        "amenity": "school",
        "name": "SMP Santa Maria"
      },
      "geometry": {
        "type": "Polygon",
        "coordinates": [
          [
            [
              107.633049,
              -6.9135388
            ],
            [
              107.6325663,
              -6.9137995
            ],
            [
              107.6327651,
              -6.9141463
            ],
            [
              107.633257,
              -6.9138828
            ],
            [
              107.633049,
              -6.9135388
            ]
          ]
        ]
      },
      "id": "way/1382263656"
    },
    {
      "type": "Feature",
      "properties": {
        "@id": "way/1382354151",
        "amenity": "school"
      },
      "geometry": {
        "type": "Polygon",
        "coordinates": [
          [
            [
              107.6183759,
              -6.9225845
            ],
            [
              107.6183066,
              -6.9231718
            ],
            [
              107.6190091,
              -6.9232498
            ],
            [
              107.619063,
              -6.9226427
            ],
            [
              107.6183759,
              -6.9225845
            ]
          ]
        ]
      },
      "id": "way/1382354151"
    },
    {
      "type": "Feature",
      "properties": {
        "@id": "way/1382354152",
        "amenity": "school"
      },
      "geometry": {
        "type": "Polygon",
        "coordinates": [
          [
            [
              107.6190142,
              -6.923442
            ],
            [
              107.6189248,
              -6.924274
            ],
            [
              107.6197136,
              -6.9243474
            ],
            [
              107.6198029,
              -6.9241669
            ],
            [
              107.6198553,
              -6.9239467
            ],
            [
              107.6198892,
              -6.9236469
            ],
            [
              107.6198799,
              -6.9235368
            ],
            [
              107.6190142,
              -6.923442
            ]
          ]
        ]
      },
      "id": "way/1382354152"
    },
    {
      "type": "Feature",
      "properties": {
        "@id": "way/1382354194",
        "amenity": "school"
      },
      "geometry": {
        "type": "Polygon",
        "coordinates": [
          [
            [
              107.6065217,
              -6.925089
            ],
            [
              107.6064933,
              -6.9257065
            ],
            [
              107.6070401,
              -6.9257872
            ],
            [
              107.607101,
              -6.9251354
            ],
            [
              107.6065217,
              -6.925089
            ]
          ]
        ]
      },
      "id": "way/1382354194"
    },
    {
      "type": "Feature",
      "properties": {
        "@id": "way/1382606727",
        "amenity": "school",
        "name": "SMP Negeri 2 Bandung",
        "wikidata": "Q19740064",
        "wikipedia": "id:SMP Negeri 2 Bandung"
      },
      "geometry": {
        "type": "Polygon",
        "coordinates": [
          [
            [
              107.6137055,
              -6.9138315
            ],
            [
              107.6140718,
              -6.9144007
            ],
            [
              107.6145231,
              -6.9141161
            ],
            [
              107.6146027,
              -6.9142426
            ],
            [
              107.6147743,
              -6.9142584
            ],
            [
              107.6148363,
              -6.9142408
            ],
            [
              107.6149425,
              -6.9142092
            ],
            [
              107.6147425,
              -6.9137419
            ],
            [
              107.6147089,
              -6.9137542
            ],
            [
              107.6145089,
              -6.9134204
            ],
            [
              107.6137055,
              -6.9138315
            ]
          ]
        ]
      },
      "id": "way/1382606727"
    },
    {
      "type": "Feature",
      "properties": {
        "@id": "way/1382616638",
        "addr:city": "Bandung",
        "addr:housenumber": "12",
        "addr:street": "Jl. Kesatriaan, Arjuna, Cicendo",
        "amenity": "school",
        "name": "SMP Negeri 1 Bandung",
        "wikidata": "Q12510869",
        "wikipedia": "id:SMP Negeri 1 Bandung Tulungagung"
      },
      "geometry": {
        "type": "Polygon",
        "coordinates": [
          [
            [
              107.5961532,
              -6.9115021
            ],
            [
              107.5963402,
              -6.9119824
            ],
            [
              107.5970802,
              -6.9118189
            ],
            [
              107.5969907,
              -6.9114355
            ],
            [
              107.5969358,
              -6.9114012
            ],
            [
              107.5966716,
              -6.9114557
            ],
            [
              107.5966538,
              -6.9114573
            ],
            [
              107.5961532,
              -6.9115021
            ]
          ]
        ]
      },
      "id": "way/1382616638"
    },
    {
      "type": "Feature",
      "properties": {
        "@id": "way/1382929145",
        "amenity": "school"
      },
      "geometry": {
        "type": "Polygon",
        "coordinates": [
          [
            [
              107.605734,
              -6.928905
            ],
            [
              107.6057021,
              -6.9292985
            ],
            [
              107.6061976,
              -6.9294232
            ],
            [
              107.6062472,
              -6.9289437
            ],
            [
              107.605734,
              -6.928905
            ]
          ]
        ]
      },
      "id": "way/1382929145"
    },
    {
      "type": "Feature",
      "properties": {
        "@id": "way/1394554028",
        "amenity": "school",
        "name": "SDN Mulyasari 01-02"
      },
      "geometry": {
        "type": "Polygon",
        "coordinates": [
          [
            [
              107.6500156,
              -6.9758141
            ],
            [
              107.6502823,
              -6.9758892
            ],
            [
              107.6503911,
              -6.9755209
            ],
            [
              107.6501235,
              -6.975444
            ],
            [
              107.6500478,
              -6.9756857
            ],
            [
              107.6500156,
              -6.9758141
            ]
          ]
        ]
      },
      "id": "way/1394554028"
    },
    {
      "type": "Feature",
      "properties": {
        "@id": "way/1409524830",
        "amenity": "school",
        "name": "Pondok Pesantren Syifaul Qalbi"
      },
      "geometry": {
        "type": "Polygon",
        "coordinates": [
          [
            [
              107.573055,
              -6.8499059
            ],
            [
              107.5730788,
              -6.8499129
            ],
            [
              107.5731347,
              -6.8499312
            ],
            [
              107.5734901,
              -6.8500104
            ],
            [
              107.5735109,
              -6.8499239
            ],
            [
              107.5735371,
              -6.8499119
            ],
            [
              107.5735994,
              -6.8496842
            ],
            [
              107.5734761,
              -6.8496562
            ],
            [
              107.5735089,
              -6.8494718
            ],
            [
              107.5731931,
              -6.8493999
            ],
            [
              107.573055,
              -6.8499059
            ]
          ]
        ]
      },
      "id": "way/1409524830"
    },
    {
      "type": "Feature",
      "properties": {
        "@id": "way/1409981513",
        "amenity": "school"
      },
      "geometry": {
        "type": "Polygon",
        "coordinates": [
          [
            [
              107.5900605,
              -6.9148544
            ],
            [
              107.5899065,
              -6.9149774
            ],
            [
              107.5898782,
              -6.9149528
            ],
            [
              107.5895774,
              -6.9152093
            ],
            [
              107.5900994,
              -6.9158592
            ],
            [
              107.5906515,
              -6.915399
            ],
            [
              107.59051,
              -6.9152866
            ],
            [
              107.5905542,
              -6.9151899
            ],
            [
              107.5902215,
              -6.9149458
            ],
            [
              107.5901985,
              -6.9149668
            ],
            [
              107.5900605,
              -6.9148544
            ]
          ]
        ]
      },
      "id": "way/1409981513"
    },
    {
      "type": "Feature",
      "properties": {
        "@id": "way/1409981514",
        "amenity": "school"
      },
      "geometry": {
        "type": "Polygon",
        "coordinates": [
          [
            [
              107.5895629,
              -6.9145595
            ],
            [
              107.5893461,
              -6.9147246
            ],
            [
              107.5894036,
              -6.9148072
            ],
            [
              107.5893284,
              -6.9148897
            ],
            [
              107.5895717,
              -6.9152007
            ],
            [
              107.5898991,
              -6.9149257
            ],
            [
              107.5895629,
              -6.9145595
            ]
          ]
        ]
      },
      "id": "way/1409981514"
    },
    {
      "type": "Feature",
      "properties": {
        "@id": "way/1411535109",
        "addr:city": "Bandung",
        "addr:housenumber": "KM 10",
        "addr:postcode": "40286",
        "addr:street": "Jalan Soekarno-Hatta",
        "amenity": "school",
        "area": "yes",
        "email": "smk13bdg@gmail.com",
        "name": "SMK Negeri 13 Bandung",
        "operator": "SMK Negeri 13 Bandung",
        "phone": "+62227318960",
        "website": "http://www.smkn-13bdg.sch.id/"
      },
      "geometry": {
        "type": "Polygon",
        "coordinates": [
          [
            [
              107.6563716,
              -6.937753
            ],
            [
              107.6562631,
              -6.9385191
            ],
            [
              107.6571912,
              -6.9386664
            ],
            [
              107.6573037,
              -6.9386843
            ],
            [
              107.6574005,
              -6.937983
            ],
            [
              107.6574022,
              -6.937971
            ],
            [
              107.6563716,
              -6.937753
            ]
          ]
        ]
      },
      "id": "way/1411535109"
    },
    {
      "type": "Feature",
      "properties": {
        "@id": "way/1411535110",
        "amenity": "school",
        "area": "yes",
        "name": "SMK Negeri 9 Bandung"
      },
      "geometry": {
        "type": "Polygon",
        "coordinates": [
          [
            [
              107.6562631,
              -6.9385191
            ],
            [
              107.6561445,
              -6.9394536
            ],
            [
              107.656824,
              -6.9396159
            ],
            [
              107.6567183,
              -6.940468
            ],
            [
              107.6569776,
              -6.9403848
            ],
            [
              107.6571912,
              -6.9386664
            ],
            [
              107.6562631,
              -6.9385191
            ]
          ]
        ]
      },
      "id": "way/1411535110"
    },
    {
      "type": "Feature",
      "properties": {
        "@id": "way/1412175314",
        "amenity": "school",
        "education": "school"
      },
      "geometry": {
        "type": "Polygon",
        "coordinates": [
          [
            [
              107.6569397,
              -6.9633641
            ],
            [
              107.6569315,
              -6.9634171
            ],
            [
              107.6569023,
              -6.9635551
            ],
            [
              107.6568679,
              -6.9637729
            ],
            [
              107.6568405,
              -6.9638194
            ],
            [
              107.6568384,
              -6.9638766
            ],
            [
              107.656817,
              -6.9639672
            ],
            [
              107.6569712,
              -6.964047
            ],
            [
              107.6569479,
              -6.9643121
            ],
            [
              107.6570351,
              -6.9643262
            ],
            [
              107.6571564,
              -6.9643469
            ],
            [
              107.6571202,
              -6.9646178
            ],
            [
              107.6571025,
              -6.9646429
            ],
            [
              107.6570891,
              -6.9646424
            ],
            [
              107.6570906,
              -6.9647446
            ],
            [
              107.6573682,
              -6.9649599
            ],
            [
              107.6573051,
              -6.9651666
            ],
            [
              107.6574969,
              -6.9651799
            ],
            [
              107.6574916,
              -6.9652212
            ],
            [
              107.65769,
              -6.9652411
            ],
            [
              107.6578349,
              -6.9652451
            ],
            [
              107.6583526,
              -6.9653516
            ],
            [
              107.6594838,
              -6.9656724
            ],
            [
              107.6595347,
              -6.9654235
            ],
            [
              107.6595716,
              -6.9652964
            ],
            [
              107.6597024,
              -6.9652005
            ],
            [
              107.6593812,
              -6.9647113
            ],
            [
              107.6593141,
              -6.9644544
            ],
            [
              107.6592122,
              -6.9641003
            ],
            [
              107.6591073,
              -6.9637012
            ],
            [
              107.6589178,
              -6.9636933
            ],
            [
              107.6587871,
              -6.9636813
            ],
            [
              107.6586463,
              -6.9636304
            ],
            [
              107.6584484,
              -6.9635784
            ],
            [
              107.6583291,
              -6.9635642
            ],
            [
              107.658246,
              -6.9635465
            ],
            [
              107.6579408,
              -6.9635145
            ],
            [
              107.6576306,
              -6.9634612
            ],
            [
              107.6573656,
              -6.9634237
            ],
            [
              107.6569397,
              -6.9633641
            ]
          ]
        ]
      },
      "id": "way/1412175314"
    },
    {
      "type": "Feature",
      "properties": {
        "@id": "way/1414082784",
        "addr:city": "Bandung",
        "addr:full": "Jl. Raya Sadang Serang No.1",
        "amenity": "school",
        "name": "SD Negeri 189 Neglasari",
        "operator:type": "government",
        "school:type_idn": "sd",
        "source": "S2City_POI_2022",
        "wheelchair": "limited"
      },
      "geometry": {
        "type": "Polygon",
        "coordinates": [
          [
            [
              107.6253446,
              -6.8882276
            ],
            [
              107.6252145,
              -6.8883621
            ],
            [
              107.62548,
              -6.8886577
            ],
            [
              107.6255967,
              -6.8885418
            ],
            [
              107.6253446,
              -6.8882276
            ]
          ]
        ]
      },
      "id": "way/1414082784"
    },
    {
      "type": "Feature",
      "properties": {
        "@id": "way/1414147138",
        "amenity": "school",
        "area": "yes",
        "grades": "9-12",
        "name": "SMA Negeri 20 Bandung"
      },
      "geometry": {
        "type": "Polygon",
        "coordinates": [
          [
            [
              107.621889,
              -6.9042044
            ],
            [
              107.6221888,
              -6.9044263
            ],
            [
              107.6222742,
              -6.9044516
            ],
            [
              107.6223433,
              -6.9044485
            ],
            [
              107.6223931,
              -6.9044142
            ],
            [
              107.6229023,
              -6.9038643
            ],
            [
              107.6229023,
              -6.9037957
            ],
            [
              107.6228769,
              -6.9037644
            ],
            [
              107.6225852,
              -6.9036807
            ],
            [
              107.6223372,
              -6.9035858
            ],
            [
              107.621951,
              -6.9040308
            ],
            [
              107.621889,
              -6.9042044
            ]
          ]
        ]
      },
      "id": "way/1414147138"
    },
    {
      "type": "Feature",
      "properties": {
        "@id": "way/1414449696",
        "amenity": "school",
        "name": "SMA Negeri 17 Bandung"
      },
      "geometry": {
        "type": "Polygon",
        "coordinates": [
          [
            [
              107.5757288,
              -6.9421089
            ],
            [
              107.5747766,
              -6.9416576
            ],
            [
              107.5745406,
              -6.9421462
            ],
            [
              107.5755075,
              -6.9426175
            ],
            [
              107.5757288,
              -6.9421089
            ]
          ]
        ]
      },
      "id": "way/1414449696"
    },
    {
      "type": "Feature",
      "properties": {
        "@id": "way/1416243715",
        "amenity": "school",
        "landuse": "education",
        "name": "SD Negeri Ciwaruga 2"
      },
      "geometry": {
        "type": "Polygon",
        "coordinates": [
          [
            [
              107.5781575,
              -6.8592691
            ],
            [
              107.5780928,
              -6.8594339
            ],
            [
              107.5783364,
              -6.8595264
            ],
            [
              107.5784021,
              -6.8593563
            ],
            [
              107.5781575,
              -6.8592691
            ]
          ]
        ]
      },
      "id": "way/1416243715"
    },
    {
      "type": "Feature",
      "properties": {
        "@id": "way/1421706366",
        "addr:housenumber": "62",
        "addr:street": "Jl. Cipamokolan",
        "amenity": "school",
        "name": "SD Negeri 263 Rancaloa"
      },
      "geometry": {
        "type": "Polygon",
        "coordinates": [
          [
            [
              107.6762083,
              -6.9465932
            ],
            [
              107.6762029,
              -6.9468182
            ],
            [
              107.6766643,
              -6.9468768
            ],
            [
              107.6766562,
              -6.946978
            ],
            [
              107.6769057,
              -6.9470152
            ],
            [
              107.6769379,
              -6.9466425
            ],
            [
              107.6762083,
              -6.9465932
            ]
          ]
        ]
      },
      "id": "way/1421706366"
    },
    {
      "type": "Feature",
      "properties": {
        "@id": "way/1424027297",
        "amenity": "school",
        "grades": "1-6",
        "isced:level": "1",
        "landuse": "education",
        "name": "SD Negeri Karang Mulya",
        "operator:type": "government",
        "ref": "20222083",
        "school:type_idn": "sd",
        "short_name": "SDN Karang Mulya",
        "source": "Kemendikdasmen"
      },
      "geometry": {
        "type": "Polygon",
        "coordinates": [
          [
            [
              107.5806151,
              -6.9124176
            ],
            [
              107.5802752,
              -6.9123139
            ],
            [
              107.5802012,
              -6.912553
            ],
            [
              107.5805411,
              -6.9126567
            ],
            [
              107.5806151,
              -6.9124176
            ]
          ]
        ]
      },
      "id": "way/1424027297"
    },
    {
      "type": "Feature",
      "properties": {
        "@id": "way/1424570606",
        "addr:housenumber": "139",
        "addr:street": "Jalan Lengkong Besar",
        "amenity": "school",
        "name": "Sekolah Dasar Negeri 020 Lengkong Besar"
      },
      "geometry": {
        "type": "Polygon",
        "coordinates": [
          [
            [
              107.6129387,
              -6.9303013
            ],
            [
              107.6128874,
              -6.930605
            ],
            [
              107.6128325,
              -6.9307719
            ],
            [
              107.6133205,
              -6.9309874
            ],
            [
              107.6134548,
              -6.9306035
            ],
            [
              107.6134111,
              -6.9304556
            ],
            [
              107.6129387,
              -6.9303013
            ]
          ]
        ]
      },
      "id": "way/1424570606"
    },
    {
      "type": "Feature",
      "properties": {
        "@id": "way/1432774063",
        "addr:city": "Bandung",
        "addr:housenumber": "188",
        "addr:street": "Jalan Babakan Sari",
        "amenity": "school",
        "name": "Sekolah Menengah Pertama Negeri 37 Bandung"
      },
      "geometry": {
        "type": "Polygon",
        "coordinates": [
          [
            [
              107.6554105,
              -6.9258953
            ],
            [
              107.655379,
              -6.9260897
            ],
            [
              107.6554117,
              -6.9260942
            ],
            [
              107.6553967,
              -6.9262097
            ],
            [
              107.6553483,
              -6.9262037
            ],
            [
              107.6553307,
              -6.9263283
            ],
            [
              107.6554766,
              -6.92635
            ],
            [
              107.6555971,
              -6.9263671
            ],
            [
              107.6555946,
              -6.9263885
            ],
            [
              107.6558284,
              -6.9264153
            ],
            [
              107.6558307,
              -6.9263953
            ],
            [
              107.6563362,
              -6.9264548
            ],
            [
              107.6563476,
              -6.926341
            ],
            [
              107.6563624,
              -6.9262045
            ],
            [
              107.6563887,
              -6.9260238
            ],
            [
              107.6562222,
              -6.9260002
            ],
            [
              107.6561589,
              -6.9259915
            ],
            [
              107.6560677,
              -6.9259795
            ],
            [
              107.6557045,
              -6.9259313
            ],
            [
              107.6555965,
              -6.9259193
            ],
            [
              107.6554105,
              -6.9258953
            ]
          ]
        ]
      },
      "id": "way/1432774063"
    },
    {
      "type": "Feature",
      "properties": {
        "@id": "way/1442949374",
        "amenity": "school",
        "name": "SD Negeri 184 Buah Batu"
      },
      "geometry": {
        "type": "Polygon",
        "coordinates": [
          [
            [
              107.6407224,
              -6.950858
            ],
            [
              107.6406924,
              -6.9510504
            ],
            [
              107.6410231,
              -6.95112
            ],
            [
              107.6410581,
              -6.9508899
            ],
            [
              107.6407224,
              -6.950858
            ]
          ]
        ]
      },
      "id": "way/1442949374"
    },
    {
      "type": "Feature",
      "properties": {
        "@id": "way/1443476541",
        "amenity": "school",
        "landuse": "education",
        "name": "SD Negeri 181 Sukamiskin",
        "school:type_idn": "sd"
      },
      "geometry": {
        "type": "Polygon",
        "coordinates": [
          [
            [
              107.6790162,
              -6.9105362
            ],
            [
              107.6788703,
              -6.9107415
            ],
            [
              107.678936,
              -6.9107875
            ],
            [
              107.678915,
              -6.9108156
            ],
            [
              107.6791759,
              -6.9110033
            ],
            [
              107.6793536,
              -6.9107477
            ],
            [
              107.6792806,
              -6.9105808
            ],
            [
              107.6792691,
              -6.9105546
            ],
            [
              107.67919,
              -6.9106545
            ],
            [
              107.6790979,
              -6.9105934
            ],
            [
              107.6790162,
              -6.9105362
            ]
          ]
        ]
      },
      "id": "way/1443476541"
    },
    {
      "type": "Feature",
      "properties": {
        "@id": "way/1443513744",
        "amenity": "school",
        "landuse": "education",
        "name": "SMA Langlangbuana",
        "school:type_idn": "sma"
      },
      "geometry": {
        "type": "Polygon",
        "coordinates": [
          [
            [
              107.6760843,
              -6.9072509
            ],
            [
              107.6760569,
              -6.9075502
            ],
            [
              107.6765121,
              -6.9075913
            ],
            [
              107.6765395,
              -6.907292
            ],
            [
              107.676418,
              -6.907281
            ],
            [
              107.6762201,
              -6.9072632
            ],
            [
              107.6760843,
              -6.9072509
            ]
          ]
        ]
      },
      "id": "way/1443513744"
    },
    {
      "type": "Feature",
      "properties": {
        "@id": "way/1443513753",
        "amenity": "school",
        "landuse": "education",
        "name": "SMP Langlangbuana 2",
        "school:type_idn": "smp"
      },
      "geometry": {
        "type": "Polygon",
        "coordinates": [
          [
            [
              107.675622,
              -6.90723
            ],
            [
              107.6756005,
              -6.9074785
            ],
            [
              107.6756401,
              -6.9074838
            ],
            [
              107.6756177,
              -6.9076946
            ],
            [
              107.6759371,
              -6.9077215
            ],
            [
              107.675974,
              -6.9077015
            ],
            [
              107.6759874,
              -6.9076762
            ],
            [
              107.6759928,
              -6.907559
            ],
            [
              107.6760156,
              -6.9072615
            ],
            [
              107.6757969,
              -6.9072442
            ],
            [
              107.675622,
              -6.90723
            ]
          ]
        ]
      },
      "id": "way/1443513753"
    },
    {
      "type": "Feature",
      "properties": {
        "@id": "way/1443513754",
        "amenity": "school",
        "landuse": "education",
        "name": "SD Negeri 101 Sukakarya",
        "school:type_idn": "sd"
      },
      "geometry": {
        "type": "Polygon",
        "coordinates": [
          [
            [
              107.6756177,
              -6.9076946
            ],
            [
              107.6756401,
              -6.9074838
            ],
            [
              107.6756005,
              -6.9074785
            ],
            [
              107.675622,
              -6.90723
            ],
            [
              107.675567,
              -6.9072255
            ],
            [
              107.6753075,
              -6.9072069
            ],
            [
              107.6752897,
              -6.9074252
            ],
            [
              107.6751485,
              -6.9074153
            ],
            [
              107.6751237,
              -6.9076502
            ],
            [
              107.6755173,
              -6.9076862
            ],
            [
              107.6756177,
              -6.9076946
            ]
          ]
        ]
      },
      "id": "way/1443513754"
    },
    {
      "type": "Feature",
      "properties": {
        "@id": "way/1445459224",
        "amenity": "school",
        "education": "school",
        "name": "SD Kartika X1 & X2 Bandung"
      },
      "geometry": {
        "type": "Polygon",
        "coordinates": [
          [
            [
              107.6355436,
              -6.9274975
            ],
            [
              107.6354504,
              -6.927694
            ],
            [
              107.6358325,
              -6.9278921
            ],
            [
              107.6358841,
              -6.9276856
            ],
            [
              107.6355436,
              -6.9274975
            ]
          ]
        ]
      },
      "id": "way/1445459224"
    },
    {
      "type": "Feature",
      "properties": {
        "@id": "way/1446316173",
        "amenity": "school",
        "name": "Bina Bangsa"
      },
      "geometry": {
        "type": "Polygon",
        "coordinates": [
          [
            [
              107.6341188,
              -6.8698062
            ],
            [
              107.6341107,
              -6.8698372
            ],
            [
              107.6345506,
              -6.8703098
            ],
            [
              107.6352547,
              -6.8695842
            ],
            [
              107.6350857,
              -6.8694297
            ],
            [
              107.6351997,
              -6.8692833
            ],
            [
              107.6348229,
              -6.8689837
            ],
            [
              107.6344956,
              -6.8692963
            ],
            [
              107.634269,
              -6.8695642
            ],
            [
              107.6342422,
              -6.8696002
            ],
            [
              107.6341188,
              -6.8698062
            ]
          ]
        ]
      },
      "id": "way/1446316173"
    },
    {
      "type": "Feature",
      "properties": {
        "@id": "way/1447099376",
        "amenity": "school",
        "education": "school",
        "name": "Sekolah Harapan Kasih",
        "name:zh": "崇仁三語學校"
      },
      "geometry": {
        "type": "Polygon",
        "coordinates": [
          [
            [
              107.6031064,
              -6.9528775
            ],
            [
              107.6034337,
              -6.9529006
            ],
            [
              107.6034939,
              -6.9525649
            ],
            [
              107.6031242,
              -6.9525295
            ],
            [
              107.6031064,
              -6.9528775
            ]
          ]
        ]
      },
      "id": "way/1447099376"
    },
    {
      "type": "Feature",
      "properties": {
        "@id": "way/1447100869",
        "amenity": "school",
        "education": "school",
        "name": "Sekolah Kristen Bina Bakti",
        "name:zh": "基督教立人學校"
      },
      "geometry": {
        "type": "Polygon",
        "coordinates": [
          [
            [
              107.5938024,
              -6.911923
            ],
            [
              107.5936871,
              -6.9124982
            ],
            [
              107.5945911,
              -6.9126397
            ],
            [
              107.5946579,
              -6.9123865
            ],
            [
              107.5947006,
              -6.9122367
            ],
            [
              107.5945554,
              -6.9119287
            ],
            [
              107.5943405,
              -6.9119569
            ],
            [
              107.594302,
              -6.9120007
            ],
            [
              107.5940629,
              -6.9119737
            ],
            [
              107.5939351,
              -6.911951
            ],
            [
              107.5938024,
              -6.911923
            ]
          ]
        ]
      },
      "id": "way/1447100869"
    },
    {
      "type": "Feature",
      "properties": {
        "@id": "way/1456634926",
        "amenity": "school",
        "building": "yes",
        "layer": "-1",
        "name": "SD Muhammadiyah 7 Bandung",
        "religion": "muslim"
      },
      "geometry": {
        "type": "Polygon",
        "coordinates": [
          [
            [
              107.6547963,
              -6.9177574
            ],
            [
              107.6547785,
              -6.9175687
            ],
            [
              107.6546594,
              -6.9175798
            ],
            [
              107.6546915,
              -6.9179211
            ],
            [
              107.6548058,
              -6.9179105
            ],
            [
              107.6548022,
              -6.9178721
            ],
            [
              107.6549815,
              -6.9178554
            ],
            [
              107.6549708,
              -6.9177412
            ],
            [
              107.6547963,
              -6.9177574
            ]
          ]
        ]
      },
      "id": "way/1456634926"
    },
    {
      "type": "Feature",
      "properties": {
        "@id": "way/1463721632",
        "addr:city": "Bandung",
        "addr:housenumber": "51",
        "addr:street": "Jalan HOS. Tjokroaminoto",
        "amenity": "school",
        "education": "school",
        "grades": "10-12",
        "name": "Sekolah Menengah Atas Negeri 6 Bandung",
        "short_name": "SMAN 6 Bandung;SMA Negeri 6 Bandung",
        "wikidata": "Q7391098",
        "wikipedia": "en:SMA Negeri 6 Bandung"
      },
      "geometry": {
        "type": "Polygon",
        "coordinates": [
          [
            [
              107.5972873,
              -6.9112569
            ],
            [
              107.5972941,
              -6.9113355
            ],
            [
              107.5975341,
              -6.9115192
            ],
            [
              107.5975395,
              -6.9115884
            ],
            [
              107.5978506,
              -6.9115938
            ],
            [
              107.5978278,
              -6.911221
            ],
            [
              107.5972873,
              -6.9112569
            ]
          ]
        ]
      },
      "id": "way/1463721632"
    },
    {
      "type": "Feature",
      "properties": {
        "@id": "way/1463721639",
        "amenity": "school",
        "education": "school",
        "name": "SMP Negeri 9 Bandung",
        "wikidata": "Q19748410"
      },
      "geometry": {
        "type": "Polygon",
        "coordinates": [
          [
            [
              107.5967136,
              -6.9086601
            ],
            [
              107.5967795,
              -6.9094836
            ],
            [
              107.5970644,
              -6.909459
            ],
            [
              107.5969972,
              -6.9086386
            ],
            [
              107.5968231,
              -6.9086518
            ],
            [
              107.5967798,
              -6.9081108
            ],
            [
              107.5966816,
              -6.9081201
            ],
            [
              107.5967136,
              -6.9086601
            ]
          ]
        ]
      },
      "id": "way/1463721639"
    },
    {
      "type": "Feature",
      "properties": {
        "@id": "way/1463721642",
        "amenity": "school",
        "education": "school",
        "name": "SD Negeri 013 Pajajaran"
      },
      "geometry": {
        "type": "Polygon",
        "coordinates": [
          [
            [
              107.5977811,
              -6.9076962
            ],
            [
              107.5978165,
              -6.9081703
            ],
            [
              107.5982386,
              -6.9081489
            ],
            [
              107.5982047,
              -6.9077497
            ],
            [
              107.5982355,
              -6.9077497
            ],
            [
              107.5982293,
              -6.9076595
            ],
            [
              107.5977811,
              -6.9076962
            ]
          ]
        ]
      },
      "id": "way/1463721642"
    },
    {
      "type": "Feature",
      "properties": {
        "@id": "way/1463724426",
        "amenity": "school",
        "education": "school",
        "name": "SD Negeri 164 Karangpawulang"
      },
      "geometry": {
        "type": "Polygon",
        "coordinates": [
          [
            [
              107.6303579,
              -6.939124
            ],
            [
              107.6302962,
              -6.9392724
            ],
            [
              107.6309386,
              -6.9395599
            ],
            [
              107.6310095,
              -6.9394131
            ],
            [
              107.6303579,
              -6.939124
            ]
          ]
        ]
      },
      "id": "way/1463724426"
    },
    {
      "type": "Feature",
      "properties": {
        "@id": "way/1464171263",
        "amenity": "school",
        "education": "school",
        "name": "BISc"
      },
      "geometry": {
        "type": "Polygon",
        "coordinates": [
          [
            [
              107.6324087,
              -6.9357911
            ],
            [
              107.6323289,
              -6.9362751
            ],
            [
              107.6325099,
              -6.9363644
            ],
            [
              107.6325939,
              -6.9360352
            ],
            [
              107.6324811,
              -6.9358084
            ],
            [
              107.6324087,
              -6.9357911
            ]
          ]
        ]
      },
      "id": "way/1464171263"
    },
    {
      "type": "Feature",
      "properties": {
        "@id": "way/1465181826",
        "alt_name": "TK SD SMP SMA Kemala Bhayangkari",
        "amenity": "school",
        "education": "school",
        "name": "Yayasan Kemala Bhayangkari"
      },
      "geometry": {
        "type": "Polygon",
        "coordinates": [
          [
            [
              107.6214643,
              -6.9319918
            ],
            [
              107.6220358,
              -6.9321692
            ],
            [
              107.6222407,
              -6.9314871
            ],
            [
              107.6217739,
              -6.931348
            ],
            [
              107.6214643,
              -6.9319918
            ]
          ]
        ]
      },
      "id": "way/1465181826"
    },
    {
      "type": "Feature",
      "properties": {
        "@id": "way/1465181833",
        "amenity": "school",
        "education": "school",
        "name": "SD Negeri 066 Halimun"
      },
      "geometry": {
        "type": "Polygon",
        "coordinates": [
          [
            [
              107.6246201,
              -6.9268392
            ],
            [
              107.6244636,
              -6.9274756
            ],
            [
              107.6252246,
              -6.9276688
            ],
            [
              107.6253874,
              -6.9270258
            ],
            [
              107.6246201,
              -6.9268392
            ]
          ]
        ]
      },
      "id": "way/1465181833"
    },
    {
      "type": "Feature",
      "properties": {
        "@id": "way/1465181835",
        "amenity": "school",
        "education": "school",
        "grades": "1-6",
        "name": "SD Negeri Al-Azhar 36",
        "religion": "muslim"
      },
      "geometry": {
        "type": "Polygon",
        "coordinates": [
          [
            [
              107.6235319,
              -6.9270122
            ],
            [
              107.6233957,
              -6.927476
            ],
            [
              107.623785,
              -6.9275849
            ],
            [
              107.6237965,
              -6.9275322
            ],
            [
              107.6243074,
              -6.9276703
            ],
            [
              107.6244132,
              -6.927267
            ],
            [
              107.6235319,
              -6.9270122
            ]
          ]
        ]
      },
      "id": "way/1465181835"
    },
    {
      "type": "Feature",
      "properties": {
        "@id": "way/1465181836",
        "amenity": "school",
        "education": "school",
        "grades": "7-9",
        "name": "SMP Alfa Centauri",
        "operator": "Yayasan Cerdas Kreatif Bandung"
      },
      "geometry": {
        "type": "Polygon",
        "coordinates": [
          [
            [
              107.6233957,
              -6.9274953
            ],
            [
              107.6232293,
              -6.9280961
            ],
            [
              107.6236098,
              -6.9281963
            ],
            [
              107.623769,
              -6.9275937
            ],
            [
              107.6233957,
              -6.9274953
            ]
          ]
        ]
      },
      "id": "way/1465181836"
    },
    {
      "type": "Feature",
      "properties": {
        "@id": "way/1465181837",
        "amenity": "school",
        "education": "school",
        "grades": "7-9",
        "name": "SMP Islam Al-Azhar 36 Bandung",
        "religion": "muslim"
      },
      "geometry": {
        "type": "Polygon",
        "coordinates": [
          [
            [
              107.6237991,
              -6.9275367
            ],
            [
              107.6236173,
              -6.9282005
            ],
            [
              107.6241441,
              -6.9283569
            ],
            [
              107.6243074,
              -6.9276794
            ],
            [
              107.6237991,
              -6.9275367
            ]
          ]
        ]
      },
      "id": "way/1465181837"
    },
    {
      "type": "Feature",
      "properties": {
        "@id": "way/1465181839",
        "amenity": "school",
        "education": "school",
        "name": "SD Gagasceria"
      },
      "geometry": {
        "type": "Polygon",
        "coordinates": [
          [
            [
              107.622732,
              -6.9276165
            ],
            [
              107.622521,
              -6.9280906
            ],
            [
              107.6230925,
              -6.9282328
            ],
            [
              107.6232235,
              -6.9277618
            ],
            [
              107.622732,
              -6.9276165
            ]
          ]
        ]
      },
      "id": "way/1465181839"
    },
    {
      "type": "Feature",
      "properties": {
        "@id": "way/1465181842",
        "amenity": "school",
        "education": "school",
        "name": "SD BPI Bandung"
      },
      "geometry": {
        "type": "Polygon",
        "coordinates": [
          [
            [
              107.6238477,
              -6.926619
            ],
            [
              107.6237256,
              -6.9270511
            ],
            [
              107.6241751,
              -6.9271776
            ],
            [
              107.6242831,
              -6.9267208
            ],
            [
              107.6238477,
              -6.926619
            ]
          ]
        ]
      },
      "id": "way/1465181842"
    },
    {
      "type": "Feature",
      "properties": {
        "@id": "way/1465181846",
        "amenity": "school",
        "education": "school",
        "grades": "9-12",
        "name": "SMK Pariwisata Telkom"
      },
      "geometry": {
        "type": "Polygon",
        "coordinates": [
          [
            [
              107.6239641,
              -6.9253058
            ],
            [
              107.6238198,
              -6.9259011
            ],
            [
              107.6242324,
              -6.925998
            ],
            [
              107.6244012,
              -6.9253684
            ],
            [
              107.6242263,
              -6.9253603
            ],
            [
              107.6239641,
              -6.9253058
            ]
          ]
        ]
      },
      "id": "way/1465181846"
    },
    {
      "type": "Feature",
      "properties": {
        "@id": "way/1465244542",
        "amenity": "school",
        "education": "school",
        "grades": "7-9",
        "name": "SMP Negeri 4 Bandung"
      },
      "geometry": {
        "type": "Polygon",
        "coordinates": [
          [
            [
              107.625797,
              -6.920559
            ],
            [
              107.6258695,
              -6.9213553
            ],
            [
              107.626353,
              -6.9213167
            ],
            [
              107.6263225,
              -6.9210301
            ],
            [
              107.6261151,
              -6.9209111
            ],
            [
              107.6260745,
              -6.9205308
            ],
            [
              107.625797,
              -6.920559
            ]
          ]
        ]
      },
      "id": "way/1465244542"
    },
    {
      "type": "Feature",
      "properties": {
        "@id": "way/1465244544",
        "amenity": "school",
        "education": "school",
        "grades": "1-6"
      },
      "geometry": {
        "type": "Polygon",
        "coordinates": [
          [
            [
              107.626186,
              -6.9207495
            ],
            [
              107.6266366,
              -6.9206962
            ],
            [
              107.6265816,
              -6.920161
            ],
            [
              107.6261096,
              -6.9202156
            ],
            [
              107.626186,
              -6.9207495
            ]
          ]
        ]
      },
      "id": "way/1465244544"
    },
    {
      "type": "Feature",
      "properties": {
        "@id": "way/1465244545",
        "amenity": "school",
        "education": "school",
        "grades": "7-9",
        "name": "SMP PGRI I"
      },
      "geometry": {
        "type": "Polygon",
        "coordinates": [
          [
            [
              107.62606,
              -6.9198402
            ],
            [
              107.6261069,
              -6.9202023
            ],
            [
              107.626579,
              -6.920149
            ],
            [
              107.6265226,
              -6.9197723
            ],
            [
              107.62606,
              -6.9198402
            ]
          ]
        ]
      },
      "id": "way/1465244545"
    },
    {
      "type": "Feature",
      "properties": {
        "@id": "way/1465244546",
        "amenity": "school",
        "education": "school",
        "grades": "7-9",
        "name": "SMP Negeri 20 Bandung"
      },
      "geometry": {
        "type": "Polygon",
        "coordinates": [
          [
            [
              107.6259533,
              -6.9190973
            ],
            [
              107.626055,
              -6.9198298
            ],
            [
              107.626491,
              -6.919764
            ],
            [
              107.6263909,
              -6.919215
            ],
            [
              107.6259533,
              -6.9190973
            ]
          ]
        ]
      },
      "id": "way/1465244546"
    },
    {
      "type": "Feature",
      "properties": {
        "@id": "way/1465244548",
        "amenity": "school",
        "education": "school",
        "grades": "1-6",
        "name": "SD Negeri 042 Gambir"
      },
      "geometry": {
        "type": "Polygon",
        "coordinates": [
          [
            [
              107.6268439,
              -6.9200974
            ],
            [
              107.6268764,
              -6.9203618
            ],
            [
              107.6275675,
              -6.9202528
            ],
            [
              107.6275045,
              -6.9199985
            ],
            [
              107.6268439,
              -6.9200974
            ]
          ]
        ]
      },
      "id": "way/1465244548"
    },
    {
      "type": "Feature",
      "properties": {
        "@id": "way/1465381003",
        "amenity": "school",
        "education": "school",
        "name": "TKK, SDK 5, SMPK 4 BPK Penabur"
      },
      "geometry": {
        "type": "Polygon",
        "coordinates": [
          [
            [
              107.6207335,
              -6.9253178
            ],
            [
              107.6205994,
              -6.9257811
            ],
            [
              107.6210678,
              -6.9259387
            ],
            [
              107.6212234,
              -6.9254799
            ],
            [
              107.6207335,
              -6.9253178
            ]
          ]
        ]
      },
      "id": "way/1465381003"
    },
    {
      "type": "Feature",
      "properties": {
        "@id": "way/1465384842",
        "amenity": "school",
        "education": "school",
        "name": "SMA Alfa Centauri Bandung"
      },
      "geometry": {
        "type": "Polygon",
        "coordinates": [
          [
            [
              107.6240202,
              -6.9012551
            ],
            [
              107.6240272,
              -6.9017452
            ],
            [
              107.6241582,
              -6.9017593
            ],
            [
              107.6243405,
              -6.9015502
            ],
            [
              107.6243316,
              -6.9012445
            ],
            [
              107.6240202,
              -6.9012551
            ]
          ]
        ]
      },
      "id": "way/1465384842"
    },
    {
      "type": "Feature",
      "properties": {
        "@id": "way/1467688010",
        "amenity": "school",
        "education": "school",
        "name": "SD Negeri 060 Raya Barat"
      },
      "geometry": {
        "type": "Polygon",
        "coordinates": [
          [
            [
              107.5831197,
              -6.9184231
            ],
            [
              107.5830803,
              -6.9188263
            ],
            [
              107.5836386,
              -6.9189071
            ],
            [
              107.5836881,
              -6.9184796
            ],
            [
              107.5831197,
              -6.9184231
            ]
          ]
        ]
      },
      "id": "way/1467688010"
    },
    {
      "type": "Feature",
      "properties": {
        "@id": "way/1468271603",
        "amenity": "school",
        "landuse": "education",
        "name": "SDN Baros Mandiri 7",
        "school:type_idn": "sd"
      },
      "geometry": {
        "type": "Polygon",
        "coordinates": [
          [
            [
              107.5375921,
              -6.8914385
            ],
            [
              107.5376122,
              -6.8915471
            ],
            [
              107.5376324,
              -6.8916689
            ],
            [
              107.5379556,
              -6.8916323
            ],
            [
              107.5379831,
              -6.8916349
            ],
            [
              107.5382439,
              -6.8916063
            ],
            [
              107.5382292,
              -6.8914772
            ],
            [
              107.5380857,
              -6.8914645
            ],
            [
              107.5379958,
              -6.8914459
            ],
            [
              107.5379127,
              -6.8914246
            ],
            [
              107.5377745,
              -6.8914093
            ],
            [
              107.5375921,
              -6.8914385
            ]
          ]
        ]
      },
      "id": "way/1468271603"
    },
    {
      "type": "Feature",
      "properties": {
        "@id": "way/1468605042",
        "amenity": "school",
        "landuse": "education",
        "name": "SD Negeri Sukanampa"
      },
      "geometry": {
        "type": "Polygon",
        "coordinates": [
          [
            [
              107.5520895,
              -6.8920363
            ],
            [
              107.5519661,
              -6.8919871
            ],
            [
              107.5518246,
              -6.8919498
            ],
            [
              107.5517884,
              -6.8920537
            ],
            [
              107.5518145,
              -6.8920603
            ],
            [
              107.5517938,
              -6.8921429
            ],
            [
              107.5520251,
              -6.8922088
            ],
            [
              107.5520546,
              -6.8921322
            ],
            [
              107.5520895,
              -6.8920363
            ]
          ]
        ]
      },
      "id": "way/1468605042"
    },
    {
      "type": "Feature",
      "properties": {
        "@id": "way/1473273822",
        "amenity": "school",
        "education": "school",
        "name": "SMA Pasundan 3 dan 7 Bandung"
      },
      "geometry": {
        "type": "Polygon",
        "coordinates": [
          [
            [
              107.6007614,
              -6.9164729
            ],
            [
              107.6007606,
              -6.9166587
            ],
            [
              107.6010026,
              -6.9169303
            ],
            [
              107.6012275,
              -6.9169425
            ],
            [
              107.6012629,
              -6.9166351
            ],
            [
              107.6012633,
              -6.9162621
            ],
            [
              107.6006385,
              -6.9162848
            ],
            [
              107.6006448,
              -6.9163799
            ],
            [
              107.6007042,
              -6.9163774
            ],
            [
              107.600709,
              -6.9164718
            ],
            [
              107.6007614,
              -6.9164729
            ]
          ]
        ]
      },
      "id": "way/1473273822"
    },
    {
      "type": "Feature",
      "properties": {
        "@id": "way/1474233112",
        "addr:city": "Bandung",
        "addr:street": "Babakan Ciamis, Sumur Bandung",
        "amenity": "school",
        "education": "school",
        "name": "SLB Negeri Cicendo"
      },
      "geometry": {
        "type": "Polygon",
        "coordinates": [
          [
            [
              107.6041585,
              -6.910651
            ],
            [
              107.6041198,
              -6.9111537
            ],
            [
              107.6053237,
              -6.9112355
            ],
            [
              107.605356,
              -6.9107874
            ],
            [
              107.6050791,
              -6.9107631
            ],
            [
              107.6050808,
              -6.9106876
            ],
            [
              107.6041585,
              -6.910651
            ]
          ]
        ]
      },
      "id": "way/1474233112"
    },
    {
      "type": "Feature",
      "properties": {
        "@id": "way/1481136231",
        "amenity": "school",
        "education": "school",
        "name": "SMA Negeri 1 Margahayu"
      },
      "geometry": {
        "type": "Polygon",
        "coordinates": [
          [
            [
              107.5678016,
              -6.9764117
            ],
            [
              107.5677456,
              -6.9770908
            ],
            [
              107.5676499,
              -6.9775335
            ],
            [
              107.5685185,
              -6.9776378
            ],
            [
              107.5686236,
              -6.9763329
            ],
            [
              107.5678016,
              -6.9764117
            ]
          ]
        ]
      },
      "id": "way/1481136231"
    },
    {
      "type": "Feature",
      "properties": {
        "@id": "way/1481136232",
        "amenity": "school",
        "education": "school",
        "name": "SMP Negeri 1 Margahayu"
      },
      "geometry": {
        "type": "Polygon",
        "coordinates": [
          [
            [
              107.5669213,
              -6.9763329
            ],
            [
              107.5665618,
              -6.9772043
            ],
            [
              107.5676008,
              -6.9776772
            ],
            [
              107.5677269,
              -6.9770745
            ],
            [
              107.5677756,
              -6.9764123
            ],
            [
              107.5669213,
              -6.9763329
            ]
          ]
        ]
      },
      "id": "way/1481136232"
    },
    {
      "type": "Feature",
      "properties": {
        "@id": "way/1481136243",
        "amenity": "school",
        "education": "school",
        "name": "SMK Marhas Margahayu"
      },
      "geometry": {
        "type": "Polygon",
        "coordinates": [
          [
            [
              107.5704335,
              -6.9757584
            ],
            [
              107.5700915,
              -6.9759894
            ],
            [
              107.570155,
              -6.976054
            ],
            [
              107.5702699,
              -6.9761004
            ],
            [
              107.5708014,
              -6.976276
            ],
            [
              107.5708695,
              -6.9760641
            ],
            [
              107.5706459,
              -6.9759229
            ],
            [
              107.5706165,
              -6.9759501
            ],
            [
              107.5704335,
              -6.9757584
            ]
          ]
        ]
      },
      "id": "way/1481136243"
    },
    {
      "type": "Feature",
      "properties": {
        "@id": "way/1481136245",
        "amenity": "school",
        "education": "school",
        "name": "SMP Muhammadiyah 4 Margahayu"
      },
      "geometry": {
        "type": "Polygon",
        "coordinates": [
          [
            [
              107.5753348,
              -6.9729649
            ],
            [
              107.5738971,
              -6.9727812
            ],
            [
              107.5738341,
              -6.9732857
            ],
            [
              107.5744268,
              -6.9733762
            ],
            [
              107.5744443,
              -6.9733376
            ],
            [
              107.5752878,
              -6.9734481
            ],
            [
              107.5753415,
              -6.9730328
            ],
            [
              107.5753348,
              -6.9729649
            ]
          ]
        ]
      },
      "id": "way/1481136245"
    },
    {
      "type": "Feature",
      "properties": {
        "@id": "way/1481136246",
        "amenity": "school",
        "education": "school",
        "name": "SMP Negeri 2 Margahayu"
      },
      "geometry": {
        "type": "Polygon",
        "coordinates": [
          [
            [
              107.5757636,
              -6.9701944
            ],
            [
              107.5757368,
              -6.9704932
            ],
            [
              107.5759916,
              -6.9705158
            ],
            [
              107.5760312,
              -6.970219
            ],
            [
              107.5765374,
              -6.9702709
            ],
            [
              107.5765529,
              -6.9700468
            ],
            [
              107.5762832,
              -6.9700202
            ],
            [
              107.5762913,
              -6.9698486
            ],
            [
              107.576017,
              -6.9698289
            ],
            [
              107.5759831,
              -6.9702172
            ],
            [
              107.5757636,
              -6.9701944
            ]
          ]
        ]
      },
      "id": "way/1481136246"
    },
    {
      "type": "Feature",
      "properties": {
        "@id": "way/1481271807",
        "amenity": "school",
        "education": "school",
        "name": "SD Negeri 005 Babakan Ciparay"
      },
      "geometry": {
        "type": "Polygon",
        "coordinates": [
          [
            [
              107.587071,
              -6.9487354
            ],
            [
              107.5869399,
              -6.9489392
            ],
            [
              107.5872173,
              -6.9490905
            ],
            [
              107.5873525,
              -6.9488756
            ],
            [
              107.587071,
              -6.9487354
            ]
          ]
        ]
      },
      "id": "way/1481271807"
    },
    {
      "type": "Feature",
      "properties": {
        "@id": "way/1481271815",
        "amenity": "school",
        "education": "school",
        "name": "Yayasan Pondok Pesantren Sirnamiskin"
      },
      "geometry": {
        "type": "Polygon",
        "coordinates": [
          [
            [
              107.5870664,
              -6.9496366
            ],
            [
              107.5868975,
              -6.9499324
            ],
            [
              107.5870355,
              -6.9499834
            ],
            [
              107.587009,
              -6.9503364
            ],
            [
              107.586963,
              -6.9506052
            ],
            [
              107.5873293,
              -6.9507123
            ],
            [
              107.5872709,
              -6.9510953
            ],
            [
              107.5878761,
              -6.9512182
            ],
            [
              107.5878,
              -6.9508054
            ],
            [
              107.5876974,
              -6.9507422
            ],
            [
              107.5876584,
              -6.9506719
            ],
            [
              107.5876995,
              -6.9505258
            ],
            [
              107.587811,
              -6.9505293
            ],
            [
              107.5878163,
              -6.9505609
            ],
            [
              107.5879755,
              -6.9505433
            ],
            [
              107.5879384,
              -6.9503624
            ],
            [
              107.5878729,
              -6.9501481
            ],
            [
              107.5877954,
              -6.9498869
            ],
            [
              107.5875504,
              -6.9499045
            ],
            [
              107.5875698,
              -6.9498079
            ],
            [
              107.5870664,
              -6.9496366
            ]
          ]
        ]
      },
      "id": "way/1481271815"
    },
    {
      "type": "Feature",
      "properties": {
        "@id": "way/1482601341",
        "amenity": "school",
        "landuse": "education",
        "name": "SD Negeri Cipager Mandiri 2",
        "school:type_idn": "sd"
      },
      "geometry": {
        "type": "Polygon",
        "coordinates": [
          [
            [
              107.5341524,
              -6.8663616
            ],
            [
              107.5342843,
              -6.8665
            ],
            [
              107.5343842,
              -6.8666079
            ],
            [
              107.5347976,
              -6.8662049
            ],
            [
              107.5346142,
              -6.8659995
            ],
            [
              107.5345331,
              -6.8660684
            ],
            [
              107.5345205,
              -6.8660585
            ],
            [
              107.5343281,
              -6.8662113
            ],
            [
              107.5341524,
              -6.8663616
            ]
          ]
        ]
      },
      "id": "way/1482601341"
    },
    {
      "type": "Feature",
      "properties": {
        "@id": "way/1482956505",
        "amenity": "school",
        "education": "school",
        "name": "SD Negeri Sukamenak"
      },
      "geometry": {
        "type": "Polygon",
        "coordinates": [
          [
            [
              107.576976,
              -6.9714613
            ],
            [
              107.576976,
              -6.9717494
            ],
            [
              107.5774414,
              -6.9717581
            ],
            [
              107.5775299,
              -6.971658
            ],
            [
              107.5775688,
              -6.9716036
            ],
            [
              107.5775971,
              -6.9715333
            ],
            [
              107.5776007,
              -6.9714718
            ],
            [
              107.576976,
              -6.9714613
            ]
          ]
        ]
      },
      "id": "way/1482956505"
    },
    {
      "type": "Feature",
      "properties": {
        "@id": "way/1482956512",
        "amenity": "school",
        "education": "school",
        "name": "SD Negeri 058 Babakan Ciparay"
      },
      "geometry": {
        "type": "Polygon",
        "coordinates": [
          [
            [
              107.5854568,
              -6.9477873
            ],
            [
              107.5858659,
              -6.9478472
            ],
            [
              107.5859584,
              -6.9474345
            ],
            [
              107.5855454,
              -6.9473547
            ],
            [
              107.5854568,
              -6.9477873
            ]
          ]
        ]
      },
      "id": "way/1482956512"
    },
    {
      "type": "Feature",
      "properties": {
        "@id": "way/1483335475",
        "amenity": "school",
        "building": "school",
        "name": "TK Aisyiah 4"
      },
      "geometry": {
        "type": "Polygon",
        "coordinates": [
          [
            [
              107.5421257,
              -6.8633382
            ],
            [
              107.5420607,
              -6.8634251
            ],
            [
              107.5421151,
              -6.8634652
            ],
            [
              107.5421802,
              -6.8633784
            ],
            [
              107.5421257,
              -6.8633382
            ]
          ]
        ]
      },
      "id": "way/1483335475"
    },
    {
      "type": "Feature",
      "properties": {
        "@id": "way/1487699685",
        "amenity": "school",
        "landuse": "education",
        "name": "SD Negeri Setiawarga"
      },
      "geometry": {
        "type": "Polygon",
        "coordinates": [
          [
            [
              107.547517,
              -6.8438083
            ],
            [
              107.5474644,
              -6.8439332
            ],
            [
              107.5479182,
              -6.8440956
            ],
            [
              107.5480233,
              -6.8438059
            ],
            [
              107.5475824,
              -6.8436477
            ],
            [
              107.547517,
              -6.8438083
            ]
          ]
        ]
      },
      "id": "way/1487699685"
    },
    {
      "type": "Feature",
      "properties": {
        "@id": "way/1487700659",
        "amenity": "school",
        "landuse": "education",
        "name": "SMK PGRI 1 Cimahi"
      },
      "geometry": {
        "type": "Polygon",
        "coordinates": [
          [
            [
              107.5476232,
              -6.870571
            ],
            [
              107.5477535,
              -6.8707075
            ],
            [
              107.5480043,
              -6.8710031
            ],
            [
              107.5484297,
              -6.8704391
            ],
            [
              107.5479656,
              -6.8700999
            ],
            [
              107.5479122,
              -6.8701456
            ],
            [
              107.547821,
              -6.8702677
            ],
            [
              107.5478125,
              -6.8702612
            ],
            [
              107.5477176,
              -6.8703724
            ],
            [
              107.5477323,
              -6.8703845
            ],
            [
              107.5476044,
              -6.870551
            ],
            [
              107.5476232,
              -6.870571
            ]
          ]
        ]
      },
      "id": "way/1487700659"
    },
    {
      "type": "Feature",
      "properties": {
        "@id": "way/1498111232",
        "amenity": "school",
        "landuse": "education",
        "name": "SMP PGRI 4 Cimahi",
        "school:type_idn": "smp"
      },
      "geometry": {
        "type": "Polygon",
        "coordinates": [
          [
            [
              107.5517052,
              -6.8753601
            ],
            [
              107.5515973,
              -6.8754713
            ],
            [
              107.5515503,
              -6.875438
            ],
            [
              107.5514263,
              -6.8756024
            ],
            [
              107.5515933,
              -6.8757183
            ],
            [
              107.5518823,
              -6.875918
            ],
            [
              107.5519979,
              -6.8757213
            ],
            [
              107.5517052,
              -6.8753601
            ]
          ]
        ]
      },
      "id": "way/1498111232"
    },
    {
      "type": "Feature",
      "properties": {
        "@id": "way/1509709873",
        "addr:housenumber": "12",
        "addr:street": "Jalan Kawaluyaan",
        "amenity": "school",
        "isced:level": "3",
        "name": "Sekolah Menengah Kejuruan Setia Bhakti",
        "short_name": "SMK Setia Bhakti"
      },
      "geometry": {
        "type": "Polygon",
        "coordinates": [
          [
            [
              107.6619919,
              -6.9372611
            ],
            [
              107.6620299,
              -6.9372718
            ],
            [
              107.6619487,
              -6.937574
            ],
            [
              107.6619095,
              -6.9377236
            ],
            [
              107.6620946,
              -6.9377675
            ],
            [
              107.6621465,
              -6.9377652
            ],
            [
              107.6623316,
              -6.9370258
            ],
            [
              107.6620728,
              -6.9369568
            ],
            [
              107.6619919,
              -6.9372611
            ]
          ]
        ]
      },
      "id": "way/1509709873"
    },
    {
      "type": "Feature",
      "properties": {
        "@id": "way/1525063136",
        "amenity": "school",
        "education": "school",
        "grades": "9-12",
        "name": "SMA Negeri 21 Bandung"
      },
      "geometry": {
        "type": "Polygon",
        "coordinates": [
          [
            [
              107.6712581,
              -6.9568077
            ],
            [
              107.6711919,
              -6.9571885
            ],
            [
              107.6713582,
              -6.9572344
            ],
            [
              107.671312,
              -6.957427
            ],
            [
              107.6715862,
              -6.9575096
            ],
            [
              107.6715031,
              -6.9578904
            ],
            [
              107.6720438,
              -6.9580739
            ],
            [
              107.67207,
              -6.9579057
            ],
            [
              107.6723257,
              -6.9579164
            ],
            [
              107.6722702,
              -6.9570539
            ],
            [
              107.6712581,
              -6.9568077
            ]
          ]
        ]
      },
      "id": "way/1525063136"
    },
    {
      "type": "Feature",
      "properties": {
        "@id": "way/1532483953",
        "amenity": "school",
        "isced:level": "0",
        "name": "TK Taruna Bakti",
        "phone": "+62224203635"
      },
      "geometry": {
        "type": "Polygon",
        "coordinates": [
          [
            [
              107.619516,
              -6.9053139
            ],
            [
              107.6194883,
              -6.9058199
            ],
            [
              107.619585,
              -6.9057975
            ],
            [
              107.6197052,
              -6.9057906
            ],
            [
              107.6197286,
              -6.9053826
            ],
            [
              107.6196737,
              -6.9053756
            ],
            [
              107.6196737,
              -6.9053223
            ],
            [
              107.619516,
              -6.9053139
            ]
          ]
        ]
      },
      "id": "way/1532483953"
    },
    {
      "type": "Feature",
      "properties": {
        "@id": "way/1539025159",
        "amenity": "school",
        "education": "school",
        "grades": "1-6",
        "name": "SD Cerdas Mulia Ekselensia",
        "religion": "muslim"
      },
      "geometry": {
        "type": "Polygon",
        "coordinates": [
          [
            [
              107.6755189,
              -6.9552895
            ],
            [
              107.675318,
              -6.9550886
            ],
            [
              107.6750309,
              -6.9550849
            ],
            [
              107.6750271,
              -6.9552265
            ],
            [
              107.6751535,
              -6.9553476
            ],
            [
              107.6752416,
              -6.9553709
            ],
            [
              107.6753371,
              -6.95547
            ],
            [
              107.6755189,
              -6.9552895
            ]
          ]
        ]
      },
      "id": "way/1539025159"
    },
    {
      "type": "Feature",
      "properties": {
        "@id": "way/1539025160",
        "amenity": "school",
        "education": "school",
        "grades": "7-9",
        "name": "SMPIT Al-Fitrah",
        "religion": "muslim"
      },
      "geometry": {
        "type": "Polygon",
        "coordinates": [
          [
            [
              107.6760894,
              -6.9481443
            ],
            [
              107.6760975,
              -6.9480158
            ],
            [
              107.6759,
              -6.9479945
            ],
            [
              107.6759124,
              -6.9478989
            ],
            [
              107.6758174,
              -6.9478886
            ],
            [
              107.6758146,
              -6.9478373
            ],
            [
              107.6756709,
              -6.9478246
            ],
            [
              107.6756362,
              -6.9481106
            ],
            [
              107.6760894,
              -6.9481443
            ]
          ]
        ]
      },
      "id": "way/1539025160"
    },
    {
      "type": "Feature",
      "properties": {
        "@id": "way/1544680472",
        "amenity": "school",
        "education": "school",
        "grades": "1-6",
        "name": "SD Negeri Dayeuhkolot 08, 09, 12"
      },
      "geometry": {
        "type": "Polygon",
        "coordinates": [
          [
            [
              107.6290737,
              -6.9837432
            ],
            [
              107.6290992,
              -6.983885
            ],
            [
              107.6290529,
              -6.9838943
            ],
            [
              107.6290723,
              -6.9839972
            ],
            [
              107.6296421,
              -6.9838907
            ],
            [
              107.6296018,
              -6.9836427
            ],
            [
              107.6293245,
              -6.9836659
            ],
            [
              107.6291652,
              -6.9836775
            ],
            [
              107.6291728,
              -6.9837239
            ],
            [
              107.6290737,
              -6.9837432
            ]
          ]
        ]
      },
      "id": "way/1544680472"
    },
    {
      "type": "Feature",
      "properties": {
        "@id": "way/1547322511",
        "amenity": "school",
        "name": "SMK Pasundan 1 Kota Bandung"
      },
      "geometry": {
        "type": "Polygon",
        "coordinates": [
          [
            [
              107.6064944,
              -6.9266219
            ],
            [
              107.6064785,
              -6.9268719
            ],
            [
              107.6070196,
              -6.92691
            ],
            [
              107.6070355,
              -6.9266494
            ],
            [
              107.6064944,
              -6.9266219
            ]
          ]
        ]
      },
      "id": "way/1547322511"
    },
    {
      "type": "Feature",
      "properties": {
        "@id": "way/1547322519",
        "amenity": "school",
        "education": "school",
        "grades": "7-9",
        "name": "SMP Negeri 3 Bandung"
      },
      "geometry": {
        "type": "Polygon",
        "coordinates": [
          [
            [
              107.6048563,
              -6.9290545
            ],
            [
              107.6048472,
              -6.9292401
            ],
            [
              107.6049448,
              -6.9292482
            ],
            [
              107.6051003,
              -6.929446
            ],
            [
              107.6055068,
              -6.9294934
            ],
            [
              107.6055454,
              -6.9290434
            ],
            [
              107.6049661,
              -6.929001
            ],
            [
              107.604962,
              -6.9290605
            ],
            [
              107.6048563,
              -6.9290545
            ]
          ]
        ]
      },
      "id": "way/1547322519"
    },
    {
      "type": "Feature",
      "properties": {
        "@id": "way/1547392412",
        "amenity": "school",
        "education": "school",
        "grades": "7-12",
        "name": "SMP-SMA Unggulan Darul Hikam"
      },
      "geometry": {
        "type": "Polygon",
        "coordinates": [
          [
            [
              107.6389989,
              -6.9144133
            ],
            [
              107.6390461,
              -6.9147849
            ],
            [
              107.6389522,
              -6.9147995
            ],
            [
              107.6390179,
              -6.9153189
            ],
            [
              107.63966,
              -6.9152278
            ],
            [
              107.6395302,
              -6.9143453
            ],
            [
              107.6389989,
              -6.9144133
            ]
          ]
        ]
      },
      "id": "way/1547392412"
    },
    {
      "type": "Feature",
      "properties": {
        "@id": "way/1547394504",
        "amenity": "school",
        "grades": "1-6",
        "name": "SD Negeri 035 Soka Kota Bandung"
      },
      "geometry": {
        "type": "Polygon",
        "coordinates": [
          [
            [
              107.6283928,
              -6.9155606
            ],
            [
              107.6285621,
              -6.9158794
            ],
            [
              107.6291751,
              -6.9155514
            ],
            [
              107.6289824,
              -6.9152013
            ],
            [
              107.6283928,
              -6.9155606
            ]
          ]
        ]
      },
      "id": "way/1547394504"
    },
    {
      "type": "Feature",
      "properties": {
        "@id": "way/1547394510",
        "amenity": "school",
        "education": "school",
        "name": "SMK PU Negeri Jawa Barat"
      },
      "geometry": {
        "type": "Polygon",
        "coordinates": [
          [
            [
              107.6322755,
              -6.9174287
            ],
            [
              107.6323246,
              -6.9175281
            ],
            [
              107.6322717,
              -6.9175518
            ],
            [
              107.6323718,
              -6.9177376
            ],
            [
              107.6332507,
              -6.9172758
            ],
            [
              107.6331005,
              -6.9169967
            ],
            [
              107.632978,
              -6.9170578
            ],
            [
              107.6329919,
              -6.9170861
            ],
            [
              107.6323225,
              -6.9174073
            ],
            [
              107.6322755,
              -6.9174287
            ]
          ]
        ]
      },
      "id": "way/1547394510"
    },
    {
      "type": "Feature",
      "properties": {
        "@id": "node/31288438",
        "amenity": "school",
        "name": "SMPN 5"
      },
      "geometry": {
        "type": "Point",
        "coordinates": [
          107.614526,
          -6.9147418
        ]
      },
      "id": "node/31288438"
    },
    {
      "type": "Feature",
      "properties": {
        "@id": "node/31288870",
        "amenity": "school",
        "name": "Tri Mulya"
      },
      "geometry": {
        "type": "Point",
        "coordinates": [
          107.5899956,
          -6.8964982
        ]
      },
      "id": "node/31288870"
    },
    {
      "type": "Feature",
      "properties": {
        "@id": "node/479731736",
        "amenity": "school",
        "name": "Sekolah Kristen Hidup Baru"
      },
      "geometry": {
        "type": "Point",
        "coordinates": [
          107.6059886,
          -6.8654562
        ]
      },
      "id": "node/479731736"
    },
    {
      "type": "Feature",
      "properties": {
        "@id": "node/479732485",
        "amenity": "school",
        "name": "Universitas Katolik Parahyangan"
      },
      "geometry": {
        "type": "Point",
        "coordinates": [
          107.6050273,
          -6.8752133
        ]
      },
      "id": "node/479732485"
    },
    {
      "type": "Feature",
      "properties": {
        "@id": "node/1107777609",
        "addr:city": "Bandung",
        "addr:housenumber": "71A - 73",
        "addr:street": "Jl. LLRE Martadinata",
        "amenity": "school",
        "name": "SMP SMA Yahya YPK Yahya"
      },
      "geometry": {
        "type": "Point",
        "coordinates": [
          107.6180692,
          -6.9059498
        ]
      },
      "id": "node/1107777609"
    },
    {
      "type": "Feature",
      "properties": {
        "@id": "node/1107777613",
        "addr:city": "Bandung",
        "addr:housenumber": "52",
        "addr:street": "Jl. L. L. RE. Martadinata",
        "amenity": "school",
        "name": "Taruna Bakti"
      },
      "geometry": {
        "type": "Point",
        "coordinates": [
          107.6184864,
          -6.9063188
        ]
      },
      "id": "node/1107777613"
    },
    {
      "type": "Feature",
      "properties": {
        "@id": "node/1342017899",
        "amenity": "school",
        "name": "SMAK DAGO",
        "name:en": "Smak"
      },
      "geometry": {
        "type": "Point",
        "coordinates": [
          107.6122468,
          -6.8965277
        ]
      },
      "id": "node/1342017899"
    },
    {
      "type": "Feature",
      "properties": {
        "@id": "node/1388221862",
        "amenity": "school",
        "name": "SMP/ SMA Nasional"
      },
      "geometry": {
        "type": "Point",
        "coordinates": [
          107.6265975,
          -6.8903413
        ]
      },
      "id": "node/1388221862"
    },
    {
      "type": "Feature",
      "properties": {
        "@id": "node/1388222371",
        "amenity": "school",
        "name": "SMP / SMA Kemah Indonesia"
      },
      "geometry": {
        "type": "Point",
        "coordinates": [
          107.6250855,
          -6.8877225
        ]
      },
      "id": "node/1388222371"
    },
    {
      "type": "Feature",
      "properties": {
        "@id": "node/1681418467",
        "amenity": "school"
      },
      "geometry": {
        "type": "Point",
        "coordinates": [
          107.6609526,
          -6.8417256
        ]
      },
      "id": "node/1681418467"
    },
    {
      "type": "Feature",
      "properties": {
        "@id": "node/1683457686",
        "amenity": "school"
      },
      "geometry": {
        "type": "Point",
        "coordinates": [
          107.6829362,
          -6.8645262
        ]
      },
      "id": "node/1683457686"
    },
    {
      "type": "Feature",
      "properties": {
        "@id": "node/1896152878",
        "addr:postcode": "40131",
        "addr:street": "Jalan Bapak Husen Dalam",
        "amenity": "school",
        "name": "SMP Pasundan 1",
        "source": "Local knowledge"
      },
      "geometry": {
        "type": "Point",
        "coordinates": [
          107.6034266,
          -6.8909182
        ]
      },
      "id": "node/1896152878"
    },
    {
      "type": "Feature",
      "properties": {
        "@id": "node/1896152880",
        "addr:postcode": "40131",
        "addr:street": "Jalan Cihampelas",
        "amenity": "school",
        "name": "SMA Pasundan 2",
        "source": "Local knowledge"
      },
      "geometry": {
        "type": "Point",
        "coordinates": [
          107.604046,
          -6.8907828
        ]
      },
      "id": "node/1896152880"
    },
    {
      "type": "Feature",
      "properties": {
        "@id": "node/1896152886",
        "addr:postcode": "40131",
        "addr:street": "Jalan Cihampelas",
        "amenity": "school",
        "name": "SMA Pasundan 8",
        "source": "Local knowledge"
      },
      "geometry": {
        "type": "Point",
        "coordinates": [
          107.6040522,
          -6.8911142
        ]
      },
      "id": "node/1896152886"
    },
    {
      "type": "Feature",
      "properties": {
        "@id": "node/1919646275",
        "addr:city": "Bandung",
        "addr:street": "Balonggede",
        "amenity": "school",
        "name": "SMPN 43 Bandung"
      },
      "geometry": {
        "type": "Point",
        "coordinates": [
          107.6067688,
          -6.9256576
        ]
      },
      "id": "node/1919646275"
    },
    {
      "type": "Feature",
      "properties": {
        "@id": "node/1919646281",
        "amenity": "school"
      },
      "geometry": {
        "type": "Point",
        "coordinates": [
          107.6082668,
          -6.924269
        ]
      },
      "id": "node/1919646281"
    },
    {
      "type": "Feature",
      "properties": {
        "@id": "node/2016372889",
        "amenity": "school",
        "name": "SDN 5 Sarijadi"
      },
      "geometry": {
        "type": "Point",
        "coordinates": [
          107.5803356,
          -6.8781282
        ]
      },
      "id": "node/2016372889"
    },
    {
      "type": "Feature",
      "properties": {
        "@id": "node/2493385976",
        "addr:housenumber": "1",
        "addr:street": "Jalan Taman Anggrek",
        "amenity": "school",
        "name": "SMP Santa Ursula"
      },
      "geometry": {
        "type": "Point",
        "coordinates": [
          107.630962,
          -6.9109009
        ]
      },
      "id": "node/2493385976"
    },
    {
      "type": "Feature",
      "properties": {
        "@id": "node/3229398928",
        "amenity": "school",
        "name": "Kitchen SMKK BPP"
      },
      "geometry": {
        "type": "Point",
        "coordinates": [
          107.6167487,
          -6.9175501
        ]
      },
      "id": "node/3229398928"
    },
    {
      "type": "Feature",
      "properties": {
        "@id": "node/3806721302",
        "amenity": "school",
        "name": "OBKG Bandung Studi In Japan"
      },
      "geometry": {
        "type": "Point",
        "coordinates": [
          107.6163704,
          -6.8803349
        ]
      },
      "id": "node/3806721302"
    },
    {
      "type": "Feature",
      "properties": {
        "@id": "node/3806746617",
        "amenity": "school",
        "name": "LKP Putri"
      },
      "geometry": {
        "type": "Point",
        "coordinates": [
          107.618959,
          -6.8750686
        ]
      },
      "id": "node/3806746617"
    },
    {
      "type": "Feature",
      "properties": {
        "@id": "node/4143008394",
        "addr:street": "Jalan Gatot Subroto",
        "amenity": "school",
        "name": "Piksi Ghanesa"
      },
      "geometry": {
        "type": "Point",
        "coordinates": [
          107.6376778,
          -6.9284661
        ]
      },
      "id": "node/4143008394"
    },
    {
      "type": "Feature",
      "properties": {
        "@id": "node/4143041691",
        "addr:street": "Jalan Ibrahim Adji",
        "amenity": "school",
        "name": "SMP VIJAYA KUSUMA"
      },
      "geometry": {
        "type": "Point",
        "coordinates": [
          107.6435013,
          -6.9432575
        ]
      },
      "id": "node/4143041691"
    },
    {
      "type": "Feature",
      "properties": {
        "@id": "node/4143046989",
        "addr:street": "Jalan Soekarno-Hatta",
        "amenity": "school",
        "name": "SMKN 7 BANDUNG",
        "name:en": "Smkn 7"
      },
      "geometry": {
        "type": "Point",
        "coordinates": [
          107.6599319,
          -6.9399699
        ]
      },
      "id": "node/4143046989"
    },
    {
      "type": "Feature",
      "properties": {
        "@id": "node/4244415587",
        "amenity": "school",
        "name": "SD Negeri Kebon Gedang"
      },
      "geometry": {
        "type": "Point",
        "coordinates": [
          107.6413069,
          -6.9279317
        ]
      },
      "id": "node/4244415587"
    },
    {
      "type": "Feature",
      "properties": {
        "@id": "node/4312172974",
        "addr:city": "Bandung",
        "addr:housenumber": "F 38",
        "addr:street": "Jl. Taman Kopo Indah III, Mekar Rahayu, Margaasih,",
        "amenity": "school",
        "name": "Talenta School"
      },
      "geometry": {
        "type": "Point",
        "coordinates": [
          107.5520609,
          -6.9692517
        ]
      },
      "id": "node/4312172974"
    },
    {
      "type": "Feature",
      "properties": {
        "@id": "node/4327234792",
        "addr:city": "Bandung",
        "addr:street": "Taman Holis Indah, Blok A",
        "amenity": "school",
        "name": "Sekolah Dasar Kristen Badan Pendidikan Kristen Penabur"
      },
      "geometry": {
        "type": "Point",
        "coordinates": [
          107.5646672,
          -6.9395748
        ]
      },
      "id": "node/4327234792"
    },
    {
      "type": "Feature",
      "properties": {
        "@id": "node/4327903188",
        "addr:city": "Bandung, Jawa Barat",
        "addr:housenumber": "5",
        "addr:street": "Jalan Rajawali I",
        "amenity": "school",
        "name": "SD Ywka"
      },
      "geometry": {
        "type": "Point",
        "coordinates": [
          107.577271,
          -6.9127345
        ]
      },
      "id": "node/4327903188"
    },
    {
      "type": "Feature",
      "properties": {
        "@id": "node/4327993104",
        "addr:city": "Bandung, Jawa Barat",
        "addr:housenumber": "2-6",
        "addr:street": "Jl. Dursasana , Pamoyanan, Cicendo",
        "amenity": "school",
        "name": "SMAK 1 BPK Penabur"
      },
      "geometry": {
        "type": "Point",
        "coordinates": [
          107.5968438,
          -6.9039023
        ]
      },
      "id": "node/4327993104"
    },
    {
      "type": "Feature",
      "properties": {
        "@id": "node/4327995771",
        "addr:city": "Bandung, Jawa Barat",
        "addr:housenumber": "8",
        "addr:street": "Jl. Dursasana , Pamoyanan, Cicendo",
        "amenity": "school",
        "name": "SMAK 2 BPK Penabur"
      },
      "geometry": {
        "type": "Point",
        "coordinates": [
          107.596552,
          -6.9037977
        ]
      },
      "id": "node/4327995771"
    },
    {
      "type": "Feature",
      "properties": {
        "@id": "node/4328004844",
        "addr:city": "Bandung, Jawa Barat",
        "addr:housenumber": "157",
        "addr:street": "Jalan HOS Tjokroaminoto , Pamoyanan, Cicendo",
        "amenity": "school",
        "name": "SMPK 1 BPK Penabur"
      },
      "geometry": {
        "type": "Point",
        "coordinates": [
          107.597212,
          -6.9033651
        ]
      },
      "id": "node/4328004844"
    },
    {
      "type": "Feature",
      "properties": {
        "@id": "node/4328038668",
        "addr:city": "Bandung",
        "addr:housenumber": "1-9",
        "addr:street": "Jl. Bima , Arjuna, Cicendo",
        "amenity": "school",
        "name": "Bina Bakti"
      },
      "geometry": {
        "type": "Point",
        "coordinates": [
          107.5956125,
          -6.9122154
        ]
      },
      "id": "node/4328038668"
    },
    {
      "type": "Feature",
      "properties": {
        "@id": "node/4328069273",
        "addr:city": "Bandung",
        "addr:housenumber": "9",
        "addr:street": "Jl. Bima, Arjuna, Cicendo",
        "amenity": "school",
        "name": "Taman Kanak-Kanak 1 Bina Bakti"
      },
      "geometry": {
        "type": "Point",
        "coordinates": [
          107.5955681,
          -6.9121876
        ]
      },
      "id": "node/4328069273"
    },
    {
      "type": "Feature",
      "properties": {
        "@id": "node/4328124562",
        "addr:city": "Bandung",
        "addr:housenumber": "209",
        "addr:street": "Jl. Kb. Jati",
        "amenity": "school",
        "name": "SMA Trinitas",
        "wikidata": "Q7842520",
        "wikipedia": "en:Trinitas Senior High School"
      },
      "geometry": {
        "type": "Point",
        "coordinates": [
          107.5925889,
          -6.9166475
        ]
      },
      "id": "node/4328124562"
    },
    {
      "type": "Feature",
      "properties": {
        "@id": "node/4328152441",
        "addr:city": "Bandung",
        "addr:street": "Jl. Inhoftank",
        "amenity": "school",
        "name": "Sekolah Menengah Kejuruan Prakarya Internasional SMK Prakarya Internasional"
      },
      "geometry": {
        "type": "Point",
        "coordinates": [
          107.6032825,
          -6.940396
        ]
      },
      "id": "node/4328152441"
    },
    {
      "type": "Feature",
      "properties": {
        "@id": "node/4328166911",
        "addr:city": "Bandung",
        "addr:housenumber": "24",
        "addr:street": "Jl Merdeka",
        "amenity": "school",
        "denomination": "roman_catholic",
        "grades": "1-12",
        "name": "TK SD SMP SMA Santa Angela Bandung",
        "operator": "Yayasan Widya Bhakti",
        "operator:type": "private",
        "religion": "christian",
        "website": "https://portal.santa-angela.sch.id/"
      },
      "geometry": {
        "type": "Point",
        "coordinates": [
          107.611423,
          -6.9128355
        ]
      },
      "id": "node/4328166911"
    },
    {
      "type": "Feature",
      "properties": {
        "@id": "node/4328214130",
        "addr:city": "Bandung",
        "addr:housenumber": "61",
        "addr:street": "Jalan Surya Sumantri",
        "amenity": "school",
        "name": "Bandung Independent School"
      },
      "geometry": {
        "type": "Point",
        "coordinates": [
          107.5813111,
          -6.8848369
        ]
      },
      "id": "node/4328214130"
    },
    {
      "type": "Feature",
      "properties": {
        "@id": "node/4329427294",
        "addr:city": "Bandung",
        "addr:housenumber": "21",
        "addr:street": "Jl. Pahlawan , Cihaur Geulis, Cibeunying Kaler",
        "amenity": "school",
        "name": "Yayasan R.P. Hartoyo Sekolah Sumatera"
      },
      "geometry": {
        "type": "Point",
        "coordinates": [
          107.6340497,
          -6.8999383
        ]
      },
      "id": "node/4329427294"
    },
    {
      "type": "Feature",
      "properties": {
        "@id": "node/4329450678",
        "addr:city": "Bandung",
        "addr:street": "Neglasari, Cibeunying Kaler",
        "amenity": "school",
        "name": "SMK Merdeka"
      },
      "geometry": {
        "type": "Point",
        "coordinates": [
          107.634667,
          -6.8969564
        ]
      },
      "id": "node/4329450678"
    },
    {
      "type": "Feature",
      "properties": {
        "@id": "node/4329456461",
        "addr:city": "Bandung",
        "addr:housenumber": "65",
        "addr:street": "Jl. Pahlawan, Sukaluyu, Cibeunying Kaler",
        "amenity": "school",
        "name": "Sekolah Menengah Pertama Istiqamah"
      },
      "geometry": {
        "type": "Point",
        "coordinates": [
          107.6342322,
          -6.8962699
        ]
      },
      "id": "node/4329456461"
    },
    {
      "type": "Feature",
      "properties": {
        "@id": "node/4329458589",
        "addr:city": "Bandung",
        "addr:housenumber": "67",
        "addr:street": "Jl. Pahlawan , Sukaluyu, Cibeunying Kaler",
        "amenity": "school",
        "name": "SMK Taruna Ganesha"
      },
      "geometry": {
        "type": "Point",
        "coordinates": [
          107.6343196,
          -6.8959753
        ]
      },
      "id": "node/4329458589"
    },
    {
      "type": "Feature",
      "properties": {
        "@id": "node/4329560103",
        "addr:city": "Bandung",
        "addr:street": "Neglasari, Cibeunying Kaler",
        "amenity": "school",
        "name": "SDN Cikutra 2"
      },
      "geometry": {
        "type": "Point",
        "coordinates": [
          107.6370893,
          -6.8935451
        ]
      },
      "id": "node/4329560103"
    },
    {
      "type": "Feature",
      "properties": {
        "@id": "node/4329566658",
        "addr:city": "Bandung",
        "addr:housenumber": "205",
        "addr:street": "Jl. Cikutra , Neglasari, Cibeunying Kaler",
        "amenity": "school",
        "name": "Sekolah Dasar Islam Terpadu Al - Irsyad Al - Islamiyyah"
      },
      "geometry": {
        "type": "Point",
        "coordinates": [
          107.6392515,
          -6.8937561
        ]
      },
      "id": "node/4329566658"
    },
    {
      "type": "Feature",
      "properties": {
        "@id": "node/4329571325",
        "addr:city": "Bandung",
        "addr:housenumber": "201",
        "addr:street": "Jl. Cikutra , Neglasari, Cibeunying Kaler",
        "amenity": "school",
        "name": "Sekolah Menengah Kejuruan Pasundan 4"
      },
      "geometry": {
        "type": "Point",
        "coordinates": [
          107.6423524,
          -6.8954618
        ]
      },
      "id": "node/4329571325"
    },
    {
      "type": "Feature",
      "properties": {
        "@id": "node/4329576649",
        "addr:city": "Bandung",
        "addr:housenumber": "53",
        "addr:street": "Jl. PH.H. Mustofa, Neglasari, Cibeunying Kaler",
        "amenity": "school",
        "name": "Sekolah Menengah Pertama Negeri 16 Bandung"
      },
      "geometry": {
        "type": "Point",
        "coordinates": [
          107.6423333,
          -6.8996345
        ]
      },
      "id": "node/4329576649"
    },
    {
      "type": "Feature",
      "properties": {
        "@id": "node/4329581427",
        "addr:city": "Bandung",
        "addr:street": "Jl. Jendral Sudirman",
        "amenity": "school",
        "name": "Sekolah Menengah Atas Kristen Gamaliel"
      },
      "geometry": {
        "type": "Point",
        "coordinates": [
          107.597042,
          -6.9200384
        ]
      },
      "id": "node/4329581427"
    },
    {
      "type": "Feature",
      "properties": {
        "@id": "node/4329595261",
        "addr:city": "Bandung",
        "addr:housenumber": "25",
        "addr:street": "Jl. Bojongsoang",
        "amenity": "school",
        "name": "SDN Bojongsoang 1"
      },
      "geometry": {
        "type": "Point",
        "coordinates": [
          107.6316399,
          -6.9831763
        ]
      },
      "id": "node/4329595261"
    },
    {
      "type": "Feature",
      "properties": {
        "@id": "node/4329650788",
        "addr:city": "Bandung",
        "addr:housenumber": "89",
        "addr:street": "Jl. Setiabudhi",
        "amenity": "school",
        "name": "SMPN 15 Bandung"
      },
      "geometry": {
        "type": "Point",
        "coordinates": [
          107.5957186,
          -6.8745529
        ]
      },
      "id": "node/4329650788"
    },
    {
      "type": "Feature",
      "properties": {
        "@id": "node/4329652300",
        "addr:city": "Bandung",
        "addr:housenumber": "36-37",
        "addr:street": "GOR Padjajaran, Jl. Pajajaran",
        "amenity": "school",
        "name": "Sekolah Atletik Padjajaran"
      },
      "geometry": {
        "type": "Point",
        "coordinates": [
          107.6006151,
          -6.9069935
        ]
      },
      "id": "node/4329652300"
    },
    {
      "type": "Feature",
      "properties": {
        "@id": "node/4329667847",
        "addr:city": "Bandung",
        "addr:street": "Pasir Kaliki, Cicendo",
        "amenity": "school",
        "name": "SDN Dr. Cipto",
        "wikidata": "Q112159251"
      },
      "geometry": {
        "type": "Point",
        "coordinates": [
          107.5997176,
          -6.9062722
        ]
      },
      "id": "node/4329667847"
    },
    {
      "type": "Feature",
      "properties": {
        "@id": "node/4329672308",
        "addr:city": "Bandung",
        "addr:housenumber": "9",
        "addr:street": "Jl. Dr. Cipto , Pasir Kaliki, Cicendo",
        "amenity": "school",
        "name": "P4TK.TK & PLB Bandung"
      },
      "geometry": {
        "type": "Point",
        "coordinates": [
          107.6000707,
          -6.9056777
        ]
      },
      "id": "node/4329672308"
    },
    {
      "type": "Feature",
      "properties": {
        "@id": "node/4329685535",
        "addr:city": "Bandung",
        "addr:housenumber": "92",
        "addr:street": "Jl. Raya Cimindi",
        "amenity": "school",
        "name": "SMAK 3 BPK PENABUR Bandung"
      },
      "geometry": {
        "type": "Point",
        "coordinates": [
          107.5629381,
          -6.9001218
        ]
      },
      "id": "node/4329685535"
    },
    {
      "type": "Feature",
      "properties": {
        "@id": "node/4329689013",
        "addr:city": "bandung",
        "addr:street": "Jl. Dr. Rajiman, Pasir Kaliki, Cicendo",
        "amenity": "school",
        "name": "Sekolah Paulus"
      },
      "geometry": {
        "type": "Point",
        "coordinates": [
          107.5993747,
          -6.9038733
        ]
      },
      "id": "node/4329689013"
    },
    {
      "type": "Feature",
      "properties": {
        "@id": "node/4340769830",
        "amenity": "school",
        "name": "Bpk Penabur"
      },
      "geometry": {
        "type": "Point",
        "coordinates": [
          107.5949399,
          -6.9196755
        ]
      },
      "id": "node/4340769830"
    },
    {
      "type": "Feature",
      "properties": {
        "@id": "node/4370493788",
        "amenity": "school",
        "name": "Sekolah Menengah Atas Negeri 7"
      },
      "geometry": {
        "type": "Point",
        "coordinates": [
          107.6149527,
          -6.9233604
        ]
      },
      "id": "node/4370493788"
    },
    {
      "type": "Feature",
      "properties": {
        "@id": "node/4370600241",
        "amenity": "school",
        "name": "SMPN 11 Bandung"
      },
      "geometry": {
        "type": "Point",
        "coordinates": [
          107.6083018,
          -6.9348195
        ]
      },
      "id": "node/4370600241"
    },
    {
      "type": "Feature",
      "properties": {
        "@id": "node/4636408674",
        "amenity": "school",
        "name": "TK aisiyah"
      },
      "geometry": {
        "type": "Point",
        "coordinates": [
          107.6477005,
          -6.8940161
        ]
      },
      "id": "node/4636408674"
    },
    {
      "type": "Feature",
      "properties": {
        "@id": "node/5155499911",
        "addr:street": "Jl. Kalijati Indah no 8",
        "amenity": "school",
        "name": "Arvadia Global Islamic School"
      },
      "geometry": {
        "type": "Point",
        "coordinates": [
          107.6536708,
          -6.9085709
        ]
      },
      "id": "node/5155499911"
    },
    {
      "type": "Feature",
      "properties": {
        "@id": "node/5155499912",
        "addr:street": "Jl. Sulaksana",
        "amenity": "school",
        "name": "Universitas BSI"
      },
      "geometry": {
        "type": "Point",
        "coordinates": [
          107.6498848,
          -6.9096786
        ]
      },
      "id": "node/5155499912"
    },
    {
      "type": "Feature",
      "properties": {
        "@id": "node/5155499913",
        "addr:street": "Jl. Sulaksana Baru I no.18",
        "amenity": "school",
        "name": "SMA Katolik Santa Maria 2"
      },
      "geometry": {
        "type": "Point",
        "coordinates": [
          107.6513788,
          -6.9079478
        ]
      },
      "id": "node/5155499913"
    },
    {
      "type": "Feature",
      "properties": {
        "@id": "node/5155499914",
        "addr:street": "Jl. Sulaksana",
        "amenity": "school",
        "name": "Politeknik Geologi dan Pertambangan"
      },
      "geometry": {
        "type": "Point",
        "coordinates": [
          107.650094,
          -6.9064327
        ]
      },
      "id": "node/5155499914"
    },
    {
      "type": "Feature",
      "properties": {
        "@id": "node/5311153922",
        "amenity": "school",
        "bus": "yes",
        "grades": "1-6",
        "highway": "bus_stop",
        "name": "Dinas Pendidikan Kota Bandung;SD Negeri 035 Soka Kota Bandung",
        "pole": "traffic_sign",
        "public_transport": "platform",
        "shelter": "yes"
      },
      "geometry": {
        "type": "Point",
        "coordinates": [
          107.6286916,
          -6.9164091
        ]
      },
      "id": "node/5311153922"
    },
    {
      "type": "Feature",
      "properties": {
        "@id": "node/5624353021",
        "amenity": "school"
      },
      "geometry": {
        "type": "Point",
        "coordinates": [
          107.6370755,
          -6.9723199
        ]
      },
      "id": "node/5624353021"
    },
    {
      "type": "Feature",
      "properties": {
        "@id": "node/5752784021",
        "amenity": "school",
        "name": "SDN Sindanglaya"
      },
      "geometry": {
        "type": "Point",
        "coordinates": [
          107.6804344,
          -6.9049297
        ]
      },
      "id": "node/5752784021"
    },
    {
      "type": "Feature",
      "properties": {
        "@id": "node/5965330586",
        "amenity": "school",
        "name": "SMK Sangkuriang 2 Cimahi"
      },
      "geometry": {
        "type": "Point",
        "coordinates": [
          107.5401771,
          -6.8651878
        ]
      },
      "id": "node/5965330586"
    },
    {
      "type": "Feature",
      "properties": {
        "@id": "node/5965334785",
        "amenity": "school",
        "name": "SMK Sangkuriang 1 Cimahi"
      },
      "geometry": {
        "type": "Point",
        "coordinates": [
          107.5368532,
          -6.8691843
        ]
      },
      "id": "node/5965334785"
    },
    {
      "type": "Feature",
      "properties": {
        "@id": "node/6253551686",
        "addr:city": "Citarum, Bandung Wetan, Kota Bandung, Jawa Barat",
        "addr:postcode": "40115",
        "addr:street": "Jalan Sultan Agung",
        "amenity": "school",
        "name": "SMUK St Aloysius"
      },
      "geometry": {
        "type": "Point",
        "coordinates": [
          107.612126,
          -6.9048974
        ]
      },
      "id": "node/6253551686"
    },
    {
      "type": "Feature",
      "properties": {
        "@id": "node/9057486815",
        "addr:city": "Bandung",
        "addr:housenumber": "11B",
        "addr:postcode": "40154",
        "addr:street": "Jl. Geger Arum",
        "amenity": "school",
        "grades": "1-6",
        "name": "SDN 138 GEGERKALONG GIRANG KOTA BANDUNG",
        "website": "https://simdik.bandung.go.id/npsn/20247203"
      },
      "geometry": {
        "type": "Point",
        "coordinates": [
          107.5865398,
          -6.8609476
        ]
      },
      "id": "node/9057486815"
    },
    {
      "type": "Feature",
      "properties": {
        "@id": "node/9182125702",
        "amenity": "school",
        "denomination": "sunni",
        "name": "SMP Tahfidz Mahkota Al Hidayah",
        "operator": "Yayasan Kamilul Hidayah",
        "operator:type": "religious",
        "religion": "muslim",
        "website": "http://www.al-hidayah.org"
      },
      "geometry": {
        "type": "Point",
        "coordinates": [
          107.5861726,
          -6.8516157
        ]
      },
      "id": "node/9182125702"
    },
    {
      "type": "Feature",
      "properties": {
        "@id": "node/9659972923",
        "amenity": "school",
        "grades": "11-13",
        "name": "SMAN 2 Cimahi",
        "operator": "Government",
        "operator:type": "government",
        "website": "https://sman2cimahi.sch.id/"
      },
      "geometry": {
        "type": "Point",
        "coordinates": [
          107.5342938,
          -6.8821368
        ]
      },
      "id": "node/9659972923"
    },
    {
      "type": "Feature",
      "properties": {
        "@id": "node/9676827225",
        "amenity": "school"
      },
      "geometry": {
        "type": "Point",
        "coordinates": [
          107.6172633,
          -6.8847229
        ]
      },
      "id": "node/9676827225"
    },
    {
      "type": "Feature",
      "properties": {
        "@id": "node/9676827228",
        "amenity": "school"
      },
      "geometry": {
        "type": "Point",
        "coordinates": [
          107.6183326,
          -6.8848024
        ]
      },
      "id": "node/9676827228"
    },
    {
      "type": "Feature",
      "properties": {
        "@id": "node/9676827229",
        "amenity": "school"
      },
      "geometry": {
        "type": "Point",
        "coordinates": [
          107.6190478,
          -6.8852984
        ]
      },
      "id": "node/9676827229"
    },
    {
      "type": "Feature",
      "properties": {
        "@id": "node/9802912527",
        "amenity": "school",
        "name": "SD Angkasa 3 Bandung"
      },
      "geometry": {
        "type": "Point",
        "coordinates": [
          107.5848895,
          -6.8969519
        ]
      },
      "id": "node/9802912527"
    },
    {
      "type": "Feature",
      "properties": {
        "@id": "node/9803484507",
        "amenity": "school",
        "name": "Madrasah Al Muhyi Pajajaran"
      },
      "geometry": {
        "type": "Point",
        "coordinates": [
          107.590899,
          -6.8997498
        ]
      },
      "id": "node/9803484507"
    },
    {
      "type": "Feature",
      "properties": {
        "@id": "node/9803550618",
        "amenity": "school",
        "name": "SMK TI Pembangunan Kota Cimahi"
      },
      "geometry": {
        "type": "Point",
        "coordinates": [
          107.5414089,
          -6.8997705
        ]
      },
      "id": "node/9803550618"
    },
    {
      "type": "Feature",
      "properties": {
        "@id": "node/9805512682",
        "amenity": "school",
        "name": "SMP Swadaya 1 Bandung"
      },
      "geometry": {
        "type": "Point",
        "coordinates": [
          107.5889155,
          -6.9260341
        ]
      },
      "id": "node/9805512682"
    },
    {
      "type": "Feature",
      "properties": {
        "@id": "node/9805978343",
        "addr:city": "Kota Bandung",
        "addr:district": "Lengkong",
        "addr:housename": "SMA Edu Global Bandung",
        "addr:housenumber": "38",
        "addr:postcode": "40262",
        "addr:province": "Jawa Barat",
        "addr:street": "Jalan Jenderal Gatot Subroto",
        "addr:subdistrict": "Malabar",
        "amenity": "school",
        "brand": "Edu Global School",
        "education": "school",
        "email": "ict@egs.sch.id",
        "internet_access": "yes",
        "name": "SMA SMP Edu Global Bandung - Sekolah Bilingual Integrated Cambridge",
        "phone": "+6282112113574",
        "website": "https://www.eduglobal.sch.id/"
      },
      "geometry": {
        "type": "Point",
        "coordinates": [
          107.6225303,
          -6.9233601
        ]
      },
      "id": "node/9805978343"
    },
    {
      "type": "Feature",
      "properties": {
        "@id": "node/9805991738",
        "amenity": "school",
        "name": "SMP Santo Mikael"
      },
      "geometry": {
        "type": "Point",
        "coordinates": [
          107.5371516,
          -6.8970091
        ]
      },
      "id": "node/9805991738"
    },
    {
      "type": "Feature",
      "properties": {
        "@id": "node/9807711626",
        "amenity": "school",
        "name": "SD Negeri Melong Asih 4,5,7,8"
      },
      "geometry": {
        "type": "Point",
        "coordinates": [
          107.5586239,
          -6.9240201
        ]
      },
      "id": "node/9807711626"
    },
    {
      "type": "Feature",
      "properties": {
        "@id": "node/9807951815",
        "amenity": "school",
        "name": "SD Ar-Rafi 1"
      },
      "geometry": {
        "type": "Point",
        "coordinates": [
          107.6456606,
          -6.9420391
        ]
      },
      "id": "node/9807951815"
    },
    {
      "type": "Feature",
      "properties": {
        "@id": "node/9809122243",
        "amenity": "school",
        "name": "Advent High School Naripan Bandung",
        "religion": "christian"
      },
      "geometry": {
        "type": "Point",
        "coordinates": [
          107.6164461,
          -6.920782
        ]
      },
      "id": "node/9809122243"
    },
    {
      "type": "Feature",
      "properties": {
        "@id": "node/9813471190",
        "amenity": "school",
        "check_date": "2026-01-24",
        "name": "SMP Negeri 6 Cimahi"
      },
      "geometry": {
        "type": "Point",
        "coordinates": [
          107.5452511,
          -6.8773529
        ]
      },
      "id": "node/9813471190"
    },
    {
      "type": "Feature",
      "properties": {
        "@id": "node/9813635881",
        "amenity": "school",
        "name": "MTS Manbaul Huda"
      },
      "geometry": {
        "type": "Point",
        "coordinates": [
          107.6497883,
          -6.9454317
        ]
      },
      "id": "node/9813635881"
    },
    {
      "type": "Feature",
      "properties": {
        "@id": "node/9813647278",
        "amenity": "school",
        "name": "Zakaria Education Centre"
      },
      "geometry": {
        "type": "Point",
        "coordinates": [
          107.6524771,
          -6.9488006
        ]
      },
      "id": "node/9813647278"
    },
    {
      "type": "Feature",
      "properties": {
        "@id": "node/9813937318",
        "amenity": "school",
        "name": "SD Abu Seno Babakan Surabaya"
      },
      "geometry": {
        "type": "Point",
        "coordinates": [
          107.6462063,
          -6.9084836
        ]
      },
      "id": "node/9813937318"
    },
    {
      "type": "Feature",
      "properties": {
        "@id": "node/9814216609",
        "amenity": "school",
        "name": "SMP Negeri 39 Bandung"
      },
      "geometry": {
        "type": "Point",
        "coordinates": [
          107.5687129,
          -6.9425114
        ]
      },
      "id": "node/9814216609"
    },
    {
      "type": "Feature",
      "properties": {
        "@id": "node/9814257057",
        "amenity": "school",
        "name": "SDK-SMPK BPK Penabur Cimahi"
      },
      "geometry": {
        "type": "Point",
        "coordinates": [
          107.546478,
          -6.8669797
        ]
      },
      "id": "node/9814257057"
    },
    {
      "type": "Feature",
      "properties": {
        "@id": "node/9814278690",
        "amenity": "school",
        "name": "SMK TI Garuda Nusantara Cimahi"
      },
      "geometry": {
        "type": "Point",
        "coordinates": [
          107.5371122,
          -6.8671611
        ]
      },
      "id": "node/9814278690"
    },
    {
      "type": "Feature",
      "properties": {
        "@id": "node/9814298868",
        "amenity": "school",
        "name": "SMAN 1 Cimahi"
      },
      "geometry": {
        "type": "Point",
        "coordinates": [
          107.5438421,
          -6.8705786
        ]
      },
      "id": "node/9814298868"
    },
    {
      "type": "Feature",
      "properties": {
        "@id": "node/9814361947",
        "amenity": "school",
        "name": "SMPN 17 Bandung"
      },
      "geometry": {
        "type": "Point",
        "coordinates": [
          107.6729219,
          -6.9067402
        ]
      },
      "id": "node/9814361947"
    },
    {
      "type": "Feature",
      "properties": {
        "@id": "node/9814551684",
        "amenity": "school",
        "name": "SMP - SMA Mutiara Bunda Bandung"
      },
      "geometry": {
        "type": "Point",
        "coordinates": [
          107.6695954,
          -6.908962
        ]
      },
      "id": "node/9814551684"
    },
    {
      "type": "Feature",
      "properties": {
        "@id": "node/9814555497",
        "amenity": "school",
        "name": "SD Langensari Cimahi"
      },
      "geometry": {
        "type": "Point",
        "coordinates": [
          107.5647798,
          -6.9108546
        ]
      },
      "id": "node/9814555497"
    },
    {
      "type": "Feature",
      "properties": {
        "@id": "node/9814622919",
        "amenity": "school",
        "name": "SMPI Al Washliyah Bandung"
      },
      "geometry": {
        "type": "Point",
        "coordinates": [
          107.6602377,
          -6.9363103
        ]
      },
      "id": "node/9814622919"
    },
    {
      "type": "Feature",
      "properties": {
        "@id": "node/9816109347",
        "amenity": "school",
        "name": "SMPIT Luqmanul Hakim"
      },
      "geometry": {
        "type": "Point",
        "coordinates": [
          107.6754078,
          -6.9288073
        ]
      },
      "id": "node/9816109347"
    },
    {
      "type": "Feature",
      "properties": {
        "@id": "node/9816109870",
        "amenity": "school",
        "name": "SMP Surya Kencana Bhakti"
      },
      "geometry": {
        "type": "Point",
        "coordinates": [
          107.6761744,
          -6.9300994
        ]
      },
      "id": "node/9816109870"
    },
    {
      "type": "Feature",
      "properties": {
        "@id": "node/9816118738",
        "amenity": "school",
        "name": "Sekolah Kristen Rehoboth Bandung"
      },
      "geometry": {
        "type": "Point",
        "coordinates": [
          107.6060462,
          -6.9252101
        ]
      },
      "id": "node/9816118738"
    },
    {
      "type": "Feature",
      "properties": {
        "@id": "node/9816121940",
        "amenity": "school",
        "name": "SMP Nurul Hidayah Dayeuhkolot"
      },
      "geometry": {
        "type": "Point",
        "coordinates": [
          107.6081312,
          -6.9642949
        ]
      },
      "id": "node/9816121940"
    },
    {
      "type": "Feature",
      "properties": {
        "@id": "node/9816141623",
        "amenity": "school",
        "name": "SMP Maarif Bandung",
        "religion": "muslim"
      },
      "geometry": {
        "type": "Point",
        "coordinates": [
          107.6252744,
          -6.927954
        ]
      },
      "id": "node/9816141623"
    },
    {
      "type": "Feature",
      "properties": {
        "@id": "node/9816204809",
        "amenity": "school",
        "name": "SD Juara Cimahi"
      },
      "geometry": {
        "type": "Point",
        "coordinates": [
          107.5525986,
          -6.9201682
        ]
      },
      "id": "node/9816204809"
    },
    {
      "type": "Feature",
      "properties": {
        "@id": "node/9816219984",
        "amenity": "school",
        "name": "TK Kristen - SD Swasta Makedonia Cibeureum"
      },
      "geometry": {
        "type": "Point",
        "coordinates": [
          107.5662059,
          -6.9099588
        ]
      },
      "id": "node/9816219984"
    },
    {
      "type": "Feature",
      "properties": {
        "@id": "node/9816226729",
        "amenity": "school",
        "name": "SMP Muslimin Cibeureum"
      },
      "geometry": {
        "type": "Point",
        "coordinates": [
          107.5599477,
          -6.9092512
        ]
      },
      "id": "node/9816226729"
    },
    {
      "type": "Feature",
      "properties": {
        "@id": "node/9816529721",
        "amenity": "school",
        "name": "SDN Melong Mandiri 2"
      },
      "geometry": {
        "type": "Point",
        "coordinates": [
          107.558913,
          -6.9205059
        ]
      },
      "id": "node/9816529721"
    },
    {
      "type": "Feature",
      "properties": {
        "@id": "node/9816596281",
        "amenity": "school",
        "name": "Sekolah Bintang Madani"
      },
      "geometry": {
        "type": "Point",
        "coordinates": [
          107.6816245,
          -6.9128109
        ]
      },
      "id": "node/9816596281"
    },
    {
      "type": "Feature",
      "properties": {
        "@id": "node/9816600291",
        "amenity": "school",
        "name": "Yayasan Al Kenzie"
      },
      "geometry": {
        "type": "Point",
        "coordinates": [
          107.6571714,
          -6.9577288
        ]
      },
      "id": "node/9816600291"
    },
    {
      "type": "Feature",
      "properties": {
        "@id": "node/9816617654",
        "amenity": "school",
        "name": "Yayasan Tarbiyatul Islam Ar Riyadl Cibeureum"
      },
      "geometry": {
        "type": "Point",
        "coordinates": [
          107.5551722,
          -6.9094825
        ]
      },
      "id": "node/9816617654"
    },
    {
      "type": "Feature",
      "properties": {
        "@id": "node/9816734253",
        "amenity": "school",
        "name": "MI - MTs - MA Nurul Falah Kota Cimahi"
      },
      "geometry": {
        "type": "Point",
        "coordinates": [
          107.547471,
          -6.900335
        ]
      },
      "id": "node/9816734253"
    },
    {
      "type": "Feature",
      "properties": {
        "@id": "node/9816742922",
        "amenity": "school",
        "name": "SMP PGRI Cibeureum"
      },
      "geometry": {
        "type": "Point",
        "coordinates": [
          107.5607836,
          -6.9043921
        ]
      },
      "id": "node/9816742922"
    },
    {
      "type": "Feature",
      "properties": {
        "@id": "node/9816764537",
        "amenity": "school",
        "name": "Madrasah Tsanawiyah Asih Putera Cimahi"
      },
      "geometry": {
        "type": "Point",
        "coordinates": [
          107.5601057,
          -6.8677587
        ]
      },
      "id": "node/9816764537"
    },
    {
      "type": "Feature",
      "properties": {
        "@id": "node/9816890009",
        "amenity": "school",
        "name": "SDS Dian Kencana"
      },
      "geometry": {
        "type": "Point",
        "coordinates": [
          107.6087898,
          -6.9377953
        ]
      },
      "id": "node/9816890009"
    },
    {
      "type": "Feature",
      "properties": {
        "@id": "node/9816935417",
        "amenity": "school",
        "name": "SDN Antapani 1"
      },
      "geometry": {
        "type": "Point",
        "coordinates": [
          107.664689,
          -6.9061634
        ]
      },
      "id": "node/9816935417"
    },
    {
      "type": "Feature",
      "properties": {
        "@id": "node/9817066161",
        "amenity": "school",
        "name": "Sequoia School Bandung"
      },
      "geometry": {
        "type": "Point",
        "coordinates": [
          107.6062649,
          -6.9103627
        ]
      },
      "id": "node/9817066161"
    },
    {
      "type": "Feature",
      "properties": {
        "@id": "node/10006417943",
        "addr:street": "Jalan Melong Raya",
        "amenity": "school",
        "grades": "7-9",
        "name": "SMP Negeri 4 Cimahi"
      },
      "geometry": {
        "type": "Point",
        "coordinates": [
          107.5635768,
          -6.9242841
        ]
      },
      "id": "node/10006417943"
    },
    {
      "type": "Feature",
      "properties": {
        "@id": "node/10006417944",
        "addr:street": "Jalan Melong Raya",
        "amenity": "school",
        "grades": "10-12",
        "name": "SMA Negeri 6 Cimahi"
      },
      "geometry": {
        "type": "Point",
        "coordinates": [
          107.562574,
          -6.924854
        ]
      },
      "id": "node/10006417944"
    },
    {
      "type": "Feature",
      "properties": {
        "@id": "node/10006666952",
        "addr:street": "Jalan Gardujati",
        "amenity": "school",
        "grades": "10-12",
        "name": "SMA Negeri 4 Bandung"
      },
      "geometry": {
        "type": "Point",
        "coordinates": [
          107.5989295,
          -6.9193759
        ]
      },
      "id": "node/10006666952"
    },
    {
      "type": "Feature",
      "properties": {
        "@id": "node/10653842119",
        "amenity": "school"
      },
      "geometry": {
        "type": "Point",
        "coordinates": [
          107.6085084,
          -6.913175
        ]
      },
      "id": "node/10653842119"
    },
    {
      "type": "Feature",
      "properties": {
        "@id": "node/10808025232",
        "amenity": "school",
        "building": "school",
        "name": "MA Muhammadiyah Tegallega",
        "source": "POI_WRI_Survey_2023",
        "wheelchair": "no"
      },
      "geometry": {
        "type": "Point",
        "coordinates": [
          107.6020651,
          -6.9363444
        ]
      },
      "id": "node/10808025232"
    },
    {
      "type": "Feature",
      "properties": {
        "@id": "node/11235524213",
        "addr:city": "Kabupaten Bandung",
        "addr:postcode": "40287",
        "addr:street": "Komplek GBI Jalan alam Asri Blok i-11",
        "amenity": "school",
        "grades": "1-6",
        "name": "SDN Griya Bandung Indah (GBI)",
        "operator": "MUHAMMAD ANDRIANSYAH",
        "operator:type": "public"
      },
      "geometry": {
        "type": "Point",
        "coordinates": [
          107.667691,
          -6.9759361
        ]
      },
      "id": "node/11235524213"
    },
    {
      "type": "Feature",
      "properties": {
        "@id": "node/11461747135",
        "amenity": "school",
        "name": "TK Islam Cendekia Muda",
        "religion": "muslim"
      },
      "geometry": {
        "type": "Point",
        "coordinates": [
          107.6725278,
          -6.9215628
        ]
      },
      "id": "node/11461747135"
    },
    {
      "type": "Feature",
      "properties": {
        "@id": "node/12189364141",
        "addr:street": "jl.Radio Palasari",
        "amenity": "school",
        "name": "SMP Telkom Bandung"
      },
      "geometry": {
        "type": "Point",
        "coordinates": [
          107.6245691,
          -6.9725234
        ]
      },
      "id": "node/12189364141"
    },
    {
      "type": "Feature",
      "properties": {
        "@id": "node/12625157021",
        "addr:district": "Antapani",
        "addr:street": "Jalan Kadipaten Raya no 4-6",
        "addr:subdistrict": "Antapani Kidul",
        "amenity": "school",
        "grades": "7-9",
        "name": "SMP Muhamadiyah 8 bandung",
        "religion": "muslim"
      },
      "geometry": {
        "type": "Point",
        "coordinates": [
          107.6549714,
          -6.9173249
        ]
      },
      "id": "node/12625157021"
    },
    {
      "type": "Feature",
      "properties": {
        "@id": "node/12947222304",
        "amenity": "school",
        "name": "BPK Penabur Christian School • Singgasana - Bandung"
      },
      "geometry": {
        "type": "Point",
        "coordinates": [
          107.599169,
          -6.9536674
        ]
      },
      "id": "node/12947222304"
    },
    {
      "type": "Feature",
      "properties": {
        "@id": "node/13411858801",
        "amenity": "school",
        "name": "Ponpes Sulaimaniyah Pasteur"
      },
      "geometry": {
        "type": "Point",
        "coordinates": [
          107.5817903,
          -6.8926687
        ]
      },
      "id": "node/13411858801"
    },
    {
      "type": "Feature",
      "properties": {
        "@id": "node/13887686102",
        "addr:street": "Jalan Kebon Gedang",
        "amenity": "school",
        "name": "Yayasan Imam Malik Bandung"
      },
      "geometry": {
        "type": "Point",
        "coordinates": [
          107.6417201,
          -6.9300898
        ]
      },
      "id": "node/13887686102"
    },
    {
      "type": "Feature",
      "properties": {
        "@id": "node/14027832343",
        "amenity": "school",
        "education": "school",
        "name": "SLB BC Hikmat"
      },
      "geometry": {
        "type": "Point",
        "coordinates": [
          107.642227,
          -6.9523258
        ]
      },
      "id": "node/14027832343"
    }
  ]
}