{
  "type": "FeatureCollection",
  "generator": "overpass-turbo",
  "copyright": "The data included in this document is from www.openstreetmap.org. The data is made available under ODbL.",
  "timestamp": "2026-08-16T00:19:06Z",
  "features": [
    {
      "type": "Feature",
      "properties": {
        "@id": "way/27807705",
        "landuse": "recreation_ground",
        "leisure": "park",
        "name": "Taman Prabuwangi",
        "surface": "grass"
      },
      "geometry": {
        "type": "Polygon",
        "coordinates": [
          [
            [
              107.6709455,
              -6.9095068
            ],
            [
              107.6705744,
              -6.9097415
            ],
            [
              107.6705472,
              -6.9108196
            ],
            [
              107.6705673,
              -6.9115771
            ],
            [
              107.6705647,
              -6.9117582
            ],
            [
              107.6705459,
              -6.9119619
            ],
            [
              107.6685047,
              -6.9114466
            ],
            [
              107.6685047,
              -6.9114187
            ],
            [
              107.6688507,
              -6.9110179
            ],
            [
              107.6690948,
              -6.9107703
            ],
            [
              107.669304,
              -6.9104335
            ],
            [
              107.6691914,
              -6.9103895
            ],
            [
              107.6696111,
              -6.9095375
            ],
            [
              107.6697348,
              -6.9093656
            ],
            [
              107.6697035,
              -6.9092844
            ],
            [
              107.6695875,
              -6.9093336
            ],
            [
              107.6694242,
              -6.9096201
            ],
            [
              107.669001,
              -6.9099747
            ],
            [
              107.6690485,
              -6.9102484
            ],
            [
              107.6690092,
              -6.9103193
            ],
            [
              107.6689403,
              -6.910394
            ],
            [
              107.668931,
              -6.9104647
            ],
            [
              107.6689287,
              -6.910571
            ],
            [
              107.6689333,
              -6.9106506
            ],
            [
              107.6688928,
              -6.9107326
            ],
            [
              107.6688411,
              -6.9108065
            ],
            [
              107.668774,
              -6.9108659
            ],
            [
              107.6686907,
              -6.9108724
            ],
            [
              107.6686027,
              -6.9108526
            ],
            [
              107.6685134,
              -6.9108631
            ],
            [
              107.6682626,
              -6.9110657
            ],
            [
              107.6681231,
              -6.9111843
            ],
            [
              107.6680144,
              -6.9112533
            ],
            [
              107.6679271,
              -6.9113051
            ],
            [
              107.6678904,
              -6.9113663
            ],
            [
              107.6678752,
              -6.9114545
            ],
            [
              107.6678517,
              -6.9115237
            ],
            [
              107.6677998,
              -6.9115663
            ],
            [
              107.6677039,
              -6.9116178
            ],
            [
              107.6676201,
              -6.9116865
            ],
            [
              107.6676061,
              -6.9118266
            ],
            [
              107.6676378,
              -6.9119043
            ],
            [
              107.6676606,
              -6.9120001
            ],
            [
              107.6677153,
              -6.912061
            ],
            [
              107.667786,
              -6.9121356
            ],
            [
              107.6678375,
              -6.9122492
            ],
            [
              107.6678629,
              -6.9123534
            ],
            [
              107.6678951,
              -6.9124562
            ],
            [
              107.6679505,
              -6.9126394
            ],
            [
              107.6680684,
              -6.9127661
            ],
            [
              107.6681015,
              -6.9128917
            ],
            [
              107.668272,
              -6.913182
            ],
            [
              107.6683432,
              -6.9133185
            ],
            [
              107.6691825,
              -6.9135675
            ],
            [
              107.6696178,
              -6.9136647
            ],
            [
              107.6700017,
              -6.9138007
            ],
            [
              107.6718877,
              -6.9145443
            ],
            [
              107.6718199,
              -6.9149721
            ],
            [
              107.6728633,
              -6.9164339
            ],
            [
              107.6731524,
              -6.9166174
            ],
            [
              107.6733622,
              -6.9166602
            ],
            [
              107.6754677,
              -6.9163886
            ],
            [
              107.6759461,
              -6.916198
            ],
            [
              107.6765393,
              -6.9154899
            ],
            [
              107.6767169,
              -6.9154725
            ],
            [
              107.6769849,
              -6.914702
            ],
            [
              107.6765674,
              -6.9137739
            ],
            [
              107.6763917,
              -6.9133126
            ],
            [
              107.6761259,
              -6.9125484
            ],
            [
              107.6731484,
              -6.911889
            ],
            [
              107.6730557,
              -6.9118358
            ],
            [
              107.6729609,
              -6.9117673
            ],
            [
              107.6728767,
              -6.9116952
            ],
            [
              107.6727656,
              -6.9115975
            ],
            [
              107.6726905,
              -6.9115177
            ],
            [
              107.6726145,
              -6.9114216
            ],
            [
              107.6725666,
              -6.9113376
            ],
            [
              107.6725002,
              -6.9111986
            ],
            [
              107.6724672,
              -6.9110855
            ],
            [
              107.6724471,
              -6.9109641
            ],
            [
              107.672431,
              -6.9108579
            ],
            [
              107.6724266,
              -6.9107198
            ],
            [
              107.6724188,
              -6.9105508
            ],
            [
              107.6723964,
              -6.9104976
            ],
            [
              107.6722512,
              -6.9103149
            ],
            [
              107.6720736,
              -6.9101206
            ],
            [
              107.6719731,
              -6.909962
            ],
            [
              107.6719232,
              -6.9097801
            ],
            [
              107.6718885,
              -6.9095697
            ],
            [
              107.6715089,
              -6.9095283
            ],
            [
              107.6713237,
              -6.9095082
            ],
            [
              107.6710917,
              -6.9094909
            ],
            [
              107.6709455,
              -6.9095068
            ]
          ]
        ]
      },
      "id": "way/27807705"
    },
    {
      "type": "Feature",
      "properties": {
        "@id": "way/87148716",
        "description": "Lush and shaded by trees urban city park, build using synthetic grass.",
        "leisure": "park",
        "lit": "yes",
        "name": "Alun-Alun Kota Bandung",
        "wikidata": "Q12471672",
        "wikimedia_commons": "Category:Alun-alun Bandung",
        "wikipedia": "id:Alun-alun Bandung"
      },
      "geometry": {
        "type": "Polygon",
        "coordinates": [
          [
            [
              107.6076097,
              -6.9214837
            ],
            [
              107.607603,
              -6.9214504
            ],
            [
              107.6075853,
              -6.9214383
            ],
            [
              107.6075595,
              -6.9214343
            ],
            [
              107.6074876,
              -6.9214232
            ],
            [
              107.6074471,
              -6.9214169
            ],
            [
              107.607453,
              -6.9213444
            ],
            [
              107.6068739,
              -6.9212629
            ],
            [
              107.6068327,
              -6.9213682
            ],
            [
              107.6064846,
              -6.9222693
            ],
            [
              107.6065065,
              -6.9222717
            ],
            [
              107.6073165,
              -6.9224007
            ],
            [
              107.6073501,
              -6.9224027
            ],
            [
              107.6074391,
              -6.9224082
            ],
            [
              107.6074475,
              -6.9224055
            ],
            [
              107.6075013,
              -6.9223882
            ],
            [
              107.607516,
              -6.9223419
            ],
            [
              107.6075679,
              -6.9218716
            ],
            [
              107.6076097,
              -6.9214837
            ]
          ]
        ]
      },
      "id": "way/87148716"
    },
    {
      "type": "Feature",
      "properties": {
        "@id": "way/87499888",
        "leisure": "park"
      },
      "geometry": {
        "type": "Polygon",
        "coordinates": [
          [
            [
              107.6187677,
              -6.8943763
            ],
            [
              107.6187636,
              -6.8943266
            ],
            [
              107.6187525,
              -6.8942766
            ],
            [
              107.618735,
              -6.8942441
            ],
            [
              107.6187135,
              -6.8942137
            ],
            [
              107.6186938,
              -6.8941925
            ],
            [
              107.6186564,
              -6.894169
            ],
            [
              107.6185962,
              -6.8941501
            ],
            [
              107.6185335,
              -6.894153
            ],
            [
              107.6184865,
              -6.8941713
            ],
            [
              107.6184411,
              -6.8942027
            ],
            [
              107.6184107,
              -6.8942399
            ],
            [
              107.6183876,
              -6.894278
            ],
            [
              107.6183769,
              -6.8943171
            ],
            [
              107.6183719,
              -6.8943647
            ],
            [
              107.6183887,
              -6.8957654
            ],
            [
              107.6183926,
              -6.8958149
            ],
            [
              107.6184034,
              -6.8958579
            ],
            [
              107.6184272,
              -6.8958905
            ],
            [
              107.6184735,
              -6.8959186
            ],
            [
              107.6186051,
              -6.8959209
            ],
            [
              107.6186987,
              -6.8959198
            ],
            [
              107.61875,
              -6.8958998
            ],
            [
              107.6187838,
              -6.8958649
            ],
            [
              107.6188102,
              -6.8958201
            ],
            [
              107.6188222,
              -6.8957716
            ],
            [
              107.6187677,
              -6.8943763
            ]
          ]
        ]
      },
      "id": "way/87499888"
    },
    {
      "type": "Feature",
      "properties": {
        "@id": "way/87499890",
        "leisure": "park"
      },
      "geometry": {
        "type": "Polygon",
        "coordinates": [
          [
            [
              107.618409,
              -6.8961313
            ],
            [
              107.6184505,
              -6.8981885
            ],
            [
              107.6184601,
              -6.8982357
            ],
            [
              107.6184955,
              -6.8982879
            ],
            [
              107.6185482,
              -6.898322
            ],
            [
              107.6186064,
              -6.8983331
            ],
            [
              107.6186728,
              -6.8983367
            ],
            [
              107.6187374,
              -6.8983295
            ],
            [
              107.6187976,
              -6.8983174
            ],
            [
              107.6188504,
              -6.8982852
            ],
            [
              107.6188802,
              -6.8982408
            ],
            [
              107.618895,
              -6.8981813
            ],
            [
              107.6188334,
              -6.8961135
            ],
            [
              107.6188131,
              -6.8960513
            ],
            [
              107.6187837,
              -6.8960199
            ],
            [
              107.6187364,
              -6.8959953
            ],
            [
              107.6186678,
              -6.8959833
            ],
            [
              107.6186061,
              -6.8959797
            ],
            [
              107.6185427,
              -6.8959877
            ],
            [
              107.6184788,
              -6.8960017
            ],
            [
              107.6184353,
              -6.896028
            ],
            [
              107.6184122,
              -6.8960842
            ],
            [
              107.618409,
              -6.8961313
            ]
          ]
        ]
      },
      "id": "way/87499890"
    },
    {
      "type": "Feature",
      "properties": {
        "@id": "way/95526288",
        "addr:city": "Bandung",
        "addr:full": "Jl. Supratman No. 24, Cihapit, Bandung Wetan",
        "alt_name": "Taman PERSIB",
        "leisure": "park",
        "lit": "yes",
        "name": "Lapangan Supratman",
        "name:etymology:wikidata": "Q1144049",
        "name:etymology:wikipedia": "id:Wage Rudolf Soepratman",
        "opening_hours": "24/7",
        "source": "POI_WRI_Survey_2023",
        "surface": "artificial_turf",
        "tactile_paving": "yes",
        "wikidata": "Q62078992"
      },
      "geometry": {
        "type": "Polygon",
        "coordinates": [
          [
            [
              107.6304813,
              -6.9077361
            ],
            [
              107.6300911,
              -6.9071044
            ],
            [
              107.6297921,
              -6.9072948
            ],
            [
              107.6294763,
              -6.9074979
            ],
            [
              107.6293507,
              -6.9076308
            ],
            [
              107.6293008,
              -6.9077344
            ],
            [
              107.6292752,
              -6.9078379
            ],
            [
              107.6293068,
              -6.9079472
            ],
            [
              107.6293668,
              -6.9080356
            ],
            [
              107.6294474,
              -6.9081376
            ],
            [
              107.6295507,
              -6.9081978
            ],
            [
              107.6296581,
              -6.9082104
            ],
            [
              107.6297727,
              -6.9081909
            ],
            [
              107.6299425,
              -6.9081147
            ],
            [
              107.6301832,
              -6.9079492
            ],
            [
              107.6304813,
              -6.9077361
            ]
          ]
        ]
      },
      "id": "way/95526288"
    },
    {
      "type": "Feature",
      "properties": {
        "@id": "way/95604245",
        "access": "yes",
        "addr:city": "Bandung",
        "addr:full": "Jl Ir H Djuanda",
        "leisure": "park",
        "name": "Taman Radio",
        "opening_hours": "24/7",
        "source": "S2City_POI_2022",
        "wheelchair": "no"
      },
      "geometry": {
        "type": "Polygon",
        "coordinates": [
          [
            [
              107.6111663,
              -6.9022388
            ],
            [
              107.6110072,
              -6.902637
            ],
            [
              107.6113803,
              -6.9027839
            ],
            [
              107.6115393,
              -6.9023857
            ],
            [
              107.6111663,
              -6.9022388
            ]
          ]
        ]
      },
      "id": "way/95604245"
    },
    {
      "type": "Feature",
      "properties": {
        "@id": "way/119441848",
        "access": "yes",
        "addr:city": "Bandung",
        "addr:full": "Jalan Ciungwanara",
        "leisure": "park",
        "name": "Taman Cikapayang Dago",
        "opening_hours": "24/7",
        "source": "S2City_POI_2022",
        "wheelchair": "yes"
      },
      "geometry": {
        "type": "Polygon",
        "coordinates": [
          [
            [
              107.6121254,
              -6.8982776
            ],
            [
              107.6120827,
              -6.8983764
            ],
            [
              107.6122022,
              -6.8984959
            ],
            [
              107.6122197,
              -6.8985247
            ],
            [
              107.6122242,
              -6.8985669
            ],
            [
              107.6122365,
              -6.8987396
            ],
            [
              107.6124884,
              -6.8987532
            ],
            [
              107.6125486,
              -6.8987438
            ],
            [
              107.6125992,
              -6.8987103
            ],
            [
              107.6126296,
              -6.898667
            ],
            [
              107.6126367,
              -6.8985377
            ],
            [
              107.6126438,
              -6.8983899
            ],
            [
              107.6122078,
              -6.8982955
            ],
            [
              107.6121254,
              -6.8982776
            ]
          ]
        ]
      },
      "id": "way/119441848"
    },
    {
      "type": "Feature",
      "properties": {
        "@id": "way/125806416",
        "addr:postcode": "40114",
        "addr:street": "Jalan Cisangkuy",
        "alt_name": "Taman Cilaki",
        "description": "The park is recently revamped and revitalized by the government (in progress) with new plants and amenities. River flows in the middle of the park. Good for morning walk and popular among community members. meadow, park, recreational, grass, trees, river",
        "leisure": "park",
        "name": "Taman Kandaga Puspa"
      },
      "geometry": {
        "type": "Polygon",
        "coordinates": [
          [
            [
              107.6219039,
              -6.9028632
            ],
            [
              107.621668,
              -6.9030956
            ],
            [
              107.6217538,
              -6.9031469
            ],
            [
              107.6221803,
              -6.9034078
            ],
            [
              107.6227458,
              -6.9036076
            ],
            [
              107.6229769,
              -6.9036315
            ],
            [
              107.6230547,
              -6.9036102
            ],
            [
              107.6231432,
              -6.9035463
            ],
            [
              107.6232344,
              -6.9034504
            ],
            [
              107.6232639,
              -6.9034052
            ],
            [
              107.6232276,
              -6.9033747
            ],
            [
              107.6224941,
              -6.9031495
            ],
            [
              107.6219039,
              -6.9028632
            ]
          ]
        ]
      },
      "id": "way/125806416"
    },
    {
      "type": "Feature",
      "properties": {
        "@id": "way/125806418",
        "access": "yes",
        "addr:city": "Bandung",
        "addr:full": "Jl. Cisangkuy, Citarum, Bandung Wetan",
        "description": "meadow, park, recreational, grass, trees, river",
        "leisure": "park",
        "name": "Taman Lansia",
        "opening_hours": "24/7",
        "source": "POI_WRI_Survey_2023",
        "surface": "ground, with paved walkway circling the Lansia park",
        "tactile_paving": "yes",
        "wheelchair": "yes",
        "wikidata": "Q31173292"
      },
      "geometry": {
        "type": "Polygon",
        "coordinates": [
          [
            [
              107.6198062,
              -6.9013862
            ],
            [
              107.6199655,
              -6.9017258
            ],
            [
              107.620105,
              -6.9019068
            ],
            [
              107.6205955,
              -6.9021864
            ],
            [
              107.6211164,
              -6.9026356
            ],
            [
              107.6215454,
              -6.9029792
            ],
            [
              107.621774,
              -6.9027442
            ],
            [
              107.6214884,
              -6.9024075
            ],
            [
              107.6212043,
              -6.9020657
            ],
            [
              107.6210376,
              -6.9018248
            ],
            [
              107.6209173,
              -6.9016103
            ],
            [
              107.6207947,
              -6.9013383
            ],
            [
              107.6198062,
              -6.9013862
            ]
          ]
        ]
      },
      "id": "way/125806418"
    },
    {
      "type": "Feature",
      "properties": {
        "@id": "way/125806419",
        "access": "yes",
        "addr:city": "Bandung",
        "addr:full": "Jl. Ciliwung, Cihapit, Bandung Wetan",
        "leisure": "park",
        "name": "Pet Park",
        "opening_hours": "24/7",
        "source": "POI_WRI_Survey_2023",
        "tactile_paving": "yes"
      },
      "geometry": {
        "type": "Polygon",
        "coordinates": [
          [
            [
              107.6250027,
              -6.9041715
            ],
            [
              107.625649,
              -6.9043985
            ],
            [
              107.6262029,
              -6.9046216
            ],
            [
              107.6265075,
              -6.904827
            ],
            [
              107.6267035,
              -6.9049749
            ],
            [
              107.6267802,
              -6.9049524
            ],
            [
              107.6268376,
              -6.9048978
            ],
            [
              107.6268639,
              -6.9048672
            ],
            [
              107.6266741,
              -6.9045334
            ],
            [
              107.6265649,
              -6.9043708
            ],
            [
              107.6262921,
              -6.9041687
            ],
            [
              107.6259121,
              -6.9040042
            ],
            [
              107.6255122,
              -6.9038716
            ],
            [
              107.625076,
              -6.9037536
            ],
            [
              107.624748,
              -6.9036962
            ],
            [
              107.6239352,
              -6.9036003
            ],
            [
              107.6235651,
              -6.9034805
            ],
            [
              107.6234712,
              -6.9035414
            ],
            [
              107.623334,
              -6.9037021
            ],
            [
              107.6233322,
              -6.9037404
            ],
            [
              107.6233521,
              -6.9037617
            ],
            [
              107.6236072,
              -6.9038818
            ],
            [
              107.6237866,
              -6.9039512
            ],
            [
              107.6244953,
              -6.9040822
            ],
            [
              107.6250027,
              -6.9041715
            ]
          ]
        ]
      },
      "id": "way/125806419"
    },
    {
      "type": "Feature",
      "properties": {
        "@id": "way/125806421",
        "leisure": "park"
      },
      "geometry": {
        "type": "Polygon",
        "coordinates": [
          [
            [
              107.6186077,
              -6.9020783
            ],
            [
              107.6189639,
              -6.9020695
            ],
            [
              107.6189532,
              -6.9015053
            ],
            [
              107.6189407,
              -6.9014823
            ],
            [
              107.6189267,
              -6.9014637
            ],
            [
              107.6189061,
              -6.9014511
            ],
            [
              107.6188841,
              -6.901443
            ],
            [
              107.6188811,
              -6.9014215
            ],
            [
              107.618872,
              -6.9014041
            ],
            [
              107.6188598,
              -6.9013872
            ],
            [
              107.6188427,
              -6.901378
            ],
            [
              107.618699,
              -6.9013821
            ],
            [
              107.6186783,
              -6.9013941
            ],
            [
              107.618665,
              -6.9014083
            ],
            [
              107.618657,
              -6.9014268
            ],
            [
              107.6186569,
              -6.9014497
            ],
            [
              107.6186336,
              -6.9014606
            ],
            [
              107.6186135,
              -6.9014759
            ],
            [
              107.6186002,
              -6.9014959
            ],
            [
              107.6185937,
              -6.9015166
            ],
            [
              107.6186077,
              -6.9020783
            ]
          ]
        ]
      },
      "id": "way/125806421"
    },
    {
      "type": "Feature",
      "properties": {
        "@id": "way/125814523",
        "leisure": "park",
        "name": "Green Park",
        "note": "Near Mosque"
      },
      "geometry": {
        "type": "Polygon",
        "coordinates": [
          [
            [
              107.5625101,
              -6.8774452
            ],
            [
              107.5622316,
              -6.8782746
            ],
            [
              107.562811,
              -6.8784664
            ],
            [
              107.5630895,
              -6.8776369
            ],
            [
              107.5625101,
              -6.8774452
            ]
          ]
        ]
      },
      "id": "way/125814523"
    },
    {
      "type": "Feature",
      "properties": {
        "@id": "way/130661172",
        "leisure": "park"
      },
      "geometry": {
        "type": "Polygon",
        "coordinates": [
          [
            [
              107.6282259,
              -6.9258574
            ],
            [
              107.6279714,
              -6.9268354
            ],
            [
              107.6287511,
              -6.9270354
            ],
            [
              107.6290056,
              -6.9260574
            ],
            [
              107.6282259,
              -6.9258574
            ]
          ]
        ]
      },
      "id": "way/130661172"
    },
    {
      "type": "Feature",
      "properties": {
        "@id": "way/153185239",
        "leisure": "park",
        "oneway": "yes"
      },
      "geometry": {
        "type": "Polygon",
        "coordinates": [
          [
            [
              107.5966053,
              -6.8849704
            ],
            [
              107.5965302,
              -6.885282
            ],
            [
              107.5964283,
              -6.8857773
            ],
            [
              107.5964846,
              -6.8860675
            ],
            [
              107.5967019,
              -6.8866321
            ],
            [
              107.5968386,
              -6.8859237
            ],
            [
              107.5968199,
              -6.8857693
            ],
            [
              107.5966053,
              -6.8849704
            ]
          ]
        ]
      },
      "id": "way/153185239"
    },
    {
      "type": "Feature",
      "properties": {
        "@id": "way/154007026",
        "access": "yes",
        "fee": "yes",
        "landuse": "recreation_ground",
        "leisure": "park",
        "name": "Taman Lalu Lintas Ade Irma Suryani",
        "tourism": "theme_park"
      },
      "geometry": {
        "type": "Polygon",
        "coordinates": [
          [
            [
              107.6125827,
              -6.9108117
            ],
            [
              107.6126072,
              -6.9111327
            ],
            [
              107.6126433,
              -6.9113775
            ],
            [
              107.613077,
              -6.9125042
            ],
            [
              107.6131169,
              -6.9125302
            ],
            [
              107.6131655,
              -6.9125483
            ],
            [
              107.6132623,
              -6.9125432
            ],
            [
              107.6138501,
              -6.9123094
            ],
            [
              107.6142512,
              -6.912158
            ],
            [
              107.6143492,
              -6.9121124
            ],
            [
              107.6143661,
              -6.9120818
            ],
            [
              107.6143597,
              -6.9120443
            ],
            [
              107.6139325,
              -6.9108248
            ],
            [
              107.6138294,
              -6.9105907
            ],
            [
              107.6137385,
              -6.9104569
            ],
            [
              107.6136266,
              -6.9103767
            ],
            [
              107.6131217,
              -6.9101097
            ],
            [
              107.6127105,
              -6.9099075
            ],
            [
              107.61264,
              -6.9098869
            ],
            [
              107.6125939,
              -6.909905
            ],
            [
              107.6125492,
              -6.9099555
            ],
            [
              107.6125149,
              -6.9100405
            ],
            [
              107.6125827,
              -6.9108117
            ]
          ]
        ]
      },
      "id": "way/154007026"
    },
    {
      "type": "Feature",
      "properties": {
        "@id": "way/159071770",
        "leisure": "park"
      },
      "geometry": {
        "type": "Polygon",
        "coordinates": [
          [
            [
              107.6055263,
              -6.8807497
            ],
            [
              107.6054888,
              -6.8806698
            ],
            [
              107.6056873,
              -6.8801319
            ],
            [
              107.6054083,
              -6.8801
            ],
            [
              107.6052337,
              -6.8804167
            ],
            [
              107.6051487,
              -6.8805726
            ],
            [
              107.6051723,
              -6.8810107
            ],
            [
              107.6053525,
              -6.8810999
            ],
            [
              107.6054888,
              -6.8813728
            ],
            [
              107.6060016,
              -6.8816112
            ],
            [
              107.6060735,
              -6.8823688
            ],
            [
              107.6061808,
              -6.8822729
            ],
            [
              107.6062247,
              -6.8820206
            ],
            [
              107.6063703,
              -6.8818115
            ],
            [
              107.6065349,
              -6.881719
            ],
            [
              107.6065213,
              -6.8815631
            ],
            [
              107.6064651,
              -6.8814261
            ],
            [
              107.6064007,
              -6.8811705
            ],
            [
              107.6064437,
              -6.8808509
            ],
            [
              107.6065189,
              -6.8807272
            ],
            [
              107.6066388,
              -6.8806651
            ],
            [
              107.606879,
              -6.880592
            ],
            [
              107.6069985,
              -6.8805707
            ],
            [
              107.6071532,
              -6.8805494
            ],
            [
              107.6075326,
              -6.8803822
            ],
            [
              107.6076156,
              -6.8805628
            ],
            [
              107.6076539,
              -6.8806419
            ],
            [
              107.6073878,
              -6.8811758
            ],
            [
              107.607523,
              -6.8812284
            ],
            [
              107.6077367,
              -6.8809914
            ],
            [
              107.6079886,
              -6.880771
            ],
            [
              107.6081764,
              -6.8806592
            ],
            [
              107.6080423,
              -6.8804781
            ],
            [
              107.60823,
              -6.8796526
            ],
            [
              107.6076218,
              -6.8793916
            ],
            [
              107.60753,
              -6.8793777
            ],
            [
              107.6074951,
              -6.879365
            ],
            [
              107.6075105,
              -6.8795496
            ],
            [
              107.6074468,
              -6.8797378
            ],
            [
              107.6074683,
              -6.8798443
            ],
            [
              107.6072054,
              -6.8798177
            ],
            [
              107.6072054,
              -6.8799935
            ],
            [
              107.6075519,
              -6.8799921
            ],
            [
              107.6075702,
              -6.8802012
            ],
            [
              107.6068782,
              -6.8804089
            ],
            [
              107.6068031,
              -6.8802278
            ],
            [
              107.606272,
              -6.8806006
            ],
            [
              107.6061272,
              -6.8808296
            ],
            [
              107.6059984,
              -6.8807604
            ],
            [
              107.6055263,
              -6.8807497
            ]
          ]
        ]
      },
      "id": "way/159071770"
    },
    {
      "type": "Feature",
      "properties": {
        "@id": "way/167469416",
        "leisure": "park"
      },
      "geometry": {
        "type": "Polygon",
        "coordinates": [
          [
            [
              107.6097561,
              -6.8841795
            ],
            [
              107.6097696,
              -6.8843712
            ],
            [
              107.6093029,
              -6.8844511
            ],
            [
              107.6091956,
              -6.8844511
            ],
            [
              107.6089898,
              -6.8843427
            ],
            [
              107.6089647,
              -6.8843762
            ],
            [
              107.6089347,
              -6.8844055
            ],
            [
              107.6089053,
              -6.8844301
            ],
            [
              107.6088729,
              -6.8844524
            ],
            [
              107.608826,
              -6.884479
            ],
            [
              107.6087798,
              -6.8844989
            ],
            [
              107.6087446,
              -6.8845084
            ],
            [
              107.6086884,
              -6.8845155
            ],
            [
              107.6086269,
              -6.8845174
            ],
            [
              107.6085716,
              -6.8845108
            ],
            [
              107.6085151,
              -6.8845012
            ],
            [
              107.6084586,
              -6.8844851
            ],
            [
              107.6084135,
              -6.8844677
            ],
            [
              107.6083639,
              -6.8844412
            ],
            [
              107.6083254,
              -6.8844185
            ],
            [
              107.6082959,
              -6.8843952
            ],
            [
              107.608253,
              -6.8843522
            ],
            [
              107.6082266,
              -6.8843143
            ],
            [
              107.6082032,
              -6.8842753
            ],
            [
              107.6081809,
              -6.884214
            ],
            [
              107.6081677,
              -6.8841683
            ],
            [
              107.608153,
              -6.8840992
            ],
            [
              107.6081536,
              -6.8840369
            ],
            [
              107.6081604,
              -6.8839776
            ],
            [
              107.6081905,
              -6.8838761
            ],
            [
              107.6080219,
              -6.8838682
            ],
            [
              107.6077697,
              -6.8839481
            ],
            [
              107.607649,
              -6.8838088
            ],
            [
              107.6075391,
              -6.8836818
            ],
            [
              107.6077096,
              -6.8835404
            ],
            [
              107.6074951,
              -6.8834658
            ],
            [
              107.6072923,
              -6.8836072
            ],
            [
              107.6072054,
              -6.8835617
            ],
            [
              107.6071421,
              -6.8833835
            ],
            [
              107.6073556,
              -6.8832262
            ],
            [
              107.6072424,
              -6.8829223
            ],
            [
              107.6066797,
              -6.8831729
            ],
            [
              107.6067343,
              -6.8839703
            ],
            [
              107.6067988,
              -6.8841611
            ],
            [
              107.6070455,
              -6.8842463
            ],
            [
              107.6071814,
              -6.8842177
            ],
            [
              107.6074267,
              -6.8842976
            ],
            [
              107.6075509,
              -6.8843713
            ],
            [
              107.6075794,
              -6.8844471
            ],
            [
              107.6075927,
              -6.8844907
            ],
            [
              107.6087085,
              -6.8848801
            ],
            [
              107.6094863,
              -6.8845712
            ],
            [
              107.6097201,
              -6.884523
            ],
            [
              107.6105957,
              -6.8844702
            ],
            [
              107.610708,
              -6.8844692
            ],
            [
              107.6113049,
              -6.8847363
            ],
            [
              107.6117126,
              -6.8849014
            ],
            [
              107.6117617,
              -6.8849006
            ],
            [
              107.6118316,
              -6.884884
            ],
            [
              107.6118701,
              -6.8848502
            ],
            [
              107.6118806,
              -6.8848037
            ],
            [
              107.611883,
              -6.8847572
            ],
            [
              107.6118147,
              -6.8846678
            ],
            [
              107.6117452,
              -6.8847051
            ],
            [
              107.6116761,
              -6.8847173
            ],
            [
              107.6116207,
              -6.8847256
            ],
            [
              107.611538,
              -6.8847261
            ],
            [
              107.6114307,
              -6.8846932
            ],
            [
              107.6110356,
              -6.8843978
            ],
            [
              107.6107942,
              -6.8842327
            ],
            [
              107.6106708,
              -6.884302
            ],
            [
              107.6103597,
              -6.8841635
            ],
            [
              107.6100271,
              -6.8841608
            ],
            [
              107.6097561,
              -6.8841795
            ]
          ]
        ]
      },
      "id": "way/167469416"
    },
    {
      "type": "Feature",
      "properties": {
        "@id": "way/168566326",
        "access": "yes",
        "addr:city": "Bandung",
        "addr:full": "Jalan Panatayuda",
        "leisure": "park",
        "name": "Taman Panatayuda",
        "opening_hours": "24/7",
        "source": "S2City_POI_2022",
        "wheelchair": "no",
        "wikidata": "Q62078991"
      },
      "geometry": {
        "type": "Polygon",
        "coordinates": [
          [
            [
              107.6152991,
              -6.8980124
            ],
            [
              107.615285,
              -6.8980363
            ],
            [
              107.615283,
              -6.8980643
            ],
            [
              107.6153265,
              -6.8981748
            ],
            [
              107.6153474,
              -6.8981947
            ],
            [
              107.6153762,
              -6.8982101
            ],
            [
              107.6154064,
              -6.8982181
            ],
            [
              107.6160595,
              -6.8982777
            ],
            [
              107.6160762,
              -6.8982743
            ],
            [
              107.6160896,
              -6.8982657
            ],
            [
              107.616095,
              -6.8982511
            ],
            [
              107.6161224,
              -6.8980144
            ],
            [
              107.6161178,
              -6.8979325
            ],
            [
              107.616105,
              -6.8978493
            ],
            [
              107.616007,
              -6.8976558
            ],
            [
              107.61599,
              -6.8976436
            ],
            [
              107.615963,
              -6.8976388
            ],
            [
              107.615935,
              -6.897639
            ],
            [
              107.6159053,
              -6.8976482
            ],
            [
              107.6152991,
              -6.8980124
            ]
          ]
        ]
      },
      "id": "way/168566326"
    },
    {
      "type": "Feature",
      "properties": {
        "@id": "way/168566329",
        "leisure": "park"
      },
      "geometry": {
        "type": "Polygon",
        "coordinates": [
          [
            [
              107.6161479,
              -6.8974392
            ],
            [
              107.6172696,
              -6.8964785
            ],
            [
              107.6173064,
              -6.8963765
            ],
            [
              107.6174387,
              -6.8960409
            ],
            [
              107.6174517,
              -6.895991
            ],
            [
              107.6171925,
              -6.8958517
            ],
            [
              107.6171021,
              -6.8959952
            ],
            [
              107.6172797,
              -6.8960629
            ],
            [
              107.6172669,
              -6.8960993
            ],
            [
              107.6172141,
              -6.8962599
            ],
            [
              107.6171621,
              -6.8964002
            ],
            [
              107.6170335,
              -6.8965849
            ],
            [
              107.6168482,
              -6.8967716
            ],
            [
              107.6161103,
              -6.8973926
            ],
            [
              107.6161479,
              -6.8974392
            ]
          ]
        ]
      },
      "id": "way/168566329"
    },
    {
      "type": "Feature",
      "properties": {
        "@id": "way/168566634",
        "leisure": "park"
      },
      "geometry": {
        "type": "Polygon",
        "coordinates": [
          [
            [
              107.6192975,
              -6.9032039
            ],
            [
              107.6182126,
              -6.9032233
            ],
            [
              107.6182082,
              -6.9031143
            ],
            [
              107.6179288,
              -6.9031191
            ],
            [
              107.6179274,
              -6.9029328
            ],
            [
              107.617822,
              -6.9029362
            ],
            [
              107.6175273,
              -6.9032614
            ],
            [
              107.6174751,
              -6.9033515
            ],
            [
              107.6174493,
              -6.9034213
            ],
            [
              107.6174517,
              -6.9034621
            ],
            [
              107.617477,
              -6.9035043
            ],
            [
              107.6176232,
              -6.9036295
            ],
            [
              107.617746,
              -6.9036589
            ],
            [
              107.6179571,
              -6.9036748
            ],
            [
              107.6182695,
              -6.903668
            ],
            [
              107.6193056,
              -6.9036547
            ],
            [
              107.6192975,
              -6.9032039
            ]
          ]
        ]
      },
      "id": "way/168566634"
    },
    {
      "type": "Feature",
      "properties": {
        "@id": "way/168566636",
        "leisure": "park"
      },
      "geometry": {
        "type": "Polygon",
        "coordinates": [
          [
            [
              107.6171967,
              -6.9032454
            ],
            [
              107.6172404,
              -6.9032884
            ],
            [
              107.617284,
              -6.9033251
            ],
            [
              107.617314,
              -6.9033491
            ],
            [
              107.6174847,
              -6.9032501
            ],
            [
              107.6176239,
              -6.9030902
            ],
            [
              107.6175526,
              -6.9030282
            ],
            [
              107.6173192,
              -6.9032496
            ],
            [
              107.617206,
              -6.9031374
            ],
            [
              107.6172934,
              -6.9030514
            ],
            [
              107.6172745,
              -6.9029844
            ],
            [
              107.6172691,
              -6.9029285
            ],
            [
              107.617268,
              -6.9028938
            ],
            [
              107.6172666,
              -6.9028481
            ],
            [
              107.6170984,
              -6.9028513
            ],
            [
              107.617086,
              -6.9023861
            ],
            [
              107.6175079,
              -6.902375
            ],
            [
              107.6175909,
              -6.9022903
            ],
            [
              107.6173912,
              -6.9021013
            ],
            [
              107.6173469,
              -6.9021423
            ],
            [
              107.6170458,
              -6.9021516
            ],
            [
              107.617052,
              -6.902667
            ],
            [
              107.6170626,
              -6.9029525
            ],
            [
              107.617068,
              -6.9030217
            ],
            [
              107.6170869,
              -6.9030984
            ],
            [
              107.6171271,
              -6.9031676
            ],
            [
              107.6171967,
              -6.9032454
            ]
          ]
        ]
      },
      "id": "way/168566636"
    },
    {
      "type": "Feature",
      "properties": {
        "@id": "way/168567649",
        "leisure": "park",
        "name": "Taman Patung Laskar Wanita",
        "source": "POI_WRI_Survey_2023",
        "wheelchair": "no"
      },
      "geometry": {
        "type": "Polygon",
        "coordinates": [
          [
            [
              107.6069374,
              -6.9152118
            ],
            [
              107.6069964,
              -6.9151625
            ],
            [
              107.6070283,
              -6.9149562
            ],
            [
              107.6066906,
              -6.9149082
            ],
            [
              107.6067711,
              -6.915072
            ],
            [
              107.6068194,
              -6.9151732
            ],
            [
              107.606873,
              -6.9152064
            ],
            [
              107.6069374,
              -6.9152118
            ]
          ]
        ]
      },
      "id": "way/168567649"
    },
    {
      "type": "Feature",
      "properties": {
        "@id": "way/168567650",
        "leisure": "park",
        "name": "Taman Patung Pelajar Pejuang",
        "source": "POI_WRI_Survey_2023",
        "wheelchair": "no"
      },
      "geometry": {
        "type": "Polygon",
        "coordinates": [
          [
            [
              107.6070727,
              -6.9148471
            ],
            [
              107.6070981,
              -6.9146792
            ],
            [
              107.6071124,
              -6.914545
            ],
            [
              107.6071073,
              -6.9145227
            ],
            [
              107.6070882,
              -6.9145061
            ],
            [
              107.6070682,
              -6.9145058
            ],
            [
              107.6070512,
              -6.9145145
            ],
            [
              107.607043,
              -6.9145314
            ],
            [
              107.6070204,
              -6.9146125
            ],
            [
              107.6069826,
              -6.9147084
            ],
            [
              107.6069253,
              -6.91477
            ],
            [
              107.6068156,
              -6.9148166
            ],
            [
              107.6070727,
              -6.9148471
            ]
          ]
        ]
      },
      "id": "way/168567650"
    },
    {
      "type": "Feature",
      "properties": {
        "@id": "way/168569780",
        "leisure": "park"
      },
      "geometry": {
        "type": "Polygon",
        "coordinates": [
          [
            [
              107.591469,
              -6.9108688
            ],
            [
              107.5918923,
              -6.9111528
            ],
            [
              107.5920779,
              -6.9109034
            ],
            [
              107.592035,
              -6.9107863
            ],
            [
              107.5919974,
              -6.9106771
            ],
            [
              107.591933,
              -6.9106265
            ],
            [
              107.5917453,
              -6.9105333
            ],
            [
              107.591469,
              -6.9108688
            ]
          ]
        ]
      },
      "id": "way/168569780"
    },
    {
      "type": "Feature",
      "properties": {
        "@id": "way/171347315",
        "leisure": "park"
      },
      "geometry": {
        "type": "Polygon",
        "coordinates": [
          [
            [
              107.6106769,
              -6.9057784
            ],
            [
              107.6108427,
              -6.9056354
            ],
            [
              107.6106808,
              -6.9055802
            ],
            [
              107.6106769,
              -6.9057784
            ]
          ]
        ]
      },
      "id": "way/171347315"
    },
    {
      "type": "Feature",
      "properties": {
        "@id": "way/183473029",
        "access": "yes",
        "addr:city": "Bandung",
        "addr:full": "Jalan Ir. H. Djuanda",
        "leisure": "park",
        "name": "Taman Komplek DDK 369",
        "opening_hours": "24/7",
        "source": "S2City_POI_2022",
        "sport": "volleyball",
        "wheelchair": "limited"
      },
      "geometry": {
        "type": "Polygon",
        "coordinates": [
          [
            [
              107.6190384,
              -6.8714054
            ],
            [
              107.6190033,
              -6.871555
            ],
            [
              107.6189949,
              -6.8716099
            ],
            [
              107.619076,
              -6.8716305
            ],
            [
              107.6191433,
              -6.871644
            ],
            [
              107.6191599,
              -6.8715457
            ],
            [
              107.6191838,
              -6.8713991
            ],
            [
              107.6191611,
              -6.8713309
            ],
            [
              107.6191072,
              -6.8713135
            ],
            [
              107.6190581,
              -6.8713419
            ],
            [
              107.6190384,
              -6.8714054
            ]
          ]
        ]
      },
      "id": "way/183473029"
    },
    {
      "type": "Feature",
      "properties": {
        "@id": "way/183513819",
        "access": "no",
        "addr:city": "Bandung",
        "addr:full": "Jalan Bukit Dago Selatan",
        "leisure": "park",
        "name": "Taman PDAM",
        "office": "government",
        "opening_hours": "24/7",
        "operator": "PDAM",
        "source": "S2City_POI_2022",
        "wheelchair": "no"
      },
      "geometry": {
        "type": "Polygon",
        "coordinates": [
          [
            [
              107.6184603,
              -6.8710885
            ],
            [
              107.6182586,
              -6.8715716
            ],
            [
              107.6185636,
              -6.8716971
            ],
            [
              107.6187652,
              -6.871214
            ],
            [
              107.6184603,
              -6.8710885
            ]
          ]
        ]
      },
      "id": "way/183513819"
    },
    {
      "type": "Feature",
      "properties": {
        "@id": "way/184388097",
        "leisure": "park"
      },
      "geometry": {
        "type": "Polygon",
        "coordinates": [
          [
            [
              107.6655569,
              -6.9398143
            ],
            [
              107.6655327,
              -6.9399874
            ],
            [
              107.6657876,
              -6.9399661
            ],
            [
              107.6655569,
              -6.9398143
            ]
          ]
        ]
      },
      "id": "way/184388097"
    },
    {
      "type": "Feature",
      "properties": {
        "@id": "way/184714612",
        "addr:city": "Bandung",
        "addr:postcode": "40135",
        "addr:street": "Jalan Bukit Dago Selatan No. 53A",
        "leisure": "park",
        "name": "Taman Budaya Jawa Barat"
      },
      "geometry": {
        "type": "Polygon",
        "coordinates": [
          [
            [
              107.6202569,
              -6.8698318
            ],
            [
              107.6193289,
              -6.8694909
            ],
            [
              107.6192287,
              -6.8697601
            ],
            [
              107.6191463,
              -6.8700583
            ],
            [
              107.6190797,
              -6.8703593
            ],
            [
              107.6199949,
              -6.8705921
            ],
            [
              107.6200209,
              -6.8705987
            ],
            [
              107.6202569,
              -6.8698318
            ]
          ]
        ]
      },
      "id": "way/184714612"
    },
    {
      "type": "Feature",
      "properties": {
        "@id": "way/185035557",
        "leisure": "park"
      },
      "geometry": {
        "type": "Polygon",
        "coordinates": [
          [
            [
              107.6268345,
              -6.9102321
            ],
            [
              107.6266174,
              -6.9104672
            ],
            [
              107.6266844,
              -6.9105281
            ],
            [
              107.6269015,
              -6.910293
            ],
            [
              107.6268345,
              -6.9102321
            ]
          ]
        ]
      },
      "id": "way/185035557"
    },
    {
      "type": "Feature",
      "properties": {
        "@id": "way/185123551",
        "addr:postcode": "40113",
        "addr:street": "Jalan R.E. Martadinata",
        "description": "Fountain park located between LLRE Martadinata & Gandapura street. It has picnic benches,fountain and trees on both end of the park. Situated right across the lush green Taman Pramuka.",
        "leisure": "park",
        "name": "Taman Tunas Kelapa"
      },
      "geometry": {
        "type": "Polygon",
        "coordinates": [
          [
            [
              107.6262801,
              -6.9103766
            ],
            [
              107.6261169,
              -6.9102285
            ],
            [
              107.6260377,
              -6.9103095
            ],
            [
              107.6261934,
              -6.9104504
            ],
            [
              107.6268898,
              -6.9111167
            ],
            [
              107.6269723,
              -6.9110352
            ],
            [
              107.6262801,
              -6.9103766
            ]
          ]
        ]
      },
      "id": "way/185123551"
    },
    {
      "type": "Feature",
      "properties": {
        "@id": "way/185126823",
        "addr:city": "Bandung",
        "addr:housenumber": "2",
        "addr:postcode": "40117",
        "addr:street": "Jalan Wastukencana",
        "description": "Lush green City park located within the compound of Balai Kota Bandung (Bandung City Hall). Integrated with Bandros shelter, Bandung City Tour on Bus.",
        "leisure": "park",
        "name": "Taman Balai Kota Bandung",
        "old_name": "Pieters Park",
        "tactile_paving": "yes"
      },
      "geometry": {
        "type": "Polygon",
        "coordinates": [
          [
            [
              107.6103385,
              -6.9128293
            ],
            [
              107.6100544,
              -6.9127663
            ],
            [
              107.6100173,
              -6.9127394
            ],
            [
              107.6099971,
              -6.9126985
            ],
            [
              107.6099992,
              -6.9124612
            ],
            [
              107.6095361,
              -6.9124445
            ],
            [
              107.609532,
              -6.9126183
            ],
            [
              107.6095158,
              -6.9126659
            ],
            [
              107.6094974,
              -6.9127077
            ],
            [
              107.6094603,
              -6.9127356
            ],
            [
              107.6091557,
              -6.9127453
            ],
            [
              107.6091362,
              -6.9134363
            ],
            [
              107.6091384,
              -6.9137374
            ],
            [
              107.6091532,
              -6.9137689
            ],
            [
              107.6091929,
              -6.9138007
            ],
            [
              107.6099293,
              -6.9138721
            ],
            [
              107.6100152,
              -6.913828
            ],
            [
              107.6102693,
              -6.9135508
            ],
            [
              107.6102874,
              -6.9135237
            ],
            [
              107.6102954,
              -6.9134908
            ],
            [
              107.6103385,
              -6.9128293
            ]
          ]
        ]
      },
      "id": "way/185126823"
    },
    {
      "type": "Feature",
      "properties": {
        "@id": "way/185126847",
        "alt_name": "Taman Fotografi",
        "description": "Local recreational park with meadow, and trees.",
        "leisure": "park",
        "name": "Taman Foto",
        "source": "POI_WRI_Survey_2023",
        "tactile_paving": "yes",
        "wikidata": "Q64759460"
      },
      "geometry": {
        "type": "Polygon",
        "coordinates": [
          [
            [
              107.6267609,
              -6.9132592
            ],
            [
              107.6270673,
              -6.9137207
            ],
            [
              107.6270981,
              -6.9137272
            ],
            [
              107.6274655,
              -6.9135045
            ],
            [
              107.627475,
              -6.913449
            ],
            [
              107.6274548,
              -6.9134077
            ],
            [
              107.6274146,
              -6.9133891
            ],
            [
              107.6267843,
              -6.913244
            ],
            [
              107.6267609,
              -6.9132592
            ]
          ]
        ]
      },
      "id": "way/185126847"
    },
    {
      "type": "Feature",
      "properties": {
        "@id": "way/185127241",
        "leisure": "park",
        "name": "Tugu PERSIB"
      },
      "geometry": {
        "type": "Polygon",
        "coordinates": [
          [
            [
              107.6124538,
              -6.9178222
            ],
            [
              107.6124178,
              -6.9178353
            ],
            [
              107.612445,
              -6.9178928
            ],
            [
              107.6124507,
              -6.9179465
            ],
            [
              107.6124502,
              -6.9180568
            ],
            [
              107.6125049,
              -6.9179907
            ],
            [
              107.612601,
              -6.9179305
            ],
            [
              107.6126007,
              -6.9179186
            ],
            [
              107.6124538,
              -6.9178222
            ]
          ]
        ]
      },
      "id": "way/185127241"
    },
    {
      "type": "Feature",
      "properties": {
        "@id": "way/185228020",
        "leisure": "park"
      },
      "geometry": {
        "type": "Polygon",
        "coordinates": [
          [
            [
              107.6094861,
              -6.9374414
            ],
            [
              107.6092681,
              -6.9375918
            ],
            [
              107.6093108,
              -6.9375949
            ],
            [
              107.6095299,
              -6.9375905
            ],
            [
              107.6094952,
              -6.9375262
            ],
            [
              107.6094846,
              -6.9374788
            ],
            [
              107.6094861,
              -6.9374414
            ]
          ]
        ]
      },
      "id": "way/185228020"
    },
    {
      "type": "Feature",
      "properties": {
        "@id": "way/185407983",
        "access": "yes",
        "addr:city": "Bandung",
        "addr:full": "Jalan Bukit Dago",
        "amenity": "arts_centre",
        "building": "yes",
        "leisure": "park",
        "name": "Taman Budaya",
        "opening_hours": "24/7",
        "source": "S2City_POI_2022",
        "wheelchair": "limited"
      },
      "geometry": {
        "type": "Polygon",
        "coordinates": [
          [
            [
              107.6176665,
              -6.8700738
            ],
            [
              107.6177756,
              -6.8700738
            ],
            [
              107.6178995,
              -6.8698307
            ],
            [
              107.6179386,
              -6.8697713
            ],
            [
              107.6178984,
              -6.8696902
            ],
            [
              107.6177756,
              -6.8696579
            ],
            [
              107.6176665,
              -6.8696579
            ],
            [
              107.6175455,
              -6.8696755
            ],
            [
              107.6174523,
              -6.8697543
            ],
            [
              107.6174569,
              -6.8697939
            ],
            [
              107.6175072,
              -6.8698307
            ],
            [
              107.617575,
              -6.869939
            ],
            [
              107.6176665,
              -6.8700738
            ]
          ]
        ]
      },
      "id": "way/185407983"
    },
    {
      "type": "Feature",
      "properties": {
        "@id": "way/185428751",
        "leisure": "park"
      },
      "geometry": {
        "type": "Polygon",
        "coordinates": [
          [
            [
              107.6193577,
              -6.8748303
            ],
            [
              107.6193698,
              -6.8751092
            ],
            [
              107.6196433,
              -6.8750975
            ],
            [
              107.6196312,
              -6.8748187
            ],
            [
              107.6193577,
              -6.8748303
            ]
          ]
        ]
      },
      "id": "way/185428751"
    },
    {
      "type": "Feature",
      "properties": {
        "@id": "way/185437317",
        "building": "yes",
        "leisure": "park",
        "name": "lap STKS BANDUNG"
      },
      "geometry": {
        "type": "Polygon",
        "coordinates": [
          [
            [
              107.6188583,
              -6.8719002
            ],
            [
              107.6188275,
              -6.8719776
            ],
            [
              107.6189545,
              -6.8720274
            ],
            [
              107.6189853,
              -6.8719499
            ],
            [
              107.6188583,
              -6.8719002
            ]
          ]
        ]
      },
      "id": "way/185437317"
    },
    {
      "type": "Feature",
      "properties": {
        "@id": "way/185442864",
        "access": "yes",
        "addr:city": "Bandung",
        "addr:full": "Jalan Siliwangi (Depan Lapangan Sabuga)",
        "leaf_type": "needleleaved",
        "leisure": "park",
        "name": "Hutan Kota Babakan Siliwangi",
        "natural": "wood",
        "opening_hours": "24/7",
        "source": "S2City_POI_2022",
        "wheelchair": "limited",
        "wikidata": "Q16874988",
        "wikipedia": "en:Babakan Siliwangi"
      },
      "geometry": {
        "type": "Polygon",
        "coordinates": [
          [
            [
              107.6114327,
              -6.8850212
            ],
            [
              107.6113447,
              -6.8849019
            ],
            [
              107.6112208,
              -6.8848107
            ],
            [
              107.6106892,
              -6.8845791
            ],
            [
              107.6105086,
              -6.8845391
            ],
            [
              107.6103142,
              -6.8845258
            ],
            [
              107.6100544,
              -6.8845365
            ],
            [
              107.6098274,
              -6.884579
            ],
            [
              107.6096226,
              -6.8846295
            ],
            [
              107.6091594,
              -6.8848055
            ],
            [
              107.6087972,
              -6.8849428
            ],
            [
              107.6087686,
              -6.8849666
            ],
            [
              107.6087494,
              -6.8850063
            ],
            [
              107.608758,
              -6.8854612
            ],
            [
              107.609461,
              -6.8854765
            ],
            [
              107.609672,
              -6.885385
            ],
            [
              107.6099087,
              -6.8854024
            ],
            [
              107.6101114,
              -6.8855166
            ],
            [
              107.6102818,
              -6.8855308
            ],
            [
              107.6103868,
              -6.8856241
            ],
            [
              107.610493,
              -6.8856255
            ],
            [
              107.6105752,
              -6.8855358
            ],
            [
              107.6107181,
              -6.8855405
            ],
            [
              107.6110182,
              -6.8858039
            ],
            [
              107.611041,
              -6.886019
            ],
            [
              107.6110577,
              -6.8862716
            ],
            [
              107.6109881,
              -6.8865629
            ],
            [
              107.6109234,
              -6.8867555
            ],
            [
              107.6107244,
              -6.8869234
            ],
            [
              107.6106509,
              -6.8869595
            ],
            [
              107.6105314,
              -6.886991
            ],
            [
              107.6104188,
              -6.8870102
            ],
            [
              107.6103291,
              -6.8870277
            ],
            [
              107.6103285,
              -6.8870489
            ],
            [
              107.6103265,
              -6.8871259
            ],
            [
              107.6102519,
              -6.8871827
            ],
            [
              107.6102295,
              -6.8874074
            ],
            [
              107.6101201,
              -6.8874012
            ],
            [
              107.6101317,
              -6.8872144
            ],
            [
              107.6101348,
              -6.8871596
            ],
            [
              107.6101025,
              -6.8871583
            ],
            [
              107.6101062,
              -6.8870275
            ],
            [
              107.6101058,
              -6.8870157
            ],
            [
              107.6100904,
              -6.8870152
            ],
            [
              107.6099118,
              -6.8871126
            ],
            [
              107.6098114,
              -6.8871392
            ],
            [
              107.6096563,
              -6.8871338
            ],
            [
              107.6095638,
              -6.8871185
            ],
            [
              107.6094745,
              -6.8870665
            ],
            [
              107.6093805,
              -6.8870007
            ],
            [
              107.609136,
              -6.8869942
            ],
            [
              107.6087853,
              -6.8869856
            ],
            [
              107.6087854,
              -6.8872253
            ],
            [
              107.6087937,
              -6.8872412
            ],
            [
              107.6088132,
              -6.8872498
            ],
            [
              107.6089442,
              -6.8872579
            ],
            [
              107.6091406,
              -6.8872805
            ],
            [
              107.6092928,
              -6.8873085
            ],
            [
              107.6099011,
              -6.887491
            ],
            [
              107.609928,
              -6.8875075
            ],
            [
              107.6099461,
              -6.8875335
            ],
            [
              107.6099567,
              -6.8875623
            ],
            [
              107.6099593,
              -6.887659
            ],
            [
              107.6099676,
              -6.8876721
            ],
            [
              107.6099832,
              -6.8876781
            ],
            [
              107.61028,
              -6.8876647
            ],
            [
              107.6103192,
              -6.8876587
            ],
            [
              107.6103504,
              -6.8876504
            ],
            [
              107.6112954,
              -6.8872609
            ],
            [
              107.6113284,
              -6.887241
            ],
            [
              107.6113537,
              -6.887218
            ],
            [
              107.6114838,
              -6.887061
            ],
            [
              107.6115084,
              -6.8870266
            ],
            [
              107.6115232,
              -6.8869891
            ],
            [
              107.6115621,
              -6.8868734
            ],
            [
              107.6116416,
              -6.8862926
            ],
            [
              107.6116461,
              -6.8862358
            ],
            [
              107.611644,
              -6.8861778
            ],
            [
              107.6115978,
              -6.8856392
            ],
            [
              107.6115822,
              -6.8855227
            ],
            [
              107.6115617,
              -6.8854146
            ],
            [
              107.6114977,
              -6.8851669
            ],
            [
              107.6114716,
              -6.8850916
            ],
            [
              107.6114327,
              -6.8850212
            ]
          ]
        ]
      },
      "id": "way/185442864"
    },
    {
      "type": "Feature",
      "properties": {
        "@id": "way/239274479",
        "leisure": "park"
      },
      "geometry": {
        "type": "Polygon",
        "coordinates": [
          [
            [
              107.5547028,
              -6.8699844
            ],
            [
              107.5541132,
              -6.8706138
            ],
            [
              107.5546115,
              -6.8712043
            ],
            [
              107.5547054,
              -6.8710748
            ],
            [
              107.554695,
              -6.8710126
            ],
            [
              107.5546089,
              -6.8708417
            ],
            [
              107.5545046,
              -6.870663
            ],
            [
              107.5544863,
              -6.8705749
            ],
            [
              107.5547602,
              -6.8700284
            ],
            [
              107.5547602,
              -6.8699999
            ],
            [
              107.5547028,
              -6.8699844
            ]
          ]
        ]
      },
      "id": "way/239274479"
    },
    {
      "type": "Feature",
      "properties": {
        "@id": "way/239274480",
        "leisure": "park"
      },
      "geometry": {
        "type": "Polygon",
        "coordinates": [
          [
            [
              107.554712,
              -6.8708961
            ],
            [
              107.5547368,
              -6.8708469
            ],
            [
              107.5547707,
              -6.8707718
            ],
            [
              107.5545907,
              -6.8706941
            ],
            [
              107.554712,
              -6.8708961
            ]
          ]
        ]
      },
      "id": "way/239274480"
    },
    {
      "type": "Feature",
      "properties": {
        "@id": "way/239274481",
        "leisure": "park"
      },
      "geometry": {
        "type": "Polygon",
        "coordinates": [
          [
            [
              107.5547289,
              -6.8713364
            ],
            [
              107.5547681,
              -6.8713779
            ],
            [
              107.5550655,
              -6.8712509
            ],
            [
              107.5550863,
              -6.8711862
            ],
            [
              107.5550681,
              -6.8711033
            ],
            [
              107.5550576,
              -6.8710541
            ],
            [
              107.5548985,
              -6.8710282
            ],
            [
              107.5548542,
              -6.8710748
            ],
            [
              107.5548102,
              -6.8711667
            ],
            [
              107.5547289,
              -6.8713364
            ]
          ]
        ]
      },
      "id": "way/239274481"
    },
    {
      "type": "Feature",
      "properties": {
        "@id": "way/239274482",
        "leisure": "park"
      },
      "geometry": {
        "type": "Polygon",
        "coordinates": [
          [
            [
              107.5552298,
              -6.8706267
            ],
            [
              107.5550837,
              -6.870922
            ],
            [
              107.555162,
              -6.8709557
            ],
            [
              107.5551881,
              -6.8708961
            ],
            [
              107.5552507,
              -6.870922
            ],
            [
              107.5552611,
              -6.8708987
            ],
            [
              107.5554124,
              -6.8709634
            ],
            [
              107.555449,
              -6.8708728
            ],
            [
              107.5553133,
              -6.8707666
            ],
            [
              107.5552637,
              -6.870707
            ],
            [
              107.5552298,
              -6.8706267
            ]
          ]
        ]
      },
      "id": "way/239274482"
    },
    {
      "type": "Feature",
      "properties": {
        "@id": "way/239274483",
        "leisure": "park"
      },
      "geometry": {
        "type": "Polygon",
        "coordinates": [
          [
            [
              107.5552455,
              -6.8705697
            ],
            [
              107.5550055,
              -6.8704402
            ],
            [
              107.5549898,
              -6.8704791
            ],
            [
              107.5552324,
              -6.8705982
            ],
            [
              107.5552455,
              -6.8705697
            ]
          ]
        ]
      },
      "id": "way/239274483"
    },
    {
      "type": "Feature",
      "properties": {
        "@id": "way/239274484",
        "leisure": "park"
      },
      "geometry": {
        "type": "Polygon",
        "coordinates": [
          [
            [
              107.5551418,
              -6.871222
            ],
            [
              107.555121,
              -6.871266
            ],
            [
              107.5551601,
              -6.8713178
            ],
            [
              107.5552018,
              -6.8713126
            ],
            [
              107.5552305,
              -6.871279
            ],
            [
              107.5552253,
              -6.8712349
            ],
            [
              107.5551836,
              -6.8712116
            ],
            [
              107.5551418,
              -6.871222
            ]
          ]
        ]
      },
      "id": "way/239274484"
    },
    {
      "type": "Feature",
      "properties": {
        "@id": "way/239274486",
        "leisure": "park"
      },
      "geometry": {
        "type": "Polygon",
        "coordinates": [
          [
            [
              107.5547824,
              -6.8720844
            ],
            [
              107.5548211,
              -6.8720865
            ],
            [
              107.5548577,
              -6.872077
            ],
            [
              107.5549101,
              -6.8720398
            ],
            [
              107.5549467,
              -6.8720077
            ],
            [
              107.5549638,
              -6.8719634
            ],
            [
              107.5548027,
              -6.8716435
            ],
            [
              107.5547284,
              -6.8715083
            ],
            [
              107.5546266,
              -6.8713913
            ],
            [
              107.554606,
              -6.8714517
            ],
            [
              107.5545967,
              -6.8715042
            ],
            [
              107.5545894,
              -6.8715753
            ],
            [
              107.5545893,
              -6.8716472
            ],
            [
              107.5545953,
              -6.8717051
            ],
            [
              107.5546068,
              -6.8717643
            ],
            [
              107.554657,
              -6.8719208
            ],
            [
              107.5547062,
              -6.8720068
            ],
            [
              107.5547522,
              -6.8720593
            ],
            [
              107.5547824,
              -6.8720844
            ]
          ]
        ]
      },
      "id": "way/239274486"
    },
    {
      "type": "Feature",
      "properties": {
        "@id": "way/239274487",
        "leisure": "park"
      },
      "geometry": {
        "type": "Polygon",
        "coordinates": [
          [
            [
              107.5548181,
              -6.8714844
            ],
            [
              107.5549722,
              -6.8717291
            ],
            [
              107.5551971,
              -6.8714661
            ],
            [
              107.5553018,
              -6.8713988
            ],
            [
              107.5553511,
              -6.8713743
            ],
            [
              107.5555083,
              -6.8710164
            ],
            [
              107.5554775,
              -6.8710134
            ],
            [
              107.5553511,
              -6.8712764
            ],
            [
              107.5553111,
              -6.8712825
            ],
            [
              107.555271,
              -6.8713009
            ],
            [
              107.5552402,
              -6.8713498
            ],
            [
              107.5551878,
              -6.8713651
            ],
            [
              107.5551047,
              -6.8713498
            ],
            [
              107.5549629,
              -6.8714049
            ],
            [
              107.5549013,
              -6.8714355
            ],
            [
              107.5548489,
              -6.871463
            ],
            [
              107.5548181,
              -6.8714844
            ]
          ]
        ]
      },
      "id": "way/239274487"
    },
    {
      "type": "Feature",
      "properties": {
        "@id": "way/239274489",
        "leisure": "park"
      },
      "geometry": {
        "type": "Polygon",
        "coordinates": [
          [
            [
              107.5548005,
              -6.8700574
            ],
            [
              107.5549542,
              -6.8701524
            ],
            [
              107.5550225,
              -6.8701296
            ],
            [
              107.5548333,
              -6.8700321
            ],
            [
              107.5548005,
              -6.8700574
            ]
          ]
        ]
      },
      "id": "way/239274489"
    },
    {
      "type": "Feature",
      "properties": {
        "@id": "way/239274490",
        "leisure": "park"
      },
      "geometry": {
        "type": "Polygon",
        "coordinates": [
          [
            [
              107.5548879,
              -6.8699924
            ],
            [
              107.5549962,
              -6.8700542
            ],
            [
              107.5550334,
              -6.8700754
            ],
            [
              107.5550771,
              -6.870061
            ],
            [
              107.5550807,
              -6.8700032
            ],
            [
              107.5551681,
              -6.869902
            ],
            [
              107.5551862,
              -6.869837
            ],
            [
              107.5554373,
              -6.8696708
            ],
            [
              107.555652,
              -6.8695155
            ],
            [
              107.5557939,
              -6.8694216
            ],
            [
              107.5559249,
              -6.8693602
            ],
            [
              107.5558703,
              -6.8692807
            ],
            [
              107.5558121,
              -6.8693421
            ],
            [
              107.5556484,
              -6.8694613
            ],
            [
              107.5554082,
              -6.8696419
            ],
            [
              107.5552008,
              -6.8697792
            ],
            [
              107.5550407,
              -6.869884
            ],
            [
              107.5549643,
              -6.8699526
            ],
            [
              107.5549279,
              -6.8699382
            ],
            [
              107.5548915,
              -6.8699635
            ],
            [
              107.5548879,
              -6.8699924
            ]
          ]
        ]
      },
      "id": "way/239274490"
    },
    {
      "type": "Feature",
      "properties": {
        "@id": "way/239274491",
        "leisure": "park"
      },
      "geometry": {
        "type": "Polygon",
        "coordinates": [
          [
            [
              107.5548976,
              -6.8721544
            ],
            [
              107.5548812,
              -6.8722059
            ],
            [
              107.5550307,
              -6.8724416
            ],
            [
              107.5550999,
              -6.8724578
            ],
            [
              107.5551036,
              -6.8722005
            ],
            [
              107.5550494,
              -6.872063
            ],
            [
              107.5548976,
              -6.8721544
            ]
          ]
        ]
      },
      "id": "way/239274491"
    },
    {
      "type": "Feature",
      "properties": {
        "@id": "way/239274492",
        "leisure": "park"
      },
      "geometry": {
        "type": "Polygon",
        "coordinates": [
          [
            [
              107.5556944,
              -6.8716455
            ],
            [
              107.5555523,
              -6.8718118
            ],
            [
              107.5556132,
              -6.8718823
            ],
            [
              107.5557655,
              -6.871716
            ],
            [
              107.5556944,
              -6.8716455
            ]
          ]
        ]
      },
      "id": "way/239274492"
    },
    {
      "type": "Feature",
      "properties": {
        "@id": "way/239274493",
        "leisure": "park"
      },
      "geometry": {
        "type": "Polygon",
        "coordinates": [
          [
            [
              107.5556132,
              -6.8718823
            ],
            [
              107.5554559,
              -6.872104
            ],
            [
              107.5555675,
              -6.8721897
            ],
            [
              107.5556944,
              -6.871968
            ],
            [
              107.5556132,
              -6.8718823
            ]
          ]
        ]
      },
      "id": "way/239274493"
    },
    {
      "type": "Feature",
      "properties": {
        "@id": "way/239943703",
        "leisure": "park"
      },
      "geometry": {
        "type": "Polygon",
        "coordinates": [
          [
            [
              107.6706209,
              -6.9065532
            ],
            [
              107.6706332,
              -6.9069388
            ],
            [
              107.6707598,
              -6.90695
            ],
            [
              107.6708879,
              -6.9067331
            ],
            [
              107.6708785,
              -6.9065451
            ],
            [
              107.6706209,
              -6.9065532
            ]
          ]
        ]
      },
      "id": "way/239943703"
    },
    {
      "type": "Feature",
      "properties": {
        "@id": "way/243451182",
        "access": "yes",
        "addr:city": "Bandung",
        "addr:full": "Jl. Bengawan, Cihapit, Bandung Wetan",
        "leisure": "park",
        "name": "Taman Superhero",
        "opening_hours": "24/7",
        "source": "POI_WRI_Survey_2023",
        "surface": "grass",
        "tactile_paving": "yes",
        "wheelchair": "limited",
        "wikidata": "Q64759467"
      },
      "geometry": {
        "type": "Polygon",
        "coordinates": [
          [
            [
              107.6307805,
              -6.9105522
            ],
            [
              107.6301782,
              -6.9109375
            ],
            [
              107.630808,
              -6.9111529
            ],
            [
              107.6307805,
              -6.9105522
            ]
          ]
        ]
      },
      "id": "way/243451182"
    },
    {
      "type": "Feature",
      "properties": {
        "@id": "way/244694107",
        "leisure": "park",
        "name": "Gasmin"
      },
      "geometry": {
        "type": "Polygon",
        "coordinates": [
          [
            [
              107.6614079,
              -6.9161379
            ],
            [
              107.6609309,
              -6.9165478
            ],
            [
              107.6607633,
              -6.9165617
            ],
            [
              107.660755,
              -6.9168088
            ],
            [
              107.6607151,
              -6.9174748
            ],
            [
              107.661177,
              -6.9175124
            ],
            [
              107.6612744,
              -6.9174841
            ],
            [
              107.6619867,
              -6.916927
            ],
            [
              107.6614079,
              -6.9161379
            ]
          ]
        ]
      },
      "id": "way/244694107"
    },
    {
      "type": "Feature",
      "properties": {
        "@id": "way/255005089",
        "leisure": "park",
        "name": "lapang aroma"
      },
      "geometry": {
        "type": "Polygon",
        "coordinates": [
          [
            [
              107.5579071,
              -6.9721074
            ],
            [
              107.5576593,
              -6.9728566
            ],
            [
              107.5578925,
              -6.9729444
            ],
            [
              107.5580848,
              -6.972187
            ],
            [
              107.5579071,
              -6.9721074
            ]
          ]
        ]
      },
      "id": "way/255005089"
    },
    {
      "type": "Feature",
      "properties": {
        "@id": "way/297868568",
        "leisure": "park",
        "name": "Lapangan Cinta"
      },
      "geometry": {
        "type": "Polygon",
        "coordinates": [
          [
            [
              107.6104918,
              -6.8914852
            ],
            [
              107.6104945,
              -6.8918446
            ],
            [
              107.6108524,
              -6.8918367
            ],
            [
              107.6108489,
              -6.8916854
            ],
            [
              107.6108458,
              -6.8914772
            ],
            [
              107.6106736,
              -6.8914785
            ],
            [
              107.6104918,
              -6.8914852
            ]
          ]
        ]
      },
      "id": "way/297868568"
    },
    {
      "type": "Feature",
      "properties": {
        "@id": "way/297869547",
        "access": "yes",
        "addr:city": "Bandung",
        "addr:full": "Jalan Ganesha",
        "leisure": "park",
        "name": "Taman Ganesha",
        "opening_hours": "24/7",
        "source": "S2City_POI_2022",
        "wheelchair": "limited"
      },
      "geometry": {
        "type": "Polygon",
        "coordinates": [
          [
            [
              107.6101564,
              -6.8933314
            ],
            [
              107.6101294,
              -6.8933486
            ],
            [
              107.6100326,
              -6.8934723
            ],
            [
              107.6100267,
              -6.8934844
            ],
            [
              107.6100243,
              -6.8934972
            ],
            [
              107.6100394,
              -6.8939313
            ],
            [
              107.6100419,
              -6.8939635
            ],
            [
              107.6100487,
              -6.8940023
            ],
            [
              107.6101989,
              -6.8947711
            ],
            [
              107.6102092,
              -6.8947823
            ],
            [
              107.6102233,
              -6.8947871
            ],
            [
              107.6103719,
              -6.8947814
            ],
            [
              107.6106175,
              -6.8947755
            ],
            [
              107.6106797,
              -6.8947734
            ],
            [
              107.6106984,
              -6.8947643
            ],
            [
              107.6107088,
              -6.894751
            ],
            [
              107.6108485,
              -6.8940173
            ],
            [
              107.6108646,
              -6.893879
            ],
            [
              107.6108654,
              -6.8936876
            ],
            [
              107.6108395,
              -6.8934995
            ],
            [
              107.61076,
              -6.8933452
            ],
            [
              107.6107418,
              -6.8933273
            ],
            [
              107.6107132,
              -6.8933169
            ],
            [
              107.6101855,
              -6.8933267
            ],
            [
              107.6101564,
              -6.8933314
            ]
          ]
        ]
      },
      "id": "way/297869547"
    },
    {
      "type": "Feature",
      "properties": {
        "@id": "way/303890876",
        "leisure": "park",
        "name": "Lapangan panggung"
      },
      "geometry": {
        "type": "Polygon",
        "coordinates": [
          [
            [
              107.6060926,
              -6.8927959
            ],
            [
              107.6061355,
              -6.8928438
            ],
            [
              107.6062213,
              -6.8928705
            ],
            [
              107.6063179,
              -6.8928012
            ],
            [
              107.6062321,
              -6.8927107
            ],
            [
              107.6060926,
              -6.8927959
            ]
          ]
        ]
      },
      "id": "way/303890876"
    },
    {
      "type": "Feature",
      "properties": {
        "@id": "way/306091379",
        "leisure": "park",
        "name": "Bunderan Taman Kopo Indah 2"
      },
      "geometry": {
        "type": "Polygon",
        "coordinates": [
          [
            [
              107.5591373,
              -6.9619258
            ],
            [
              107.5591452,
              -6.9619976
            ],
            [
              107.5591909,
              -6.9620537
            ],
            [
              107.55926,
              -6.9620764
            ],
            [
              107.5593304,
              -6.9620584
            ],
            [
              107.5593798,
              -6.9620054
            ],
            [
              107.5593926,
              -6.9619344
            ],
            [
              107.5593647,
              -6.9618677
            ],
            [
              107.5593048,
              -6.9618267
            ],
            [
              107.5592322,
              -6.9618242
            ],
            [
              107.5591697,
              -6.9618612
            ],
            [
              107.5591373,
              -6.9619258
            ]
          ]
        ]
      },
      "id": "way/306091379"
    },
    {
      "type": "Feature",
      "properties": {
        "@id": "way/318932227",
        "leisure": "park",
        "name": "Rusa Tutul"
      },
      "geometry": {
        "type": "Polygon",
        "coordinates": [
          [
            [
              107.6063013,
              -6.8891191
            ],
            [
              107.6062901,
              -6.8894265
            ],
            [
              107.6065214,
              -6.889408
            ],
            [
              107.6065043,
              -6.8891465
            ],
            [
              107.6063013,
              -6.8891191
            ]
          ]
        ]
      },
      "id": "way/318932227"
    },
    {
      "type": "Feature",
      "properties": {
        "@id": "way/318932228",
        "leisure": "park",
        "name": "Betet"
      },
      "geometry": {
        "type": "Polygon",
        "coordinates": [
          [
            [
              107.6072487,
              -6.8908886
            ],
            [
              107.6072843,
              -6.8910751
            ],
            [
              107.607486,
              -6.8910417
            ],
            [
              107.6074431,
              -6.8908561
            ],
            [
              107.6072487,
              -6.8908886
            ]
          ]
        ]
      },
      "id": "way/318932228"
    },
    {
      "type": "Feature",
      "properties": {
        "@id": "way/318932229",
        "leisure": "park",
        "name": "Kakaktua Raja Hitam"
      },
      "geometry": {
        "type": "Polygon",
        "coordinates": [
          [
            [
              107.6069331,
              -6.8915837
            ],
            [
              107.6069797,
              -6.8918449
            ],
            [
              107.6073924,
              -6.8918002
            ],
            [
              107.6073803,
              -6.8915647
            ],
            [
              107.6069331,
              -6.8915837
            ]
          ]
        ]
      },
      "id": "way/318932229"
    },
    {
      "type": "Feature",
      "properties": {
        "@id": "way/318932975",
        "leisure": "park",
        "name": "Kura - Kura"
      },
      "geometry": {
        "type": "Polygon",
        "coordinates": [
          [
            [
              107.6071296,
              -6.8925899
            ],
            [
              107.6072487,
              -6.892824
            ],
            [
              107.6074148,
              -6.8927671
            ],
            [
              107.6073377,
              -6.8925335
            ],
            [
              107.6071296,
              -6.8925899
            ]
          ]
        ]
      },
      "id": "way/318932975"
    },
    {
      "type": "Feature",
      "properties": {
        "@id": "way/318937147",
        "leisure": "park",
        "name": "Orang Utan"
      },
      "geometry": {
        "type": "Polygon",
        "coordinates": [
          [
            [
              107.6071591,
              -6.8903068
            ],
            [
              107.6072737,
              -6.8904795
            ],
            [
              107.6075031,
              -6.8903673
            ],
            [
              107.607355,
              -6.8902078
            ],
            [
              107.6071591,
              -6.8903068
            ]
          ]
        ]
      },
      "id": "way/318937147"
    },
    {
      "type": "Feature",
      "properties": {
        "@id": "way/318937148",
        "leisure": "park",
        "name": "Kasuari"
      },
      "geometry": {
        "type": "Polygon",
        "coordinates": [
          [
            [
              107.6065955,
              -6.889277
            ],
            [
              107.6066626,
              -6.8894101
            ],
            [
              107.6067806,
              -6.8894101
            ],
            [
              107.6068101,
              -6.8892717
            ],
            [
              107.6065955,
              -6.889277
            ]
          ]
        ]
      },
      "id": "way/318937148"
    },
    {
      "type": "Feature",
      "properties": {
        "@id": "way/318937155",
        "leisure": "park",
        "name": "Koak Biru"
      },
      "geometry": {
        "type": "Polygon",
        "coordinates": [
          [
            [
              107.6069582,
              -6.8913408
            ],
            [
              107.6069833,
              -6.8915401
            ],
            [
              107.6072768,
              -6.8915351
            ],
            [
              107.6072657,
              -6.8913408
            ],
            [
              107.6071182,
              -6.8913439
            ],
            [
              107.6069582,
              -6.8913408
            ]
          ]
        ]
      },
      "id": "way/318937155"
    },
    {
      "type": "Feature",
      "properties": {
        "@id": "way/321028422",
        "leisure": "park",
        "name": "Taman Vanda",
        "source": "POI_WRI_Survey_2023",
        "wheelchair": "no"
      },
      "geometry": {
        "type": "Polygon",
        "coordinates": [
          [
            [
              107.6102345,
              -6.9138103
            ],
            [
              107.610025,
              -6.9140145
            ],
            [
              107.6099595,
              -6.914034
            ],
            [
              107.6098971,
              -6.9140255
            ],
            [
              107.6100339,
              -6.9141766
            ],
            [
              107.6101781,
              -6.9143503
            ],
            [
              107.6101848,
              -6.9142405
            ],
            [
              107.610205,
              -6.9140895
            ],
            [
              107.6102345,
              -6.9138103
            ]
          ]
        ]
      },
      "id": "way/321028422"
    },
    {
      "type": "Feature",
      "properties": {
        "@id": "way/323591443",
        "leisure": "park",
        "name": "Area Parkir Cocorico Cafe"
      },
      "geometry": {
        "type": "Polygon",
        "coordinates": [
          [
            [
              107.6287258,
              -6.8630078
            ],
            [
              107.6287473,
              -6.8630664
            ],
            [
              107.6289082,
              -6.863061
            ],
            [
              107.6291496,
              -6.8629811
            ],
            [
              107.6294876,
              -6.8627841
            ],
            [
              107.6294393,
              -6.8626722
            ],
            [
              107.6287258,
              -6.8630078
            ]
          ]
        ]
      },
      "id": "way/323591443"
    },
    {
      "type": "Feature",
      "properties": {
        "@id": "way/326051456",
        "leisure": "park",
        "name": "Alun-Alun Cimahi"
      },
      "geometry": {
        "type": "Polygon",
        "coordinates": [
          [
            [
              107.5422548,
              -6.8727765
            ],
            [
              107.5419144,
              -6.8733457
            ],
            [
              107.5423545,
              -6.8736053
            ],
            [
              107.5426951,
              -6.8730361
            ],
            [
              107.5422548,
              -6.8727765
            ]
          ]
        ]
      },
      "id": "way/326051456"
    },
    {
      "type": "Feature",
      "properties": {
        "@id": "way/327980246",
        "access": "yes",
        "addr:city": "Bandung",
        "addr:full": "Bawah jembatan pasopati",
        "alt_name": "Taman Jomblo",
        "leisure": "park",
        "name": "Taman Pasopati",
        "opening_hours": "24/7",
        "source": "S2City_POI_2022",
        "wheelchair": "no"
      },
      "geometry": {
        "type": "Polygon",
        "coordinates": [
          [
            [
              107.6095014,
              -6.8980716
            ],
            [
              107.6091608,
              -6.8980103
            ],
            [
              107.6089381,
              -6.8980076
            ],
            [
              107.6089515,
              -6.8981726
            ],
            [
              107.6091723,
              -6.8981762
            ],
            [
              107.6094773,
              -6.8982047
            ],
            [
              107.6095014,
              -6.8980716
            ]
          ]
        ]
      },
      "id": "way/327980246"
    },
    {
      "type": "Feature",
      "properties": {
        "@id": "way/327985080",
        "leisure": "park",
        "name": "Taman Musik Centrum",
        "source": "POI_WRI_Survey_2023",
        "tactile_paving": "yes",
        "wikidata": "Q64759465"
      },
      "geometry": {
        "type": "Polygon",
        "coordinates": [
          [
            [
              107.6158808,
              -6.9123002
            ],
            [
              107.6163578,
              -6.9120792
            ],
            [
              107.6161167,
              -6.9116742
            ],
            [
              107.6156589,
              -6.9118097
            ],
            [
              107.6158808,
              -6.9123002
            ]
          ]
        ]
      },
      "id": "way/327985080"
    },
    {
      "type": "Feature",
      "properties": {
        "@id": "way/327986858",
        "leisure": "park",
        "name": "Taman Film",
        "wikidata": "Q24039069"
      },
      "geometry": {
        "type": "Polygon",
        "coordinates": [
          [
            [
              107.6080198,
              -6.8982238
            ],
            [
              107.6072487,
              -6.8986407
            ],
            [
              107.6073685,
              -6.8988529
            ],
            [
              107.6079704,
              -6.8985517
            ],
            [
              107.6081512,
              -6.898466
            ],
            [
              107.6080198,
              -6.8982238
            ]
          ]
        ]
      },
      "id": "way/327986858"
    },
    {
      "type": "Feature",
      "properties": {
        "@id": "way/340592887",
        "leisure": "park",
        "name": "Taman Skate"
      },
      "geometry": {
        "type": "Polygon",
        "coordinates": [
          [
            [
              107.6085309,
              -6.8982497
            ],
            [
              107.6089177,
              -6.8981906
            ],
            [
              107.6089006,
              -6.8980051
            ],
            [
              107.6086861,
              -6.8980264
            ],
            [
              107.6084661,
              -6.8980637
            ],
            [
              107.6085309,
              -6.8982497
            ]
          ]
        ]
      },
      "id": "way/340592887"
    },
    {
      "type": "Feature",
      "properties": {
        "@id": "way/342532165",
        "access": "yes",
        "addr:city": "Bandung",
        "addr:full": "Jl. Taman Cibeunying Selatan, Cihapit, Bandung Wetan",
        "int_name": "Robotic Park",
        "leisure": "park",
        "name": "Taman Cibeunying",
        "name:en": "Robotic Park",
        "name:nl": "Robot Park",
        "opening_hours": "24/7",
        "source": "POI_WRI_Survey_2023",
        "wheelchair": "no",
        "wikidata": "Q62082793"
      },
      "geometry": {
        "type": "Polygon",
        "coordinates": [
          [
            [
              107.6239469,
              -6.9045468
            ],
            [
              107.6241946,
              -6.905032
            ],
            [
              107.6244923,
              -6.9049015
            ],
            [
              107.6242683,
              -6.9044374
            ],
            [
              107.6241168,
              -6.9041293
            ],
            [
              107.6240658,
              -6.9040947
            ],
            [
              107.6239961,
              -6.904092
            ],
            [
              107.6238999,
              -6.9040994
            ],
            [
              107.6238432,
              -6.9041346
            ],
            [
              107.6238106,
              -6.9041806
            ],
            [
              107.6238083,
              -6.9042358
            ],
            [
              107.6238302,
              -6.9043257
            ],
            [
              107.6238834,
              -6.9044355
            ],
            [
              107.6239469,
              -6.9045468
            ]
          ]
        ]
      },
      "id": "way/342532165"
    },
    {
      "type": "Feature",
      "properties": {
        "@id": "way/376352112",
        "access": "yes",
        "addr:city": "Bandung",
        "addr:full": "Jl. Sultan Tirtayasa, Citarum, Bandung Wetan",
        "leisure": "park",
        "name": "Taman kota di jalan gempol",
        "opening_hours": "24/7",
        "source": "S2City_POI_2022",
        "wheelchair": "limited"
      },
      "geometry": {
        "type": "Polygon",
        "coordinates": [
          [
            [
              107.6148978,
              -6.9035777
            ],
            [
              107.6148802,
              -6.9036045
            ],
            [
              107.6148683,
              -6.9036727
            ],
            [
              107.6148632,
              -6.903762
            ],
            [
              107.6148804,
              -6.9038922
            ],
            [
              107.6149021,
              -6.9039284
            ],
            [
              107.6149764,
              -6.9039369
            ],
            [
              107.6151328,
              -6.9038538
            ],
            [
              107.615169,
              -6.9038272
            ],
            [
              107.6151821,
              -6.9038046
            ],
            [
              107.615173,
              -6.9037806
            ],
            [
              107.6151448,
              -6.9037447
            ],
            [
              107.61505,
              -6.9036218
            ],
            [
              107.615006,
              -6.9035908
            ],
            [
              107.6149318,
              -6.9035723
            ],
            [
              107.6148978,
              -6.9035777
            ]
          ]
        ]
      },
      "id": "way/376352112"
    },
    {
      "type": "Feature",
      "properties": {
        "@id": "way/377400031",
        "leisure": "park",
        "name": "Parking Area Outdoor"
      },
      "geometry": {
        "type": "Polygon",
        "coordinates": [
          [
            [
              107.6199749,
              -6.8723762
            ],
            [
              107.6204525,
              -6.8724562
            ],
            [
              107.6206923,
              -6.8720347
            ],
            [
              107.6205325,
              -6.8719813
            ],
            [
              107.6200388,
              -6.8719134
            ],
            [
              107.6199749,
              -6.8723762
            ]
          ]
        ]
      },
      "id": "way/377400031"
    },
    {
      "type": "Feature",
      "properties": {
        "@id": "way/377559023",
        "access": "private",
        "addr:city": "Bandung",
        "addr:full": "Jalan Bukit Dago Selatan 3",
        "leisure": "park",
        "name": "Taman Rumah Anggrek",
        "opening_hours": "24/7",
        "source": "S2City_POI_2022",
        "wheelchair": "yes"
      },
      "geometry": {
        "type": "Polygon",
        "coordinates": [
          [
            [
              107.6205112,
              -6.8681102
            ],
            [
              107.6203945,
              -6.8680832
            ],
            [
              107.6201875,
              -6.8680706
            ],
            [
              107.6200368,
              -6.8680763
            ],
            [
              107.6191031,
              -6.8682614
            ],
            [
              107.6189438,
              -6.8683189
            ],
            [
              107.6189462,
              -6.8683366
            ],
            [
              107.6192922,
              -6.8683885
            ],
            [
              107.619491,
              -6.8684287
            ],
            [
              107.6197436,
              -6.8684371
            ],
            [
              107.6205016,
              -6.8684595
            ],
            [
              107.6205112,
              -6.8681102
            ]
          ]
        ]
      },
      "id": "way/377559023"
    },
    {
      "type": "Feature",
      "properties": {
        "@id": "way/380747881",
        "leisure": "park"
      },
      "geometry": {
        "type": "Polygon",
        "coordinates": [
          [
            [
              107.5489654,
              -6.8836993
            ],
            [
              107.5487926,
              -6.8842093
            ],
            [
              107.5490378,
              -6.8842997
            ],
            [
              107.5492316,
              -6.8837967
            ],
            [
              107.5489654,
              -6.8836993
            ]
          ]
        ]
      },
      "id": "way/380747881"
    },
    {
      "type": "Feature",
      "properties": {
        "@id": "way/380751955",
        "leisure": "park"
      },
      "geometry": {
        "type": "Polygon",
        "coordinates": [
          [
            [
              107.5595733,
              -6.8761952
            ],
            [
              107.5594733,
              -6.8764057
            ],
            [
              107.5598508,
              -6.8765813
            ],
            [
              107.5599055,
              -6.8764469
            ],
            [
              107.5597492,
              -6.8763784
            ],
            [
              107.5597877,
              -6.8762965
            ],
            [
              107.5597522,
              -6.8762801
            ],
            [
              107.5597934,
              -6.8761925
            ],
            [
              107.5597366,
              -6.8761661
            ],
            [
              107.5596942,
              -6.8762563
            ],
            [
              107.5595733,
              -6.8761952
            ]
          ]
        ]
      },
      "id": "way/380751955"
    },
    {
      "type": "Feature",
      "properties": {
        "@id": "way/380751967",
        "description": "alun-alun tengah kota",
        "leisure": "park"
      },
      "geometry": {
        "type": "Polygon",
        "coordinates": [
          [
            [
              107.5589367,
              -6.8749081
            ],
            [
              107.5591588,
              -6.8750187
            ],
            [
              107.5594353,
              -6.8751564
            ],
            [
              107.5598269,
              -6.8743813
            ],
            [
              107.559514,
              -6.8742255
            ],
            [
              107.5593283,
              -6.874133
            ],
            [
              107.5592171,
              -6.8743531
            ],
            [
              107.5592077,
              -6.8743717
            ],
            [
              107.5589367,
              -6.8749081
            ]
          ]
        ]
      },
      "id": "way/380751967"
    },
    {
      "type": "Feature",
      "properties": {
        "@id": "way/380751977",
        "leisure": "park"
      },
      "geometry": {
        "type": "Polygon",
        "coordinates": [
          [
            [
              107.5616498,
              -6.8763733
            ],
            [
              107.5615018,
              -6.8763013
            ],
            [
              107.5614032,
              -6.8762782
            ],
            [
              107.5613452,
              -6.8763733
            ],
            [
              107.5612843,
              -6.8763445
            ],
            [
              107.5611828,
              -6.8764885
            ],
            [
              107.5611189,
              -6.8765634
            ],
            [
              107.5610696,
              -6.8765778
            ],
            [
              107.5610029,
              -6.8767534
            ],
            [
              107.5609478,
              -6.8768657
            ],
            [
              107.5609507,
              -6.8769781
            ],
            [
              107.5608753,
              -6.8770673
            ],
            [
              107.5608434,
              -6.8771739
            ],
            [
              107.5607824,
              -6.8772056
            ],
            [
              107.5608898,
              -6.8773064
            ],
            [
              107.5609391,
              -6.87741
            ],
            [
              107.5609728,
              -6.877474
            ],
            [
              107.5610795,
              -6.8775036
            ],
            [
              107.5611297,
              -6.8775223
            ],
            [
              107.5611853,
              -6.8776662
            ],
            [
              107.561205,
              -6.8776687
            ],
            [
              107.5612197,
              -6.877647
            ],
            [
              107.5612144,
              -6.8776217
            ],
            [
              107.5611814,
              -6.8775248
            ],
            [
              107.5612385,
              -6.8774964
            ],
            [
              107.5612807,
              -6.8774999
            ],
            [
              107.5613046,
              -6.8775151
            ],
            [
              107.5613361,
              -6.8775281
            ],
            [
              107.5613751,
              -6.8775561
            ],
            [
              107.561399,
              -6.8775723
            ],
            [
              107.5614218,
              -6.8775191
            ],
            [
              107.5614497,
              -6.8774619
            ],
            [
              107.561454,
              -6.8774139
            ],
            [
              107.5614867,
              -6.8773635
            ],
            [
              107.5615149,
              -6.8772844
            ],
            [
              107.5615308,
              -6.8772064
            ],
            [
              107.5615394,
              -6.8771577
            ],
            [
              107.5615033,
              -6.8771263
            ],
            [
              107.5614951,
              -6.8770506
            ],
            [
              107.5615589,
              -6.8768998
            ],
            [
              107.561724,
              -6.8769067
            ],
            [
              107.5618313,
              -6.8768994
            ],
            [
              107.5617671,
              -6.8768656
            ],
            [
              107.5617259,
              -6.8768142
            ],
            [
              107.561748,
              -6.8767017
            ],
            [
              107.5616743,
              -6.8766386
            ],
            [
              107.5616455,
              -6.8766159
            ],
            [
              107.5616799,
              -6.8765601
            ],
            [
              107.5617561,
              -6.8763838
            ],
            [
              107.5616812,
              -6.876337
            ],
            [
              107.5616498,
              -6.8763733
            ]
          ]
        ]
      },
      "id": "way/380751977"
    },
    {
      "type": "Feature",
      "properties": {
        "@id": "way/380761012",
        "leisure": "park"
      },
      "geometry": {
        "type": "Polygon",
        "coordinates": [
          [
            [
              107.5497717,
              -6.8834473
            ],
            [
              107.5500042,
              -6.8835918
            ],
            [
              107.5500691,
              -6.883498
            ],
            [
              107.5498215,
              -6.883359
            ],
            [
              107.5497717,
              -6.8834473
            ]
          ]
        ]
      },
      "id": "way/380761012"
    },
    {
      "type": "Feature",
      "properties": {
        "@id": "way/380762971",
        "leisure": "park"
      },
      "geometry": {
        "type": "Polygon",
        "coordinates": [
          [
            [
              107.5632424,
              -6.8896081
            ],
            [
              107.5631663,
              -6.8897171
            ],
            [
              107.5631946,
              -6.889761
            ],
            [
              107.5631574,
              -6.8897979
            ],
            [
              107.5633621,
              -6.8899314
            ],
            [
              107.563483,
              -6.8897663
            ],
            [
              107.5632424,
              -6.8896081
            ]
          ]
        ]
      },
      "id": "way/380762971"
    },
    {
      "type": "Feature",
      "properties": {
        "@id": "way/380762972",
        "leisure": "park"
      },
      "geometry": {
        "type": "Polygon",
        "coordinates": [
          [
            [
              107.5626709,
              -6.8895576
            ],
            [
              107.562561,
              -6.8897136
            ],
            [
              107.5625395,
              -6.889744
            ],
            [
              107.5627196,
              -6.8898781
            ],
            [
              107.5627602,
              -6.8899148
            ],
            [
              107.5627755,
              -6.8899198
            ],
            [
              107.5628936,
              -6.889957
            ],
            [
              107.5630277,
              -6.8898026
            ],
            [
              107.5626709,
              -6.8895576
            ]
          ]
        ]
      },
      "id": "way/380762972"
    },
    {
      "type": "Feature",
      "properties": {
        "@id": "way/381596549",
        "leisure": "park"
      },
      "geometry": {
        "type": "Polygon",
        "coordinates": [
          [
            [
              107.6242459,
              -6.9403606
            ],
            [
              107.6246595,
              -6.9406576
            ],
            [
              107.624866,
              -6.9401278
            ],
            [
              107.6244583,
              -6.9397843
            ],
            [
              107.6242459,
              -6.9403606
            ]
          ]
        ]
      },
      "id": "way/381596549"
    },
    {
      "type": "Feature",
      "properties": {
        "@id": "way/381599511",
        "leisure": "park"
      },
      "geometry": {
        "type": "Polygon",
        "coordinates": [
          [
            [
              107.6252516,
              -6.9405118
            ],
            [
              107.625072,
              -6.940706
            ],
            [
              107.6251348,
              -6.9407762
            ],
            [
              107.6250233,
              -6.9409132
            ],
            [
              107.6251658,
              -6.9410441
            ],
            [
              107.6252074,
              -6.9408992
            ],
            [
              107.6254427,
              -6.9409817
            ],
            [
              107.6255383,
              -6.9407393
            ],
            [
              107.6252516,
              -6.9405118
            ]
          ]
        ]
      },
      "id": "way/381599511"
    },
    {
      "type": "Feature",
      "properties": {
        "@id": "way/381603929",
        "leisure": "park"
      },
      "geometry": {
        "type": "Polygon",
        "coordinates": [
          [
            [
              107.5648564,
              -6.8732033
            ],
            [
              107.5647549,
              -6.8733899
            ],
            [
              107.5648494,
              -6.8734386
            ],
            [
              107.5649615,
              -6.8732462
            ],
            [
              107.5648564,
              -6.8732033
            ]
          ]
        ]
      },
      "id": "way/381603929"
    },
    {
      "type": "Feature",
      "properties": {
        "@id": "way/381619473",
        "leisure": "park"
      },
      "geometry": {
        "type": "Polygon",
        "coordinates": [
          [
            [
              107.566303,
              -6.8713839
            ],
            [
              107.5662654,
              -6.871451
            ],
            [
              107.5663428,
              -6.8714938
            ],
            [
              107.5663804,
              -6.8714267
            ],
            [
              107.566303,
              -6.8713839
            ]
          ]
        ]
      },
      "id": "way/381619473"
    },
    {
      "type": "Feature",
      "properties": {
        "@id": "way/381634239",
        "leisure": "park"
      },
      "geometry": {
        "type": "Polygon",
        "coordinates": [
          [
            [
              107.5417122,
              -6.8723097
            ],
            [
              107.5419998,
              -6.872486
            ],
            [
              107.5420117,
              -6.8724649
            ],
            [
              107.5419441,
              -6.8724225
            ],
            [
              107.5419574,
              -6.8723964
            ],
            [
              107.54189,
              -6.8723542
            ],
            [
              107.5419626,
              -6.8722225
            ],
            [
              107.5417526,
              -6.8720981
            ],
            [
              107.5417409,
              -6.8721239
            ],
            [
              107.5417249,
              -6.8721608
            ],
            [
              107.5416936,
              -6.8721452
            ],
            [
              107.5416379,
              -6.8722602
            ],
            [
              107.5417122,
              -6.8723097
            ]
          ]
        ]
      },
      "id": "way/381634239"
    },
    {
      "type": "Feature",
      "properties": {
        "@id": "way/390192526",
        "leisure": "park",
        "name": "Taman Cikapundung Riverside"
      },
      "geometry": {
        "type": "Polygon",
        "coordinates": [
          [
            [
              107.6087667,
              -6.9197903
            ],
            [
              107.6086648,
              -6.9199021
            ],
            [
              107.6086003,
              -6.920004
            ],
            [
              107.6085745,
              -6.9201836
            ],
            [
              107.6086323,
              -6.9203558
            ],
            [
              107.6087494,
              -6.9204722
            ],
            [
              107.6087624,
              -6.9205293
            ],
            [
              107.6087893,
              -6.920574
            ],
            [
              107.6088254,
              -6.9206061
            ],
            [
              107.6088405,
              -6.9203645
            ],
            [
              107.6088884,
              -6.920126
            ],
            [
              107.6089193,
              -6.9199388
            ],
            [
              107.6089215,
              -6.9198828
            ],
            [
              107.6089064,
              -6.9198337
            ],
            [
              107.6088807,
              -6.9198075
            ],
            [
              107.6088344,
              -6.9197856
            ],
            [
              107.6087667,
              -6.9197903
            ]
          ]
        ]
      },
      "id": "way/390192526"
    },
    {
      "type": "Feature",
      "properties": {
        "@id": "way/391750879",
        "leisure": "park"
      },
      "geometry": {
        "type": "Polygon",
        "coordinates": [
          [
            [
              107.5973251,
              -6.896223
            ],
            [
              107.5973674,
              -6.8966045
            ],
            [
              107.5977224,
              -6.8963394
            ],
            [
              107.5973251,
              -6.896223
            ]
          ]
        ]
      },
      "id": "way/391750879"
    },
    {
      "type": "Feature",
      "properties": {
        "@id": "way/391859182",
        "leisure": "park"
      },
      "geometry": {
        "type": "Polygon",
        "coordinates": [
          [
            [
              107.5961753,
              -6.8841179
            ],
            [
              107.5961747,
              -6.8841332
            ],
            [
              107.5961846,
              -6.8841497
            ],
            [
              107.5962068,
              -6.8841675
            ],
            [
              107.5962272,
              -6.8841767
            ],
            [
              107.5963012,
              -6.8841785
            ],
            [
              107.5963635,
              -6.8841791
            ],
            [
              107.596408,
              -6.8841749
            ],
            [
              107.5964339,
              -6.8841669
            ],
            [
              107.5964487,
              -6.8841608
            ],
            [
              107.5964703,
              -6.8841344
            ],
            [
              107.596474,
              -6.8841081
            ],
            [
              107.5964666,
              -6.8840854
            ],
            [
              107.5964505,
              -6.884067
            ],
            [
              107.5964345,
              -6.8840634
            ],
            [
              107.5962198,
              -6.8840689
            ],
            [
              107.5961957,
              -6.884083
            ],
            [
              107.596179,
              -6.884102
            ],
            [
              107.5961753,
              -6.8841179
            ]
          ]
        ]
      },
      "id": "way/391859182"
    },
    {
      "type": "Feature",
      "properties": {
        "@id": "way/391859183",
        "leisure": "park"
      },
      "geometry": {
        "type": "Polygon",
        "coordinates": [
          [
            [
              107.5968399,
              -6.8840474
            ],
            [
              107.5966529,
              -6.8840536
            ],
            [
              107.5966307,
              -6.8840658
            ],
            [
              107.5966165,
              -6.8840903
            ],
            [
              107.5966171,
              -6.8841179
            ],
            [
              107.5966332,
              -6.8841516
            ],
            [
              107.5966542,
              -6.8841657
            ],
            [
              107.596722,
              -6.8841657
            ],
            [
              107.5967979,
              -6.8841614
            ],
            [
              107.596851,
              -6.8841577
            ],
            [
              107.5968893,
              -6.8841393
            ],
            [
              107.5969028,
              -6.8841056
            ],
            [
              107.5968911,
              -6.8840732
            ],
            [
              107.5968732,
              -6.8840487
            ],
            [
              107.5968399,
              -6.8840474
            ]
          ]
        ]
      },
      "id": "way/391859183"
    },
    {
      "type": "Feature",
      "properties": {
        "@id": "way/400353555",
        "leisure": "park",
        "name": "Bunderan TKI 3"
      },
      "geometry": {
        "type": "Polygon",
        "coordinates": [
          [
            [
              107.5566596,
              -6.9606804
            ],
            [
              107.5566381,
              -6.9607017
            ],
            [
              107.5566354,
              -6.9607284
            ],
            [
              107.5566354,
              -6.9607577
            ],
            [
              107.5566462,
              -6.9607949
            ],
            [
              107.5566784,
              -6.9608242
            ],
            [
              107.5567159,
              -6.9608402
            ],
            [
              107.5567588,
              -6.9608322
            ],
            [
              107.556791,
              -6.9608136
            ],
            [
              107.5568098,
              -6.9607869
            ],
            [
              107.5568178,
              -6.960755
            ],
            [
              107.5568205,
              -6.9607204
            ],
            [
              107.5568017,
              -6.9606858
            ],
            [
              107.5567749,
              -6.9606645
            ],
            [
              107.5567347,
              -6.9606538
            ],
            [
              107.5566918,
              -6.9606591
            ],
            [
              107.5566596,
              -6.9606804
            ]
          ]
        ]
      },
      "id": "way/400353555"
    },
    {
      "type": "Feature",
      "properties": {
        "@id": "way/406606416",
        "leisure": "park"
      },
      "geometry": {
        "type": "Polygon",
        "coordinates": [
          [
            [
              107.6917276,
              -6.9026776
            ],
            [
              107.6916364,
              -6.9028826
            ],
            [
              107.6920495,
              -6.903061
            ],
            [
              107.6921407,
              -6.9028453
            ],
            [
              107.6917276,
              -6.9026776
            ]
          ]
        ]
      },
      "id": "way/406606416"
    },
    {
      "type": "Feature",
      "properties": {
        "@id": "way/406606418",
        "leisure": "park"
      },
      "geometry": {
        "type": "Polygon",
        "coordinates": [
          [
            [
              107.6916997,
              -6.9021123
            ],
            [
              107.6916755,
              -6.9023466
            ],
            [
              107.6918525,
              -6.9023679
            ],
            [
              107.6918794,
              -6.9021336
            ],
            [
              107.6916997,
              -6.9021123
            ]
          ]
        ]
      },
      "id": "way/406606418"
    },
    {
      "type": "Feature",
      "properties": {
        "@id": "way/406606421",
        "leisure": "park"
      },
      "geometry": {
        "type": "Polygon",
        "coordinates": [
          [
            [
              107.691687,
              -6.9029814
            ],
            [
              107.691849,
              -6.9032976
            ],
            [
              107.692324,
              -6.9032867
            ],
            [
              107.6923405,
              -6.9031368
            ],
            [
              107.6921593,
              -6.9030987
            ],
            [
              107.6920687,
              -6.9030796
            ],
            [
              107.6916953,
              -6.9029324
            ],
            [
              107.691687,
              -6.9029814
            ]
          ]
        ]
      },
      "id": "way/406606421"
    },
    {
      "type": "Feature",
      "properties": {
        "@id": "way/406606433",
        "leisure": "park"
      },
      "geometry": {
        "type": "Polygon",
        "coordinates": [
          [
            [
              107.6937216,
              -6.9022144
            ],
            [
              107.6938403,
              -6.9023582
            ],
            [
              107.6939808,
              -6.902271
            ],
            [
              107.6938725,
              -6.902085
            ],
            [
              107.6937216,
              -6.9022144
            ]
          ]
        ]
      },
      "id": "way/406606433"
    },
    {
      "type": "Feature",
      "properties": {
        "@id": "way/406606436",
        "leisure": "park"
      },
      "geometry": {
        "type": "Polygon",
        "coordinates": [
          [
            [
              107.6933832,
              -6.901493
            ],
            [
              107.6933532,
              -6.9019014
            ],
            [
              107.6934613,
              -6.9019998
            ],
            [
              107.6937886,
              -6.9017762
            ],
            [
              107.6937106,
              -6.9014721
            ],
            [
              107.6933832,
              -6.901493
            ]
          ]
        ]
      },
      "id": "way/406606436"
    },
    {
      "type": "Feature",
      "properties": {
        "@id": "way/406606438",
        "leisure": "park"
      },
      "geometry": {
        "type": "Polygon",
        "coordinates": [
          [
            [
              107.6934591,
              -6.9003093
            ],
            [
              107.6939113,
              -6.9001227
            ],
            [
              107.6934503,
              -6.9000119
            ],
            [
              107.6932887,
              -6.900111
            ],
            [
              107.6934591,
              -6.9003093
            ]
          ]
        ]
      },
      "id": "way/406606438"
    },
    {
      "type": "Feature",
      "properties": {
        "@id": "way/408874931",
        "leisure": "park"
      },
      "geometry": {
        "type": "Polygon",
        "coordinates": [
          [
            [
              107.5982656,
              -6.9003856
            ],
            [
              107.5982683,
              -6.9007823
            ],
            [
              107.5982656,
              -6.900958
            ],
            [
              107.5982743,
              -6.9011192
            ],
            [
              107.5982899,
              -6.9011678
            ],
            [
              107.5983246,
              -6.9011977
            ],
            [
              107.5983568,
              -6.9012243
            ],
            [
              107.5984006,
              -6.9012429
            ],
            [
              107.5984774,
              -6.9012188
            ],
            [
              107.5985339,
              -6.9011817
            ],
            [
              107.5985526,
              -6.9011338
            ],
            [
              107.5985634,
              -6.900391
            ],
            [
              107.5982656,
              -6.9003856
            ]
          ]
        ]
      },
      "id": "way/408874931"
    },
    {
      "type": "Feature",
      "properties": {
        "@id": "way/409819040",
        "fee": "no",
        "leisure": "park",
        "name": "Taman Teras Cikapundung"
      },
      "geometry": {
        "type": "Polygon",
        "coordinates": [
          [
            [
              107.6074146,
              -6.8845603
            ],
            [
              107.6076041,
              -6.8845297
            ],
            [
              107.6075927,
              -6.8844907
            ],
            [
              107.6075794,
              -6.8844471
            ],
            [
              107.6075073,
              -6.8842601
            ],
            [
              107.6074536,
              -6.8841365
            ],
            [
              107.6074021,
              -6.8840181
            ],
            [
              107.6072421,
              -6.8839797
            ],
            [
              107.6070105,
              -6.884006
            ],
            [
              107.6068253,
              -6.8840297
            ],
            [
              107.6066582,
              -6.8840551
            ],
            [
              107.60623,
              -6.8841213
            ],
            [
              107.6062839,
              -6.8842968
            ],
            [
              107.6063565,
              -6.8843618
            ],
            [
              107.6068051,
              -6.8846132
            ],
            [
              107.6071701,
              -6.8845932
            ],
            [
              107.6074146,
              -6.8845603
            ]
          ]
        ]
      },
      "id": "way/409819040"
    },
    {
      "type": "Feature",
      "properties": {
        "@id": "way/410281036",
        "leisure": "park",
        "name": "Taman Rajiman"
      },
      "geometry": {
        "type": "Polygon",
        "coordinates": [
          [
            [
              107.6010484,
              -6.9036395
            ],
            [
              107.6010178,
              -6.9036905
            ],
            [
              107.601003,
              -6.9037479
            ],
            [
              107.601005,
              -6.9038072
            ],
            [
              107.6010238,
              -6.9038635
            ],
            [
              107.6010578,
              -6.9039123
            ],
            [
              107.6011042,
              -6.9039496
            ],
            [
              107.6011594,
              -6.9039724
            ],
            [
              107.6012188,
              -6.9039789
            ],
            [
              107.6012776,
              -6.9039684
            ],
            [
              107.6013311,
              -6.903942
            ],
            [
              107.6013749,
              -6.9039016
            ],
            [
              107.6014055,
              -6.9038506
            ],
            [
              107.6014204,
              -6.9037932
            ],
            [
              107.6014183,
              -6.9037339
            ],
            [
              107.6013996,
              -6.9036776
            ],
            [
              107.6013656,
              -6.9036288
            ],
            [
              107.6013191,
              -6.9035915
            ],
            [
              107.6012639,
              -6.9035687
            ],
            [
              107.6012045,
              -6.9035622
            ],
            [
              107.6011457,
              -6.9035727
            ],
            [
              107.6010922,
              -6.9035992
            ],
            [
              107.6010484,
              -6.9036395
            ]
          ]
        ]
      },
      "id": "way/410281036"
    },
    {
      "type": "Feature",
      "properties": {
        "@id": "way/412073417",
        "leisure": "park"
      },
      "geometry": {
        "type": "Polygon",
        "coordinates": [
          [
            [
              107.6285349,
              -6.9323773
            ],
            [
              107.6284034,
              -6.9328832
            ],
            [
              107.6291357,
              -6.9330563
            ],
            [
              107.6292537,
              -6.9325397
            ],
            [
              107.6285349,
              -6.9323773
            ]
          ]
        ]
      },
      "id": "way/412073417"
    },
    {
      "type": "Feature",
      "properties": {
        "@id": "way/413681134",
        "leisure": "park",
        "name": "Alun Alun Pinus"
      },
      "geometry": {
        "type": "Polygon",
        "coordinates": [
          [
            [
              107.6979392,
              -6.9653751
            ],
            [
              107.6978344,
              -6.965655
            ],
            [
              107.6985338,
              -6.9658064
            ],
            [
              107.6986032,
              -6.965603
            ],
            [
              107.6979392,
              -6.9653751
            ]
          ]
        ]
      },
      "id": "way/413681134"
    },
    {
      "type": "Feature",
      "properties": {
        "@id": "way/413681149",
        "leisure": "park"
      },
      "geometry": {
        "type": "Polygon",
        "coordinates": [
          [
            [
              107.6890852,
              -6.9654221
            ],
            [
              107.6890704,
              -6.9657526
            ],
            [
              107.6895131,
              -6.9658054
            ],
            [
              107.6893851,
              -6.9654447
            ],
            [
              107.6890852,
              -6.9654221
            ]
          ]
        ]
      },
      "id": "way/413681149"
    },
    {
      "type": "Feature",
      "properties": {
        "@id": "way/522949099",
        "leisure": "park"
      },
      "geometry": {
        "type": "Polygon",
        "coordinates": [
          [
            [
              107.6103263,
              -6.8702781
            ],
            [
              107.6103034,
              -6.8703352
            ],
            [
              107.610385,
              -6.8703697
            ],
            [
              107.6104079,
              -6.8703115
            ],
            [
              107.6103263,
              -6.8702781
            ]
          ]
        ]
      },
      "id": "way/522949099"
    },
    {
      "type": "Feature",
      "properties": {
        "@id": "way/529801202",
        "leisure": "park",
        "name": "Amanda Brownies Parking spot"
      },
      "geometry": {
        "type": "Polygon",
        "coordinates": [
          [
            [
              107.6135536,
              -6.8867401
            ],
            [
              107.6134933,
              -6.8867362
            ],
            [
              107.6132514,
              -6.8867206
            ],
            [
              107.6132508,
              -6.886741
            ],
            [
              107.6132434,
              -6.8870082
            ],
            [
              107.6134746,
              -6.887017
            ],
            [
              107.6135435,
              -6.8870196
            ],
            [
              107.6135536,
              -6.8867401
            ]
          ]
        ]
      },
      "id": "way/529801202"
    },
    {
      "type": "Feature",
      "properties": {
        "@id": "way/529803404",
        "leisure": "park",
        "name": "Taman Mesjid Agung Cimahi"
      },
      "geometry": {
        "type": "Polygon",
        "coordinates": [
          [
            [
              107.5419967,
              -6.8726206
            ],
            [
              107.541657,
              -6.8731813
            ],
            [
              107.541886,
              -6.873318
            ],
            [
              107.5422256,
              -6.8727573
            ],
            [
              107.5419967,
              -6.8726206
            ]
          ]
        ]
      },
      "id": "way/529803404"
    },
    {
      "type": "Feature",
      "properties": {
        "@id": "way/538094726",
        "access": "yes",
        "addr:city": "Bandung",
        "addr:full": "Jl. Banda No. 28, Citarum, Bandung Wetan",
        "leisure": "park",
        "name": "Taman Saparua",
        "opening_hours": "24/7",
        "source": "POI_WRI_Survey_2023",
        "wheelchair": "yes"
      },
      "geometry": {
        "type": "Polygon",
        "coordinates": [
          [
            [
              107.615474,
              -6.9080653
            ],
            [
              107.6161984,
              -6.9095532
            ],
            [
              107.6173784,
              -6.9091301
            ],
            [
              107.6170234,
              -6.9074667
            ],
            [
              107.6158795,
              -6.907892
            ],
            [
              107.615474,
              -6.9080653
            ]
          ]
        ]
      },
      "id": "way/538094726"
    },
    {
      "type": "Feature",
      "properties": {
        "@id": "way/538094727",
        "access": "yes",
        "addr:city": "Bandung",
        "addr:full": "Jl. Seram, Citarum, Bandung Wetan",
        "leisure": "park",
        "name": "Taman Maluku",
        "opening_hours": "24/7",
        "source": "S2City_POI_2022",
        "wheelchair": "limited"
      },
      "geometry": {
        "type": "Polygon",
        "coordinates": [
          [
            [
              107.6138263,
              -6.9089769
            ],
            [
              107.6150077,
              -6.9099238
            ],
            [
              107.6160782,
              -6.9095531
            ],
            [
              107.6158549,
              -6.9090571
            ],
            [
              107.6154485,
              -6.9092037
            ],
            [
              107.6152816,
              -6.9091989
            ],
            [
              107.6150783,
              -6.9091931
            ],
            [
              107.6145387,
              -6.9091513
            ],
            [
              107.6146009,
              -6.9086233
            ],
            [
              107.6138263,
              -6.9089769
            ]
          ]
        ]
      },
      "id": "way/538094727"
    },
    {
      "type": "Feature",
      "properties": {
        "@id": "way/545973406",
        "leisure": "park",
        "name": "Taman Parkir Umum"
      },
      "geometry": {
        "type": "Polygon",
        "coordinates": [
          [
            [
              107.6246597,
              -6.885278
            ],
            [
              107.62439,
              -6.8854797
            ],
            [
              107.6243988,
              -6.885492
            ],
            [
              107.624474,
              -6.8855979
            ],
            [
              107.6246835,
              -6.8854444
            ],
            [
              107.6247507,
              -6.8853951
            ],
            [
              107.6246597,
              -6.885278
            ]
          ]
        ]
      },
      "id": "way/545973406"
    },
    {
      "type": "Feature",
      "properties": {
        "@id": "way/545973409",
        "access": "private",
        "addr:city": "Bandung",
        "addr:full": "Jl. Terusan Cigadung No. 15",
        "leisure": "park",
        "name": "Bumi Samami",
        "opening_hours": "Mo-Su 08:00-16:00",
        "source": "S2City_POI_2022",
        "wheelchair": "no"
      },
      "geometry": {
        "type": "Polygon",
        "coordinates": [
          [
            [
              107.6231197,
              -6.8835825
            ],
            [
              107.6231687,
              -6.8837123
            ],
            [
              107.6232465,
              -6.8838494
            ],
            [
              107.6233175,
              -6.8839726
            ],
            [
              107.6234771,
              -6.8842801
            ],
            [
              107.6238345,
              -6.8840704
            ],
            [
              107.623921,
              -6.8841823
            ],
            [
              107.623956,
              -6.8842556
            ],
            [
              107.6239613,
              -6.8843522
            ],
            [
              107.6239188,
              -6.8844242
            ],
            [
              107.623829,
              -6.8845105
            ],
            [
              107.6240144,
              -6.8847141
            ],
            [
              107.6241577,
              -6.8846192
            ],
            [
              107.6242426,
              -6.8846544
            ],
            [
              107.6242781,
              -6.8847405
            ],
            [
              107.6243187,
              -6.8847
            ],
            [
              107.6243453,
              -6.8846034
            ],
            [
              107.6242922,
              -6.8844383
            ],
            [
              107.6241665,
              -6.8842116
            ],
            [
              107.6239418,
              -6.8838339
            ],
            [
              107.6236923,
              -6.8833473
            ],
            [
              107.623629,
              -6.8833689
            ],
            [
              107.6236046,
              -6.8833772
            ],
            [
              107.6235931,
              -6.8833811
            ],
            [
              107.6234785,
              -6.8833694
            ],
            [
              107.623337,
              -6.8833741
            ],
            [
              107.6231942,
              -6.8834473
            ],
            [
              107.6231305,
              -6.8835186
            ],
            [
              107.6231197,
              -6.8835825
            ]
          ]
        ]
      },
      "id": "way/545973409"
    },
    {
      "type": "Feature",
      "properties": {
        "@id": "way/545984955",
        "access": "yes",
        "addr:city": "Bandung",
        "addr:full": "Jalan Tubagus Ismail Raya",
        "leisure": "park",
        "name": "Taman Binaan LPM",
        "opening_hours": "24/7",
        "source": "S2City_POI_2022",
        "wheelchair": "no"
      },
      "geometry": {
        "type": "Polygon",
        "coordinates": [
          [
            [
              107.6155586,
              -6.8850204
            ],
            [
              107.6155544,
              -6.8850314
            ],
            [
              107.6156617,
              -6.8853916
            ],
            [
              107.615668,
              -6.885396
            ],
            [
              107.615675,
              -6.8853943
            ],
            [
              107.6157882,
              -6.8851396
            ],
            [
              107.6157899,
              -6.8851236
            ],
            [
              107.61578,
              -6.8851107
            ],
            [
              107.6155691,
              -6.8850161
            ],
            [
              107.6155586,
              -6.8850204
            ]
          ]
        ]
      },
      "id": "way/545984955"
    },
    {
      "type": "Feature",
      "properties": {
        "@id": "way/545984956",
        "leisure": "park",
        "name": "Dago North Pedestrian 1"
      },
      "geometry": {
        "type": "Polygon",
        "coordinates": [
          [
            [
              107.6131525,
              -6.8853842
            ],
            [
              107.6131645,
              -6.8854019
            ],
            [
              107.613188,
              -6.885388
            ],
            [
              107.6132173,
              -6.8853706
            ],
            [
              107.6132874,
              -6.8853364
            ],
            [
              107.613323,
              -6.8853191
            ],
            [
              107.6133688,
              -6.885305
            ],
            [
              107.6134989,
              -6.8853232
            ],
            [
              107.6135334,
              -6.8853484
            ],
            [
              107.6135558,
              -6.8853928
            ],
            [
              107.6135629,
              -6.8854655
            ],
            [
              107.6135375,
              -6.8858892
            ],
            [
              107.6135085,
              -6.8864548
            ],
            [
              107.6134933,
              -6.8867362
            ],
            [
              107.6135536,
              -6.8867401
            ],
            [
              107.6135581,
              -6.8865104
            ],
            [
              107.6135917,
              -6.8861135
            ],
            [
              107.6136021,
              -6.8859039
            ],
            [
              107.6136097,
              -6.8857966
            ],
            [
              107.6136266,
              -6.8856541
            ],
            [
              107.6136403,
              -6.885483
            ],
            [
              107.6136485,
              -6.8853902
            ],
            [
              107.6136363,
              -6.8853347
            ],
            [
              107.6136027,
              -6.8852762
            ],
            [
              107.6132634,
              -6.8852492
            ],
            [
              107.6131181,
              -6.8853409
            ],
            [
              107.6131525,
              -6.8853842
            ]
          ]
        ]
      },
      "id": "way/545984956"
    },
    {
      "type": "Feature",
      "properties": {
        "@id": "way/545984957",
        "leisure": "park"
      },
      "geometry": {
        "type": "Polygon",
        "coordinates": [
          [
            [
              107.6134746,
              -6.887017
            ],
            [
              107.6134563,
              -6.8872654
            ],
            [
              107.6134413,
              -6.8872856
            ],
            [
              107.6133882,
              -6.8873111
            ],
            [
              107.6132979,
              -6.887326
            ],
            [
              107.6131095,
              -6.887326
            ],
            [
              107.6119873,
              -6.8872674
            ],
            [
              107.611984,
              -6.8873225
            ],
            [
              107.6120238,
              -6.8873269
            ],
            [
              107.6124146,
              -6.887347
            ],
            [
              107.6125682,
              -6.8873563
            ],
            [
              107.6128934,
              -6.8873703
            ],
            [
              107.6131663,
              -6.8873909
            ],
            [
              107.6132957,
              -6.8873949
            ],
            [
              107.6134071,
              -6.8873903
            ],
            [
              107.6134748,
              -6.887365
            ],
            [
              107.613513,
              -6.8873364
            ],
            [
              107.613517,
              -6.8873137
            ],
            [
              107.6135373,
              -6.8870254
            ],
            [
              107.6134746,
              -6.887017
            ]
          ]
        ]
      },
      "id": "way/545984957"
    },
    {
      "type": "Feature",
      "properties": {
        "@id": "way/545984959",
        "leisure": "park"
      },
      "geometry": {
        "type": "Polygon",
        "coordinates": [
          [
            [
              107.6119824,
              -6.8873485
            ],
            [
              107.6119814,
              -6.887421
            ],
            [
              107.6120465,
              -6.8874292
            ],
            [
              107.6132985,
              -6.8875246
            ],
            [
              107.6133755,
              -6.8875466
            ],
            [
              107.6133989,
              -6.8875848
            ],
            [
              107.6133745,
              -6.8882664
            ],
            [
              107.6133531,
              -6.8887814
            ],
            [
              107.6132941,
              -6.8893433
            ],
            [
              107.6131958,
              -6.8902146
            ],
            [
              107.6131084,
              -6.8910438
            ],
            [
              107.6130465,
              -6.8917242
            ],
            [
              107.6129753,
              -6.8924833
            ],
            [
              107.6129386,
              -6.8929051
            ],
            [
              107.6129291,
              -6.8930143
            ],
            [
              107.6128753,
              -6.893542
            ],
            [
              107.6128661,
              -6.8935723
            ],
            [
              107.6127787,
              -6.8935672
            ],
            [
              107.6125256,
              -6.8935259
            ],
            [
              107.6119573,
              -6.8934055
            ],
            [
              107.6118617,
              -6.8933769
            ],
            [
              107.6118563,
              -6.8934655
            ],
            [
              107.6118615,
              -6.8935265
            ],
            [
              107.6119555,
              -6.8935512
            ],
            [
              107.6120218,
              -6.8935642
            ],
            [
              107.6126359,
              -6.893663
            ],
            [
              107.6127457,
              -6.8936746
            ],
            [
              107.612842,
              -6.8936752
            ],
            [
              107.6128963,
              -6.8936596
            ],
            [
              107.6129494,
              -6.8936242
            ],
            [
              107.6129611,
              -6.893568
            ],
            [
              107.6130296,
              -6.8928554
            ],
            [
              107.6132214,
              -6.8908407
            ],
            [
              107.6133613,
              -6.8896696
            ],
            [
              107.6133869,
              -6.889388
            ],
            [
              107.6134472,
              -6.8888094
            ],
            [
              107.6134722,
              -6.888314
            ],
            [
              107.6135087,
              -6.8875118
            ],
            [
              107.6135091,
              -6.887482
            ],
            [
              107.6134999,
              -6.8874613
            ],
            [
              107.6134594,
              -6.8874403
            ],
            [
              107.6134155,
              -6.8874239
            ],
            [
              107.6133439,
              -6.8874174
            ],
            [
              107.6119824,
              -6.8873485
            ]
          ]
        ]
      },
      "id": "way/545984959"
    },
    {
      "type": "Feature",
      "properties": {
        "@id": "way/545984964",
        "leisure": "park"
      },
      "geometry": {
        "type": "Polygon",
        "coordinates": [
          [
            [
              107.6118213,
              -6.8933741
            ],
            [
              107.6116124,
              -6.8932941
            ],
            [
              107.6116103,
              -6.8932533
            ],
            [
              107.6109129,
              -6.8930216
            ],
            [
              107.6109143,
              -6.8927946
            ],
            [
              107.6105523,
              -6.8928015
            ],
            [
              107.6105693,
              -6.89291
            ],
            [
              107.6105846,
              -6.8931181
            ],
            [
              107.6106231,
              -6.8931598
            ],
            [
              107.6107212,
              -6.8931726
            ],
            [
              107.610878,
              -6.8932004
            ],
            [
              107.6111272,
              -6.8932589
            ],
            [
              107.611547,
              -6.8934006
            ],
            [
              107.6118264,
              -6.8935094
            ],
            [
              107.6118213,
              -6.8933741
            ]
          ]
        ]
      },
      "id": "way/545984964"
    },
    {
      "type": "Feature",
      "properties": {
        "@id": "way/545984965",
        "leisure": "park"
      },
      "geometry": {
        "type": "Polygon",
        "coordinates": [
          [
            [
              107.6102625,
              -6.8928377
            ],
            [
              107.6098705,
              -6.8928468
            ],
            [
              107.6098458,
              -6.8930497
            ],
            [
              107.6088737,
              -6.893345
            ],
            [
              107.6086205,
              -6.8934782
            ],
            [
              107.6085587,
              -6.893455
            ],
            [
              107.6082589,
              -6.892455
            ],
            [
              107.608244,
              -6.8914956
            ],
            [
              107.6082599,
              -6.889912
            ],
            [
              107.6082614,
              -6.8898484
            ],
            [
              107.6082618,
              -6.8897988
            ],
            [
              107.608262,
              -6.8897588
            ],
            [
              107.6082777,
              -6.8888467
            ],
            [
              107.6081916,
              -6.8888493
            ],
            [
              107.6081952,
              -6.8896385
            ],
            [
              107.6081791,
              -6.8900805
            ],
            [
              107.6081727,
              -6.890817
            ],
            [
              107.6081711,
              -6.8914998
            ],
            [
              107.6081752,
              -6.8920734
            ],
            [
              107.6081765,
              -6.8923945
            ],
            [
              107.6081971,
              -6.8925159
            ],
            [
              107.6082756,
              -6.8928143
            ],
            [
              107.6084654,
              -6.8933882
            ],
            [
              107.6085197,
              -6.8935514
            ],
            [
              107.6085547,
              -6.8936567
            ],
            [
              107.6086186,
              -6.8936319
            ],
            [
              107.6087531,
              -6.8935797
            ],
            [
              107.6090054,
              -6.8934818
            ],
            [
              107.6093543,
              -6.8933439
            ],
            [
              107.6097943,
              -6.8932693
            ],
            [
              107.610043,
              -6.8932272
            ],
            [
              107.6101995,
              -6.8931979
            ],
            [
              107.6102615,
              -6.8931354
            ],
            [
              107.6102625,
              -6.8928377
            ]
          ]
        ]
      },
      "id": "way/545984965"
    },
    {
      "type": "Feature",
      "properties": {
        "@id": "way/545984966",
        "leisure": "park"
      },
      "geometry": {
        "type": "Polygon",
        "coordinates": [
          [
            [
              107.6081916,
              -6.8888493
            ],
            [
              107.6082777,
              -6.8888467
            ],
            [
              107.6082916,
              -6.8884327
            ],
            [
              107.6083269,
              -6.8882081
            ],
            [
              107.6083947,
              -6.8880005
            ],
            [
              107.6085861,
              -6.8879351
            ],
            [
              107.6093271,
              -6.8878808
            ],
            [
              107.6097173,
              -6.8878527
            ],
            [
              107.6102704,
              -6.8878234
            ],
            [
              107.6102684,
              -6.8877302
            ],
            [
              107.6097574,
              -6.8877695
            ],
            [
              107.6092418,
              -6.8878148
            ],
            [
              107.6086262,
              -6.8878687
            ],
            [
              107.6084532,
              -6.887888
            ],
            [
              107.6083674,
              -6.8879353
            ],
            [
              107.6083106,
              -6.8880141
            ],
            [
              107.608265,
              -6.8880887
            ],
            [
              107.6082221,
              -6.8882298
            ],
            [
              107.6081916,
              -6.8888493
            ]
          ]
        ]
      },
      "id": "way/545984966"
    },
    {
      "type": "Feature",
      "properties": {
        "@id": "way/545984970",
        "leisure": "park"
      },
      "geometry": {
        "type": "Polygon",
        "coordinates": [
          [
            [
              107.6090018,
              -6.895046
            ],
            [
              107.6089836,
              -6.8950919
            ],
            [
              107.6091528,
              -6.8953929
            ],
            [
              107.6093838,
              -6.895779
            ],
            [
              107.6094554,
              -6.896101
            ],
            [
              107.6096575,
              -6.896849
            ],
            [
              107.610495,
              -6.8965927
            ],
            [
              107.6106954,
              -6.8966116
            ],
            [
              107.6106885,
              -6.8965259
            ],
            [
              107.6108595,
              -6.8965152
            ],
            [
              107.6110867,
              -6.8964494
            ],
            [
              107.6111275,
              -6.8965733
            ],
            [
              107.6112699,
              -6.8965227
            ],
            [
              107.6111422,
              -6.8961121
            ],
            [
              107.611481,
              -6.8959926
            ],
            [
              107.6116606,
              -6.8949169
            ],
            [
              107.6116595,
              -6.8948665
            ],
            [
              107.611625,
              -6.89481
            ],
            [
              107.6115599,
              -6.8947848
            ],
            [
              107.6107776,
              -6.8948016
            ],
            [
              107.6107703,
              -6.8948568
            ],
            [
              107.6115112,
              -6.8948534
            ],
            [
              107.6115373,
              -6.894874
            ],
            [
              107.6115447,
              -6.8949109
            ],
            [
              107.6114207,
              -6.8956222
            ],
            [
              107.6109464,
              -6.8956025
            ],
            [
              107.6109342,
              -6.8958953
            ],
            [
              107.6108326,
              -6.8960179
            ],
            [
              107.6105371,
              -6.8960753
            ],
            [
              107.6102571,
              -6.896041
            ],
            [
              107.6101451,
              -6.8959911
            ],
            [
              107.6100873,
              -6.8959331
            ],
            [
              107.6100857,
              -6.8950418
            ],
            [
              107.6090018,
              -6.895046
            ]
          ]
        ]
      },
      "id": "way/545984970"
    },
    {
      "type": "Feature",
      "properties": {
        "@id": "way/545984972",
        "access": "private",
        "addr:city": "Bandung",
        "addr:full": "Jalan Badaksinga depan PDAM",
        "leisure": "park",
        "name": "Taman Kota RTH Tirtawening",
        "opening_hours": "24/7",
        "source": "S2City_POI_2022",
        "wheelchair": "limited"
      },
      "geometry": {
        "type": "Polygon",
        "coordinates": [
          [
            [
              107.6103012,
              -6.8967322
            ],
            [
              107.610305,
              -6.8967394
            ],
            [
              107.610566,
              -6.8968796
            ],
            [
              107.610577,
              -6.8968813
            ],
            [
              107.6105878,
              -6.8968785
            ],
            [
              107.6108298,
              -6.8967604
            ],
            [
              107.6108334,
              -6.8967525
            ],
            [
              107.6108309,
              -6.8967442
            ],
            [
              107.6107297,
              -6.8966484
            ],
            [
              107.6107195,
              -6.896642
            ],
            [
              107.6107072,
              -6.8966381
            ],
            [
              107.6105397,
              -6.8966175
            ],
            [
              107.6105246,
              -6.8966182
            ],
            [
              107.610507,
              -6.8966235
            ],
            [
              107.6103047,
              -6.8967253
            ],
            [
              107.6103012,
              -6.8967322
            ]
          ]
        ]
      },
      "id": "way/545984972"
    },
    {
      "type": "Feature",
      "properties": {
        "@id": "way/545984973",
        "access": "yes",
        "addr:city": "Bandung",
        "addr:full": "Jl Cihampelas",
        "leisure": "park",
        "name": "Taman Tugu KB",
        "opening_hours": "24/7",
        "source": "S2City_POI_2022",
        "wheelchair": "no"
      },
      "geometry": {
        "type": "Polygon",
        "coordinates": [
          [
            [
              107.6043216,
              -6.8845827
            ],
            [
              107.6044694,
              -6.8848568
            ],
            [
              107.6044906,
              -6.8848691
            ],
            [
              107.6045074,
              -6.8848506
            ],
            [
              107.604595,
              -6.8845098
            ],
            [
              107.604541,
              -6.8845608
            ],
            [
              107.6043782,
              -6.8846012
            ],
            [
              107.6043216,
              -6.8845827
            ]
          ]
        ]
      },
      "id": "way/545984973"
    },
    {
      "type": "Feature",
      "properties": {
        "@id": "way/545984974",
        "leisure": "park",
        "name": "Taman Hegarmanah",
        "source": "POI_WRI_Survey_2023",
        "wheelchair": "no"
      },
      "geometry": {
        "type": "Polygon",
        "coordinates": [
          [
            [
              107.5999408,
              -6.8778203
            ],
            [
              107.5998647,
              -6.8778482
            ],
            [
              107.6000457,
              -6.8781772
            ],
            [
              107.6001411,
              -6.8783551
            ],
            [
              107.6002445,
              -6.878526
            ],
            [
              107.600323,
              -6.8786394
            ],
            [
              107.6003786,
              -6.877844
            ],
            [
              107.6003866,
              -6.8776919
            ],
            [
              107.5999408,
              -6.8778203
            ]
          ]
        ]
      },
      "id": "way/545984974"
    },
    {
      "type": "Feature",
      "properties": {
        "@id": "way/546210764",
        "access": "yes",
        "addr:city": "Bandung",
        "addr:full": "Jalan Siliwangi",
        "leisure": "park",
        "name": "Taman Segitiga Dago",
        "opening_hours": "24/7",
        "source": "S2City_POI_2022",
        "wheelchair": "limited"
      },
      "geometry": {
        "type": "Polygon",
        "coordinates": [
          [
            [
              107.6129118,
              -6.8851679
            ],
            [
              107.6129107,
              -6.8851753
            ],
            [
              107.612944,
              -6.8853294
            ],
            [
              107.6129465,
              -6.8853331
            ],
            [
              107.6129519,
              -6.8853319
            ],
            [
              107.613143,
              -6.8851973
            ],
            [
              107.6131437,
              -6.8851911
            ],
            [
              107.6131409,
              -6.8851854
            ],
            [
              107.6129189,
              -6.8851639
            ],
            [
              107.6129118,
              -6.8851679
            ]
          ]
        ]
      },
      "id": "way/546210764"
    },
    {
      "type": "Feature",
      "properties": {
        "@id": "way/546475068",
        "leisure": "park"
      },
      "geometry": {
        "type": "Polygon",
        "coordinates": [
          [
            [
              107.6098894,
              -6.8932851
            ],
            [
              107.6100133,
              -6.8934668
            ],
            [
              107.610162,
              -6.8932631
            ],
            [
              107.6098894,
              -6.8932851
            ]
          ]
        ]
      },
      "id": "way/546475068"
    },
    {
      "type": "Feature",
      "properties": {
        "@id": "way/546550579",
        "leisure": "park"
      },
      "geometry": {
        "type": "Polygon",
        "coordinates": [
          [
            [
              107.5460686,
              -6.8759994
            ],
            [
              107.5460757,
              -6.876017
            ],
            [
              107.5460832,
              -6.8760526
            ],
            [
              107.5460823,
              -6.876082
            ],
            [
              107.5460664,
              -6.8761185
            ],
            [
              107.546047,
              -6.876158
            ],
            [
              107.5460736,
              -6.8761271
            ],
            [
              107.5461014,
              -6.8761022
            ],
            [
              107.5461294,
              -6.8760871
            ],
            [
              107.5461577,
              -6.8760834
            ],
            [
              107.5461758,
              -6.8760819
            ],
            [
              107.5462292,
              -6.8760789
            ],
            [
              107.5462408,
              -6.8760775
            ],
            [
              107.5460686,
              -6.8759994
            ]
          ]
        ]
      },
      "id": "way/546550579"
    },
    {
      "type": "Feature",
      "properties": {
        "@id": "way/546640085",
        "access": "yes",
        "addr:city": "Bandung",
        "addr:full": "Jalan Surapati",
        "leisure": "park",
        "name": "Taman Gasibu",
        "opening_hours": "24/7",
        "source": "POI_WRI_Survey_2023",
        "tactile_paving": "yes",
        "wheelchair": "yes"
      },
      "geometry": {
        "type": "Polygon",
        "coordinates": [
          [
            [
              107.6181574,
              -6.8995132
            ],
            [
              107.6181564,
              -6.8995495
            ],
            [
              107.6181468,
              -6.9010885
            ],
            [
              107.6181651,
              -6.9011386
            ],
            [
              107.6182093,
              -6.9011771
            ],
            [
              107.618275,
              -6.9011947
            ],
            [
              107.6190937,
              -6.9011628
            ],
            [
              107.6191376,
              -6.9011369
            ],
            [
              107.6191664,
              -6.9010985
            ],
            [
              107.6191755,
              -6.9010539
            ],
            [
              107.6191526,
              -6.8995699
            ],
            [
              107.6191424,
              -6.8995105
            ],
            [
              107.6191142,
              -6.8994698
            ],
            [
              107.6190576,
              -6.89945
            ],
            [
              107.6183543,
              -6.8994783
            ],
            [
              107.6182162,
              -6.8994873
            ],
            [
              107.6181725,
              -6.8994968
            ],
            [
              107.6181574,
              -6.8995132
            ]
          ]
        ]
      },
      "id": "way/546640085"
    },
    {
      "type": "Feature",
      "properties": {
        "@id": "way/546640087",
        "leisure": "park",
        "name": "Taman Cibeunying",
        "source": "POI_WRI_Survey_2023",
        "tactile_paving": "yes"
      },
      "geometry": {
        "type": "Polygon",
        "coordinates": [
          [
            [
              107.6241946,
              -6.905032
            ],
            [
              107.6244875,
              -6.905736
            ],
            [
              107.6245295,
              -6.9058148
            ],
            [
              107.6245809,
              -6.9058589
            ],
            [
              107.6246159,
              -6.9058797
            ],
            [
              107.624749,
              -6.9059029
            ],
            [
              107.6248424,
              -6.9058913
            ],
            [
              107.6249038,
              -6.9058671
            ],
            [
              107.624707,
              -6.9054045
            ],
            [
              107.6244923,
              -6.9049015
            ],
            [
              107.6241946,
              -6.905032
            ]
          ]
        ]
      },
      "id": "way/546640087"
    },
    {
      "type": "Feature",
      "properties": {
        "@id": "way/546640088",
        "leisure": "park"
      },
      "geometry": {
        "type": "Polygon",
        "coordinates": [
          [
            [
              107.6247747,
              -6.9063902
            ],
            [
              107.6255823,
              -6.9071824
            ],
            [
              107.6261637,
              -6.907751
            ],
            [
              107.6264668,
              -6.9079308
            ],
            [
              107.6267564,
              -6.9080346
            ],
            [
              107.626795,
              -6.9080184
            ],
            [
              107.6268084,
              -6.9079904
            ],
            [
              107.6266931,
              -6.9076429
            ],
            [
              107.6266757,
              -6.9076136
            ],
            [
              107.6266515,
              -6.907559
            ],
            [
              107.6266421,
              -6.9075444
            ],
            [
              107.6266126,
              -6.9075298
            ],
            [
              107.6265711,
              -6.9075337
            ],
            [
              107.6265123,
              -6.9075167
            ],
            [
              107.6263368,
              -6.907418
            ],
            [
              107.6260415,
              -6.9071525
            ],
            [
              107.6258188,
              -6.9068585
            ],
            [
              107.6257295,
              -6.9067522
            ],
            [
              107.6255948,
              -6.9065986
            ],
            [
              107.6253875,
              -6.9063891
            ],
            [
              107.6251669,
              -6.9060865
            ],
            [
              107.6251426,
              -6.9060714
            ],
            [
              107.6251085,
              -6.9060766
            ],
            [
              107.6250312,
              -6.9061349
            ],
            [
              107.6247747,
              -6.9063902
            ]
          ]
        ]
      },
      "id": "way/546640088"
    },
    {
      "type": "Feature",
      "properties": {
        "@id": "way/546640090",
        "leisure": "park",
        "name": "Taman Sejarah",
        "source": "POI_WRI_Survey_2023",
        "tactile_paving": "yes"
      },
      "geometry": {
        "type": "Polygon",
        "coordinates": [
          [
            [
              107.6098407,
              -6.9101914
            ],
            [
              107.6099715,
              -6.9101914
            ],
            [
              107.6099664,
              -6.9103618
            ],
            [
              107.610417,
              -6.9103722
            ],
            [
              107.6104032,
              -6.9107563
            ],
            [
              107.6104548,
              -6.910762
            ],
            [
              107.6104945,
              -6.9107663
            ],
            [
              107.6105272,
              -6.9102703
            ],
            [
              107.6105109,
              -6.9102007
            ],
            [
              107.6104829,
              -6.9101289
            ],
            [
              107.6104408,
              -6.9100431
            ],
            [
              107.6103988,
              -6.9099689
            ],
            [
              107.6098407,
              -6.9101914
            ]
          ]
        ]
      },
      "id": "way/546640090"
    },
    {
      "type": "Feature",
      "properties": {
        "@id": "way/547802075",
        "leisure": "park"
      },
      "geometry": {
        "type": "Polygon",
        "coordinates": [
          [
            [
              107.63642,
              -6.8980194
            ],
            [
              107.6363998,
              -6.89809
            ],
            [
              107.6363945,
              -6.8980947
            ],
            [
              107.6363895,
              -6.8981029
            ],
            [
              107.6363866,
              -6.898114
            ],
            [
              107.6363658,
              -6.8981858
            ],
            [
              107.6365031,
              -6.8982278
            ],
            [
              107.6365266,
              -6.8982251
            ],
            [
              107.6365373,
              -6.8982145
            ],
            [
              107.6365809,
              -6.8980667
            ],
            [
              107.6364479,
              -6.8980276
            ],
            [
              107.63642,
              -6.8980194
            ]
          ]
        ]
      },
      "id": "way/547802075"
    },
    {
      "type": "Feature",
      "properties": {
        "@id": "way/547802083",
        "leisure": "park"
      },
      "geometry": {
        "type": "Polygon",
        "coordinates": [
          [
            [
              107.6360742,
              -6.8957429
            ],
            [
              107.6360681,
              -6.8957675
            ],
            [
              107.6361503,
              -6.8957869
            ],
            [
              107.6361107,
              -6.8959523
            ],
            [
              107.6361505,
              -6.8959617
            ],
            [
              107.6361623,
              -6.8959125
            ],
            [
              107.6362719,
              -6.8959384
            ],
            [
              107.6362436,
              -6.8960565
            ],
            [
              107.6367212,
              -6.8961798
            ],
            [
              107.6367875,
              -6.8959441
            ],
            [
              107.6360742,
              -6.8957429
            ]
          ]
        ]
      },
      "id": "way/547802083"
    },
    {
      "type": "Feature",
      "properties": {
        "@id": "way/547835236",
        "leisure": "park"
      },
      "geometry": {
        "type": "Polygon",
        "coordinates": [
          [
            [
              107.6162195,
              -6.891792
            ],
            [
              107.6162023,
              -6.8918818
            ],
            [
              107.6162676,
              -6.8919081
            ],
            [
              107.6170432,
              -6.8922195
            ],
            [
              107.6170337,
              -6.892824
            ],
            [
              107.6171369,
              -6.8928259
            ],
            [
              107.6171323,
              -6.8932434
            ],
            [
              107.6172439,
              -6.8932466
            ],
            [
              107.617253,
              -6.8928323
            ],
            [
              107.6174067,
              -6.8928361
            ],
            [
              107.617397,
              -6.893248
            ],
            [
              107.6174764,
              -6.8932491
            ],
            [
              107.6175085,
              -6.8932186
            ],
            [
              107.6175417,
              -6.8932059
            ],
            [
              107.6175792,
              -6.8931997
            ],
            [
              107.6176175,
              -6.8931981
            ],
            [
              107.617659,
              -6.8932007
            ],
            [
              107.617691,
              -6.8932106
            ],
            [
              107.6177122,
              -6.8932238
            ],
            [
              107.6177299,
              -6.8932426
            ],
            [
              107.6177427,
              -6.8932636
            ],
            [
              107.6178245,
              -6.8932678
            ],
            [
              107.6177946,
              -6.8925446
            ],
            [
              107.6177847,
              -6.8924831
            ],
            [
              107.6177599,
              -6.8924364
            ],
            [
              107.6177129,
              -6.8923847
            ],
            [
              107.6176522,
              -6.8923466
            ],
            [
              107.6175716,
              -6.8923171
            ],
            [
              107.6162195,
              -6.891792
            ]
          ]
        ]
      },
      "id": "way/547835236"
    },
    {
      "type": "Feature",
      "properties": {
        "@id": "way/547835237",
        "leisure": "park"
      },
      "geometry": {
        "type": "Polygon",
        "coordinates": [
          [
            [
              107.6177674,
              -6.8934665
            ],
            [
              107.6177631,
              -6.8935152
            ],
            [
              107.6177525,
              -6.8935396
            ],
            [
              107.6177296,
              -6.8935647
            ],
            [
              107.6177051,
              -6.8935842
            ],
            [
              107.6176643,
              -6.8936037
            ],
            [
              107.6176144,
              -6.893611
            ],
            [
              107.6175556,
              -6.893602
            ],
            [
              107.6175139,
              -6.8935817
            ],
            [
              107.6174763,
              -6.8935509
            ],
            [
              107.6174573,
              -6.8935173
            ],
            [
              107.6174558,
              -6.893475
            ],
            [
              107.6174044,
              -6.8934747
            ],
            [
              107.6173893,
              -6.8939492
            ],
            [
              107.617239,
              -6.8939435
            ],
            [
              107.6172455,
              -6.8934705
            ],
            [
              107.6171156,
              -6.8934697
            ],
            [
              107.6171188,
              -6.893881
            ],
            [
              107.6170527,
              -6.893881
            ],
            [
              107.6171325,
              -6.8941286
            ],
            [
              107.6173132,
              -6.8944634
            ],
            [
              107.6172293,
              -6.8945333
            ],
            [
              107.6171475,
              -6.894575
            ],
            [
              107.6169004,
              -6.8946619
            ],
            [
              107.6166358,
              -6.8946986
            ],
            [
              107.6166397,
              -6.8947852
            ],
            [
              107.617018,
              -6.8947364
            ],
            [
              107.6171568,
              -6.894702
            ],
            [
              107.6173162,
              -6.8946463
            ],
            [
              107.61742,
              -6.8945813
            ],
            [
              107.6178211,
              -6.8938987
            ],
            [
              107.6178199,
              -6.893468
            ],
            [
              107.6177674,
              -6.8934665
            ]
          ]
        ]
      },
      "id": "way/547835237"
    },
    {
      "type": "Feature",
      "properties": {
        "@id": "way/547901448",
        "leisure": "park"
      },
      "geometry": {
        "type": "Polygon",
        "coordinates": [
          [
            [
              107.6155507,
              -6.8969716
            ],
            [
              107.6154964,
              -6.8970086
            ],
            [
              107.6139987,
              -6.8979923
            ],
            [
              107.6130992,
              -6.8986578
            ],
            [
              107.6130623,
              -6.8986857
            ],
            [
              107.6130483,
              -6.8987057
            ],
            [
              107.6130449,
              -6.8987197
            ],
            [
              107.6130456,
              -6.8987403
            ],
            [
              107.6130503,
              -6.8987663
            ],
            [
              107.6130623,
              -6.8987836
            ],
            [
              107.6130811,
              -6.8987982
            ],
            [
              107.6131012,
              -6.8988069
            ],
            [
              107.6131428,
              -6.8988155
            ],
            [
              107.6131824,
              -6.8988189
            ],
            [
              107.613629,
              -6.8988342
            ],
            [
              107.613629,
              -6.8987004
            ],
            [
              107.6134546,
              -6.8986937
            ],
            [
              107.6134553,
              -6.8986824
            ],
            [
              107.613456,
              -6.8986611
            ],
            [
              107.613456,
              -6.8986445
            ],
            [
              107.6134546,
              -6.8986245
            ],
            [
              107.6134526,
              -6.8986025
            ],
            [
              107.6134479,
              -6.8985692
            ],
            [
              107.6134432,
              -6.8985506
            ],
            [
              107.6134385,
              -6.8985386
            ],
            [
              107.6134345,
              -6.8985253
            ],
            [
              107.6155568,
              -6.8970878
            ],
            [
              107.6158672,
              -6.8975179
            ],
            [
              107.6158672,
              -6.8975272
            ],
            [
              107.6158666,
              -6.8975432
            ],
            [
              107.6158639,
              -6.8975538
            ],
            [
              107.6158592,
              -6.8975618
            ],
            [
              107.615385,
              -6.897847
            ],
            [
              107.6153948,
              -6.8978632
            ],
            [
              107.615102,
              -6.898029
            ],
            [
              107.6151281,
              -6.8980687
            ],
            [
              107.6159097,
              -6.8976164
            ],
            [
              107.6159224,
              -6.8976057
            ],
            [
              107.6159296,
              -6.8975953
            ],
            [
              107.6159337,
              -6.8975878
            ],
            [
              107.6159366,
              -6.8975751
            ],
            [
              107.6159384,
              -6.89756
            ],
            [
              107.615939,
              -6.8975455
            ],
            [
              107.6159366,
              -6.897527
            ],
            [
              107.6159331,
              -6.8975142
            ],
            [
              107.6159238,
              -6.897498
            ],
            [
              107.6155507,
              -6.8969716
            ]
          ]
        ]
      },
      "id": "way/547901448"
    },
    {
      "type": "Feature",
      "properties": {
        "@id": "way/547901449",
        "leisure": "park"
      },
      "geometry": {
        "type": "Polygon",
        "coordinates": [
          [
            [
              107.613629,
              -6.8987004
            ],
            [
              107.613629,
              -6.8988342
            ],
            [
              107.6157902,
              -6.8989231
            ],
            [
              107.6158683,
              -6.8989241
            ],
            [
              107.6159158,
              -6.8989233
            ],
            [
              107.615947,
              -6.89892
            ],
            [
              107.6159807,
              -6.8989056
            ],
            [
              107.6159985,
              -6.898889
            ],
            [
              107.616014,
              -6.8988661
            ],
            [
              107.6160217,
              -6.8988462
            ],
            [
              107.6160294,
              -6.8988103
            ],
            [
              107.6160963,
              -6.8983672
            ],
            [
              107.6160277,
              -6.8983592
            ],
            [
              107.6159992,
              -6.8985519
            ],
            [
              107.6159621,
              -6.8988087
            ],
            [
              107.6159586,
              -6.8988152
            ],
            [
              107.6159455,
              -6.898816
            ],
            [
              107.6154979,
              -6.898766
            ],
            [
              107.6146482,
              -6.8987378
            ],
            [
              107.6145785,
              -6.8987329
            ],
            [
              107.613629,
              -6.8987004
            ]
          ]
        ]
      },
      "id": "way/547901449"
    },
    {
      "type": "Feature",
      "properties": {
        "@id": "way/547914280",
        "leisure": "park",
        "name": "Taman Dinas Perpus dan Arsip Bandung",
        "source": "POI_WRI_Survey_2023",
        "wheelchair": "yes"
      },
      "geometry": {
        "type": "Polygon",
        "coordinates": [
          [
            [
              107.6137695,
              -6.9088937
            ],
            [
              107.6138426,
              -6.908931
            ],
            [
              107.614253,
              -6.9087196
            ],
            [
              107.6141902,
              -6.9086306
            ],
            [
              107.6138472,
              -6.9088107
            ],
            [
              107.613705,
              -6.9084833
            ],
            [
              107.6138158,
              -6.9084155
            ],
            [
              107.6135893,
              -6.9077969
            ],
            [
              107.6136954,
              -6.9077424
            ],
            [
              107.6132665,
              -6.9068994
            ],
            [
              107.6130063,
              -6.9070225
            ],
            [
              107.6129789,
              -6.9070457
            ],
            [
              107.6129656,
              -6.9070739
            ],
            [
              107.6129576,
              -6.9071039
            ],
            [
              107.6129522,
              -6.907161
            ],
            [
              107.6129522,
              -6.9071978
            ],
            [
              107.6129611,
              -6.9072488
            ],
            [
              107.6137695,
              -6.9088937
            ]
          ]
        ]
      },
      "id": "way/547914280"
    },
    {
      "type": "Feature",
      "properties": {
        "@id": "way/547914281",
        "leisure": "park"
      },
      "geometry": {
        "type": "Polygon",
        "coordinates": [
          [
            [
              107.6170458,
              -6.9021516
            ],
            [
              107.6173469,
              -6.9021423
            ],
            [
              107.6173912,
              -6.9021013
            ],
            [
              107.6173716,
              -6.9020828
            ],
            [
              107.617613,
              -6.9018255
            ],
            [
              107.6178381,
              -6.9020227
            ],
            [
              107.6179006,
              -6.9019541
            ],
            [
              107.6178996,
              -6.9018991
            ],
            [
              107.6180968,
              -6.9018946
            ],
            [
              107.6180932,
              -6.9017377
            ],
            [
              107.617893,
              -6.9017372
            ],
            [
              107.6178829,
              -6.9015121
            ],
            [
              107.6182919,
              -6.9015065
            ],
            [
              107.6183021,
              -6.9017401
            ],
            [
              107.6184383,
              -6.9015883
            ],
            [
              107.6184372,
              -6.9014712
            ],
            [
              107.6184342,
              -6.9014541
            ],
            [
              107.618425,
              -6.9014404
            ],
            [
              107.6184144,
              -6.9014349
            ],
            [
              107.6183991,
              -6.9014324
            ],
            [
              107.6183821,
              -6.9014322
            ],
            [
              107.6170891,
              -6.901478
            ],
            [
              107.6170623,
              -6.9014862
            ],
            [
              107.6170506,
              -6.9014966
            ],
            [
              107.6170378,
              -6.9015302
            ],
            [
              107.617034,
              -6.9015652
            ],
            [
              107.6170458,
              -6.9021516
            ]
          ]
        ]
      },
      "id": "way/547914281"
    },
    {
      "type": "Feature",
      "properties": {
        "@id": "way/547914282",
        "leisure": "park"
      },
      "geometry": {
        "type": "Polygon",
        "coordinates": [
          [
            [
              107.6184705,
              -6.9016434
            ],
            [
              107.618455,
              -6.9016448
            ],
            [
              107.6184456,
              -6.9016468
            ],
            [
              107.6184389,
              -6.9016534
            ],
            [
              107.6184282,
              -6.9016674
            ],
            [
              107.6184208,
              -6.9016794
            ],
            [
              107.6184175,
              -6.9016934
            ],
            [
              107.6184249,
              -6.9019237
            ],
            [
              107.6184322,
              -6.9019417
            ],
            [
              107.6184436,
              -6.9019636
            ],
            [
              107.618455,
              -6.9019776
            ],
            [
              107.6184644,
              -6.9019849
            ],
            [
              107.6184738,
              -6.9019889
            ],
            [
              107.6184798,
              -6.9019829
            ],
            [
              107.6184705,
              -6.9016434
            ]
          ]
        ]
      },
      "id": "way/547914282"
    },
    {
      "type": "Feature",
      "properties": {
        "@id": "way/547914283",
        "leisure": "park"
      },
      "geometry": {
        "type": "Polygon",
        "coordinates": [
          [
            [
              107.6183045,
              -6.9019527
            ],
            [
              107.6183117,
              -6.9021244
            ],
            [
              107.6179479,
              -6.9021336
            ],
            [
              107.6179921,
              -6.9021735
            ],
            [
              107.6181562,
              -6.9021705
            ],
            [
              107.6181826,
              -6.9021912
            ],
            [
              107.6181902,
              -6.9021982
            ],
            [
              107.6181989,
              -6.9022003
            ],
            [
              107.6184804,
              -6.9021942
            ],
            [
              107.6184809,
              -6.902176
            ],
            [
              107.6184824,
              -6.9021357
            ],
            [
              107.6184779,
              -6.902115
            ],
            [
              107.6184718,
              -6.9021054
            ],
            [
              107.6184636,
              -6.9020953
            ],
            [
              107.6184535,
              -6.9020857
            ],
            [
              107.6183045,
              -6.9019527
            ]
          ]
        ]
      },
      "id": "way/547914283"
    },
    {
      "type": "Feature",
      "properties": {
        "@id": "way/547914286",
        "leisure": "park"
      },
      "geometry": {
        "type": "Polygon",
        "coordinates": [
          [
            [
              107.6175447,
              -6.9029445
            ],
            [
              107.6175409,
              -6.9029593
            ],
            [
              107.6175449,
              -6.9029733
            ],
            [
              107.6176468,
              -6.9030612
            ],
            [
              107.61773,
              -6.902974
            ],
            [
              107.6177407,
              -6.902956
            ],
            [
              107.6177427,
              -6.9029427
            ],
            [
              107.6177347,
              -6.9029301
            ],
            [
              107.6177213,
              -6.9029267
            ],
            [
              107.6175724,
              -6.9029254
            ],
            [
              107.6175556,
              -6.9029301
            ],
            [
              107.6175509,
              -6.9029361
            ],
            [
              107.6175447,
              -6.9029445
            ]
          ]
        ]
      },
      "id": "way/547914286"
    },
    {
      "type": "Feature",
      "properties": {
        "@id": "way/547914287",
        "leisure": "park"
      },
      "geometry": {
        "type": "Polygon",
        "coordinates": [
          [
            [
              107.618278,
              -6.9026749
            ],
            [
              107.6182779,
              -6.9030442
            ],
            [
              107.6182849,
              -6.9030794
            ],
            [
              107.6183009,
              -6.9030969
            ],
            [
              107.6183292,
              -6.9031127
            ],
            [
              107.6183628,
              -6.9031233
            ],
            [
              107.6191007,
              -6.9031198
            ],
            [
              107.6191432,
              -6.9031198
            ],
            [
              107.619175,
              -6.9031145
            ],
            [
              107.619191,
              -6.9030917
            ],
            [
              107.6191874,
              -6.9030126
            ],
            [
              107.6193272,
              -6.9030144
            ],
            [
              107.6193095,
              -6.9023099
            ],
            [
              107.6192717,
              -6.902307
            ],
            [
              107.6192795,
              -6.902671
            ],
            [
              107.6189535,
              -6.9026778
            ],
            [
              107.6189599,
              -6.9029781
            ],
            [
              107.6186075,
              -6.9029855
            ],
            [
              107.6186007,
              -6.9026681
            ],
            [
              107.618278,
              -6.9026749
            ]
          ]
        ]
      },
      "id": "way/547914287"
    },
    {
      "type": "Feature",
      "properties": {
        "@id": "way/547914288",
        "leisure": "park"
      },
      "geometry": {
        "type": "Polygon",
        "coordinates": [
          [
            [
              107.6194135,
              -6.9023791
            ],
            [
              107.6194082,
              -6.9027757
            ],
            [
              107.6194111,
              -6.9027914
            ],
            [
              107.6194201,
              -6.9027977
            ],
            [
              107.6194301,
              -6.902798
            ],
            [
              107.6194403,
              -6.9027934
            ],
            [
              107.6194469,
              -6.9027839
            ],
            [
              107.6194486,
              -6.9027578
            ],
            [
              107.6196844,
              -6.9027588
            ],
            [
              107.6197063,
              -6.9027511
            ],
            [
              107.619718,
              -6.9027375
            ],
            [
              107.619721,
              -6.9027177
            ],
            [
              107.6197093,
              -6.9025691
            ],
            [
              107.6197052,
              -6.9025428
            ],
            [
              107.6196951,
              -6.9025267
            ],
            [
              107.6196819,
              -6.9025136
            ],
            [
              107.6195602,
              -6.9024009
            ],
            [
              107.6194851,
              -6.9023303
            ],
            [
              107.6194569,
              -6.902323
            ],
            [
              107.6194359,
              -6.9023288
            ],
            [
              107.6194213,
              -6.9023433
            ],
            [
              107.6194155,
              -6.9023631
            ],
            [
              107.6194135,
              -6.9023791
            ]
          ]
        ]
      },
      "id": "way/547914288"
    },
    {
      "type": "Feature",
      "properties": {
        "@id": "way/547914289",
        "leisure": "park"
      },
      "geometry": {
        "type": "Polygon",
        "coordinates": [
          [
            [
              107.6194153,
              -6.9029232
            ],
            [
              107.6194176,
              -6.9029997
            ],
            [
              107.619423,
              -6.9030067
            ],
            [
              107.6194324,
              -6.9030106
            ],
            [
              107.6194425,
              -6.903007
            ],
            [
              107.6194466,
              -6.9029993
            ],
            [
              107.6194457,
              -6.9029744
            ],
            [
              107.619676,
              -6.9029707
            ],
            [
              107.6196796,
              -6.9029804
            ],
            [
              107.6196864,
              -6.9029909
            ],
            [
              107.6196922,
              -6.902998
            ],
            [
              107.6197055,
              -6.9030097
            ],
            [
              107.6197441,
              -6.9029525
            ],
            [
              107.6197451,
              -6.9029452
            ],
            [
              107.6197385,
              -6.9029379
            ],
            [
              107.6197299,
              -6.9029308
            ],
            [
              107.6197218,
              -6.9029227
            ],
            [
              107.6197197,
              -6.9029167
            ],
            [
              107.6194458,
              -6.9029237
            ],
            [
              107.6194453,
              -6.9029
            ],
            [
              107.6194439,
              -6.9028938
            ],
            [
              107.6194397,
              -6.9028882
            ],
            [
              107.6194311,
              -6.9028853
            ],
            [
              107.6194204,
              -6.9028864
            ],
            [
              107.6194158,
              -6.9028914
            ],
            [
              107.6194148,
              -6.902897
            ],
            [
              107.6194153,
              -6.9029232
            ]
          ]
        ]
      },
      "id": "way/547914289"
    },
    {
      "type": "Feature",
      "properties": {
        "@id": "way/547914290",
        "leisure": "park"
      },
      "geometry": {
        "type": "Polygon",
        "coordinates": [
          [
            [
              107.6192971,
              -6.9031294
            ],
            [
              107.6192975,
              -6.9032039
            ],
            [
              107.6193056,
              -6.9036547
            ],
            [
              107.619762,
              -6.903647
            ],
            [
              107.6198077,
              -6.9036389
            ],
            [
              107.6198301,
              -6.9036268
            ],
            [
              107.6198646,
              -6.9036036
            ],
            [
              107.6200588,
              -6.903427
            ],
            [
              107.6199798,
              -6.9033398
            ],
            [
              107.6198532,
              -6.903454
            ],
            [
              107.619723,
              -6.9032878
            ],
            [
              107.6197266,
              -6.9034495
            ],
            [
              107.6194122,
              -6.9034563
            ],
            [
              107.619405,
              -6.9031284
            ],
            [
              107.6192971,
              -6.9031294
            ]
          ]
        ]
      },
      "id": "way/547914290"
    },
    {
      "type": "Feature",
      "properties": {
        "@id": "way/547914291",
        "leisure": "park"
      },
      "geometry": {
        "type": "Polygon",
        "coordinates": [
          [
            [
              107.6195749,
              -6.9015998
            ],
            [
              107.6196801,
              -6.901597
            ],
            [
              107.6196226,
              -6.9014056
            ],
            [
              107.6191076,
              -6.9014135
            ],
            [
              107.6190687,
              -6.9014143
            ],
            [
              107.6190501,
              -6.9014222
            ],
            [
              107.6190422,
              -6.9014389
            ],
            [
              107.6190377,
              -6.9014635
            ],
            [
              107.6190395,
              -6.9014837
            ],
            [
              107.6190457,
              -6.9015154
            ],
            [
              107.6191076,
              -6.9017086
            ],
            [
              107.6191143,
              -6.9020813
            ],
            [
              107.6191157,
              -6.9021119
            ],
            [
              107.6191237,
              -6.9021319
            ],
            [
              107.6191385,
              -6.9021478
            ],
            [
              107.6191572,
              -6.9021545
            ],
            [
              107.6191894,
              -6.9021612
            ],
            [
              107.6193651,
              -6.9021598
            ],
            [
              107.6193705,
              -6.9021771
            ],
            [
              107.6193852,
              -6.9022011
            ],
            [
              107.6197527,
              -6.9025184
            ],
            [
              107.6197669,
              -6.9025351
            ],
            [
              107.6197766,
              -6.9025544
            ],
            [
              107.6197925,
              -6.9028065
            ],
            [
              107.6198014,
              -6.9028856
            ],
            [
              107.6198385,
              -6.9029462
            ],
            [
              107.6202387,
              -6.9033181
            ],
            [
              107.6202696,
              -6.9033257
            ],
            [
              107.6203034,
              -6.9033242
            ],
            [
              107.6203512,
              -6.903312
            ],
            [
              107.621009,
              -6.9026834
            ],
            [
              107.620801,
              -6.9024723
            ],
            [
              107.6205608,
              -6.9022685
            ],
            [
              107.6204958,
              -6.902214
            ],
            [
              107.6204612,
              -6.9022029
            ],
            [
              107.6204246,
              -6.9022019
            ],
            [
              107.6202441,
              -6.902209
            ],
            [
              107.620247,
              -6.9022777
            ],
            [
              107.6204374,
              -6.9022695
            ],
            [
              107.6204514,
              -6.9026531
            ],
            [
              107.6198613,
              -6.9026648
            ],
            [
              107.6198448,
              -6.9023692
            ],
            [
              107.6198165,
              -6.9024031
            ],
            [
              107.6194679,
              -6.9020883
            ],
            [
              107.6195001,
              -6.9020518
            ],
            [
              107.6192056,
              -6.9020717
            ],
            [
              107.6191853,
              -6.9014696
            ],
            [
              107.6195701,
              -6.9014675
            ],
            [
              107.6195749,
              -6.9015998
            ]
          ]
        ]
      },
      "id": "way/547914291"
    },
    {
      "type": "Feature",
      "properties": {
        "@id": "way/547922945",
        "leisure": "park",
        "name": "Taman PUSDAI",
        "source": "POI_WRI_Survey_2023",
        "tactile_paving": "yes"
      },
      "geometry": {
        "type": "Polygon",
        "coordinates": [
          [
            [
              107.6250908,
              -6.9009441
            ],
            [
              107.6264988,
              -6.9009464
            ],
            [
              107.6270133,
              -6.8996617
            ],
            [
              107.6270102,
              -6.8996097
            ],
            [
              107.6269901,
              -6.89957
            ],
            [
              107.6269578,
              -6.8995272
            ],
            [
              107.626907,
              -6.8995057
            ],
            [
              107.6263434,
              -6.899368
            ],
            [
              107.6261483,
              -6.8993316
            ],
            [
              107.6260731,
              -6.8993276
            ],
            [
              107.6249165,
              -6.8993014
            ],
            [
              107.624951,
              -6.8997171
            ],
            [
              107.6248697,
              -6.8999936
            ],
            [
              107.6250039,
              -6.9001368
            ],
            [
              107.6249043,
              -6.9003366
            ],
            [
              107.6249849,
              -6.9003755
            ],
            [
              107.6249299,
              -6.9009401
            ],
            [
              107.6250908,
              -6.9009441
            ]
          ]
        ]
      },
      "id": "way/547922945"
    },
    {
      "type": "Feature",
      "properties": {
        "@id": "way/548307336",
        "leisure": "park",
        "name": "Taman Sosiologi"
      },
      "geometry": {
        "type": "Polygon",
        "coordinates": [
          [
            [
              107.6233933,
              -6.8827253
            ],
            [
              107.6230684,
              -6.8828821
            ],
            [
              107.6232448,
              -6.8830352
            ],
            [
              107.623629,
              -6.8833689
            ],
            [
              107.6236923,
              -6.8833473
            ],
            [
              107.6236773,
              -6.8832575
            ],
            [
              107.6233933,
              -6.8827253
            ]
          ]
        ]
      },
      "id": "way/548307336"
    },
    {
      "type": "Feature",
      "properties": {
        "@id": "way/548325514",
        "leisure": "park",
        "name": "Taman Teknik Sipil"
      },
      "geometry": {
        "type": "Polygon",
        "coordinates": [
          [
            [
              107.6103467,
              -6.8919957
            ],
            [
              107.6099551,
              -6.892001
            ],
            [
              107.6099068,
              -6.8921288
            ],
            [
              107.6097191,
              -6.8921608
            ],
            [
              107.6097191,
              -6.8922247
            ],
            [
              107.6099605,
              -6.8922247
            ],
            [
              107.6100088,
              -6.8923205
            ],
            [
              107.6101536,
              -6.8923152
            ],
            [
              107.6102233,
              -6.8922353
            ],
            [
              107.6103481,
              -6.8922353
            ],
            [
              107.6103467,
              -6.8919957
            ]
          ]
        ]
      },
      "id": "way/548325514"
    },
    {
      "type": "Feature",
      "properties": {
        "@id": "way/548325515",
        "leisure": "park",
        "name": "Lapangan Radar"
      },
      "geometry": {
        "type": "Polygon",
        "coordinates": [
          [
            [
              107.6082975,
              -6.8907335
            ],
            [
              107.6082975,
              -6.8909039
            ],
            [
              107.6085224,
              -6.8909032
            ],
            [
              107.6085168,
              -6.8907525
            ],
            [
              107.6082975,
              -6.8907335
            ]
          ]
        ]
      },
      "id": "way/548325515"
    },
    {
      "type": "Feature",
      "properties": {
        "@id": "way/548325516",
        "leisure": "park",
        "name": "Taman Parkir Sipil"
      },
      "geometry": {
        "type": "Polygon",
        "coordinates": [
          [
            [
              107.6083029,
              -6.8919477
            ],
            [
              107.6083501,
              -6.8924737
            ],
            [
              107.6084299,
              -6.8925456
            ],
            [
              107.6085872,
              -6.8925708
            ],
            [
              107.6085282,
              -6.8924484
            ],
            [
              107.6084263,
              -6.8924057
            ],
            [
              107.6084102,
              -6.8920649
            ],
            [
              107.6086354,
              -6.892069
            ],
            [
              107.6086569,
              -6.8919531
            ],
            [
              107.6083029,
              -6.8919477
            ]
          ]
        ]
      },
      "id": "way/548325516"
    },
    {
      "type": "Feature",
      "properties": {
        "@id": "way/548325519",
        "leisure": "park",
        "name": "Taman Masjid Salman"
      },
      "geometry": {
        "type": "Polygon",
        "coordinates": [
          [
            [
              107.6107633,
              -6.893291
            ],
            [
              107.6107703,
              -6.8933345
            ],
            [
              107.6108404,
              -6.8935
            ],
            [
              107.6108999,
              -6.8936404
            ],
            [
              107.6108971,
              -6.8937147
            ],
            [
              107.6109717,
              -6.8937174
            ],
            [
              107.6111085,
              -6.893472
            ],
            [
              107.6114253,
              -6.8936462
            ],
            [
              107.6112695,
              -6.8939254
            ],
            [
              107.6114673,
              -6.8940342
            ],
            [
              107.6116531,
              -6.8938757
            ],
            [
              107.6118336,
              -6.893936
            ],
            [
              107.6118982,
              -6.8936393
            ],
            [
              107.611429,
              -6.8934711
            ],
            [
              107.6111324,
              -6.8933675
            ],
            [
              107.6109035,
              -6.8933008
            ],
            [
              107.6107633,
              -6.893291
            ]
          ]
        ]
      },
      "id": "way/548325519"
    },
    {
      "type": "Feature",
      "properties": {
        "@id": "way/548325521",
        "leisure": "park",
        "name": "Kebun Botani GKU Barat",
        "name:en": "Botany Garden"
      },
      "geometry": {
        "type": "Polygon",
        "coordinates": [
          [
            [
              107.6082814,
              -6.8901543
            ],
            [
              107.6082841,
              -6.8904898
            ],
            [
              107.6085899,
              -6.8904872
            ],
            [
              107.6085791,
              -6.8902635
            ],
            [
              107.6086918,
              -6.890157
            ],
            [
              107.6082814,
              -6.8901543
            ]
          ]
        ]
      },
      "id": "way/548325521"
    },
    {
      "type": "Feature",
      "properties": {
        "@id": "way/548325522",
        "description": "Di Bawah Pohon RIndang",
        "leisure": "park",
        "name": "DPR"
      },
      "geometry": {
        "type": "Polygon",
        "coordinates": [
          [
            [
              107.6098743,
              -6.8897848
            ],
            [
              107.6098786,
              -6.8899217
            ],
            [
              107.6107061,
              -6.8899131
            ],
            [
              107.6107129,
              -6.8897735
            ],
            [
              107.6105332,
              -6.889772
            ],
            [
              107.6104694,
              -6.8897031
            ],
            [
              107.6102856,
              -6.8897015
            ],
            [
              107.6102034,
              -6.889774
            ],
            [
              107.6100132,
              -6.8897761
            ],
            [
              107.6098743,
              -6.8897848
            ]
          ]
        ]
      },
      "id": "way/548325522"
    },
    {
      "type": "Feature",
      "properties": {
        "@id": "way/548325527",
        "leisure": "park",
        "name": "Lapangan Barrac"
      },
      "geometry": {
        "type": "Polygon",
        "coordinates": [
          [
            [
              107.6113176,
              -6.8916048
            ],
            [
              107.6113157,
              -6.8917024
            ],
            [
              107.6113146,
              -6.8918028
            ],
            [
              107.611637,
              -6.8918012
            ],
            [
              107.611639,
              -6.891701
            ],
            [
              107.611641,
              -6.8916016
            ],
            [
              107.6113176,
              -6.8916048
            ]
          ]
        ]
      },
      "id": "way/548325527"
    },
    {
      "type": "Feature",
      "properties": {
        "@id": "way/548325529",
        "leisure": "park",
        "name": "Taman Planologi"
      },
      "geometry": {
        "type": "Polygon",
        "coordinates": [
          [
            [
              107.6108489,
              -6.8916854
            ],
            [
              107.6108524,
              -6.8918367
            ],
            [
              107.6108542,
              -6.8919144
            ],
            [
              107.6110096,
              -6.8919043
            ],
            [
              107.6110654,
              -6.8918609
            ],
            [
              107.6110628,
              -6.8916799
            ],
            [
              107.6110362,
              -6.8916692
            ],
            [
              107.6109448,
              -6.8916322
            ],
            [
              107.6109421,
              -6.8913385
            ],
            [
              107.6108482,
              -6.8913402
            ],
            [
              107.6108458,
              -6.8914772
            ],
            [
              107.6108489,
              -6.8916854
            ]
          ]
        ]
      },
      "id": "way/548325529"
    },
    {
      "type": "Feature",
      "properties": {
        "@id": "way/548325545",
        "leisure": "park",
        "name": "Taman Perminyakan"
      },
      "geometry": {
        "type": "Polygon",
        "coordinates": [
          [
            [
              107.6117254,
              -6.8884767
            ],
            [
              107.6115314,
              -6.8884662
            ],
            [
              107.6115714,
              -6.8887182
            ],
            [
              107.6115706,
              -6.8888575
            ],
            [
              107.6116985,
              -6.8888389
            ],
            [
              107.6117254,
              -6.8884767
            ]
          ]
        ]
      },
      "id": "way/548325545"
    },
    {
      "type": "Feature",
      "properties": {
        "@id": "way/548325557",
        "leisure": "park",
        "name": "Lapangan Bioskop Kampus"
      },
      "geometry": {
        "type": "Polygon",
        "coordinates": [
          [
            [
              107.6109154,
              -6.8921314
            ],
            [
              107.6109146,
              -6.89221
            ],
            [
              107.6111786,
              -6.8922126
            ],
            [
              107.611178,
              -6.8922771
            ],
            [
              107.6113947,
              -6.8922793
            ],
            [
              107.6113956,
              -6.8921911
            ],
            [
              107.6112596,
              -6.8921898
            ],
            [
              107.6112615,
              -6.892005
            ],
            [
              107.6112113,
              -6.8920045
            ],
            [
              107.6112133,
              -6.891811
            ],
            [
              107.6111546,
              -6.8918104
            ],
            [
              107.611153,
              -6.8919674
            ],
            [
              107.6111247,
              -6.8919671
            ],
            [
              107.611123,
              -6.8921334
            ],
            [
              107.6109154,
              -6.8921314
            ]
          ]
        ]
      },
      "id": "way/548325557"
    },
    {
      "type": "Feature",
      "properties": {
        "@id": "way/548338829",
        "leisure": "park",
        "name": "Taman Lembah Tubagus"
      },
      "geometry": {
        "type": "Polygon",
        "coordinates": [
          [
            [
              107.6250256,
              -6.8845485
            ],
            [
              107.6247926,
              -6.8847994
            ],
            [
              107.6249118,
              -6.8849188
            ],
            [
              107.624963,
              -6.8848694
            ],
            [
              107.6249343,
              -6.8848374
            ],
            [
              107.6249907,
              -6.8847854
            ],
            [
              107.6251275,
              -6.8846563
            ],
            [
              107.6250256,
              -6.8845485
            ]
          ]
        ]
      },
      "id": "way/548338829"
    },
    {
      "type": "Feature",
      "properties": {
        "@id": "way/548475475",
        "addr:city": "Bandung",
        "addr:postcode": "40267",
        "addr:street": "Sutra Graha",
        "addr:unit": "1",
        "leisure": "park",
        "name": "Fasum SG Park"
      },
      "geometry": {
        "type": "Polygon",
        "coordinates": [
          [
            [
              107.6216334,
              -6.9548644
            ],
            [
              107.6217008,
              -6.9548624
            ],
            [
              107.6216995,
              -6.9547982
            ],
            [
              107.6216329,
              -6.9548001
            ],
            [
              107.6216334,
              -6.9548644
            ]
          ]
        ]
      },
      "id": "way/548475475"
    },
    {
      "type": "Feature",
      "properties": {
        "@id": "way/548475582",
        "leisure": "park",
        "name": "SG Park"
      },
      "geometry": {
        "type": "Polygon",
        "coordinates": [
          [
            [
              107.6211496,
              -6.9555175
            ],
            [
              107.6210859,
              -6.9555585
            ],
            [
              107.6210274,
              -6.9556148
            ],
            [
              107.6209844,
              -6.9557447
            ],
            [
              107.6211668,
              -6.955743
            ],
            [
              107.6211496,
              -6.9555175
            ]
          ]
        ]
      },
      "id": "way/548475582"
    },
    {
      "type": "Feature",
      "properties": {
        "@id": "way/549277439",
        "leisure": "park",
        "name": "Taman RW 14 Sadang Sari"
      },
      "geometry": {
        "type": "Polygon",
        "coordinates": [
          [
            [
              107.6252317,
              -6.8886078
            ],
            [
              107.6252147,
              -6.8889692
            ],
            [
              107.6253633,
              -6.8889712
            ],
            [
              107.6254588,
              -6.8889612
            ],
            [
              107.6255487,
              -6.8889289
            ],
            [
              107.6256093,
              -6.8888812
            ],
            [
              107.6254582,
              -6.8887698
            ],
            [
              107.6253619,
              -6.8886915
            ],
            [
              107.6252981,
              -6.888629
            ],
            [
              107.6252349,
              -6.8885634
            ],
            [
              107.6252317,
              -6.8886078
            ]
          ]
        ]
      },
      "id": "way/549277439"
    },
    {
      "type": "Feature",
      "properties": {
        "@id": "way/549279376",
        "leisure": "park",
        "name": "Taman Lotus"
      },
      "geometry": {
        "type": "Polygon",
        "coordinates": [
          [
            [
              107.6204405,
              -6.880865
            ],
            [
              107.6204724,
              -6.8810775
            ],
            [
              107.6204954,
              -6.8811504
            ],
            [
              107.6205064,
              -6.8811852
            ],
            [
              107.6206651,
              -6.8811891
            ],
            [
              107.620825,
              -6.8811863
            ],
            [
              107.6209678,
              -6.88113
            ],
            [
              107.6209991,
              -6.8811156
            ],
            [
              107.6209569,
              -6.8810185
            ],
            [
              107.6209169,
              -6.8810355
            ],
            [
              107.6208891,
              -6.8809712
            ],
            [
              107.6207221,
              -6.8810194
            ],
            [
              107.6206765,
              -6.880849
            ],
            [
              107.6206899,
              -6.8807718
            ],
            [
              107.6206524,
              -6.8807105
            ],
            [
              107.6205961,
              -6.8807212
            ],
            [
              107.6206122,
              -6.8807904
            ],
            [
              107.62058,
              -6.8807957
            ],
            [
              107.6205344,
              -6.8808437
            ],
            [
              107.6204405,
              -6.880865
            ]
          ]
        ]
      },
      "id": "way/549279376"
    },
    {
      "type": "Feature",
      "properties": {
        "@id": "way/550477281",
        "leisure": "park",
        "name": "Taman Gamma"
      },
      "geometry": {
        "type": "Polygon",
        "coordinates": [
          [
            [
              107.6260064,
              -6.8777386
            ],
            [
              107.6259718,
              -6.8778988
            ],
            [
              107.6259534,
              -6.8779793
            ],
            [
              107.6259146,
              -6.8781668
            ],
            [
              107.6262056,
              -6.8782314
            ],
            [
              107.6263192,
              -6.8778276
            ],
            [
              107.6260064,
              -6.8777386
            ]
          ]
        ]
      },
      "id": "way/550477281"
    },
    {
      "type": "Feature",
      "properties": {
        "@id": "way/550629663",
        "leisure": "park",
        "name": "Taman Ciwalk"
      },
      "geometry": {
        "type": "Polygon",
        "coordinates": [
          [
            [
              107.6042035,
              -6.8948197
            ],
            [
              107.6040833,
              -6.8949734
            ],
            [
              107.6040833,
              -6.8949841
            ],
            [
              107.604091,
              -6.894991
            ],
            [
              107.6041156,
              -6.8949964
            ],
            [
              107.6046433,
              -6.8950361
            ],
            [
              107.6046664,
              -6.8950354
            ],
            [
              107.6046772,
              -6.895027
            ],
            [
              107.6046802,
              -6.8950124
            ],
            [
              107.604671,
              -6.8949933
            ],
            [
              107.6046433,
              -6.8949643
            ],
            [
              107.6045455,
              -6.8949329
            ],
            [
              107.6045046,
              -6.8949107
            ],
            [
              107.6045162,
              -6.8948304
            ],
            [
              107.6045354,
              -6.8947938
            ],
            [
              107.6045605,
              -6.8947764
            ],
            [
              107.6045909,
              -6.8947618
            ],
            [
              107.6046304,
              -6.8947455
            ],
            [
              107.6049227,
              -6.894496
            ],
            [
              107.6049214,
              -6.8944473
            ],
            [
              107.6049232,
              -6.894417
            ],
            [
              107.6049342,
              -6.8943704
            ],
            [
              107.604951,
              -6.8943383
            ],
            [
              107.6049793,
              -6.8943036
            ],
            [
              107.6050107,
              -6.8942799
            ],
            [
              107.6050444,
              -6.894265
            ],
            [
              107.6050784,
              -6.8942632
            ],
            [
              107.6051085,
              -6.8942689
            ],
            [
              107.6051311,
              -6.8942774
            ],
            [
              107.6051559,
              -6.8942953
            ],
            [
              107.6051814,
              -6.8943246
            ],
            [
              107.6052082,
              -6.8943679
            ],
            [
              107.6052364,
              -6.8944438
            ],
            [
              107.6053678,
              -6.8945177
            ],
            [
              107.6053947,
              -6.894521
            ],
            [
              107.6054262,
              -6.8945203
            ],
            [
              107.6054523,
              -6.8945183
            ],
            [
              107.6054429,
              -6.8944132
            ],
            [
              107.6054872,
              -6.8944112
            ],
            [
              107.6055194,
              -6.8943978
            ],
            [
              107.6055475,
              -6.8943686
            ],
            [
              107.6055583,
              -6.8943373
            ],
            [
              107.6055603,
              -6.894298
            ],
            [
              107.6055482,
              -6.8942594
            ],
            [
              107.6055341,
              -6.8942427
            ],
            [
              107.6054926,
              -6.8942174
            ],
            [
              107.6054657,
              -6.8942075
            ],
            [
              107.6054698,
              -6.8941635
            ],
            [
              107.6055227,
              -6.8941728
            ],
            [
              107.6055422,
              -6.8941668
            ],
            [
              107.6055663,
              -6.8941542
            ],
            [
              107.6056944,
              -6.8938853
            ],
            [
              107.6056508,
              -6.8930744
            ],
            [
              107.6055945,
              -6.8930778
            ],
            [
              107.6056408,
              -6.893822
            ],
            [
              107.6054946,
              -6.8940996
            ],
            [
              107.6051767,
              -6.8939651
            ],
            [
              107.6051164,
              -6.8939186
            ],
            [
              107.6050828,
              -6.8939019
            ],
            [
              107.6050527,
              -6.8939152
            ],
            [
              107.6050312,
              -6.8940104
            ],
            [
              107.6049943,
              -6.8940217
            ],
            [
              107.6050332,
              -6.8941269
            ],
            [
              107.6049776,
              -6.8941728
            ],
            [
              107.6049172,
              -6.8941855
            ],
            [
              107.6048857,
              -6.8941968
            ],
            [
              107.6049092,
              -6.8942394
            ],
            [
              107.6047436,
              -6.8942754
            ],
            [
              107.6047047,
              -6.894322
            ],
            [
              107.6047503,
              -6.8943492
            ],
            [
              107.6047965,
              -6.8944112
            ],
            [
              107.6047603,
              -6.8944637
            ],
            [
              107.6047348,
              -6.8945143
            ],
            [
              107.6046913,
              -6.8945876
            ],
            [
              107.6046503,
              -6.8946229
            ],
            [
              107.6045893,
              -6.8946062
            ],
            [
              107.6045296,
              -6.8946694
            ],
            [
              107.6044197,
              -6.8948199
            ],
            [
              107.6043412,
              -6.8947939
            ],
            [
              107.604301,
              -6.8948485
            ],
            [
              107.6042272,
              -6.8948372
            ],
            [
              107.6042035,
              -6.8948197
            ]
          ]
        ]
      },
      "id": "way/550629663"
    },
    {
      "type": "Feature",
      "properties": {
        "@id": "way/550633636",
        "leisure": "park",
        "name": "taman Rumah Mode"
      },
      "geometry": {
        "type": "Polygon",
        "coordinates": [
          [
            [
              107.5999486,
              -6.8820004
            ],
            [
              107.5996174,
              -6.8823466
            ],
            [
              107.599447,
              -6.8821682
            ],
            [
              107.5993639,
              -6.8822787
            ],
            [
              107.5993397,
              -6.8822521
            ],
            [
              107.5991211,
              -6.8823186
            ],
            [
              107.5992346,
              -6.8827369
            ],
            [
              107.5993014,
              -6.8827172
            ],
            [
              107.5993445,
              -6.8828773
            ],
            [
              107.5993613,
              -6.8828106
            ],
            [
              107.5994206,
              -6.8828259
            ],
            [
              107.5994528,
              -6.8826927
            ],
            [
              107.5995652,
              -6.8827164
            ],
            [
              107.5995891,
              -6.8826208
            ],
            [
              107.5997493,
              -6.8826506
            ],
            [
              107.5997694,
              -6.8825596
            ],
            [
              107.5998602,
              -6.8825719
            ],
            [
              107.5998525,
              -6.8826017
            ],
            [
              107.5999519,
              -6.8826216
            ],
            [
              107.5999303,
              -6.8827256
            ],
            [
              107.5999042,
              -6.8827218
            ],
            [
              107.5998294,
              -6.8830682
            ],
            [
              107.5996792,
              -6.8830399
            ],
            [
              107.5996569,
              -6.88314
            ],
            [
              107.5994844,
              -6.8831018
            ],
            [
              107.5994751,
              -6.8830988
            ],
            [
              107.5994905,
              -6.8830215
            ],
            [
              107.5993788,
              -6.8829955
            ],
            [
              107.599335,
              -6.8828526
            ],
            [
              107.5991725,
              -6.8829069
            ],
            [
              107.599231,
              -6.8830828
            ],
            [
              107.5991979,
              -6.8831027
            ],
            [
              107.5992225,
              -6.8831669
            ],
            [
              107.5994313,
              -6.8831868
            ],
            [
              107.5994736,
              -6.8833268
            ],
            [
              107.5995237,
              -6.8833803
            ],
            [
              107.6000121,
              -6.883212
            ],
            [
              107.5999489,
              -6.8831555
            ],
            [
              107.5998942,
              -6.882962
            ],
            [
              107.5999682,
              -6.8828687
            ],
            [
              107.5998934,
              -6.8827976
            ],
            [
              107.6000513,
              -6.8825988
            ],
            [
              107.6003179,
              -6.8823212
            ],
            [
              107.5999486,
              -6.8820004
            ]
          ]
        ]
      },
      "id": "way/550633636"
    },
    {
      "type": "Feature",
      "properties": {
        "@id": "way/550634187",
        "leisure": "park",
        "name": "Taman Eatboss"
      },
      "geometry": {
        "type": "Polygon",
        "coordinates": [
          [
            [
              107.6053934,
              -6.8731496
            ],
            [
              107.6053573,
              -6.8733165
            ],
            [
              107.6053538,
              -6.8733302
            ],
            [
              107.6054857,
              -6.8733594
            ],
            [
              107.60553,
              -6.87316
            ],
            [
              107.6053967,
              -6.8731316
            ],
            [
              107.6053934,
              -6.8731496
            ]
          ]
        ]
      },
      "id": "way/550634187"
    },
    {
      "type": "Feature",
      "properties": {
        "@id": "way/551635068",
        "access": "yes",
        "addr:city": "Bandung",
        "addr:full": "Jalan Salam, Cihapit, Bandung Wetan",
        "leisure": "park",
        "name": "Taman salam",
        "name:en": "Salam Park",
        "opening_hours": "24/7",
        "source": "S2City_POI_2022",
        "wheelchair": "no"
      },
      "geometry": {
        "type": "Polygon",
        "coordinates": [
          [
            [
              107.629261,
              -6.9090284
            ],
            [
              107.6294697,
              -6.9093443
            ],
            [
              107.6298793,
              -6.9091
            ],
            [
              107.6298562,
              -6.9090688
            ],
            [
              107.6297334,
              -6.9089863
            ],
            [
              107.6296428,
              -6.908962
            ],
            [
              107.6295232,
              -6.9089476
            ],
            [
              107.6293865,
              -6.9089696
            ],
            [
              107.6292978,
              -6.9090032
            ],
            [
              107.629261,
              -6.9090284
            ]
          ]
        ]
      },
      "id": "way/551635068"
    },
    {
      "type": "Feature",
      "properties": {
        "@id": "way/551635361",
        "leisure": "park",
        "name": "Taman Puskesmas Salam"
      },
      "geometry": {
        "type": "Polygon",
        "coordinates": [
          [
            [
              107.62982,
              -6.9101357
            ],
            [
              107.629922,
              -6.9100641
            ],
            [
              107.6298413,
              -6.9099322
            ],
            [
              107.6297518,
              -6.9100775
            ],
            [
              107.62982,
              -6.9101357
            ]
          ]
        ]
      },
      "id": "way/551635361"
    },
    {
      "type": "Feature",
      "properties": {
        "@id": "way/556263229",
        "leisure": "park",
        "name": "Taman Veteran"
      },
      "geometry": {
        "type": "Polygon",
        "coordinates": [
          [
            [
              107.6187699,
              -6.9214304
            ],
            [
              107.6188079,
              -6.9216359
            ],
            [
              107.6193346,
              -6.9213783
            ],
            [
              107.6193209,
              -6.9213505
            ],
            [
              107.6192939,
              -6.9213628
            ],
            [
              107.619092,
              -6.921419
            ],
            [
              107.6190398,
              -6.9214321
            ],
            [
              107.6189486,
              -6.92144
            ],
            [
              107.6188398,
              -6.9214392
            ],
            [
              107.6187699,
              -6.9214304
            ]
          ]
        ]
      },
      "id": "way/556263229"
    },
    {
      "type": "Feature",
      "properties": {
        "@id": "way/556308928",
        "leisure": "park",
        "name": "Taman Depan Porwitabes"
      },
      "geometry": {
        "type": "Polygon",
        "coordinates": [
          [
            [
              107.6103909,
              -6.9136426
            ],
            [
              107.6103373,
              -6.9141285
            ],
            [
              107.6103366,
              -6.9142058
            ],
            [
              107.6103493,
              -6.914243
            ],
            [
              107.6103668,
              -6.914279
            ],
            [
              107.6103984,
              -6.9143244
            ],
            [
              107.610444,
              -6.9143655
            ],
            [
              107.6105169,
              -6.9136569
            ],
            [
              107.6103909,
              -6.9136426
            ]
          ]
        ]
      },
      "id": "way/556308928"
    },
    {
      "type": "Feature",
      "properties": {
        "@id": "way/556308930",
        "leisure": "park"
      },
      "geometry": {
        "type": "Polygon",
        "coordinates": [
          [
            [
              107.6042721,
              -6.8996793
            ],
            [
              107.6042403,
              -6.8996732
            ],
            [
              107.6042305,
              -6.8997083
            ],
            [
              107.6042332,
              -6.899761
            ],
            [
              107.6042447,
              -6.8997953
            ],
            [
              107.6042819,
              -6.8998427
            ],
            [
              107.6043288,
              -6.8998884
            ],
            [
              107.6043703,
              -6.8999147
            ],
            [
              107.6044226,
              -6.8999376
            ],
            [
              107.6044615,
              -6.8999499
            ],
            [
              107.6045172,
              -6.8999613
            ],
            [
              107.6045783,
              -6.8999604
            ],
            [
              107.6046322,
              -6.8999516
            ],
            [
              107.6046827,
              -6.8999323
            ],
            [
              107.6049278,
              -6.8997979
            ],
            [
              107.6049021,
              -6.8997961
            ],
            [
              107.6046623,
              -6.899739
            ],
            [
              107.6046579,
              -6.899768
            ],
            [
              107.6042721,
              -6.8996793
            ]
          ]
        ]
      },
      "id": "way/556308930"
    },
    {
      "type": "Feature",
      "properties": {
        "@id": "way/556308937",
        "leisure": "park",
        "name": "Taman Masjid Istiqomah"
      },
      "geometry": {
        "type": "Polygon",
        "coordinates": [
          [
            [
              107.6216391,
              -6.9042917
            ],
            [
              107.6215595,
              -6.9042865
            ],
            [
              107.6214975,
              -6.9042917
            ],
            [
              107.6214108,
              -6.9043111
            ],
            [
              107.6213595,
              -6.9043269
            ],
            [
              107.6213082,
              -6.904355
            ],
            [
              107.6212586,
              -6.9043901
            ],
            [
              107.6212268,
              -6.9044235
            ],
            [
              107.6212002,
              -6.9044621
            ],
            [
              107.6211666,
              -6.9045271
            ],
            [
              107.621156,
              -6.9046062
            ],
            [
              107.6211578,
              -6.9046782
            ],
            [
              107.6211737,
              -6.9047467
            ],
            [
              107.6212038,
              -6.904817
            ],
            [
              107.6212533,
              -6.9048838
            ],
            [
              107.6213064,
              -6.904933
            ],
            [
              107.6213754,
              -6.9049786
            ],
            [
              107.6214586,
              -6.9050313
            ],
            [
              107.6215365,
              -6.9050612
            ],
            [
              107.6216302,
              -6.9050823
            ],
            [
              107.6217223,
              -6.905084
            ],
            [
              107.6217931,
              -6.9050717
            ],
            [
              107.6218656,
              -6.9050507
            ],
            [
              107.6219488,
              -6.9050225
            ],
            [
              107.6220143,
              -6.9049944
            ],
            [
              107.6220815,
              -6.9049523
            ],
            [
              107.6221293,
              -6.9049084
            ],
            [
              107.622154,
              -6.9048644
            ],
            [
              107.6221682,
              -6.90481
            ],
            [
              107.6221682,
              -6.9047573
            ],
            [
              107.622154,
              -6.9046923
            ],
            [
              107.6221293,
              -6.9046273
            ],
            [
              107.6220833,
              -6.9045693
            ],
            [
              107.6220319,
              -6.9045148
            ],
            [
              107.6219859,
              -6.9044692
            ],
            [
              107.6219328,
              -6.9044235
            ],
            [
              107.621878,
              -6.9043901
            ],
            [
              107.6218231,
              -6.9043567
            ],
            [
              107.6217612,
              -6.9043357
            ],
            [
              107.6217046,
              -6.9043128
            ],
            [
              107.6216391,
              -6.9042917
            ]
          ]
        ]
      },
      "id": "way/556308937"
    },
    {
      "type": "Feature",
      "properties": {
        "@id": "way/557564409",
        "leisure": "park",
        "name": "Alun-Alun Cicendo"
      },
      "geometry": {
        "type": "Polygon",
        "coordinates": [
          [
            [
              107.5887142,
              -6.9105025
            ],
            [
              107.5885901,
              -6.911089
            ],
            [
              107.589148,
              -6.9111842
            ],
            [
              107.5892386,
              -6.9111868
            ],
            [
              107.5892781,
              -6.9111775
            ],
            [
              107.5893056,
              -6.9111595
            ],
            [
              107.5893143,
              -6.9111296
            ],
            [
              107.5890247,
              -6.9103667
            ],
            [
              107.5887142,
              -6.9105025
            ]
          ]
        ]
      },
      "id": "way/557564409"
    },
    {
      "type": "Feature",
      "properties": {
        "@id": "way/557564412",
        "leisure": "park"
      },
      "geometry": {
        "type": "Polygon",
        "coordinates": [
          [
            [
              107.58725,
              -6.906593
            ],
            [
              107.5872597,
              -6.9066404
            ],
            [
              107.5872571,
              -6.9067098
            ],
            [
              107.5872474,
              -6.9067862
            ],
            [
              107.5872102,
              -6.9068908
            ],
            [
              107.5875101,
              -6.9068319
            ],
            [
              107.5875694,
              -6.9068056
            ],
            [
              107.5875924,
              -6.9067862
            ],
            [
              107.5875995,
              -6.9067652
            ],
            [
              107.5875862,
              -6.9067397
            ],
            [
              107.5875606,
              -6.9067142
            ],
            [
              107.58725,
              -6.906593
            ]
          ]
        ]
      },
      "id": "way/557564412"
    },
    {
      "type": "Feature",
      "properties": {
        "@id": "way/557564414",
        "addr:city": "Bandung",
        "addr:street": "Jalan Pajajaran",
        "description": "Taman yang didalamnya Terdapat monumen untuk memperingati diadakannya KTT Non Blok di Indonesia",
        "leisure": "park",
        "name": "Taman Monumen KTT Non Blok",
        "name:en": "Non Block High Level Conference Monument Park",
        "surface": "grass"
      },
      "geometry": {
        "type": "Polygon",
        "coordinates": [
          [
            [
              107.5921392,
              -6.9071796
            ],
            [
              107.5926198,
              -6.907552
            ],
            [
              107.5929388,
              -6.9070858
            ],
            [
              107.5925493,
              -6.9071441
            ],
            [
              107.5921392,
              -6.9071796
            ]
          ]
        ]
      },
      "id": "way/557564414"
    },
    {
      "type": "Feature",
      "properties": {
        "@id": "way/557564416",
        "leisure": "park",
        "name": "Taman simpang Jalan Dr. Cipto / Jalan Pajajaran",
        "source": "POI_WRI_Survey_2023",
        "tactile_paving": "yes",
        "wheelchair": "no"
      },
      "geometry": {
        "type": "Polygon",
        "coordinates": [
          [
            [
              107.5990219,
              -6.9067342
            ],
            [
              107.5992037,
              -6.9067678
            ],
            [
              107.5993331,
              -6.9067846
            ],
            [
              107.5994039,
              -6.9067877
            ],
            [
              107.5994378,
              -6.9067816
            ],
            [
              107.5994779,
              -6.9067617
            ],
            [
              107.5994964,
              -6.9067372
            ],
            [
              107.5995041,
              -6.9067021
            ],
            [
              107.5995472,
              -6.9064772
            ],
            [
              107.5995487,
              -6.9064574
            ],
            [
              107.5995349,
              -6.9064497
            ],
            [
              107.5995195,
              -6.9064482
            ],
            [
              107.5990388,
              -6.9066929
            ],
            [
              107.5990203,
              -6.9067066
            ],
            [
              107.5990111,
              -6.9067158
            ],
            [
              107.5990219,
              -6.9067342
            ]
          ]
        ]
      },
      "id": "way/557564416"
    },
    {
      "type": "Feature",
      "properties": {
        "@id": "way/557564419",
        "leisure": "park"
      },
      "geometry": {
        "type": "Polygon",
        "coordinates": [
          [
            [
              107.6032037,
              -6.9043622
            ],
            [
              107.603101,
              -6.9043472
            ],
            [
              107.6030216,
              -6.9043367
            ],
            [
              107.6029784,
              -6.9043228
            ],
            [
              107.6029375,
              -6.9043077
            ],
            [
              107.6028908,
              -6.9042985
            ],
            [
              107.6026433,
              -6.9043054
            ],
            [
              107.6026141,
              -6.9043182
            ],
            [
              107.6025908,
              -6.9043356
            ],
            [
              107.6025803,
              -6.9043599
            ],
            [
              107.6025733,
              -6.9043935
            ],
            [
              107.6025791,
              -6.9044213
            ],
            [
              107.6025954,
              -6.9044434
            ],
            [
              107.6026211,
              -6.9044619
            ],
            [
              107.6026737,
              -6.90447
            ],
            [
              107.6029072,
              -6.9044619
            ],
            [
              107.6029364,
              -6.9044584
            ],
            [
              107.6029819,
              -6.9044329
            ],
            [
              107.6030251,
              -6.9044097
            ],
            [
              107.603087,
              -6.9043924
            ],
            [
              107.6032037,
              -6.9043622
            ]
          ]
        ]
      },
      "id": "way/557564419"
    },
    {
      "type": "Feature",
      "properties": {
        "@id": "way/557564422",
        "leisure": "park"
      },
      "geometry": {
        "type": "Polygon",
        "coordinates": [
          [
            [
              107.6006875,
              -6.8827191
            ],
            [
              107.6012803,
              -6.8834075
            ],
            [
              107.6012575,
              -6.8831306
            ],
            [
              107.6012575,
              -6.8830587
            ],
            [
              107.6013044,
              -6.8829455
            ],
            [
              107.6013393,
              -6.8828749
            ],
            [
              107.6013849,
              -6.8828403
            ],
            [
              107.6012052,
              -6.8828376
            ],
            [
              107.6010376,
              -6.882807
            ],
            [
              107.6006875,
              -6.8827191
            ]
          ]
        ]
      },
      "id": "way/557564422"
    },
    {
      "type": "Feature",
      "properties": {
        "@id": "way/557564424",
        "leisure": "park"
      },
      "geometry": {
        "type": "Polygon",
        "coordinates": [
          [
            [
              107.5959044,
              -6.8742056
            ],
            [
              107.5960185,
              -6.8748152
            ],
            [
              107.5962539,
              -6.8747511
            ],
            [
              107.5959044,
              -6.8742056
            ]
          ]
        ]
      },
      "id": "way/557564424"
    },
    {
      "type": "Feature",
      "properties": {
        "@id": "way/557564431",
        "access": "yes",
        "addr:city": "Bandung",
        "addr:full": "Jl. Cihapit, Cihapit, Bandung Wetan",
        "leisure": "park",
        "name": "Taman Cihapit",
        "opening_hours": "24/7",
        "source": "POI_WRI_Survey_2023",
        "tactile_paving": "yes",
        "wheelchair": "limited"
      },
      "geometry": {
        "type": "Polygon",
        "coordinates": [
          [
            [
              107.6246411,
              -6.9060384
            ],
            [
              107.6245691,
              -6.9060544
            ],
            [
              107.6245573,
              -6.9060795
            ],
            [
              107.6245678,
              -6.9061047
            ],
            [
              107.6246653,
              -6.9062364
            ],
            [
              107.6247059,
              -6.9063061
            ],
            [
              107.6250105,
              -6.9060493
            ],
            [
              107.6246411,
              -6.9060384
            ]
          ]
        ]
      },
      "id": "way/557564431"
    },
    {
      "type": "Feature",
      "properties": {
        "@id": "way/557564433",
        "leisure": "park"
      },
      "geometry": {
        "type": "Polygon",
        "coordinates": [
          [
            [
              107.619734,
              -6.9227108
            ],
            [
              107.6197056,
              -6.9227068
            ],
            [
              107.6196974,
              -6.922726
            ],
            [
              107.6197056,
              -6.9227603
            ],
            [
              107.6198102,
              -6.9229116
            ],
            [
              107.6198316,
              -6.9229237
            ],
            [
              107.6198519,
              -6.9229177
            ],
            [
              107.6199891,
              -6.9227865
            ],
            [
              107.6199962,
              -6.9227764
            ],
            [
              107.6199952,
              -6.9227562
            ],
            [
              107.619981,
              -6.9227431
            ],
            [
              107.619734,
              -6.9227108
            ]
          ]
        ]
      },
      "id": "way/557564433"
    },
    {
      "type": "Feature",
      "properties": {
        "@id": "way/557564436",
        "leisure": "park"
      },
      "geometry": {
        "type": "Polygon",
        "coordinates": [
          [
            [
              107.6232258,
              -6.9264109
            ],
            [
              107.6235917,
              -6.9265198
            ],
            [
              107.6238485,
              -6.9254648
            ],
            [
              107.6238343,
              -6.9254332
            ],
            [
              107.6237901,
              -6.9253998
            ],
            [
              107.6237494,
              -6.9253858
            ],
            [
              107.623691,
              -6.9253858
            ],
            [
              107.6236415,
              -6.9253946
            ],
            [
              107.6235954,
              -6.9254244
            ],
            [
              107.6232258,
              -6.9264109
            ]
          ]
        ]
      },
      "id": "way/557564436"
    },
    {
      "type": "Feature",
      "properties": {
        "@id": "way/557567424",
        "leisure": "park"
      },
      "geometry": {
        "type": "Polygon",
        "coordinates": [
          [
            [
              107.604045,
              -6.9119488
            ],
            [
              107.6040094,
              -6.91246
            ],
            [
              107.6040201,
              -6.9125159
            ],
            [
              107.6040496,
              -6.9125932
            ],
            [
              107.6040899,
              -6.9126304
            ],
            [
              107.6041435,
              -6.9126651
            ],
            [
              107.6052003,
              -6.9127396
            ],
            [
              107.6052808,
              -6.9127157
            ],
            [
              107.6053157,
              -6.9126544
            ],
            [
              107.6053773,
              -6.912058
            ],
            [
              107.604045,
              -6.9119488
            ]
          ]
        ]
      },
      "id": "way/557567424"
    },
    {
      "type": "Feature",
      "properties": {
        "@id": "way/557567425",
        "leisure": "park",
        "name": "Taman Pandawa"
      },
      "geometry": {
        "type": "Polygon",
        "coordinates": [
          [
            [
              107.5937772,
              -6.9091567
            ],
            [
              107.5934008,
              -6.9088057
            ],
            [
              107.5930228,
              -6.9091883
            ],
            [
              107.5934105,
              -6.9095273
            ],
            [
              107.5937772,
              -6.9091567
            ]
          ]
        ]
      },
      "id": "way/557567425"
    },
    {
      "type": "Feature",
      "properties": {
        "@id": "way/557965293",
        "leisure": "park",
        "name": "Lapangan RW 11"
      },
      "geometry": {
        "type": "Polygon",
        "coordinates": [
          [
            [
              107.5758794,
              -6.8822444
            ],
            [
              107.5758121,
              -6.8820301
            ],
            [
              107.5756989,
              -6.8820618
            ],
            [
              107.5757661,
              -6.8822814
            ],
            [
              107.5758794,
              -6.8822444
            ]
          ]
        ]
      },
      "id": "way/557965293"
    },
    {
      "type": "Feature",
      "properties": {
        "@id": "way/557965294",
        "leisure": "park",
        "name": "Taman Bermain RW 11"
      },
      "geometry": {
        "type": "Polygon",
        "coordinates": [
          [
            [
              107.5755783,
              -6.8817956
            ],
            [
              107.5755013,
              -6.8818155
            ],
            [
              107.5755152,
              -6.881869
            ],
            [
              107.5755922,
              -6.8818446
            ],
            [
              107.5755783,
              -6.8817956
            ]
          ]
        ]
      },
      "id": "way/557965294"
    },
    {
      "type": "Feature",
      "properties": {
        "@id": "way/558554788",
        "leisure": "park",
        "name": "Emerald Towers Park A"
      },
      "geometry": {
        "type": "Polygon",
        "coordinates": [
          [
            [
              107.6643035,
              -6.9321422
            ],
            [
              107.6642744,
              -6.9322523
            ],
            [
              107.6644144,
              -6.9322812
            ],
            [
              107.6644408,
              -6.9321711
            ],
            [
              107.6643035,
              -6.9321422
            ]
          ]
        ]
      },
      "id": "way/558554788"
    },
    {
      "type": "Feature",
      "properties": {
        "@id": "way/558554792",
        "leisure": "park",
        "name": "Emerald Towers Park B"
      },
      "geometry": {
        "type": "Polygon",
        "coordinates": [
          [
            [
              107.6642375,
              -6.9324594
            ],
            [
              107.664211,
              -6.9325721
            ],
            [
              107.6643352,
              -6.9325983
            ],
            [
              107.6643616,
              -6.932483
            ],
            [
              107.6642375,
              -6.9324594
            ]
          ]
        ]
      },
      "id": "way/558554792"
    },
    {
      "type": "Feature",
      "properties": {
        "@id": "way/558554796",
        "leisure": "park",
        "name": "JNE Parking Lot"
      },
      "geometry": {
        "type": "Polygon",
        "coordinates": [
          [
            [
              107.6637011,
              -6.9331059
            ],
            [
              107.6637539,
              -6.9331217
            ],
            [
              107.6637539,
              -6.9332632
            ],
            [
              107.6638067,
              -6.9332763
            ],
            [
              107.6639521,
              -6.9325479
            ],
            [
              107.6637716,
              -6.9325041
            ],
            [
              107.6637011,
              -6.9331059
            ]
          ]
        ]
      },
      "id": "way/558554796"
    },
    {
      "type": "Feature",
      "properties": {
        "@id": "way/558554805",
        "leisure": "park",
        "name": "Emerald Towers Parking Lot A"
      },
      "geometry": {
        "type": "Polygon",
        "coordinates": [
          [
            [
              107.6640157,
              -6.9328648
            ],
            [
              107.6639694,
              -6.9330731
            ],
            [
              107.6644054,
              -6.9331482
            ],
            [
              107.6644613,
              -6.9329598
            ],
            [
              107.6640157,
              -6.9328648
            ]
          ]
        ]
      },
      "id": "way/558554805"
    },
    {
      "type": "Feature",
      "properties": {
        "@id": "way/558554808",
        "leisure": "park",
        "name": "Emerald Towers Parking Lot B"
      },
      "geometry": {
        "type": "Polygon",
        "coordinates": [
          [
            [
              107.6641925,
              -6.931863
            ],
            [
              107.664616,
              -6.9319764
            ],
            [
              107.6646381,
              -6.9318521
            ],
            [
              107.6647412,
              -6.9318521
            ],
            [
              107.6647375,
              -6.9318082
            ],
            [
              107.664535,
              -6.9317204
            ],
            [
              107.6643582,
              -6.9315925
            ],
            [
              107.6641925,
              -6.931863
            ]
          ]
        ]
      },
      "id": "way/558554808"
    },
    {
      "type": "Feature",
      "properties": {
        "@id": "way/558554827",
        "leisure": "park",
        "name": "Green Pedestrian"
      },
      "geometry": {
        "type": "Polygon",
        "coordinates": [
          [
            [
              107.6636111,
              -6.9348084
            ],
            [
              107.6637642,
              -6.9348242
            ],
            [
              107.6637985,
              -6.934583
            ],
            [
              107.6640415,
              -6.9334035
            ],
            [
              107.6639068,
              -6.9333694
            ],
            [
              107.6638135,
              -6.9340315
            ],
            [
              107.6636111,
              -6.9348084
            ]
          ]
        ]
      },
      "id": "way/558554827"
    },
    {
      "type": "Feature",
      "properties": {
        "@id": "way/558556622",
        "leisure": "park",
        "name": "Sanggar Hurip Playground"
      },
      "geometry": {
        "type": "Polygon",
        "coordinates": [
          [
            [
              107.6665758,
              -6.93596
            ],
            [
              107.6668862,
              -6.9360308
            ],
            [
              107.6670701,
              -6.9360524
            ],
            [
              107.6670586,
              -6.9359281
            ],
            [
              107.6669448,
              -6.9357649
            ],
            [
              107.6668138,
              -6.9357307
            ],
            [
              107.6667138,
              -6.9357375
            ],
            [
              107.6665758,
              -6.93596
            ]
          ]
        ]
      },
      "id": "way/558556622"
    },
    {
      "type": "Feature",
      "properties": {
        "@id": "way/559274106",
        "addr:city": "Bandung",
        "addr:postcode": "40257",
        "addr:street": "Jalan Telekomunikasi",
        "leisure": "park",
        "name": "Taman Monumen telkom university"
      },
      "geometry": {
        "type": "Polygon",
        "coordinates": [
          [
            [
              107.633644,
              -6.9722532
            ],
            [
              107.6336052,
              -6.9722299
            ],
            [
              107.6335696,
              -6.9730426
            ],
            [
              107.6336429,
              -6.9729781
            ],
            [
              107.633765,
              -6.9728651
            ],
            [
              107.6339082,
              -6.9727426
            ],
            [
              107.6339841,
              -6.9726363
            ],
            [
              107.6339799,
              -6.9725939
            ],
            [
              107.633989,
              -6.9725515
            ],
            [
              107.6339542,
              -6.9724727
            ],
            [
              107.6339275,
              -6.9724298
            ],
            [
              107.633879,
              -6.972389
            ],
            [
              107.6338197,
              -6.9723482
            ],
            [
              107.633644,
              -6.9722532
            ]
          ]
        ]
      },
      "id": "way/559274106"
    },
    {
      "type": "Feature",
      "properties": {
        "@id": "way/564994052",
        "leisure": "park"
      },
      "geometry": {
        "type": "Polygon",
        "coordinates": [
          [
            [
              107.5746486,
              -6.885977
            ],
            [
              107.5747013,
              -6.885861
            ],
            [
              107.5744819,
              -6.8858053
            ],
            [
              107.5744422,
              -6.885912
            ],
            [
              107.5746486,
              -6.885977
            ]
          ]
        ]
      },
      "id": "way/564994052"
    },
    {
      "type": "Feature",
      "properties": {
        "@id": "way/564995555",
        "leisure": "park",
        "name": "Taman Sidoluhur",
        "source": "POI_WRI_Survey_2023",
        "wheelchair": "no"
      },
      "geometry": {
        "type": "Polygon",
        "coordinates": [
          [
            [
              107.6332149,
              -6.8939485
            ],
            [
              107.6332611,
              -6.8937313
            ],
            [
              107.6326819,
              -6.8937405
            ],
            [
              107.6327188,
              -6.8939363
            ],
            [
              107.6332149,
              -6.8939485
            ]
          ]
        ]
      },
      "id": "way/564995555"
    },
    {
      "type": "Feature",
      "properties": {
        "@id": "way/579485239",
        "leisure": "park",
        "name": "Taman Anak Tongkeng",
        "source": "POI_WRI_Survey_2023",
        "wheelchair": "no"
      },
      "geometry": {
        "type": "Polygon",
        "coordinates": [
          [
            [
              107.6233243,
              -6.9115066
            ],
            [
              107.6231901,
              -6.9119778
            ],
            [
              107.6236917,
              -6.912063
            ],
            [
              107.6233712,
              -6.9114852
            ],
            [
              107.6233417,
              -6.9114813
            ],
            [
              107.6233243,
              -6.9115066
            ]
          ]
        ]
      },
      "id": "way/579485239"
    },
    {
      "type": "Feature",
      "properties": {
        "@id": "way/583835972",
        "leisure": "park"
      },
      "geometry": {
        "type": "Polygon",
        "coordinates": [
          [
            [
              107.5872,
              -6.938847
            ],
            [
              107.5872542,
              -6.9382053
            ],
            [
              107.5864926,
              -6.9381418
            ],
            [
              107.5864384,
              -6.9387835
            ],
            [
              107.5872,
              -6.938847
            ]
          ]
        ]
      },
      "id": "way/583835972"
    },
    {
      "type": "Feature",
      "properties": {
        "@id": "way/591502906",
        "leisure": "park",
        "name": "ch"
      },
      "geometry": {
        "type": "Polygon",
        "coordinates": [
          [
            [
              107.5704278,
              -6.8526708
            ],
            [
              107.5704128,
              -6.8527171
            ],
            [
              107.5704053,
              -6.8527518
            ],
            [
              107.5704602,
              -6.8527749
            ],
            [
              107.5704927,
              -6.8526889
            ],
            [
              107.5704278,
              -6.8526708
            ]
          ]
        ]
      },
      "id": "way/591502906"
    },
    {
      "type": "Feature",
      "properties": {
        "@id": "way/616275847",
        "leisure": "park"
      },
      "geometry": {
        "type": "Polygon",
        "coordinates": [
          [
            [
              107.6309673,
              -6.970998
            ],
            [
              107.6315138,
              -6.9713945
            ],
            [
              107.6318152,
              -6.9709419
            ],
            [
              107.6312726,
              -6.9705903
            ],
            [
              107.6309673,
              -6.970998
            ]
          ]
        ]
      },
      "id": "way/616275847"
    },
    {
      "type": "Feature",
      "properties": {
        "@id": "way/616512953",
        "leisure": "park",
        "name": "Taman Fakultas Elektro"
      },
      "geometry": {
        "type": "Polygon",
        "coordinates": [
          [
            [
              107.6294875,
              -6.9764965
            ],
            [
              107.6294828,
              -6.9767793
            ],
            [
              107.6300549,
              -6.9767932
            ],
            [
              107.6300701,
              -6.976636
            ],
            [
              107.6300669,
              -6.9764896
            ],
            [
              107.6294875,
              -6.9764965
            ]
          ]
        ]
      },
      "id": "way/616512953"
    },
    {
      "type": "Feature",
      "properties": {
        "@id": "way/617209590",
        "leisure": "park",
        "name": "Asrama Park"
      },
      "geometry": {
        "type": "Polygon",
        "coordinates": [
          [
            [
              107.6267943,
              -6.9702045
            ],
            [
              107.6267702,
              -6.9707124
            ],
            [
              107.6267521,
              -6.9712235
            ],
            [
              107.6268379,
              -6.9712548
            ],
            [
              107.6280972,
              -6.9713512
            ],
            [
              107.6281113,
              -6.9711856
            ],
            [
              107.6286907,
              -6.9712175
            ],
            [
              107.628694,
              -6.9711516
            ],
            [
              107.6287517,
              -6.9711463
            ],
            [
              107.6288114,
              -6.9700088
            ],
            [
              107.6288166,
              -6.9696708
            ],
            [
              107.6283078,
              -6.9696534
            ],
            [
              107.6281598,
              -6.9696501
            ],
            [
              107.6278022,
              -6.9696301
            ],
            [
              107.6275597,
              -6.9696164
            ],
            [
              107.6275329,
              -6.9696254
            ],
            [
              107.6267943,
              -6.9702045
            ]
          ]
        ]
      },
      "id": "way/617209590"
    },
    {
      "type": "Feature",
      "properties": {
        "@id": "way/622111127",
        "access": "yes",
        "addr:city": "Bandung",
        "addr:full": "Jalan Peta No. 229",
        "leisure": "park",
        "name": "Peta Park",
        "opening_hours": "Tu-Su 07:00-15:00",
        "source": "S2City_POI_2022",
        "wheelchair": "limited"
      },
      "geometry": {
        "type": "Polygon",
        "coordinates": [
          [
            [
              107.5879661,
              -6.9322526
            ],
            [
              107.5880593,
              -6.9320253
            ],
            [
              107.588158,
              -6.9320575
            ],
            [
              107.588178,
              -6.931981
            ],
            [
              107.5882604,
              -6.932004
            ],
            [
              107.5882718,
              -6.9319597
            ],
            [
              107.5884194,
              -6.9320129
            ],
            [
              107.5886091,
              -6.9313916
            ],
            [
              107.5884536,
              -6.9312079
            ],
            [
              107.5883094,
              -6.9316242
            ],
            [
              107.5881786,
              -6.9316035
            ],
            [
              107.5881277,
              -6.9317538
            ],
            [
              107.5879044,
              -6.9317147
            ],
            [
              107.5878045,
              -6.9320173
            ],
            [
              107.5877428,
              -6.9322037
            ],
            [
              107.5879661,
              -6.9322526
            ]
          ]
        ]
      },
      "id": "way/622111127"
    },
    {
      "type": "Feature",
      "properties": {
        "@id": "way/632659555",
        "leisure": "park"
      },
      "geometry": {
        "type": "Polygon",
        "coordinates": [
          [
            [
              107.6273635,
              -6.9395907
            ],
            [
              107.6268913,
              -6.9394691
            ],
            [
              107.6268695,
              -6.9395495
            ],
            [
              107.6273408,
              -6.939671
            ],
            [
              107.6273635,
              -6.9395907
            ]
          ]
        ]
      },
      "id": "way/632659555"
    },
    {
      "type": "Feature",
      "properties": {
        "@id": "way/633755573",
        "access": "private",
        "addr:city": "Bandung",
        "addr:full": "Komplek C Taman Anggrek",
        "leisure": "park",
        "name": "Taman Bermain",
        "opening_hours": "24/7",
        "source": "S2City_POI_2022",
        "wheelchair": "no"
      },
      "geometry": {
        "type": "Polygon",
        "coordinates": [
          [
            [
              107.5861389,
              -6.9338783
            ],
            [
              107.5861444,
              -6.9338313
            ],
            [
              107.5859805,
              -6.9338041
            ],
            [
              107.5859435,
              -6.9338013
            ],
            [
              107.5859366,
              -6.9338625
            ],
            [
              107.5860268,
              -6.9338709
            ],
            [
              107.5861389,
              -6.9338783
            ]
          ]
        ]
      },
      "id": "way/633755573"
    },
    {
      "type": "Feature",
      "properties": {
        "@id": "way/635390760",
        "addr:city": "Bandung",
        "addr:housenumber": "125",
        "addr:postcode": "40141",
        "addr:street": "Jalan Ciumbuleuit",
        "leisure": "park",
        "name": "Parahyangan Residence Pool and Sky Garden on 26th floor"
      },
      "geometry": {
        "type": "Polygon",
        "coordinates": [
          [
            [
              107.6028333,
              -6.8766718
            ],
            [
              107.6026492,
              -6.8777841
            ],
            [
              107.6029916,
              -6.8778334
            ],
            [
              107.6032838,
              -6.877807
            ],
            [
              107.6034851,
              -6.87679
            ],
            [
              107.6028333,
              -6.8766718
            ]
          ]
        ]
      },
      "id": "way/635390760"
    },
    {
      "type": "Feature",
      "properties": {
        "@id": "way/635545036",
        "access:roof": "no",
        "building": "yes",
        "building:levels": "1",
        "building:roof": "tile",
        "building:structure": "plastered",
        "building:walls": "brick",
        "capacity": "5000",
        "leisure": "park",
        "name": "Farmhouse Lembang"
      },
      "geometry": {
        "type": "Polygon",
        "coordinates": [
          [
            [
              107.6057007,
              -6.8319989
            ],
            [
              107.6055717,
              -6.8321666
            ],
            [
              107.6058017,
              -6.832341
            ],
            [
              107.6059307,
              -6.8321733
            ],
            [
              107.6057007,
              -6.8319989
            ]
          ]
        ]
      },
      "id": "way/635545036"
    },
    {
      "type": "Feature",
      "properties": {
        "@id": "way/637408167",
        "leisure": "park"
      },
      "geometry": {
        "type": "Polygon",
        "coordinates": [
          [
            [
              107.611948,
              -6.8848307
            ],
            [
              107.6118588,
              -6.8849568
            ],
            [
              107.6120883,
              -6.8849964
            ],
            [
              107.611948,
              -6.8848307
            ]
          ]
        ]
      },
      "id": "way/637408167"
    },
    {
      "type": "Feature",
      "properties": {
        "@id": "way/642148336",
        "leisure": "park",
        "name": "Papandayan Tower Front Park"
      },
      "geometry": {
        "type": "Polygon",
        "coordinates": [
          [
            [
              107.6038535,
              -6.8779372
            ],
            [
              107.6039174,
              -6.877625
            ],
            [
              107.6042821,
              -6.8776841
            ],
            [
              107.6043814,
              -6.8773463
            ],
            [
              107.6040077,
              -6.8772731
            ],
            [
              107.6041707,
              -6.8765177
            ],
            [
              107.603584,
              -6.8763829
            ],
            [
              107.6032944,
              -6.877818
            ],
            [
              107.6038535,
              -6.8779372
            ]
          ]
        ]
      },
      "id": "way/642148336"
    },
    {
      "type": "Feature",
      "properties": {
        "@id": "way/648346616",
        "leisure": "park",
        "name": "Taman"
      },
      "geometry": {
        "type": "Polygon",
        "coordinates": [
          [
            [
              107.6068029,
              -6.8905292
            ],
            [
              107.6068673,
              -6.8908488
            ],
            [
              107.6071999,
              -6.890721
            ],
            [
              107.6070497,
              -6.890444
            ],
            [
              107.6068029,
              -6.8905292
            ]
          ]
        ]
      },
      "id": "way/648346616"
    },
    {
      "type": "Feature",
      "properties": {
        "@id": "way/648346712",
        "leisure": "park",
        "name": "Volleyball Field RT 06"
      },
      "geometry": {
        "type": "Polygon",
        "coordinates": [
          [
            [
              107.6984584,
              -6.9096898
            ],
            [
              107.6983262,
              -6.9099366
            ],
            [
              107.6987258,
              -6.9101564
            ],
            [
              107.6988781,
              -6.9099081
            ],
            [
              107.6984584,
              -6.9096898
            ]
          ]
        ]
      },
      "id": "way/648346712"
    },
    {
      "type": "Feature",
      "properties": {
        "@id": "way/648361005",
        "leisure": "park"
      },
      "geometry": {
        "type": "Polygon",
        "coordinates": [
          [
            [
              107.5549633,
              -6.871774
            ],
            [
              107.5550277,
              -6.8719125
            ],
            [
              107.5552443,
              -6.8716089
            ],
            [
              107.5552101,
              -6.8715903
            ],
            [
              107.5552932,
              -6.8714758
            ],
            [
              107.5552771,
              -6.8714465
            ],
            [
              107.5549633,
              -6.871774
            ]
          ]
        ]
      },
      "id": "way/648361005"
    },
    {
      "type": "Feature",
      "properties": {
        "@id": "way/648361006",
        "leisure": "park"
      },
      "geometry": {
        "type": "Polygon",
        "coordinates": [
          [
            [
              107.5542338,
              -6.8717181
            ],
            [
              107.5543759,
              -6.8716329
            ],
            [
              107.5542069,
              -6.8713053
            ],
            [
              107.5540728,
              -6.8713932
            ],
            [
              107.5542338,
              -6.8717181
            ]
          ]
        ]
      },
      "id": "way/648361006"
    },
    {
      "type": "Feature",
      "properties": {
        "@id": "way/648361007",
        "leisure": "park"
      },
      "geometry": {
        "type": "Polygon",
        "coordinates": [
          [
            [
              107.5544162,
              -6.8715423
            ],
            [
              107.5546093,
              -6.8713666
            ],
            [
              107.5540376,
              -6.8707864
            ],
            [
              107.5538609,
              -6.8709443
            ],
            [
              107.5542674,
              -6.8712645
            ],
            [
              107.5544162,
              -6.8715423
            ]
          ]
        ]
      },
      "id": "way/648361007"
    },
    {
      "type": "Feature",
      "properties": {
        "@id": "way/648361008",
        "leisure": "park"
      },
      "geometry": {
        "type": "Polygon",
        "coordinates": [
          [
            [
              107.5530966,
              -6.8708653
            ],
            [
              107.5530524,
              -6.8709794
            ],
            [
              107.5530736,
              -6.8710169
            ],
            [
              107.553101,
              -6.8710978
            ],
            [
              107.5532821,
              -6.871111
            ],
            [
              107.5535075,
              -6.8710759
            ],
            [
              107.5536621,
              -6.8709838
            ],
            [
              107.5538035,
              -6.8708566
            ],
            [
              107.5539449,
              -6.8707074
            ],
            [
              107.5537814,
              -6.8705276
            ],
            [
              107.5536577,
              -6.8706153
            ],
            [
              107.5535472,
              -6.8708346
            ],
            [
              107.5534456,
              -6.8709004
            ],
            [
              107.5532689,
              -6.8709311
            ],
            [
              107.5530966,
              -6.8708653
            ]
          ]
        ]
      },
      "id": "way/648361008"
    },
    {
      "type": "Feature",
      "properties": {
        "@id": "way/648361030",
        "leisure": "park"
      },
      "geometry": {
        "type": "Polygon",
        "coordinates": [
          [
            [
              107.5542933,
              -6.8722225
            ],
            [
              107.554425,
              -6.8723127
            ],
            [
              107.5546226,
              -6.8720624
            ],
            [
              107.5544932,
              -6.871952
            ],
            [
              107.5542933,
              -6.8722225
            ]
          ]
        ]
      },
      "id": "way/648361030"
    },
    {
      "type": "Feature",
      "properties": {
        "@id": "way/648361032",
        "leisure": "park"
      },
      "geometry": {
        "type": "Polygon",
        "coordinates": [
          [
            [
              107.5567938,
              -6.8727817
            ],
            [
              107.5569029,
              -6.8728742
            ],
            [
              107.5571027,
              -6.8726284
            ],
            [
              107.5565645,
              -6.8722293
            ],
            [
              107.5564554,
              -6.8723105
            ],
            [
              107.5568097,
              -6.8726352
            ],
            [
              107.5568688,
              -6.872696
            ],
            [
              107.5567938,
              -6.8727817
            ]
          ]
        ]
      },
      "id": "way/648361032"
    },
    {
      "type": "Feature",
      "properties": {
        "@id": "way/648361065",
        "leisure": "park"
      },
      "geometry": {
        "type": "Polygon",
        "coordinates": [
          [
            [
              107.5583226,
              -6.8737523
            ],
            [
              107.5583053,
              -6.8737981
            ],
            [
              107.5585322,
              -6.8739069
            ],
            [
              107.5585456,
              -6.8738669
            ],
            [
              107.5583226,
              -6.8737523
            ]
          ]
        ]
      },
      "id": "way/648361065"
    },
    {
      "type": "Feature",
      "properties": {
        "@id": "way/648361066",
        "leisure": "park"
      },
      "geometry": {
        "type": "Polygon",
        "coordinates": [
          [
            [
              107.5586399,
              -6.8739902
            ],
            [
              107.5586066,
              -6.87399
            ],
            [
              107.5585797,
              -6.8740153
            ],
            [
              107.5584832,
              -6.8742166
            ],
            [
              107.5584805,
              -6.874263
            ],
            [
              107.558508,
              -6.8743056
            ],
            [
              107.5586629,
              -6.8743921
            ],
            [
              107.5586998,
              -6.8743888
            ],
            [
              107.558731,
              -6.8743553
            ],
            [
              107.5587393,
              -6.874277
            ],
            [
              107.5587333,
              -6.8742137
            ],
            [
              107.5587211,
              -6.8741785
            ],
            [
              107.5586857,
              -6.8740812
            ],
            [
              107.5586399,
              -6.8739902
            ]
          ]
        ]
      },
      "id": "way/648361066"
    },
    {
      "type": "Feature",
      "properties": {
        "@id": "way/648361069",
        "leisure": "park"
      },
      "geometry": {
        "type": "Polygon",
        "coordinates": [
          [
            [
              107.5584691,
              -6.8743601
            ],
            [
              107.5584414,
              -6.8743973
            ],
            [
              107.5585636,
              -6.8744506
            ],
            [
              107.5585408,
              -6.874504
            ],
            [
              107.5586417,
              -6.8745557
            ],
            [
              107.5586792,
              -6.8744668
            ],
            [
              107.5584691,
              -6.8743601
            ]
          ]
        ]
      },
      "id": "way/648361069"
    },
    {
      "type": "Feature",
      "properties": {
        "@id": "way/648361070",
        "leisure": "park"
      },
      "geometry": {
        "type": "Polygon",
        "coordinates": [
          [
            [
              107.5584382,
              -6.8743278
            ],
            [
              107.5582965,
              -6.874255
            ],
            [
              107.5582493,
              -6.8743391
            ],
            [
              107.5583926,
              -6.8744183
            ],
            [
              107.5584382,
              -6.8743278
            ]
          ]
        ]
      },
      "id": "way/648361070"
    },
    {
      "type": "Feature",
      "properties": {
        "@id": "way/648361072",
        "leisure": "park"
      },
      "geometry": {
        "type": "Polygon",
        "coordinates": [
          [
            [
              107.558106,
              -6.8741305
            ],
            [
              107.5580572,
              -6.8742049
            ],
            [
              107.558176,
              -6.8742583
            ],
            [
              107.5581663,
              -6.874289
            ],
            [
              107.5582298,
              -6.8743148
            ],
            [
              107.55829,
              -6.8742243
            ],
            [
              107.558106,
              -6.8741305
            ]
          ]
        ]
      },
      "id": "way/648361072"
    },
    {
      "type": "Feature",
      "properties": {
        "@id": "way/648361073",
        "leisure": "park"
      },
      "geometry": {
        "type": "Polygon",
        "coordinates": [
          [
            [
              107.5580506,
              -6.8742356
            ],
            [
              107.5579823,
              -6.8743536
            ],
            [
              107.5580702,
              -6.8743827
            ],
            [
              107.5581369,
              -6.874276
            ],
            [
              107.5580506,
              -6.8742356
            ]
          ]
        ]
      },
      "id": "way/648361073"
    },
    {
      "type": "Feature",
      "properties": {
        "@id": "way/648361288",
        "leisure": "park",
        "name": "Lapangan Pasar Malam Cimahi"
      },
      "geometry": {
        "type": "Polygon",
        "coordinates": [
          [
            [
              107.5446095,
              -6.8728584
            ],
            [
              107.5444244,
              -6.8731966
            ],
            [
              107.54469,
              -6.8733404
            ],
            [
              107.5448938,
              -6.8729543
            ],
            [
              107.5446095,
              -6.8728584
            ]
          ]
        ]
      },
      "id": "way/648361288"
    },
    {
      "type": "Feature",
      "properties": {
        "@id": "way/648361438",
        "leisure": "park",
        "name": "taman"
      },
      "geometry": {
        "type": "Polygon",
        "coordinates": [
          [
            [
              107.5536412,
              -6.8732054
            ],
            [
              107.5540864,
              -6.8734983
            ],
            [
              107.5541776,
              -6.8733732
            ],
            [
              107.5540355,
              -6.8733039
            ],
            [
              107.5539175,
              -6.8731468
            ],
            [
              107.5538424,
              -6.8730589
            ],
            [
              107.5537243,
              -6.8731255
            ],
            [
              107.5536412,
              -6.8732054
            ]
          ]
        ]
      },
      "id": "way/648361438"
    },
    {
      "type": "Feature",
      "properties": {
        "@id": "way/648361442",
        "leisure": "park"
      },
      "geometry": {
        "type": "Polygon",
        "coordinates": [
          [
            [
              107.553837,
              -6.8709392
            ],
            [
              107.5543091,
              -6.8715491
            ],
            [
              107.5544485,
              -6.8715064
            ],
            [
              107.5545049,
              -6.8715118
            ],
            [
              107.5545505,
              -6.8714212
            ],
            [
              107.5545317,
              -6.8713547
            ],
            [
              107.5545639,
              -6.8713254
            ],
            [
              107.5540382,
              -6.8708088
            ],
            [
              107.553837,
              -6.8709392
            ]
          ]
        ]
      },
      "id": "way/648361442"
    },
    {
      "type": "Feature",
      "properties": {
        "@id": "way/648361443",
        "leisure": "park"
      },
      "geometry": {
        "type": "Polygon",
        "coordinates": [
          [
            [
              107.5532952,
              -6.871328
            ],
            [
              107.5535554,
              -6.8716156
            ],
            [
              107.5539094,
              -6.8716502
            ],
            [
              107.554014,
              -6.8718393
            ],
            [
              107.5542313,
              -6.8717008
            ],
            [
              107.5540677,
              -6.8713946
            ],
            [
              107.5540408,
              -6.8714053
            ],
            [
              107.5538665,
              -6.8711363
            ],
            [
              107.5535849,
              -6.8712961
            ],
            [
              107.5534481,
              -6.8712828
            ],
            [
              107.5532952,
              -6.871328
            ]
          ]
        ]
      },
      "id": "way/648361443"
    },
    {
      "type": "Feature",
      "properties": {
        "@id": "way/648361444",
        "leisure": "park"
      },
      "geometry": {
        "type": "Polygon",
        "coordinates": [
          [
            [
              107.5595367,
              -6.8715996
            ],
            [
              107.559416,
              -6.8717834
            ],
            [
              107.5594884,
              -6.871834
            ],
            [
              107.5596118,
              -6.8716529
            ],
            [
              107.5595367,
              -6.8715996
            ]
          ]
        ]
      },
      "id": "way/648361444"
    },
    {
      "type": "Feature",
      "properties": {
        "@id": "way/648361445",
        "leisure": "park"
      },
      "geometry": {
        "type": "Polygon",
        "coordinates": [
          [
            [
              107.5596574,
              -6.8716822
            ],
            [
              107.5595394,
              -6.8718686
            ],
            [
              107.5596198,
              -6.8719245
            ],
            [
              107.5597459,
              -6.8717355
            ],
            [
              107.5596574,
              -6.8716822
            ]
          ]
        ]
      },
      "id": "way/648361445"
    },
    {
      "type": "Feature",
      "properties": {
        "@id": "way/648363741",
        "leisure": "park"
      },
      "geometry": {
        "type": "Polygon",
        "coordinates": [
          [
            [
              107.5641822,
              -6.8722301
            ],
            [
              107.5639355,
              -6.8727574
            ],
            [
              107.5642842,
              -6.8729278
            ],
            [
              107.5645497,
              -6.8724245
            ],
            [
              107.5641822,
              -6.8722301
            ]
          ]
        ]
      },
      "id": "way/648363741"
    },
    {
      "type": "Feature",
      "properties": {
        "@id": "way/648363743",
        "leisure": "park"
      },
      "geometry": {
        "type": "Polygon",
        "coordinates": [
          [
            [
              107.565121,
              -6.8710904
            ],
            [
              107.565003,
              -6.8713886
            ],
            [
              107.5651961,
              -6.8714712
            ],
            [
              107.5653463,
              -6.8712076
            ],
            [
              107.565121,
              -6.8710904
            ]
          ]
        ]
      },
      "id": "way/648363743"
    },
    {
      "type": "Feature",
      "properties": {
        "@id": "way/648363745",
        "leisure": "park"
      },
      "geometry": {
        "type": "Polygon",
        "coordinates": [
          [
            [
              107.5673151,
              -6.8707495
            ],
            [
              107.5674465,
              -6.870438
            ],
            [
              107.5662636,
              -6.8699773
            ],
            [
              107.5662502,
              -6.8700199
            ],
            [
              107.5663387,
              -6.8700891
            ],
            [
              107.5662288,
              -6.8703954
            ],
            [
              107.5669181,
              -6.8707682
            ],
            [
              107.5671219,
              -6.8708268
            ],
            [
              107.567181,
              -6.8707016
            ],
            [
              107.5673151,
              -6.8707495
            ]
          ]
        ]
      },
      "id": "way/648363745"
    },
    {
      "type": "Feature",
      "properties": {
        "@id": "way/648363747",
        "leisure": "park"
      },
      "geometry": {
        "type": "Polygon",
        "coordinates": [
          [
            [
              107.5661993,
              -6.8699507
            ],
            [
              107.565974,
              -6.8698628
            ],
            [
              107.5658291,
              -6.870217
            ],
            [
              107.5661644,
              -6.8703741
            ],
            [
              107.5662636,
              -6.8700971
            ],
            [
              107.5661778,
              -6.8700412
            ],
            [
              107.5661993,
              -6.8699507
            ]
          ]
        ]
      },
      "id": "way/648363747"
    },
    {
      "type": "Feature",
      "properties": {
        "@id": "way/648363749",
        "leisure": "park"
      },
      "geometry": {
        "type": "Polygon",
        "coordinates": [
          [
            [
              107.5658077,
              -6.8696231
            ],
            [
              107.5662878,
              -6.8698468
            ],
            [
              107.5664085,
              -6.8696178
            ],
            [
              107.5659096,
              -6.8694127
            ],
            [
              107.5658077,
              -6.8696231
            ]
          ]
        ]
      },
      "id": "way/648363749"
    },
    {
      "type": "Feature",
      "properties": {
        "@id": "way/648363751",
        "leisure": "park"
      },
      "geometry": {
        "type": "Polygon",
        "coordinates": [
          [
            [
              107.5664836,
              -6.8699107
            ],
            [
              107.5666941,
              -6.8700095
            ],
            [
              107.5668028,
              -6.8697696
            ],
            [
              107.5665855,
              -6.8696844
            ],
            [
              107.5664836,
              -6.8699107
            ]
          ]
        ]
      },
      "id": "way/648363751"
    },
    {
      "type": "Feature",
      "properties": {
        "@id": "way/648363753",
        "leisure": "park"
      },
      "geometry": {
        "type": "Polygon",
        "coordinates": [
          [
            [
              107.5658935,
              -6.8685606
            ],
            [
              107.5657969,
              -6.868755
            ],
            [
              107.5661027,
              -6.8688535
            ],
            [
              107.5661832,
              -6.8686778
            ],
            [
              107.5658935,
              -6.8685606
            ]
          ]
        ]
      },
      "id": "way/648363753"
    },
    {
      "type": "Feature",
      "properties": {
        "@id": "way/648363755",
        "leisure": "park"
      },
      "geometry": {
        "type": "Polygon",
        "coordinates": [
          [
            [
              107.5668054,
              -6.8686059
            ],
            [
              107.5667464,
              -6.8687337
            ],
            [
              107.5668645,
              -6.8687869
            ],
            [
              107.5669181,
              -6.8686485
            ],
            [
              107.5668054,
              -6.8686059
            ]
          ]
        ]
      },
      "id": "way/648363755"
    },
    {
      "type": "Feature",
      "properties": {
        "@id": "way/648364846",
        "leisure": "park"
      },
      "geometry": {
        "type": "Polygon",
        "coordinates": [
          [
            [
              107.5627167,
              -6.8719017
            ],
            [
              107.5629259,
              -6.8719656
            ],
            [
              107.5629796,
              -6.8717899
            ],
            [
              107.5627435,
              -6.8717047
            ],
            [
              107.5627167,
              -6.8719017
            ]
          ]
        ]
      },
      "id": "way/648364846"
    },
    {
      "type": "Feature",
      "properties": {
        "@id": "way/648364849",
        "leisure": "park"
      },
      "geometry": {
        "type": "Polygon",
        "coordinates": [
          [
            [
              107.5635348,
              -6.8732805
            ],
            [
              107.5638835,
              -6.8734642
            ],
            [
              107.5639961,
              -6.8732445
            ],
            [
              107.5636354,
              -6.8730528
            ],
            [
              107.5635348,
              -6.8732805
            ]
          ]
        ]
      },
      "id": "way/648364849"
    },
    {
      "type": "Feature",
      "properties": {
        "@id": "way/648364850",
        "leisure": "park"
      },
      "geometry": {
        "type": "Polygon",
        "coordinates": [
          [
            [
              107.5639707,
              -6.8734469
            ],
            [
              107.5641973,
              -6.8735654
            ],
            [
              107.5642751,
              -6.8733737
            ],
            [
              107.5640565,
              -6.8732738
            ],
            [
              107.5639707,
              -6.8734469
            ]
          ]
        ]
      },
      "id": "way/648364850"
    },
    {
      "type": "Feature",
      "properties": {
        "@id": "way/648365281",
        "leisure": "park"
      },
      "geometry": {
        "type": "Polygon",
        "coordinates": [
          [
            [
              107.5645299,
              -6.8742671
            ],
            [
              107.5646694,
              -6.874335
            ],
            [
              107.5649081,
              -6.8738343
            ],
            [
              107.5647431,
              -6.8737784
            ],
            [
              107.5645299,
              -6.8742671
            ]
          ]
        ]
      },
      "id": "way/648365281"
    },
    {
      "type": "Feature",
      "properties": {
        "@id": "way/700626815",
        "leisure": "park"
      },
      "geometry": {
        "type": "Polygon",
        "coordinates": [
          [
            [
              107.5898158,
              -6.8615776
            ],
            [
              107.5898219,
              -6.8616261
            ],
            [
              107.5898483,
              -6.8616745
            ],
            [
              107.5898951,
              -6.8617048
            ],
            [
              107.5899561,
              -6.8617129
            ],
            [
              107.590017,
              -6.8616987
            ],
            [
              107.5900658,
              -6.8616624
            ],
            [
              107.5900821,
              -6.86162
            ],
            [
              107.5900821,
              -6.8615615
            ],
            [
              107.5900699,
              -6.8615312
            ],
            [
              107.5900374,
              -6.8614929
            ],
            [
              107.5899926,
              -6.8614687
            ],
            [
              107.5899439,
              -6.8614566
            ],
            [
              107.5898869,
              -6.8614707
            ],
            [
              107.5898524,
              -6.8614969
            ],
            [
              107.5898199,
              -6.8615373
            ],
            [
              107.5898158,
              -6.8615776
            ]
          ]
        ]
      },
      "id": "way/700626815"
    },
    {
      "type": "Feature",
      "properties": {
        "@id": "way/700639066",
        "leisure": "park",
        "name": "UPI Park"
      },
      "geometry": {
        "type": "Polygon",
        "coordinates": [
          [
            [
              107.5947524,
              -6.8617
            ],
            [
              107.5947118,
              -6.8616971
            ],
            [
              107.5946905,
              -6.861684
            ],
            [
              107.5946996,
              -6.8616497
            ],
            [
              107.5946742,
              -6.8615821
            ],
            [
              107.5946559,
              -6.8615589
            ],
            [
              107.5946092,
              -6.8615528
            ],
            [
              107.5945543,
              -6.8615558
            ],
            [
              107.5944893,
              -6.8615793
            ],
            [
              107.5945025,
              -6.8616063
            ],
            [
              107.5945096,
              -6.8616577
            ],
            [
              107.5945116,
              -6.8617021
            ],
            [
              107.5945299,
              -6.8617395
            ],
            [
              107.5945594,
              -6.8617607
            ],
            [
              107.5946071,
              -6.8617748
            ],
            [
              107.5946305,
              -6.8617909
            ],
            [
              107.5946844,
              -6.8618091
            ],
            [
              107.5947362,
              -6.8618374
            ],
            [
              107.5947263,
              -6.8618646
            ],
            [
              107.5946995,
              -6.8618805
            ],
            [
              107.5946753,
              -6.8618965
            ],
            [
              107.5946753,
              -6.8619578
            ],
            [
              107.5947035,
              -6.8619817
            ],
            [
              107.5946995,
              -6.8620203
            ],
            [
              107.5946753,
              -6.862051
            ],
            [
              107.5946351,
              -6.8620882
            ],
            [
              107.5946083,
              -6.8621202
            ],
            [
              107.5946512,
              -6.8621934
            ],
            [
              107.5946807,
              -6.8622387
            ],
            [
              107.5947223,
              -6.862276
            ],
            [
              107.5946928,
              -6.8623412
            ],
            [
              107.5947048,
              -6.8623812
            ],
            [
              107.5947142,
              -6.8624504
            ],
            [
              107.5947008,
              -6.8625037
            ],
            [
              107.5947008,
              -6.8625609
            ],
            [
              107.5947333,
              -6.8626963
            ],
            [
              107.5947687,
              -6.862749
            ],
            [
              107.594797,
              -6.8627911
            ],
            [
              107.594795,
              -6.8628522
            ],
            [
              107.5947758,
              -6.8629211
            ],
            [
              107.5948147,
              -6.8630125
            ],
            [
              107.5948112,
              -6.8630722
            ],
            [
              107.5948678,
              -6.8630722
            ],
            [
              107.5948926,
              -6.8630336
            ],
            [
              107.5949173,
              -6.8630195
            ],
            [
              107.5949421,
              -6.8629598
            ],
            [
              107.5949846,
              -6.8629493
            ],
            [
              107.5950506,
              -6.8629586
            ],
            [
              107.5951561,
              -6.8629925
            ],
            [
              107.5951927,
              -6.8630227
            ],
            [
              107.5952577,
              -6.8629925
            ],
            [
              107.5953004,
              -6.862944
            ],
            [
              107.595333,
              -6.8629218
            ],
            [
              107.5953594,
              -6.8628815
            ],
            [
              107.595398,
              -6.8628916
            ],
            [
              107.5954366,
              -6.8629077
            ],
            [
              107.5954836,
              -6.8629063
            ],
            [
              107.59552,
              -6.8628552
            ],
            [
              107.5955627,
              -6.8628956
            ],
            [
              107.5956013,
              -6.8629077
            ],
            [
              107.5956419,
              -6.8628855
            ],
            [
              107.5956826,
              -6.8629198
            ],
            [
              107.595707,
              -6.8629461
            ],
            [
              107.59577,
              -6.8629239
            ],
            [
              107.5957497,
              -6.8628694
            ],
            [
              107.5957024,
              -6.862847
            ],
            [
              107.5956948,
              -6.8627342
            ],
            [
              107.595772,
              -6.8627705
            ],
            [
              107.5958242,
              -6.8627311
            ],
            [
              107.595892,
              -6.862718
            ],
            [
              107.5959021,
              -6.8626736
            ],
            [
              107.5958757,
              -6.8626171
            ],
            [
              107.5959285,
              -6.8625949
            ],
            [
              107.595959,
              -6.8626171
            ],
            [
              107.5959855,
              -6.8625626
            ],
            [
              107.5959667,
              -6.8625125
            ],
            [
              107.5959448,
              -6.8624738
            ],
            [
              107.5959692,
              -6.8624375
            ],
            [
              107.5960141,
              -6.8624119
            ],
            [
              107.5960586,
              -6.8624153
            ],
            [
              107.5960708,
              -6.8623547
            ],
            [
              107.5960505,
              -6.8622922
            ],
            [
              107.5959875,
              -6.8622478
            ],
            [
              107.5959326,
              -6.8622357
            ],
            [
              107.5959103,
              -6.8622034
            ],
            [
              107.5958391,
              -6.8621731
            ],
            [
              107.595744,
              -6.8621487
            ],
            [
              107.5956684,
              -6.8622377
            ],
            [
              107.5956887,
              -6.8623043
            ],
            [
              107.5956501,
              -6.862389
            ],
            [
              107.595581,
              -6.8624092
            ],
            [
              107.5955322,
              -6.8624617
            ],
            [
              107.5954201,
              -6.8624693
            ],
            [
              107.5953513,
              -6.8623053
            ],
            [
              107.5953754,
              -6.862231
            ],
            [
              107.5955252,
              -6.8622569
            ],
            [
              107.5955688,
              -6.8622446
            ],
            [
              107.5955746,
              -6.8622107
            ],
            [
              107.5954774,
              -6.8621151
            ],
            [
              107.5954204,
              -6.8621105
            ],
            [
              107.5954224,
              -6.862056
            ],
            [
              107.5954712,
              -6.8620096
            ],
            [
              107.59552,
              -6.8619652
            ],
            [
              107.5955342,
              -6.8619188
            ],
            [
              107.5955627,
              -6.8618805
            ],
            [
              107.5955749,
              -6.8618441
            ],
            [
              107.5955078,
              -6.8617957
            ],
            [
              107.595522,
              -6.8617493
            ],
            [
              107.5954671,
              -6.861715
            ],
            [
              107.5954163,
              -6.8616786
            ],
            [
              107.5953594,
              -6.8616524
            ],
            [
              107.5953106,
              -6.861608
            ],
            [
              107.5952699,
              -6.8615818
            ],
            [
              107.5952177,
              -6.8615701
            ],
            [
              107.5951517,
              -6.8615873
            ],
            [
              107.5950756,
              -6.8616344
            ],
            [
              107.5950565,
              -6.8617412
            ],
            [
              107.5950449,
              -6.8618076
            ],
            [
              107.5950199,
              -6.8619006
            ],
            [
              107.5950768,
              -6.8619733
            ],
            [
              107.5951085,
              -6.8620368
            ],
            [
              107.5951658,
              -6.8620829
            ],
            [
              107.5951879,
              -6.8621229
            ],
            [
              107.5951545,
              -6.8621454
            ],
            [
              107.5951073,
              -6.8621004
            ],
            [
              107.5950809,
              -6.8620238
            ],
            [
              107.5950545,
              -6.8619915
            ],
            [
              107.5950118,
              -6.861941
            ],
            [
              107.5949305,
              -6.8619228
            ],
            [
              107.5948898,
              -6.861945
            ],
            [
              107.5948227,
              -6.8619935
            ],
            [
              107.5948187,
              -6.8619531
            ],
            [
              107.5948349,
              -6.8618845
            ],
            [
              107.5949,
              -6.8618562
            ],
            [
              107.5949813,
              -6.8618401
            ],
            [
              107.5950098,
              -6.8617856
            ],
            [
              107.5950321,
              -6.8617352
            ],
            [
              107.5950423,
              -6.8616968
            ],
            [
              107.595022,
              -6.8616403
            ],
            [
              107.5949935,
              -6.861606
            ],
            [
              107.5949508,
              -6.8616201
            ],
            [
              107.5948675,
              -6.8616322
            ],
            [
              107.5948065,
              -6.8616504
            ],
            [
              107.5947524,
              -6.8617
            ]
          ]
        ]
      },
      "id": "way/700639066"
    },
    {
      "type": "Feature",
      "properties": {
        "@id": "way/700659087",
        "leisure": "park"
      },
      "geometry": {
        "type": "Polygon",
        "coordinates": [
          [
            [
              107.5945035,
              -6.8598885
            ],
            [
              107.5944419,
              -6.8600262
            ],
            [
              107.5944865,
              -6.8600415
            ],
            [
              107.5945466,
              -6.8600491
            ],
            [
              107.5946206,
              -6.8600369
            ],
            [
              107.594693,
              -6.8600246
            ],
            [
              107.5946976,
              -6.8599665
            ],
            [
              107.5947037,
              -6.8599084
            ],
            [
              107.5947145,
              -6.859864
            ],
            [
              107.5947145,
              -6.8598181
            ],
            [
              107.5947253,
              -6.8597845
            ],
            [
              107.5947299,
              -6.85976
            ],
            [
              107.5947299,
              -6.8597294
            ],
            [
              107.5946745,
              -6.859731
            ],
            [
              107.5946529,
              -6.8597157
            ],
            [
              107.5946098,
              -6.8596836
            ],
            [
              107.5945528,
              -6.8596759
            ],
            [
              107.5944958,
              -6.8596912
            ],
            [
              107.5944819,
              -6.8597034
            ],
            [
              107.5945004,
              -6.8597203
            ],
            [
              107.5945374,
              -6.859708
            ],
            [
              107.5945759,
              -6.8597126
            ],
            [
              107.5946175,
              -6.8597294
            ],
            [
              107.5946452,
              -6.8597753
            ],
            [
              107.5946452,
              -6.8598304
            ],
            [
              107.5946313,
              -6.8598671
            ],
            [
              107.5945913,
              -6.8598962
            ],
            [
              107.594542,
              -6.8598992
            ],
            [
              107.5945035,
              -6.8598885
            ]
          ]
        ]
      },
      "id": "way/700659087"
    },
    {
      "type": "Feature",
      "properties": {
        "@id": "way/700659090",
        "leisure": "park"
      },
      "geometry": {
        "type": "Polygon",
        "coordinates": [
          [
            [
              107.5943874,
              -6.859596
            ],
            [
              107.5943874,
              -6.8596226
            ],
            [
              107.5944357,
              -6.8596333
            ],
            [
              107.5944819,
              -6.8597034
            ],
            [
              107.5944958,
              -6.8596912
            ],
            [
              107.5945528,
              -6.8596759
            ],
            [
              107.5946098,
              -6.8596836
            ],
            [
              107.5946529,
              -6.8597157
            ],
            [
              107.5946745,
              -6.859731
            ],
            [
              107.5947299,
              -6.8597294
            ],
            [
              107.5947388,
              -6.859572
            ],
            [
              107.5946342,
              -6.8595574
            ],
            [
              107.5944799,
              -6.8595388
            ],
            [
              107.5944115,
              -6.8595348
            ],
            [
              107.5944196,
              -6.8595614
            ],
            [
              107.5944102,
              -6.859584
            ],
            [
              107.5943874,
              -6.859596
            ]
          ]
        ]
      },
      "id": "way/700659090"
    },
    {
      "type": "Feature",
      "properties": {
        "@id": "way/721116637",
        "leisure": "park",
        "opening_hours": "24/7"
      },
      "geometry": {
        "type": "Polygon",
        "coordinates": [
          [
            [
              107.555611,
              -6.9170777
            ],
            [
              107.5554688,
              -6.9172589
            ],
            [
              107.5556246,
              -6.9173831
            ],
            [
              107.5557645,
              -6.917205
            ],
            [
              107.555611,
              -6.9170777
            ]
          ]
        ]
      },
      "id": "way/721116637"
    },
    {
      "type": "Feature",
      "properties": {
        "@id": "way/721117939",
        "leisure": "park"
      },
      "geometry": {
        "type": "Polygon",
        "coordinates": [
          [
            [
              107.5996473,
              -6.9015373
            ],
            [
              107.5996455,
              -6.9014206
            ],
            [
              107.5996238,
              -6.9014188
            ],
            [
              107.5996256,
              -6.9015373
            ],
            [
              107.5996473,
              -6.9015373
            ]
          ]
        ]
      },
      "id": "way/721117939"
    },
    {
      "type": "Feature",
      "properties": {
        "@id": "way/721117940",
        "leisure": "park"
      },
      "geometry": {
        "type": "Polygon",
        "coordinates": [
          [
            [
              107.5996769,
              -6.9014997
            ],
            [
              107.5996769,
              -6.9015361
            ],
            [
              107.5998264,
              -6.9015333
            ],
            [
              107.5998264,
              -6.9014997
            ],
            [
              107.5996769,
              -6.9014997
            ]
          ]
        ]
      },
      "id": "way/721117940"
    },
    {
      "type": "Feature",
      "properties": {
        "@id": "way/723288667",
        "leisure": "park"
      },
      "geometry": {
        "type": "Polygon",
        "coordinates": [
          [
            [
              107.5554228,
              -6.9194332
            ],
            [
              107.5555318,
              -6.9195192
            ],
            [
              107.5559717,
              -6.9189705
            ],
            [
              107.5558561,
              -6.9188708
            ],
            [
              107.5554228,
              -6.9194332
            ]
          ]
        ]
      },
      "id": "way/723288667"
    },
    {
      "type": "Feature",
      "properties": {
        "@id": "way/723288672",
        "leisure": "park"
      },
      "geometry": {
        "type": "Polygon",
        "coordinates": [
          [
            [
              107.5545672,
              -6.9185012
            ],
            [
              107.5544372,
              -6.9186704
            ],
            [
              107.554517,
              -6.9187349
            ],
            [
              107.5546496,
              -6.9185662
            ],
            [
              107.5545672,
              -6.9185012
            ]
          ]
        ]
      },
      "id": "way/723288672"
    },
    {
      "type": "Feature",
      "properties": {
        "@id": "way/723304716",
        "leisure": "park"
      },
      "geometry": {
        "type": "Polygon",
        "coordinates": [
          [
            [
              107.5558566,
              -6.9159657
            ],
            [
              107.5557492,
              -6.9161001
            ],
            [
              107.5558496,
              -6.916187
            ],
            [
              107.555957,
              -6.9160456
            ],
            [
              107.5558566,
              -6.9159657
            ]
          ]
        ]
      },
      "id": "way/723304716"
    },
    {
      "type": "Feature",
      "properties": {
        "@id": "way/723304731",
        "leisure": "park"
      },
      "geometry": {
        "type": "Polygon",
        "coordinates": [
          [
            [
              107.5556803,
              -6.9185517
            ],
            [
              107.555632,
              -6.9186127
            ],
            [
              107.5557172,
              -6.9186861
            ],
            [
              107.5557661,
              -6.9186222
            ],
            [
              107.5556803,
              -6.9185517
            ]
          ]
        ]
      },
      "id": "way/723304731"
    },
    {
      "type": "Feature",
      "properties": {
        "@id": "way/723373846",
        "leisure": "park"
      },
      "geometry": {
        "type": "Polygon",
        "coordinates": [
          [
            [
              107.5581485,
              -6.9162036
            ],
            [
              107.558378,
              -6.9159084
            ],
            [
              107.5580542,
              -6.9157179
            ],
            [
              107.5580003,
              -6.9157225
            ],
            [
              107.5579341,
              -6.9158318
            ],
            [
              107.5579888,
              -6.9158754
            ],
            [
              107.5579242,
              -6.9159965
            ],
            [
              107.558005,
              -6.916038
            ],
            [
              107.5579742,
              -6.9161219
            ],
            [
              107.5581485,
              -6.9162036
            ]
          ]
        ]
      },
      "id": "way/723373846"
    },
    {
      "type": "Feature",
      "properties": {
        "@id": "way/725032632",
        "leisure": "park"
      },
      "geometry": {
        "type": "Polygon",
        "coordinates": [
          [
            [
              107.5519914,
              -6.9246832
            ],
            [
              107.5518291,
              -6.9251303
            ],
            [
              107.5521081,
              -6.9252221
            ],
            [
              107.5521376,
              -6.9252381
            ],
            [
              107.5522341,
              -6.925282
            ],
            [
              107.552269,
              -6.9252101
            ],
            [
              107.5522945,
              -6.9249439
            ],
            [
              107.5521872,
              -6.9249186
            ],
            [
              107.5521885,
              -6.9249013
            ],
            [
              107.5522306,
              -6.9247649
            ],
            [
              107.5519914,
              -6.9246832
            ]
          ]
        ]
      },
      "id": "way/725032632"
    },
    {
      "type": "Feature",
      "properties": {
        "@id": "way/725032633",
        "leisure": "park"
      },
      "geometry": {
        "type": "Polygon",
        "coordinates": [
          [
            [
              107.5529558,
              -6.9249556
            ],
            [
              107.5534937,
              -6.9251568
            ],
            [
              107.5536031,
              -6.9248288
            ],
            [
              107.5530685,
              -6.9246371
            ],
            [
              107.5529558,
              -6.9249556
            ]
          ]
        ]
      },
      "id": "way/725032633"
    },
    {
      "type": "Feature",
      "properties": {
        "@id": "way/725194613",
        "leisure": "park",
        "name": "Taman Karang Taruna",
        "source": "POI_WRI_Survey_2023",
        "wheelchair": "no"
      },
      "geometry": {
        "type": "Polygon",
        "coordinates": [
          [
            [
              107.6294403,
              -6.9149986
            ],
            [
              107.6297596,
              -6.9156883
            ],
            [
              107.6297763,
              -6.9157203
            ],
            [
              107.6297991,
              -6.915699
            ],
            [
              107.6298179,
              -6.9156484
            ],
            [
              107.6298206,
              -6.9155885
            ],
            [
              107.6298135,
              -6.9155475
            ],
            [
              107.6295458,
              -6.9149718
            ],
            [
              107.6294403,
              -6.9149986
            ]
          ]
        ]
      },
      "id": "way/725194613"
    },
    {
      "type": "Feature",
      "properties": {
        "@id": "way/730300851",
        "description": "Open park area.",
        "leisure": "park"
      },
      "geometry": {
        "type": "Polygon",
        "coordinates": [
          [
            [
              107.6894711,
              -6.8920512
            ],
            [
              107.6893384,
              -6.8925707
            ],
            [
              107.6900831,
              -6.8927582
            ],
            [
              107.6902158,
              -6.8922388
            ],
            [
              107.6901742,
              -6.8922283
            ],
            [
              107.6894711,
              -6.8920512
            ]
          ]
        ]
      },
      "id": "way/730300851"
    },
    {
      "type": "Feature",
      "properties": {
        "@id": "way/730302979",
        "leisure": "park"
      },
      "geometry": {
        "type": "Polygon",
        "coordinates": [
          [
            [
              107.6569484,
              -6.8920397
            ],
            [
              107.6569296,
              -6.8922713
            ],
            [
              107.6571683,
              -6.8923992
            ],
            [
              107.6573293,
              -6.8922447
            ],
            [
              107.6569484,
              -6.8920397
            ]
          ]
        ]
      },
      "id": "way/730302979"
    },
    {
      "type": "Feature",
      "properties": {
        "@id": "way/730308118",
        "leisure": "park"
      },
      "geometry": {
        "type": "Polygon",
        "coordinates": [
          [
            [
              107.6338599,
              -6.8767342
            ],
            [
              107.6339632,
              -6.8768646
            ],
            [
              107.6340839,
              -6.8767635
            ],
            [
              107.6339726,
              -6.8766742
            ],
            [
              107.6339337,
              -6.8766836
            ],
            [
              107.6338599,
              -6.8767342
            ]
          ]
        ]
      },
      "id": "way/730308118"
    },
    {
      "type": "Feature",
      "properties": {
        "@id": "way/730919723",
        "leisure": "park"
      },
      "geometry": {
        "type": "Polygon",
        "coordinates": [
          [
            [
              107.6984761,
              -6.9047486
            ],
            [
              107.6984359,
              -6.9048005
            ],
            [
              107.6985069,
              -6.9048617
            ],
            [
              107.6985445,
              -6.9048032
            ],
            [
              107.6984761,
              -6.9047486
            ]
          ]
        ]
      },
      "id": "way/730919723"
    },
    {
      "type": "Feature",
      "properties": {
        "@id": "way/730919736",
        "leisure": "park"
      },
      "geometry": {
        "type": "Polygon",
        "coordinates": [
          [
            [
              107.6977263,
              -6.9056669
            ],
            [
              107.6976995,
              -6.9058
            ],
            [
              107.6978228,
              -6.9058746
            ],
            [
              107.697957,
              -6.9057468
            ],
            [
              107.6977263,
              -6.9056669
            ]
          ]
        ]
      },
      "id": "way/730919736"
    },
    {
      "type": "Feature",
      "properties": {
        "@id": "way/731265971",
        "leisure": "park"
      },
      "geometry": {
        "type": "Polygon",
        "coordinates": [
          [
            [
              107.5937047,
              -6.8629045
            ],
            [
              107.5936893,
              -6.8629377
            ],
            [
              107.5936574,
              -6.8630066
            ],
            [
              107.5937339,
              -6.8630416
            ],
            [
              107.5937204,
              -6.8630708
            ],
            [
              107.593781,
              -6.8630985
            ],
            [
              107.5937462,
              -6.8631736
            ],
            [
              107.593738,
              -6.8631913
            ],
            [
              107.5937302,
              -6.8632081
            ],
            [
              107.593677,
              -6.8633228
            ],
            [
              107.5936051,
              -6.8632899
            ],
            [
              107.5935794,
              -6.8632781
            ],
            [
              107.5935704,
              -6.8632955
            ],
            [
              107.5935582,
              -6.8633237
            ],
            [
              107.5937262,
              -6.863408
            ],
            [
              107.5937465,
              -6.8633673
            ],
            [
              107.5937515,
              -6.8633573
            ],
            [
              107.5938627,
              -6.8634071
            ],
            [
              107.5939227,
              -6.8632954
            ],
            [
              107.5939266,
              -6.8632882
            ],
            [
              107.5939311,
              -6.8632796
            ],
            [
              107.5939363,
              -6.8632697
            ],
            [
              107.5940064,
              -6.8631361
            ],
            [
              107.593875,
              -6.8630815
            ],
            [
              107.5939086,
              -6.8630063
            ],
            [
              107.5937047,
              -6.8629045
            ]
          ]
        ]
      },
      "id": "way/731265971"
    },
    {
      "type": "Feature",
      "properties": {
        "@id": "way/733075978",
        "leisure": "park"
      },
      "geometry": {
        "type": "Polygon",
        "coordinates": [
          [
            [
              107.6333379,
              -6.8816047
            ],
            [
              107.633303,
              -6.8816726
            ],
            [
              107.6333916,
              -6.8817192
            ],
            [
              107.6334251,
              -6.8816447
            ],
            [
              107.6333379,
              -6.8816047
            ]
          ]
        ]
      },
      "id": "way/733075978"
    },
    {
      "type": "Feature",
      "properties": {
        "@id": "way/733079488",
        "leisure": "park"
      },
      "geometry": {
        "type": "Polygon",
        "coordinates": [
          [
            [
              107.647271,
              -6.8896851
            ],
            [
              107.6469726,
              -6.8900205
            ],
            [
              107.6470882,
              -6.8900598
            ],
            [
              107.6471838,
              -6.8900579
            ],
            [
              107.6472562,
              -6.8899181
            ],
            [
              107.6472871,
              -6.8898249
            ],
            [
              107.647271,
              -6.8896851
            ]
          ]
        ]
      },
      "id": "way/733079488"
    },
    {
      "type": "Feature",
      "properties": {
        "@id": "way/733079795",
        "leisure": "park"
      },
      "geometry": {
        "type": "Polygon",
        "coordinates": [
          [
            [
              107.6658098,
              -6.8890466
            ],
            [
              107.6658594,
              -6.8889468
            ],
            [
              107.665746,
              -6.8888912
            ],
            [
              107.6656964,
              -6.8889911
            ],
            [
              107.6658098,
              -6.8890466
            ]
          ]
        ]
      },
      "id": "way/733079795"
    },
    {
      "type": "Feature",
      "properties": {
        "@id": "way/733084305",
        "leisure": "park"
      },
      "geometry": {
        "type": "Polygon",
        "coordinates": [
          [
            [
              107.6738669,
              -6.8774723
            ],
            [
              107.673814,
              -6.8775484
            ],
            [
              107.673909,
              -6.8776135
            ],
            [
              107.673934,
              -6.8775775
            ],
            [
              107.6739618,
              -6.8775374
            ],
            [
              107.6738669,
              -6.8774723
            ]
          ]
        ]
      },
      "id": "way/733084305"
    },
    {
      "type": "Feature",
      "properties": {
        "@id": "way/733691810",
        "leisure": "park",
        "name": "Lapang Basket RW 05"
      },
      "geometry": {
        "type": "Polygon",
        "coordinates": [
          [
            [
              107.697166,
              -6.9057813
            ],
            [
              107.6971288,
              -6.9058908
            ],
            [
              107.6973612,
              -6.9059687
            ],
            [
              107.6973984,
              -6.9058591
            ],
            [
              107.697166,
              -6.9057813
            ]
          ]
        ]
      },
      "id": "way/733691810"
    },
    {
      "type": "Feature",
      "properties": {
        "@id": "way/733698280",
        "leisure": "park"
      },
      "geometry": {
        "type": "Polygon",
        "coordinates": [
          [
            [
              107.6975105,
              -6.9051381
            ],
            [
              107.6976172,
              -6.9051522
            ],
            [
              107.6976203,
              -6.9049726
            ],
            [
              107.6975461,
              -6.9049666
            ],
            [
              107.6975105,
              -6.9051381
            ]
          ]
        ]
      },
      "id": "way/733698280"
    },
    {
      "type": "Feature",
      "properties": {
        "@id": "way/733783051",
        "leisure": "park"
      },
      "geometry": {
        "type": "Polygon",
        "coordinates": [
          [
            [
              107.6694318,
              -6.8900135
            ],
            [
              107.6693568,
              -6.8903437
            ],
            [
              107.6696317,
              -6.8904052
            ],
            [
              107.6697067,
              -6.890075
            ],
            [
              107.6694318,
              -6.8900135
            ]
          ]
        ]
      },
      "id": "way/733783051"
    },
    {
      "type": "Feature",
      "properties": {
        "@id": "way/734351252",
        "leisure": "park",
        "name": "Taman RW 01"
      },
      "geometry": {
        "type": "Polygon",
        "coordinates": [
          [
            [
              107.6127334,
              -6.946085
            ],
            [
              107.6127087,
              -6.9460915
            ],
            [
              107.6124043,
              -6.9461714
            ],
            [
              107.612454,
              -6.9463946
            ],
            [
              107.6125253,
              -6.9464038
            ],
            [
              107.6125635,
              -6.9462847
            ],
            [
              107.6126362,
              -6.9461655
            ],
            [
              107.6126725,
              -6.9461608
            ],
            [
              107.6127334,
              -6.946085
            ]
          ]
        ]
      },
      "id": "way/734351252"
    },
    {
      "type": "Feature",
      "properties": {
        "@id": "way/734357298",
        "leisure": "park",
        "name": "Taman Piset"
      },
      "geometry": {
        "type": "Polygon",
        "coordinates": [
          [
            [
              107.6253911,
              -6.9340929
            ],
            [
              107.6253245,
              -6.93434
            ],
            [
              107.6252069,
              -6.9345816
            ],
            [
              107.6253878,
              -6.9346504
            ],
            [
              107.6256126,
              -6.9341532
            ],
            [
              107.6253911,
              -6.9340929
            ]
          ]
        ]
      },
      "id": "way/734357298"
    },
    {
      "type": "Feature",
      "properties": {
        "@id": "way/734357299",
        "leisure": "park",
        "name": "Taman Alifa"
      },
      "geometry": {
        "type": "Polygon",
        "coordinates": [
          [
            [
              107.616242,
              -6.9380395
            ],
            [
              107.616242,
              -6.9381431
            ],
            [
              107.6162448,
              -6.9382071
            ],
            [
              107.6163027,
              -6.9381788
            ],
            [
              107.6164288,
              -6.9381845
            ],
            [
              107.6165189,
              -6.938182
            ],
            [
              107.6166299,
              -6.9381788
            ],
            [
              107.6166251,
              -6.9380583
            ],
            [
              107.616242,
              -6.9380395
            ]
          ]
        ]
      },
      "id": "way/734357299"
    },
    {
      "type": "Feature",
      "properties": {
        "@id": "way/734571665",
        "leisure": "park"
      },
      "geometry": {
        "type": "Polygon",
        "coordinates": [
          [
            [
              107.687808,
              -6.8888495
            ],
            [
              107.6877812,
              -6.8889067
            ],
            [
              107.6878416,
              -6.8889387
            ],
            [
              107.6878737,
              -6.8888881
            ],
            [
              107.687808,
              -6.8888495
            ]
          ]
        ]
      },
      "id": "way/734571665"
    },
    {
      "type": "Feature",
      "properties": {
        "@id": "way/735089657",
        "leisure": "park",
        "name": "Sekar Manis Park"
      },
      "geometry": {
        "type": "Polygon",
        "coordinates": [
          [
            [
              107.628238,
              -6.9406299
            ],
            [
              107.6282315,
              -6.9406468
            ],
            [
              107.6285162,
              -6.9407671
            ],
            [
              107.628449,
              -6.9409477
            ],
            [
              107.6285557,
              -6.9409843
            ],
            [
              107.6286059,
              -6.9407818
            ],
            [
              107.628238,
              -6.9406299
            ]
          ]
        ]
      },
      "id": "way/735089657"
    },
    {
      "type": "Feature",
      "properties": {
        "@id": "way/735114087",
        "barrier": "hedge",
        "leisure": "park",
        "name": "Menara Air Metro",
        "name:en": "Metro Tower Park"
      },
      "geometry": {
        "type": "Polygon",
        "coordinates": [
          [
            [
              107.6670731,
              -6.9397971
            ],
            [
              107.6670429,
              -6.9398122
            ],
            [
              107.6670188,
              -6.9398342
            ],
            [
              107.6670036,
              -6.9398602
            ],
            [
              107.6669966,
              -6.9398852
            ],
            [
              107.6669976,
              -6.9399172
            ],
            [
              107.6670066,
              -6.9399472
            ],
            [
              107.6670248,
              -6.9399732
            ],
            [
              107.6670499,
              -6.9399962
            ],
            [
              107.6670863,
              -6.9400072
            ],
            [
              107.6671074,
              -6.9400092
            ],
            [
              107.6671356,
              -6.9400042
            ],
            [
              107.6671587,
              -6.9399952
            ],
            [
              107.6671769,
              -6.9399812
            ],
            [
              107.6672001,
              -6.9399552
            ],
            [
              107.6672111,
              -6.9399282
            ],
            [
              107.6672132,
              -6.9398892
            ],
            [
              107.6672017,
              -6.9398526
            ],
            [
              107.667189,
              -6.9398311
            ],
            [
              107.6671688,
              -6.9398122
            ],
            [
              107.6671386,
              -6.9397962
            ],
            [
              107.6671074,
              -6.9397912
            ],
            [
              107.6670731,
              -6.9397971
            ]
          ]
        ]
      },
      "id": "way/735114087"
    },
    {
      "type": "Feature",
      "properties": {
        "@id": "way/735115691",
        "leisure": "park",
        "name": "Taman Cikawao"
      },
      "geometry": {
        "type": "Polygon",
        "coordinates": [
          [
            [
              107.6131759,
              -6.9270968
            ],
            [
              107.6131635,
              -6.9271289
            ],
            [
              107.6131343,
              -6.9273461
            ],
            [
              107.6131497,
              -6.92734
            ],
            [
              107.6132375,
              -6.9272865
            ],
            [
              107.613293,
              -6.9272849
            ],
            [
              107.613236,
              -6.9272008
            ],
            [
              107.6131759,
              -6.9270968
            ]
          ]
        ]
      },
      "id": "way/735115691"
    },
    {
      "type": "Feature",
      "properties": {
        "@id": "way/735116437",
        "leisure": "park",
        "name": "Burangrang Triangle Park"
      },
      "geometry": {
        "type": "Polygon",
        "coordinates": [
          [
            [
              107.6201997,
              -6.9227257
            ],
            [
              107.6199424,
              -6.9229229
            ],
            [
              107.6199116,
              -6.9229596
            ],
            [
              107.6199008,
              -6.9229933
            ],
            [
              107.619907,
              -6.9230713
            ],
            [
              107.6199224,
              -6.9231263
            ],
            [
              107.6200102,
              -6.9230927
            ],
            [
              107.6199855,
              -6.9230269
            ],
            [
              107.6200656,
              -6.9229658
            ],
            [
              107.6203091,
              -6.9227455
            ],
            [
              107.6201997,
              -6.9227257
            ]
          ]
        ]
      },
      "id": "way/735116437"
    },
    {
      "type": "Feature",
      "properties": {
        "@id": "way/737501869",
        "leisure": "park",
        "name": "Taman Setiabudhi Supermarket"
      },
      "geometry": {
        "type": "Polygon",
        "coordinates": [
          [
            [
              107.6014985,
              -6.8826171
            ],
            [
              107.6014888,
              -6.8827467
            ],
            [
              107.6016547,
              -6.8827722
            ],
            [
              107.6016481,
              -6.8826878
            ],
            [
              107.6015981,
              -6.8826373
            ],
            [
              107.6014985,
              -6.8826171
            ]
          ]
        ]
      },
      "id": "way/737501869"
    },
    {
      "type": "Feature",
      "properties": {
        "@id": "way/737678927",
        "leisure": "park",
        "name": "Taman Saturnus"
      },
      "geometry": {
        "type": "Polygon",
        "coordinates": [
          [
            [
              107.6641577,
              -6.9526176
            ],
            [
              107.6640826,
              -6.9531075
            ],
            [
              107.6645855,
              -6.9531828
            ],
            [
              107.6645927,
              -6.95315
            ],
            [
              107.6644394,
              -6.9530995
            ],
            [
              107.6646217,
              -6.9526869
            ],
            [
              107.6641577,
              -6.9526176
            ]
          ]
        ]
      },
      "id": "way/737678927"
    },
    {
      "type": "Feature",
      "properties": {
        "@id": "way/737680524",
        "leisure": "park"
      },
      "geometry": {
        "type": "Polygon",
        "coordinates": [
          [
            [
              107.6726221,
              -6.9447135
            ],
            [
              107.6723496,
              -6.9447114
            ],
            [
              107.6723517,
              -6.9447614
            ],
            [
              107.6724051,
              -6.9447629
            ],
            [
              107.6724422,
              -6.9447634
            ],
            [
              107.6724418,
              -6.9447919
            ],
            [
              107.6724261,
              -6.94482
            ],
            [
              107.6724245,
              -6.9449308
            ],
            [
              107.6724231,
              -6.9449605
            ],
            [
              107.6726136,
              -6.9449628
            ],
            [
              107.6726221,
              -6.9447135
            ]
          ]
        ]
      },
      "id": "way/737680524"
    },
    {
      "type": "Feature",
      "properties": {
        "@id": "way/737682742",
        "leisure": "park",
        "name": "Taman Depan Balai Sartika"
      },
      "geometry": {
        "type": "Polygon",
        "coordinates": [
          [
            [
              107.6251019,
              -6.9426465
            ],
            [
              107.6249016,
              -6.94257
            ],
            [
              107.6246089,
              -6.9428422
            ],
            [
              107.6251358,
              -6.9431144
            ],
            [
              107.6251019,
              -6.9426465
            ]
          ]
        ]
      },
      "id": "way/737682742"
    },
    {
      "type": "Feature",
      "properties": {
        "@id": "way/737683533",
        "leisure": "park",
        "name": "Taman RW 10 Kelurahan Turangga"
      },
      "geometry": {
        "type": "Polygon",
        "coordinates": [
          [
            [
              107.6267581,
              -6.9365057
            ],
            [
              107.6265995,
              -6.9367277
            ],
            [
              107.6268617,
              -6.9369718
            ],
            [
              107.6270264,
              -6.9367559
            ],
            [
              107.6267581,
              -6.9365057
            ]
          ]
        ]
      },
      "id": "way/737683533"
    },
    {
      "type": "Feature",
      "properties": {
        "@id": "way/737684344",
        "leisure": "park",
        "name": "Taman Durma"
      },
      "geometry": {
        "type": "Polygon",
        "coordinates": [
          [
            [
              107.6278334,
              -6.9346442
            ],
            [
              107.6279005,
              -6.9346704
            ],
            [
              107.6282054,
              -6.9337987
            ],
            [
              107.6280672,
              -6.9337603
            ],
            [
              107.6279273,
              -6.9343461
            ],
            [
              107.6278334,
              -6.9346442
            ]
          ]
        ]
      },
      "id": "way/737684344"
    },
    {
      "type": "Feature",
      "properties": {
        "@id": "way/738650836",
        "leisure": "park"
      },
      "geometry": {
        "type": "Polygon",
        "coordinates": [
          [
            [
              107.6947528,
              -6.8939394
            ],
            [
              107.6946536,
              -6.8938542
            ],
            [
              107.6945087,
              -6.8937556
            ],
            [
              107.6944189,
              -6.8938488
            ],
            [
              107.6943451,
              -6.8939514
            ],
            [
              107.69438,
              -6.8939793
            ],
            [
              107.6943424,
              -6.8940778
            ],
            [
              107.694503,
              -6.8941491
            ],
            [
              107.6945823,
              -6.8939932
            ],
            [
              107.6947059,
              -6.8940166
            ],
            [
              107.6947528,
              -6.8939394
            ]
          ]
        ]
      },
      "id": "way/738650836"
    },
    {
      "type": "Feature",
      "properties": {
        "@id": "way/739640827",
        "leisure": "park"
      },
      "geometry": {
        "type": "Polygon",
        "coordinates": [
          [
            [
              107.6948232,
              -6.8669978
            ],
            [
              107.6947937,
              -6.867079
            ],
            [
              107.694901,
              -6.8671163
            ],
            [
              107.6949332,
              -6.8670417
            ],
            [
              107.6948232,
              -6.8669978
            ]
          ]
        ]
      },
      "id": "way/739640827"
    },
    {
      "type": "Feature",
      "properties": {
        "@id": "way/739777716",
        "leisure": "park"
      },
      "geometry": {
        "type": "Polygon",
        "coordinates": [
          [
            [
              107.6069191,
              -6.9139154
            ],
            [
              107.6067813,
              -6.9141115
            ],
            [
              107.606945,
              -6.914188
            ],
            [
              107.6070616,
              -6.9140876
            ],
            [
              107.6069838,
              -6.9138933
            ],
            [
              107.6069191,
              -6.9139154
            ]
          ]
        ]
      },
      "id": "way/739777716"
    },
    {
      "type": "Feature",
      "properties": {
        "@id": "way/739778585",
        "leisure": "park",
        "name": "Taman Maung Bandung"
      },
      "geometry": {
        "type": "Polygon",
        "coordinates": [
          [
            [
              107.6075966,
              -6.9078492
            ],
            [
              107.6075831,
              -6.9075989
            ],
            [
              107.6075536,
              -6.9076415
            ],
            [
              107.6075054,
              -6.9076708
            ],
            [
              107.6074329,
              -6.9076761
            ],
            [
              107.6075966,
              -6.9078492
            ]
          ]
        ]
      },
      "id": "way/739778585"
    },
    {
      "type": "Feature",
      "properties": {
        "@id": "way/739781047",
        "leisure": "park",
        "name": "Taman Tank"
      },
      "geometry": {
        "type": "Polygon",
        "coordinates": [
          [
            [
              107.6299337,
              -6.9251592
            ],
            [
              107.6299104,
              -6.9253935
            ],
            [
              107.6300348,
              -6.9254242
            ],
            [
              107.6300909,
              -6.9251978
            ],
            [
              107.6299337,
              -6.9251592
            ]
          ]
        ]
      },
      "id": "way/739781047"
    },
    {
      "type": "Feature",
      "properties": {
        "@id": "way/741776050",
        "leisure": "park",
        "name": "Taman Pembauran"
      },
      "geometry": {
        "type": "Polygon",
        "coordinates": [
          [
            [
              107.6106368,
              -6.9424295
            ],
            [
              107.6104844,
              -6.9424465
            ],
            [
              107.6105809,
              -6.9427118
            ],
            [
              107.6107517,
              -6.9426503
            ],
            [
              107.6106368,
              -6.9424295
            ]
          ]
        ]
      },
      "id": "way/741776050"
    },
    {
      "type": "Feature",
      "properties": {
        "@id": "way/749732425",
        "addr:city": "Kel. Margasari",
        "addr:housenumber": "12",
        "addr:postcode": "40286",
        "addr:street": "Jalan Kiarasai IV",
        "leisure": "park",
        "name": "Taman Kiarasari IV",
        "opening_hours": "24/7"
      },
      "geometry": {
        "type": "Polygon",
        "coordinates": [
          [
            [
              107.6436392,
              -6.9484539
            ],
            [
              107.643628,
              -6.9485807
            ],
            [
              107.6439275,
              -6.9486066
            ],
            [
              107.6439386,
              -6.9484799
            ],
            [
              107.6436392,
              -6.9484539
            ]
          ]
        ]
      },
      "id": "way/749732425"
    },
    {
      "type": "Feature",
      "properties": {
        "@id": "way/749732426",
        "addr:city": "Kel. Margasari",
        "addr:housenumber": "23",
        "addr:postcode": "40286",
        "addr:street": "Jalan Kiarasari V",
        "leisure": "park",
        "name": "Taman Kiarasari V",
        "opening_hours": "24/7"
      },
      "geometry": {
        "type": "Polygon",
        "coordinates": [
          [
            [
              107.6444563,
              -6.9482344
            ],
            [
              107.6444416,
              -6.9483697
            ],
            [
              107.6446296,
              -6.9483898
            ],
            [
              107.6446443,
              -6.9482546
            ],
            [
              107.6444563,
              -6.9482344
            ]
          ]
        ]
      },
      "id": "way/749732426"
    },
    {
      "type": "Feature",
      "properties": {
        "@id": "way/749732427",
        "leisure": "park",
        "name": "Taman Kiarasari Utama"
      },
      "geometry": {
        "type": "Polygon",
        "coordinates": [
          [
            [
              107.6445947,
              -6.9490471
            ],
            [
              107.6445749,
              -6.9493757
            ],
            [
              107.6447489,
              -6.949386
            ],
            [
              107.6447687,
              -6.9490574
            ],
            [
              107.6445947,
              -6.9490471
            ]
          ]
        ]
      },
      "id": "way/749732427"
    },
    {
      "type": "Feature",
      "properties": {
        "@id": "way/749732428",
        "addr:city": "Kel. Margasari",
        "addr:postcode": "40286",
        "addr:street": "Jalan Kiarasari Permai V",
        "leisure": "park",
        "name": "Taman Kiarasari Permai"
      },
      "geometry": {
        "type": "Polygon",
        "coordinates": [
          [
            [
              107.646557,
              -6.9482116
            ],
            [
              107.6465225,
              -6.9484795
            ],
            [
              107.6469942,
              -6.9485393
            ],
            [
              107.6470678,
              -6.9479676
            ],
            [
              107.6469814,
              -6.9479567
            ],
            [
              107.646961,
              -6.9481157
            ],
            [
              107.6468398,
              -6.9481003
            ],
            [
              107.6468212,
              -6.9482451
            ],
            [
              107.646557,
              -6.9482116
            ]
          ]
        ]
      },
      "id": "way/749732428"
    },
    {
      "type": "Feature",
      "properties": {
        "@id": "way/749818138",
        "leisure": "park"
      },
      "geometry": {
        "type": "Polygon",
        "coordinates": [
          [
            [
              107.6478185,
              -6.9527768
            ],
            [
              107.6478079,
              -6.9529103
            ],
            [
              107.648045,
              -6.9529209
            ],
            [
              107.6480875,
              -6.9527839
            ],
            [
              107.6478185,
              -6.9527768
            ]
          ]
        ]
      },
      "id": "way/749818138"
    },
    {
      "type": "Feature",
      "properties": {
        "@id": "way/749819451",
        "leisure": "park"
      },
      "geometry": {
        "type": "Polygon",
        "coordinates": [
          [
            [
              107.6482552,
              -6.9512181
            ],
            [
              107.6482155,
              -6.9513932
            ],
            [
              107.6482586,
              -6.9514029
            ],
            [
              107.6482401,
              -6.9514847
            ],
            [
              107.6483116,
              -6.9515007
            ],
            [
              107.6483698,
              -6.9512437
            ],
            [
              107.6482552,
              -6.9512181
            ]
          ]
        ]
      },
      "id": "way/749819451"
    },
    {
      "type": "Feature",
      "properties": {
        "@id": "way/750181961",
        "addr:city": "Kota Bandung",
        "addr:street": "Jalan Cicukang",
        "leisure": "park",
        "name": "Taman Mini Endah Cicukang"
      },
      "geometry": {
        "type": "Polygon",
        "coordinates": [
          [
            [
              107.6833266,
              -6.9114882
            ],
            [
              107.6834728,
              -6.9115528
            ],
            [
              107.6839971,
              -6.9100797
            ],
            [
              107.6838308,
              -6.9100078
            ],
            [
              107.683737,
              -6.9099678
            ],
            [
              107.6834822,
              -6.9105776
            ],
            [
              107.683619,
              -6.9106362
            ],
            [
              107.6833266,
              -6.9114882
            ]
          ]
        ]
      },
      "id": "way/750181961"
    },
    {
      "type": "Feature",
      "properties": {
        "@id": "way/750184151",
        "addr:city": "Kota Bandung",
        "addr:street": "Jalan Cicukang",
        "leisure": "park",
        "name": "Taman Cicukang"
      },
      "geometry": {
        "type": "Polygon",
        "coordinates": [
          [
            [
              107.6852412,
              -6.9070886
            ],
            [
              107.6851408,
              -6.9070492
            ],
            [
              107.6843819,
              -6.9088526
            ],
            [
              107.68448,
              -6.908892
            ],
            [
              107.6852412,
              -6.9070886
            ]
          ]
        ]
      },
      "id": "way/750184151"
    },
    {
      "type": "Feature",
      "properties": {
        "@id": "way/750190780",
        "addr:city": "Bandung",
        "addr:street": "Jalan Jakarta",
        "fee": "yes",
        "leisure": "park",
        "name": "Kiara Artha Park",
        "opening_hours": "Mo-Su 10:00-21:00"
      },
      "geometry": {
        "type": "Polygon",
        "coordinates": [
          [
            [
              107.6411437,
              -6.9141296
            ],
            [
              107.6412314,
              -6.9148108
            ],
            [
              107.6404448,
              -6.9148902
            ],
            [
              107.6408441,
              -6.9179926
            ],
            [
              107.6409827,
              -6.918111
            ],
            [
              107.64149,
              -6.9178146
            ],
            [
              107.641886,
              -6.9177442
            ],
            [
              107.6418494,
              -6.9173683
            ],
            [
              107.6423264,
              -6.9173179
            ],
            [
              107.6427994,
              -6.9172075
            ],
            [
              107.6428379,
              -6.9176779
            ],
            [
              107.6429977,
              -6.9178377
            ],
            [
              107.6432922,
              -6.917835
            ],
            [
              107.6433478,
              -6.9176738
            ],
            [
              107.6435477,
              -6.9175997
            ],
            [
              107.643935,
              -6.9175883
            ],
            [
              107.6437907,
              -6.9157085
            ],
            [
              107.6436218,
              -6.91403
            ],
            [
              107.6435914,
              -6.9139486
            ],
            [
              107.6435089,
              -6.9139071
            ],
            [
              107.6421245,
              -6.914043
            ],
            [
              107.6421665,
              -6.9143825
            ],
            [
              107.6419057,
              -6.9144198
            ],
            [
              107.6419567,
              -6.9150124
            ],
            [
              107.6415076,
              -6.9150644
            ],
            [
              107.6413908,
              -6.9141058
            ],
            [
              107.6411437,
              -6.9141296
            ]
          ]
        ]
      },
      "id": "way/750190780"
    },
    {
      "type": "Feature",
      "properties": {
        "@id": "way/750198490",
        "addr:city": "Bandung",
        "leisure": "park",
        "name": "Karangsetra park"
      },
      "geometry": {
        "type": "Polygon",
        "coordinates": [
          [
            [
              107.5932964,
              -6.8778779
            ],
            [
              107.5933035,
              -6.8780077
            ],
            [
              107.593171,
              -6.8780122
            ],
            [
              107.5931924,
              -6.8782305
            ],
            [
              107.5937571,
              -6.8780219
            ],
            [
              107.5939141,
              -6.8781889
            ],
            [
              107.5941384,
              -6.8786621
            ],
            [
              107.5943387,
              -6.8785726
            ],
            [
              107.5940585,
              -6.8781113
            ],
            [
              107.5940655,
              -6.8778609
            ],
            [
              107.5941706,
              -6.8776755
            ],
            [
              107.5945162,
              -6.8773208
            ],
            [
              107.5944262,
              -6.8771695
            ],
            [
              107.5941674,
              -6.8773441
            ],
            [
              107.5935104,
              -6.8778382
            ],
            [
              107.5932964,
              -6.8778779
            ]
          ]
        ]
      },
      "id": "way/750198490"
    },
    {
      "type": "Feature",
      "properties": {
        "@id": "way/750198977",
        "addr:city": "Bandung",
        "leisure": "park",
        "name": "Museum Pendidikan Park"
      },
      "geometry": {
        "type": "Polygon",
        "coordinates": [
          [
            [
              107.5944419,
              -6.8600262
            ],
            [
              107.5945035,
              -6.8598885
            ],
            [
              107.5944564,
              -6.8597978
            ],
            [
              107.594468,
              -6.8597054
            ],
            [
              107.5943874,
              -6.8596226
            ],
            [
              107.5944005,
              -6.8594894
            ],
            [
              107.5942006,
              -6.859455
            ],
            [
              107.5941894,
              -6.8594362
            ],
            [
              107.5941652,
              -6.8594219
            ],
            [
              107.5938302,
              -6.859398
            ],
            [
              107.59384,
              -6.8597019
            ],
            [
              107.5938704,
              -6.8601482
            ],
            [
              107.5943088,
              -6.860118
            ],
            [
              107.5944419,
              -6.8600262
            ]
          ]
        ]
      },
      "id": "way/750198977"
    },
    {
      "type": "Feature",
      "properties": {
        "@id": "way/750199502",
        "addr:city": "Bandung",
        "leisure": "park",
        "name": "Roeslan Abdul Gani Park"
      },
      "geometry": {
        "type": "Polygon",
        "coordinates": [
          [
            [
              107.5920835,
              -6.8603181
            ],
            [
              107.5912356,
              -6.8604008
            ],
            [
              107.5911645,
              -6.8605352
            ],
            [
              107.5912382,
              -6.8607046
            ],
            [
              107.592055,
              -6.8607737
            ],
            [
              107.5920832,
              -6.8603382
            ],
            [
              107.5920835,
              -6.8603181
            ]
          ]
        ]
      },
      "id": "way/750199502"
    },
    {
      "type": "Feature",
      "properties": {
        "@id": "way/750200249",
        "addr:city": "Bandung",
        "leisure": "park",
        "name": "Masjid Attaqwa Park"
      },
      "geometry": {
        "type": "Polygon",
        "coordinates": [
          [
            [
              107.5866745,
              -6.8658592
            ],
            [
              107.5858476,
              -6.865811
            ],
            [
              107.5857736,
              -6.8662966
            ],
            [
              107.5863394,
              -6.86651
            ],
            [
              107.5866745,
              -6.8658592
            ]
          ]
        ]
      },
      "id": "way/750200249"
    },
    {
      "type": "Feature",
      "properties": {
        "@id": "way/750206390",
        "addr:city": "Bandung",
        "leisure": "park",
        "name": "Al Murabbi Park"
      },
      "geometry": {
        "type": "Polygon",
        "coordinates": [
          [
            [
              107.5832711,
              -6.8802762
            ],
            [
              107.5838269,
              -6.8801092
            ],
            [
              107.5835887,
              -6.8793164
            ],
            [
              107.5831544,
              -6.879437
            ],
            [
              107.5832151,
              -6.880049
            ],
            [
              107.5831777,
              -6.8801185
            ],
            [
              107.5831964,
              -6.8802993
            ],
            [
              107.5832711,
              -6.8802762
            ]
          ]
        ]
      },
      "id": "way/750206390"
    },
    {
      "type": "Feature",
      "properties": {
        "@id": "way/750207884",
        "leisure": "park",
        "name": "Jalur Hijau Cipaganti"
      },
      "geometry": {
        "type": "Polygon",
        "coordinates": [
          [
            [
              107.6016568,
              -6.88753
            ],
            [
              107.601697,
              -6.8877058
            ],
            [
              107.6016139,
              -6.8879481
            ],
            [
              107.6013403,
              -6.8885925
            ],
            [
              107.6009083,
              -6.8899055
            ],
            [
              107.601002,
              -6.8899367
            ],
            [
              107.6010318,
              -6.8898497
            ],
            [
              107.6011017,
              -6.8898539
            ],
            [
              107.601461,
              -6.8888401
            ],
            [
              107.6017211,
              -6.888209
            ],
            [
              107.6018231,
              -6.8881931
            ],
            [
              107.6019196,
              -6.8880147
            ],
            [
              107.6020913,
              -6.8880626
            ],
            [
              107.6022018,
              -6.8897031
            ],
            [
              107.602414,
              -6.8897606
            ],
            [
              107.602242,
              -6.8879356
            ],
            [
              107.6019002,
              -6.8879144
            ],
            [
              107.6017667,
              -6.8875247
            ],
            [
              107.6016568,
              -6.88753
            ]
          ]
        ]
      },
      "id": "way/750207884"
    },
    {
      "type": "Feature",
      "properties": {
        "@id": "way/750208197",
        "leisure": "park",
        "name": "Jalur hijau taman sari"
      },
      "geometry": {
        "type": "Polygon",
        "coordinates": [
          [
            [
              107.6096199,
              -6.8972032
            ],
            [
              107.6096103,
              -6.8975723
            ],
            [
              107.6096074,
              -6.8976821
            ],
            [
              107.6096382,
              -6.8977388
            ],
            [
              107.609641,
              -6.898045
            ],
            [
              107.6099206,
              -6.8981175
            ],
            [
              107.6099494,
              -6.8979931
            ],
            [
              107.6098019,
              -6.8978479
            ],
            [
              107.6097828,
              -6.8976478
            ],
            [
              107.6097831,
              -6.8972808
            ],
            [
              107.6097644,
              -6.8972301
            ],
            [
              107.6096199,
              -6.8972032
            ]
          ]
        ]
      },
      "id": "way/750208197"
    },
    {
      "type": "Feature",
      "properties": {
        "@id": "way/750209307",
        "addr:city": "Bandung",
        "leisure": "park",
        "name": "Taman PKK"
      },
      "geometry": {
        "type": "Polygon",
        "coordinates": [
          [
            [
              107.6250616,
              -6.9013098
            ],
            [
              107.6252356,
              -6.9011186
            ],
            [
              107.6249676,
              -6.9011217
            ],
            [
              107.6250616,
              -6.9013098
            ]
          ]
        ]
      },
      "id": "way/750209307"
    },
    {
      "type": "Feature",
      "properties": {
        "@id": "way/750210743",
        "addr:city": "Bandung",
        "leisure": "park",
        "name": "Simpay asih Park"
      },
      "geometry": {
        "type": "Polygon",
        "coordinates": [
          [
            [
              107.689801,
              -6.9019437
            ],
            [
              107.6898967,
              -6.901902
            ],
            [
              107.6899382,
              -6.9019113
            ],
            [
              107.6901386,
              -6.9020066
            ],
            [
              107.6903156,
              -6.9017263
            ],
            [
              107.6899536,
              -6.9015688
            ],
            [
              107.6898578,
              -6.9017196
            ],
            [
              107.6898605,
              -6.9017862
            ],
            [
              107.689801,
              -6.9019437
            ]
          ]
        ]
      },
      "id": "way/750210743"
    },
    {
      "type": "Feature",
      "properties": {
        "@id": "way/750210837",
        "addr:city": "Bandung",
        "leisure": "park",
        "name": "Taruna Parahyangan Park"
      },
      "geometry": {
        "type": "Polygon",
        "coordinates": [
          [
            [
              107.6879454,
              -6.9016238
            ],
            [
              107.687771,
              -6.9019273
            ],
            [
              107.6880446,
              -6.9020711
            ],
            [
              107.6881301,
              -6.902123
            ],
            [
              107.6881614,
              -6.902139
            ],
            [
              107.6882243,
              -6.9020232
            ],
            [
              107.6882619,
              -6.9017862
            ],
            [
              107.6879454,
              -6.9016238
            ]
          ]
        ]
      },
      "id": "way/750210837"
    },
    {
      "type": "Feature",
      "properties": {
        "@id": "way/750215078",
        "addr:city": "Bandung",
        "leisure": "park",
        "name": "FCL front lobby park"
      },
      "geometry": {
        "type": "Polygon",
        "coordinates": [
          [
            [
              107.5871802,
              -6.9293851
            ],
            [
              107.5874027,
              -6.9298541
            ],
            [
              107.5876218,
              -6.9297152
            ],
            [
              107.5873584,
              -6.9292693
            ],
            [
              107.5871802,
              -6.9293851
            ]
          ]
        ]
      },
      "id": "way/750215078"
    },
    {
      "type": "Feature",
      "properties": {
        "@id": "way/750218153",
        "addr:city": "Bandung",
        "leisure": "park",
        "name": "Batununggal Molek Park"
      },
      "geometry": {
        "type": "Polygon",
        "coordinates": [
          [
            [
              107.6315694,
              -6.9572798
            ],
            [
              107.6315285,
              -6.9575134
            ],
            [
              107.6331291,
              -6.9578492
            ],
            [
              107.633172,
              -6.9576226
            ],
            [
              107.6315694,
              -6.9572798
            ]
          ]
        ]
      },
      "id": "way/750218153"
    },
    {
      "type": "Feature",
      "properties": {
        "@id": "way/750218154",
        "addr:city": "Bandung",
        "leisure": "park"
      },
      "geometry": {
        "type": "Polygon",
        "coordinates": [
          [
            [
              107.6289319,
              -6.9566478
            ],
            [
              107.6288605,
              -6.9569905
            ],
            [
              107.6302268,
              -6.9572674
            ],
            [
              107.6302992,
              -6.9569411
            ],
            [
              107.6289319,
              -6.9566478
            ]
          ]
        ]
      },
      "id": "way/750218154"
    },
    {
      "type": "Feature",
      "properties": {
        "@id": "way/750218798",
        "addr:city": "Bandung",
        "leisure": "park",
        "name": "Arcamanik Tower Park"
      },
      "geometry": {
        "type": "Polygon",
        "coordinates": [
          [
            [
              107.6742607,
              -6.9177333
            ],
            [
              107.6739899,
              -6.9183217
            ],
            [
              107.6745442,
              -6.9178549
            ],
            [
              107.6742607,
              -6.9177333
            ]
          ]
        ]
      },
      "id": "way/750218798"
    },
    {
      "type": "Feature",
      "properties": {
        "@id": "way/750221930",
        "addr:city": "Bandung",
        "leisure": "park",
        "name": "Taman Abah Toto"
      },
      "geometry": {
        "type": "Polygon",
        "coordinates": [
          [
            [
              107.6875369,
              -6.9266977
            ],
            [
              107.6877492,
              -6.9267425
            ],
            [
              107.6877777,
              -6.9265694
            ],
            [
              107.6875742,
              -6.9265425
            ],
            [
              107.6875369,
              -6.9266977
            ]
          ]
        ]
      },
      "id": "way/750221930"
    },
    {
      "type": "Feature",
      "properties": {
        "@id": "way/750222268",
        "addr:city": "Bandung",
        "leisure": "park",
        "name": "Taman Bina Harapan"
      },
      "geometry": {
        "type": "Polygon",
        "coordinates": [
          [
            [
              107.6845885,
              -6.9140513
            ],
            [
              107.6844611,
              -6.9142496
            ],
            [
              107.6845738,
              -6.9143082
            ],
            [
              107.6844772,
              -6.914476
            ],
            [
              107.684681,
              -6.9145878
            ],
            [
              107.6845877,
              -6.9147073
            ],
            [
              107.6847612,
              -6.9148506
            ],
            [
              107.6853395,
              -6.9149606
            ],
            [
              107.6853678,
              -6.9148928
            ],
            [
              107.6851933,
              -6.9148115
            ],
            [
              107.6854146,
              -6.9143921
            ],
            [
              107.6852363,
              -6.9143215
            ],
            [
              107.6852068,
              -6.9144267
            ],
            [
              107.6850954,
              -6.9143894
            ],
            [
              107.6850539,
              -6.9142869
            ],
            [
              107.6850364,
              -6.9142243
            ],
            [
              107.6845885,
              -6.9140513
            ]
          ]
        ]
      },
      "id": "way/750222268"
    },
    {
      "type": "Feature",
      "properties": {
        "@id": "way/750222269",
        "addr:city": "Bandung",
        "leisure": "park",
        "name": "Bina Harapan Park"
      },
      "geometry": {
        "type": "Polygon",
        "coordinates": [
          [
            [
              107.6858183,
              -6.9145172
            ],
            [
              107.685762,
              -6.9144773
            ],
            [
              107.6856171,
              -6.9147476
            ],
            [
              107.6855782,
              -6.9148434
            ],
            [
              107.685534,
              -6.9149433
            ],
            [
              107.6853986,
              -6.9149021
            ],
            [
              107.6853596,
              -6.9149659
            ],
            [
              107.6856843,
              -6.9150653
            ],
            [
              107.6859608,
              -6.9146186
            ],
            [
              107.6858183,
              -6.9145172
            ]
          ]
        ]
      },
      "id": "way/750222269"
    },
    {
      "type": "Feature",
      "properties": {
        "@id": "way/752098472",
        "leisure": "park",
        "name": "Taman Indonesia Tenggelam",
        "name:en": "Indonesia Tenggelam Park"
      },
      "geometry": {
        "type": "Polygon",
        "coordinates": [
          [
            [
              107.6101891,
              -6.8900212
            ],
            [
              107.6101894,
              -6.8901282
            ],
            [
              107.6101897,
              -6.8902842
            ],
            [
              107.6102378,
              -6.8903007
            ],
            [
              107.6102471,
              -6.8904618
            ],
            [
              107.6102478,
              -6.8906313
            ],
            [
              107.6102482,
              -6.8907117
            ],
            [
              107.6101842,
              -6.890712
            ],
            [
              107.6101869,
              -6.8909957
            ],
            [
              107.6105061,
              -6.8909823
            ],
            [
              107.6105091,
              -6.8907161
            ],
            [
              107.6105083,
              -6.8906368
            ],
            [
              107.6105064,
              -6.8904532
            ],
            [
              107.6105105,
              -6.8902568
            ],
            [
              107.6105098,
              -6.8901307
            ],
            [
              107.610509,
              -6.8900069
            ],
            [
              107.6102947,
              -6.8900165
            ],
            [
              107.6101891,
              -6.8900212
            ]
          ]
        ]
      },
      "id": "way/752098472"
    },
    {
      "type": "Feature",
      "properties": {
        "@id": "way/753202019",
        "leisure": "park",
        "name": "Dago Atas Sideway"
      },
      "geometry": {
        "type": "Polygon",
        "coordinates": [
          [
            [
              107.619726,
              -6.8726784
            ],
            [
              107.6198617,
              -6.8722692
            ],
            [
              107.6199008,
              -6.8719273
            ],
            [
              107.6198147,
              -6.8719066
            ],
            [
              107.6197389,
              -6.8722002
            ],
            [
              107.619619,
              -6.8726266
            ],
            [
              107.619726,
              -6.8726784
            ]
          ]
        ]
      },
      "id": "way/753202019"
    },
    {
      "type": "Feature",
      "properties": {
        "@id": "way/753202021",
        "leisure": "park",
        "name": "DDK Park"
      },
      "geometry": {
        "type": "Polygon",
        "coordinates": [
          [
            [
              107.6189768,
              -6.8716412
            ],
            [
              107.6189332,
              -6.8716904
            ],
            [
              107.6197683,
              -6.8719425
            ],
            [
              107.6197941,
              -6.8718815
            ],
            [
              107.6189768,
              -6.8716412
            ]
          ]
        ]
      },
      "id": "way/753202021"
    },
    {
      "type": "Feature",
      "properties": {
        "@id": "way/753202022",
        "leisure": "park",
        "name": "Kemper Park 1"
      },
      "geometry": {
        "type": "Polygon",
        "coordinates": [
          [
            [
              107.6198178,
              -6.8713524
            ],
            [
              107.619802,
              -6.8714667
            ],
            [
              107.61983,
              -6.8714771
            ],
            [
              107.619832,
              -6.8715224
            ],
            [
              107.6198645,
              -6.8715242
            ],
            [
              107.6198723,
              -6.8713589
            ],
            [
              107.6198178,
              -6.8713524
            ]
          ]
        ]
      },
      "id": "way/753202022"
    },
    {
      "type": "Feature",
      "properties": {
        "@id": "way/753202023",
        "leisure": "park",
        "name": "DDK Park 2"
      },
      "geometry": {
        "type": "Polygon",
        "coordinates": [
          [
            [
              107.6198268,
              -6.8715445
            ],
            [
              107.6197961,
              -6.8717653
            ],
            [
              107.6196057,
              -6.8717259
            ],
            [
              107.6196116,
              -6.8717023
            ],
            [
              107.6194093,
              -6.8716511
            ],
            [
              107.6192069,
              -6.8716294
            ],
            [
              107.619203,
              -6.87159
            ],
            [
              107.6191891,
              -6.8715979
            ],
            [
              107.6191772,
              -6.871655
            ],
            [
              107.6198065,
              -6.8718401
            ],
            [
              107.6198551,
              -6.871551
            ],
            [
              107.6198268,
              -6.8715445
            ]
          ]
        ]
      },
      "id": "way/753202023"
    },
    {
      "type": "Feature",
      "properties": {
        "@id": "way/753206626",
        "access": "yes",
        "addr:city": "Bandung",
        "addr:full": "Jl. L. L. R.E. Martadinata, Cihapit, Bandung Wetan",
        "description": "Park located on LLRE Martadinata street. Currently revamped and revitalized with two gates for entrance and exit. The lush green Taman Pramuka is popular among boy & girl scout.",
        "leisure": "park",
        "name": "Taman Pramuka",
        "opening_hours": "24/7",
        "source": "POI_WRI_Survey_2023",
        "tactile_paving": "yes",
        "wheelchair": "limited"
      },
      "geometry": {
        "type": "Polygon",
        "coordinates": [
          [
            [
              107.6261687,
              -6.9100805
            ],
            [
              107.6270726,
              -6.9109896
            ],
            [
              107.627358,
              -6.910724
            ],
            [
              107.6275304,
              -6.9104937
            ],
            [
              107.6275769,
              -6.9103842
            ],
            [
              107.6276018,
              -6.9102753
            ],
            [
              107.6275721,
              -6.9100569
            ],
            [
              107.6274884,
              -6.909817
            ],
            [
              107.6273877,
              -6.9096732
            ],
            [
              107.6269774,
              -6.9095551
            ],
            [
              107.6268109,
              -6.9095551
            ],
            [
              107.6265433,
              -6.9096968
            ],
            [
              107.6261687,
              -6.9100805
            ]
          ]
        ]
      },
      "id": "way/753206626"
    },
    {
      "type": "Feature",
      "properties": {
        "@id": "way/753210206",
        "leisure": "park",
        "name": "ITB Green Pedestrian"
      },
      "geometry": {
        "type": "Polygon",
        "coordinates": [
          [
            [
              107.6098739,
              -6.8932808
            ],
            [
              107.6090488,
              -6.8935466
            ],
            [
              107.6088866,
              -6.893622
            ],
            [
              107.608451,
              -6.8938318
            ],
            [
              107.6085741,
              -6.894361
            ],
            [
              107.6088287,
              -6.8948846
            ],
            [
              107.6101432,
              -6.8947884
            ],
            [
              107.6099347,
              -6.8940082
            ],
            [
              107.6099749,
              -6.8934982
            ],
            [
              107.6098739,
              -6.8932808
            ]
          ]
        ]
      },
      "id": "way/753210206"
    },
    {
      "type": "Feature",
      "properties": {
        "@id": "way/753210207",
        "leisure": "park",
        "name": "Salman Green Sideway"
      },
      "geometry": {
        "type": "Polygon",
        "coordinates": [
          [
            [
              107.6107344,
              -6.8947688
            ],
            [
              107.6112121,
              -6.89477
            ],
            [
              107.6117136,
              -6.8947603
            ],
            [
              107.6117976,
              -6.8943314
            ],
            [
              107.6118982,
              -6.8936393
            ],
            [
              107.6118994,
              -6.8936305
            ],
            [
              107.611429,
              -6.8934711
            ],
            [
              107.6107633,
              -6.893291
            ],
            [
              107.6108404,
              -6.8935
            ],
            [
              107.610907,
              -6.8938785
            ],
            [
              107.6108988,
              -6.8939282
            ],
            [
              107.6108623,
              -6.8941507
            ],
            [
              107.6108412,
              -6.8943038
            ],
            [
              107.6107503,
              -6.8947125
            ],
            [
              107.6107344,
              -6.8947688
            ]
          ]
        ]
      },
      "id": "way/753210207"
    },
    {
      "type": "Feature",
      "properties": {
        "@id": "way/777411694",
        "addr:city": "Sayati, Margahayu, Bandung, Jawa Barat",
        "addr:postcode": "40228",
        "addr:street": "Sukamenak Indah",
        "description": "Public park located in the heart of Perumahan Sukamenak Indah. Futsal pitch is located in the middle of the park, right across Nurul Falah Mosque.",
        "leisure": "park",
        "name": "Taman Perumahan Sukamenak Indah"
      },
      "geometry": {
        "type": "Polygon",
        "coordinates": [
          [
            [
              107.5769724,
              -6.9668478
            ],
            [
              107.5770205,
              -6.9668808
            ],
            [
              107.577196,
              -6.9669102
            ],
            [
              107.5775562,
              -6.9669303
            ],
            [
              107.5779553,
              -6.9669322
            ],
            [
              107.5791764,
              -6.9669343
            ],
            [
              107.5792042,
              -6.96689
            ],
            [
              107.5791507,
              -6.9668533
            ],
            [
              107.5779387,
              -6.9668276
            ],
            [
              107.5771627,
              -6.9668148
            ],
            [
              107.577026,
              -6.9668166
            ],
            [
              107.5769724,
              -6.9668478
            ]
          ]
        ]
      },
      "id": "way/777411694"
    },
    {
      "type": "Feature",
      "properties": {
        "@id": "way/779135931",
        "leisure": "park"
      },
      "geometry": {
        "type": "Polygon",
        "coordinates": [
          [
            [
              107.6469063,
              -6.8875394
            ],
            [
              107.6468947,
              -6.8876254
            ],
            [
              107.6470186,
              -6.8876419
            ],
            [
              107.6470302,
              -6.8875558
            ],
            [
              107.6469063,
              -6.8875394
            ]
          ]
        ]
      },
      "id": "way/779135931"
    },
    {
      "type": "Feature",
      "properties": {
        "@id": "way/798340600",
        "leisure": "park",
        "name": "Lapangan Volly"
      },
      "geometry": {
        "type": "Polygon",
        "coordinates": [
          [
            [
              107.6249613,
              -6.8922066
            ],
            [
              107.6249543,
              -6.8922808
            ],
            [
              107.6251341,
              -6.8922993
            ],
            [
              107.6251458,
              -6.8922112
            ],
            [
              107.6249613,
              -6.8922066
            ]
          ]
        ]
      },
      "id": "way/798340600"
    },
    {
      "type": "Feature",
      "properties": {
        "@id": "way/798340605",
        "leisure": "park"
      },
      "geometry": {
        "type": "Polygon",
        "coordinates": [
          [
            [
              107.6246695,
              -6.8927088
            ],
            [
              107.6246561,
              -6.8928206
            ],
            [
              107.6247124,
              -6.8928393
            ],
            [
              107.6247204,
              -6.8927301
            ],
            [
              107.6246695,
              -6.8927088
            ]
          ]
        ]
      },
      "id": "way/798340605"
    },
    {
      "type": "Feature",
      "properties": {
        "@id": "way/807146524",
        "leisure": "park"
      },
      "geometry": {
        "type": "Polygon",
        "coordinates": [
          [
            [
              107.5590076,
              -6.9559825
            ],
            [
              107.5589054,
              -6.9559358
            ],
            [
              107.5588666,
              -6.956004
            ],
            [
              107.5589663,
              -6.9560515
            ],
            [
              107.5590076,
              -6.9559825
            ]
          ]
        ]
      },
      "id": "way/807146524"
    },
    {
      "type": "Feature",
      "properties": {
        "@id": "way/808689887",
        "leisure": "park"
      },
      "geometry": {
        "type": "Polygon",
        "coordinates": [
          [
            [
              107.5826451,
              -6.9728304
            ],
            [
              107.5826223,
              -6.9729461
            ],
            [
              107.5827051,
              -6.9729622
            ],
            [
              107.5827279,
              -6.9728465
            ],
            [
              107.5826451,
              -6.9728304
            ]
          ]
        ]
      },
      "id": "way/808689887"
    },
    {
      "type": "Feature",
      "properties": {
        "@id": "way/808690042",
        "leisure": "park"
      },
      "geometry": {
        "type": "Polygon",
        "coordinates": [
          [
            [
              107.583679,
              -6.9715896
            ],
            [
              107.5836932,
              -6.9717301
            ],
            [
              107.5837675,
              -6.9717227
            ],
            [
              107.5837506,
              -6.9715895
            ],
            [
              107.583679,
              -6.9715896
            ]
          ]
        ]
      },
      "id": "way/808690042"
    },
    {
      "type": "Feature",
      "properties": {
        "@id": "way/808697834",
        "leisure": "park"
      },
      "geometry": {
        "type": "Polygon",
        "coordinates": [
          [
            [
              107.5827546,
              -6.9702172
            ],
            [
              107.5827381,
              -6.9702876
            ],
            [
              107.5828435,
              -6.9703118
            ],
            [
              107.58286,
              -6.9702414
            ],
            [
              107.5827546,
              -6.9702172
            ]
          ]
        ]
      },
      "id": "way/808697834"
    },
    {
      "type": "Feature",
      "properties": {
        "@id": "way/808697835",
        "leisure": "park"
      },
      "geometry": {
        "type": "Polygon",
        "coordinates": [
          [
            [
              107.5828257,
              -6.9705234
            ],
            [
              107.5828172,
              -6.9706493
            ],
            [
              107.5828797,
              -6.9706534
            ],
            [
              107.582894,
              -6.9705472
            ],
            [
              107.5828882,
              -6.9705275
            ],
            [
              107.5828257,
              -6.9705234
            ]
          ]
        ]
      },
      "id": "way/808697835"
    },
    {
      "type": "Feature",
      "properties": {
        "@id": "way/808697836",
        "leisure": "park"
      },
      "geometry": {
        "type": "Polygon",
        "coordinates": [
          [
            [
              107.5827732,
              -6.9703884
            ],
            [
              107.5827709,
              -6.970484
            ],
            [
              107.5828486,
              -6.9704858
            ],
            [
              107.5828508,
              -6.9703902
            ],
            [
              107.5827732,
              -6.9703884
            ]
          ]
        ]
      },
      "id": "way/808697836"
    },
    {
      "type": "Feature",
      "properties": {
        "@id": "way/808697837",
        "leisure": "park"
      },
      "geometry": {
        "type": "Polygon",
        "coordinates": [
          [
            [
              107.582956,
              -6.9705792
            ],
            [
              107.582948,
              -6.9706284
            ],
            [
              107.5830679,
              -6.9706477
            ],
            [
              107.5830759,
              -6.9705985
            ],
            [
              107.582956,
              -6.9705792
            ]
          ]
        ]
      },
      "id": "way/808697837"
    },
    {
      "type": "Feature",
      "properties": {
        "@id": "way/808697838",
        "leisure": "park"
      },
      "geometry": {
        "type": "Polygon",
        "coordinates": [
          [
            [
              107.5826634,
              -6.9705487
            ],
            [
              107.5826595,
              -6.9706396
            ],
            [
              107.5827247,
              -6.9706424
            ],
            [
              107.5827286,
              -6.9705514
            ],
            [
              107.5826634,
              -6.9705487
            ]
          ]
        ]
      },
      "id": "way/808697838"
    },
    {
      "type": "Feature",
      "properties": {
        "@id": "way/808697839",
        "leisure": "park"
      },
      "geometry": {
        "type": "Polygon",
        "coordinates": [
          [
            [
              107.5826311,
              -6.9707997
            ],
            [
              107.5826338,
              -6.9708809
            ],
            [
              107.5827639,
              -6.9708809
            ],
            [
              107.5827652,
              -6.9707997
            ],
            [
              107.5826311,
              -6.9707997
            ]
          ]
        ]
      },
      "id": "way/808697839"
    },
    {
      "type": "Feature",
      "properties": {
        "@id": "way/808697840",
        "leisure": "park"
      },
      "geometry": {
        "type": "Polygon",
        "coordinates": [
          [
            [
              107.5892567,
              -6.9721098
            ],
            [
              107.5892035,
              -6.97234
            ],
            [
              107.5893064,
              -6.9723634
            ],
            [
              107.5893597,
              -6.9721333
            ],
            [
              107.5892567,
              -6.9721098
            ]
          ]
        ]
      },
      "id": "way/808697840"
    },
    {
      "type": "Feature",
      "properties": {
        "@id": "way/857644392",
        "leisure": "park"
      },
      "geometry": {
        "type": "Polygon",
        "coordinates": [
          [
            [
              107.6022629,
              -6.8581295
            ],
            [
              107.6022298,
              -6.8580738
            ],
            [
              107.6022216,
              -6.8579892
            ],
            [
              107.602364,
              -6.8579625
            ],
            [
              107.6024248,
              -6.8579301
            ],
            [
              107.6024271,
              -6.857915
            ],
            [
              107.6024551,
              -6.8578802
            ],
            [
              107.6024446,
              -6.8577608
            ],
            [
              107.6023442,
              -6.8577492
            ],
            [
              107.6022555,
              -6.8577064
            ],
            [
              107.6022099,
              -6.8576785
            ],
            [
              107.6021959,
              -6.8577221
            ],
            [
              107.6021825,
              -6.857782
            ],
            [
              107.6021744,
              -6.8578619
            ],
            [
              107.6021731,
              -6.8579231
            ],
            [
              107.6021798,
              -6.857983
            ],
            [
              107.6021905,
              -6.8580643
            ],
            [
              107.6022053,
              -6.8581042
            ],
            [
              107.6022294,
              -6.8581468
            ],
            [
              107.6022629,
              -6.8581295
            ]
          ]
        ]
      },
      "id": "way/857644392"
    },
    {
      "type": "Feature",
      "properties": {
        "@id": "way/857644399",
        "leisure": "park"
      },
      "geometry": {
        "type": "Polygon",
        "coordinates": [
          [
            [
              107.6027438,
              -6.8578557
            ],
            [
              107.6027252,
              -6.8578639
            ],
            [
              107.6027041,
              -6.8578859
            ],
            [
              107.6026936,
              -6.8579183
            ],
            [
              107.6027018,
              -6.8579473
            ],
            [
              107.602724,
              -6.857967
            ],
            [
              107.602752,
              -6.857967
            ],
            [
              107.6027905,
              -6.8579612
            ],
            [
              107.6028092,
              -6.8579462
            ],
            [
              107.6028092,
              -6.8579033
            ],
            [
              107.6028034,
              -6.8578859
            ],
            [
              107.6027835,
              -6.8578673
            ],
            [
              107.6027695,
              -6.8578592
            ],
            [
              107.6027438,
              -6.8578557
            ]
          ]
        ]
      },
      "id": "way/857644399"
    },
    {
      "type": "Feature",
      "properties": {
        "@id": "way/899990642",
        "leisure": "park"
      },
      "geometry": {
        "type": "Polygon",
        "coordinates": [
          [
            [
              107.6409164,
              -6.9400372
            ],
            [
              107.6407669,
              -6.9399981
            ],
            [
              107.6407916,
              -6.939887
            ],
            [
              107.6406284,
              -6.9398378
            ],
            [
              107.6406238,
              -6.939856
            ],
            [
              107.6405476,
              -6.9398333
            ],
            [
              107.6405385,
              -6.9398679
            ],
            [
              107.6405596,
              -6.9398742
            ],
            [
              107.6405311,
              -6.9400117
            ],
            [
              107.6404733,
              -6.9400053
            ],
            [
              107.6404733,
              -6.9400673
            ],
            [
              107.6403816,
              -6.9400645
            ],
            [
              107.6403816,
              -6.9400472
            ],
            [
              107.6403073,
              -6.940039
            ],
            [
              107.6403027,
              -6.9401164
            ],
            [
              107.6402229,
              -6.9401192
            ],
            [
              107.6402569,
              -6.940192
            ],
            [
              107.6403165,
              -6.940416
            ],
            [
              107.6405045,
              -6.9404142
            ],
            [
              107.6405045,
              -6.9404269
            ],
            [
              107.6406715,
              -6.9404369
            ],
            [
              107.6406715,
              -6.9404215
            ],
            [
              107.6407485,
              -6.9404206
            ],
            [
              107.6407485,
              -6.9403632
            ],
            [
              107.6408109,
              -6.9403586
            ],
            [
              107.6408127,
              -6.9403932
            ],
            [
              107.6408778,
              -6.9403932
            ],
            [
              107.6408778,
              -6.940345
            ],
            [
              107.640865,
              -6.9403359
            ],
            [
              107.6409164,
              -6.9400372
            ]
          ]
        ]
      },
      "id": "way/899990642"
    },
    {
      "type": "Feature",
      "properties": {
        "@id": "way/899990643",
        "leisure": "park"
      },
      "geometry": {
        "type": "Polygon",
        "coordinates": [
          [
            [
              107.6421127,
              -6.9396434
            ],
            [
              107.6417676,
              -6.9396247
            ],
            [
              107.6417793,
              -6.939496
            ],
            [
              107.6416672,
              -6.9394801
            ],
            [
              107.6416657,
              -6.939457
            ],
            [
              107.6411241,
              -6.9393977
            ],
            [
              107.6411372,
              -6.9398921
            ],
            [
              107.6412435,
              -6.9399094
            ],
            [
              107.6415856,
              -6.939986
            ],
            [
              107.6420924,
              -6.9400164
            ],
            [
              107.6421127,
              -6.9396434
            ]
          ]
        ]
      },
      "id": "way/899990643"
    },
    {
      "type": "Feature",
      "properties": {
        "@id": "way/899990644",
        "leisure": "park"
      },
      "geometry": {
        "type": "Polygon",
        "coordinates": [
          [
            [
              107.6399505,
              -6.940049
            ],
            [
              107.6399274,
              -6.9398448
            ],
            [
              107.6399459,
              -6.9394984
            ],
            [
              107.6398812,
              -6.9393768
            ],
            [
              107.6397772,
              -6.9392345
            ],
            [
              107.6394443,
              -6.9391978
            ],
            [
              107.6393357,
              -6.939145
            ],
            [
              107.6391485,
              -6.9392162
            ],
            [
              107.6389774,
              -6.9391726
            ],
            [
              107.638952,
              -6.9392299
            ],
            [
              107.6391023,
              -6.9392735
            ],
            [
              107.6390976,
              -6.9392919
            ],
            [
              107.6391554,
              -6.9393079
            ],
            [
              107.6391023,
              -6.9394984
            ],
            [
              107.6390699,
              -6.9394846
            ],
            [
              107.638989,
              -6.9397141
            ],
            [
              107.6390445,
              -6.9397278
            ],
            [
              107.6390075,
              -6.9398517
            ],
            [
              107.6390699,
              -6.9399664
            ],
            [
              107.6393218,
              -6.9401271
            ],
            [
              107.639338,
              -6.9399917
            ],
            [
              107.6399505,
              -6.940049
            ]
          ]
        ]
      },
      "id": "way/899990644"
    },
    {
      "type": "Feature",
      "properties": {
        "@id": "way/899990646",
        "leisure": "park"
      },
      "geometry": {
        "type": "Polygon",
        "coordinates": [
          [
            [
              107.6419676,
              -6.9373054
            ],
            [
              107.6420023,
              -6.9370392
            ],
            [
              107.6411702,
              -6.9369222
            ],
            [
              107.641154,
              -6.9372549
            ],
            [
              107.6419676,
              -6.9373054
            ]
          ]
        ]
      },
      "id": "way/899990646"
    },
    {
      "type": "Feature",
      "properties": {
        "@id": "way/961785364",
        "addr:city": "Kel. Mekar Mulya",
        "addr:housenumber": "10",
        "addr:street": "Jalan Pamekar",
        "leisure": "park",
        "name": "Taman RW 02",
        "opening_hours": "24/7",
        "operator": "rw02"
      },
      "geometry": {
        "type": "Polygon",
        "coordinates": [
          [
            [
              107.6996465,
              -6.9281914
            ],
            [
              107.6995972,
              -6.928248
            ],
            [
              107.7000597,
              -6.9284892
            ],
            [
              107.7001734,
              -6.9282373
            ],
            [
              107.6996465,
              -6.9281914
            ]
          ]
        ]
      },
      "id": "way/961785364"
    },
    {
      "type": "Feature",
      "properties": {
        "@id": "way/961800092",
        "leisure": "park",
        "name": "Taman Gunung Kareumbi"
      },
      "geometry": {
        "type": "Polygon",
        "coordinates": [
          [
            [
              107.6090287,
              -6.8684228
            ],
            [
              107.6091064,
              -6.8678077
            ],
            [
              107.6088972,
              -6.8677651
            ],
            [
              107.6085271,
              -6.8676905
            ],
            [
              107.6077787,
              -6.8676799
            ],
            [
              107.6076929,
              -6.8688888
            ],
            [
              107.6080067,
              -6.8689022
            ],
            [
              107.6083206,
              -6.8690033
            ],
            [
              107.6082937,
              -6.8690992
            ],
            [
              107.6081328,
              -6.8695599
            ],
            [
              107.6081382,
              -6.8700286
            ],
            [
              107.6083366,
              -6.870444
            ],
            [
              107.6086558,
              -6.8701298
            ],
            [
              107.6092871,
              -6.8703776
            ],
            [
              107.6095329,
              -6.8697703
            ],
            [
              107.6092888,
              -6.8696425
            ],
            [
              107.6094498,
              -6.8692617
            ],
            [
              107.6095871,
              -6.868489
            ],
            [
              107.6090287,
              -6.8684228
            ]
          ]
        ]
      },
      "id": "way/961800092"
    },
    {
      "type": "Feature",
      "properties": {
        "@id": "way/961800093",
        "leisure": "park",
        "name": "Nara Park"
      },
      "geometry": {
        "type": "Polygon",
        "coordinates": [
          [
            [
              107.6107747,
              -6.8684919
            ],
            [
              107.6107747,
              -6.8676877
            ],
            [
              107.6106656,
              -6.8666994
            ],
            [
              107.6098628,
              -6.8665693
            ],
            [
              107.6096697,
              -6.8667876
            ],
            [
              107.6095034,
              -6.8669847
            ],
            [
              107.6090152,
              -6.8670806
            ],
            [
              107.608983,
              -6.8676291
            ],
            [
              107.6091976,
              -6.8676877
            ],
            [
              107.6091332,
              -6.8682576
            ],
            [
              107.6107747,
              -6.8684919
            ]
          ]
        ]
      },
      "id": "way/961800093"
    },
    {
      "type": "Feature",
      "properties": {
        "@id": "way/980155165",
        "addr:city": "Kabupaten Bandung",
        "addr:province": "Jawa Barat",
        "leisure": "park"
      },
      "geometry": {
        "type": "Polygon",
        "coordinates": [
          [
            [
              107.6928222,
              -6.8945549
            ],
            [
              107.6927743,
              -6.8945722
            ],
            [
              107.6927663,
              -6.8945778
            ],
            [
              107.6927762,
              -6.8946217
            ],
            [
              107.6928326,
              -6.8949122
            ],
            [
              107.6931305,
              -6.8948896
            ],
            [
              107.6928222,
              -6.8945549
            ]
          ]
        ]
      },
      "id": "way/980155165"
    },
    {
      "type": "Feature",
      "properties": {
        "@id": "way/990640380",
        "leisure": "park",
        "name": "Taman Tegalega",
        "name:en": "Tegallega Park"
      },
      "geometry": {
        "type": "Polygon",
        "coordinates": [
          [
            [
              107.6061009,
              -6.9372623
            ],
            [
              107.6061424,
              -6.9371621
            ],
            [
              107.6061619,
              -6.9369621
            ],
            [
              107.6062139,
              -6.9362602
            ],
            [
              107.6063147,
              -6.9346635
            ],
            [
              107.6063786,
              -6.9338259
            ],
            [
              107.6063893,
              -6.9337033
            ],
            [
              107.6063915,
              -6.9335876
            ],
            [
              107.6063843,
              -6.9334755
            ],
            [
              107.6063623,
              -6.9333612
            ],
            [
              107.6063312,
              -6.933249
            ],
            [
              107.6062913,
              -6.9331396
            ],
            [
              107.6062428,
              -6.9330337
            ],
            [
              107.6061861,
              -6.9329319
            ],
            [
              107.6061214,
              -6.9328348
            ],
            [
              107.6060493,
              -6.9327432
            ],
            [
              107.6059701,
              -6.9326574
            ],
            [
              107.6058843,
              -6.9325781
            ],
            [
              107.6057925,
              -6.9325058
            ],
            [
              107.6056953,
              -6.9324409
            ],
            [
              107.6055932,
              -6.9323837
            ],
            [
              107.6054868,
              -6.9323348
            ],
            [
              107.605377,
              -6.9322943
            ],
            [
              107.6052642,
              -6.9322626
            ],
            [
              107.6051493,
              -6.9322398
            ],
            [
              107.6050329,
              -6.932226
            ],
            [
              107.6049137,
              -6.9322214
            ],
            [
              107.6047946,
              -6.9322263
            ],
            [
              107.6046762,
              -6.9322407
            ],
            [
              107.6045593,
              -6.9322645
            ],
            [
              107.6044448,
              -6.9322975
            ],
            [
              107.6043333,
              -6.9323395
            ],
            [
              107.6042255,
              -6.9323902
            ],
            [
              107.6041222,
              -6.9324494
            ],
            [
              107.604024,
              -6.9325166
            ],
            [
              107.6039316,
              -6.9325914
            ],
            [
              107.6038455,
              -6.9326734
            ],
            [
              107.6037663,
              -6.9327619
            ],
            [
              107.6036945,
              -6.9328565
            ],
            [
              107.6036306,
              -6.9329564
            ],
            [
              107.6035749,
              -6.9330611
            ],
            [
              107.603528,
              -6.93317
            ],
            [
              107.6034899,
              -6.9332822
            ],
            [
              107.6034611,
              -6.9333971
            ],
            [
              107.6034416,
              -6.9335139
            ],
            [
              107.6034262,
              -6.9336399
            ],
            [
              107.603417,
              -6.9337291
            ],
            [
              107.6033869,
              -6.9342906
            ],
            [
              107.6033546,
              -6.9349977
            ],
            [
              107.6032193,
              -6.9367829
            ],
            [
              107.603217,
              -6.9368029
            ],
            [
              107.6032119,
              -6.9368946
            ],
            [
              107.6032185,
              -6.9369699
            ],
            [
              107.6032539,
              -6.9370491
            ],
            [
              107.6033091,
              -6.9370943
            ],
            [
              107.6034032,
              -6.9371434
            ],
            [
              107.6042418,
              -6.9372295
            ],
            [
              107.6050611,
              -6.9372924
            ],
            [
              107.6059302,
              -6.9373542
            ],
            [
              107.6060178,
              -6.9373266
            ],
            [
              107.6061009,
              -6.9372623
            ]
          ]
        ]
      },
      "id": "way/990640380"
    },
    {
      "type": "Feature",
      "properties": {
        "@id": "way/1052972734",
        "access": "yes",
        "addr:city": "Bandung",
        "addr:full": "Gg. Caladi",
        "leisure": "park",
        "name": "Taman Caladi",
        "opening_hours": "24/7",
        "source": "S2City_POI_2022",
        "wheelchair": "no"
      },
      "geometry": {
        "type": "Polygon",
        "coordinates": [
          [
            [
              107.6229025,
              -6.8972239
            ],
            [
              107.6229921,
              -6.8972601
            ],
            [
              107.6230549,
              -6.8970594
            ],
            [
              107.6229767,
              -6.897031
            ],
            [
              107.6229025,
              -6.8972239
            ]
          ]
        ]
      },
      "id": "way/1052972734"
    },
    {
      "type": "Feature",
      "properties": {
        "@id": "way/1052977327",
        "leisure": "park"
      },
      "geometry": {
        "type": "Polygon",
        "coordinates": [
          [
            [
              107.6168552,
              -6.883551
            ],
            [
              107.6168578,
              -6.8837121
            ],
            [
              107.6169732,
              -6.8835321
            ],
            [
              107.6169136,
              -6.8835296
            ],
            [
              107.6168793,
              -6.8835435
            ],
            [
              107.6168552,
              -6.883551
            ]
          ]
        ]
      },
      "id": "way/1052977327"
    },
    {
      "type": "Feature",
      "properties": {
        "@id": "way/1052977328",
        "leisure": "park"
      },
      "geometry": {
        "type": "Polygon",
        "coordinates": [
          [
            [
              107.6170108,
              -6.8842631
            ],
            [
              107.6170173,
              -6.8842713
            ],
            [
              107.616985,
              -6.8843996
            ],
            [
              107.616988,
              -6.8844112
            ],
            [
              107.6169991,
              -6.8844093
            ],
            [
              107.6172294,
              -6.8840863
            ],
            [
              107.6169273,
              -6.884079
            ],
            [
              107.6169039,
              -6.8843521
            ],
            [
              107.6168952,
              -6.8843926
            ],
            [
              107.6168992,
              -6.8844196
            ],
            [
              107.6169136,
              -6.8844324
            ],
            [
              107.6169208,
              -6.884428
            ],
            [
              107.6169988,
              -6.8842665
            ],
            [
              107.6170108,
              -6.8842631
            ]
          ]
        ]
      },
      "id": "way/1052977328"
    },
    {
      "type": "Feature",
      "properties": {
        "@id": "way/1052978588",
        "leisure": "park"
      },
      "geometry": {
        "type": "Polygon",
        "coordinates": [
          [
            [
              107.6258822,
              -6.8880214
            ],
            [
              107.6259673,
              -6.8881323
            ],
            [
              107.6260444,
              -6.8880741
            ],
            [
              107.6259594,
              -6.8879631
            ],
            [
              107.6258822,
              -6.8880214
            ]
          ]
        ]
      },
      "id": "way/1052978588"
    },
    {
      "type": "Feature",
      "properties": {
        "@id": "way/1052979151",
        "leisure": "park"
      },
      "geometry": {
        "type": "Polygon",
        "coordinates": [
          [
            [
              107.6198868,
              -6.8813903
            ],
            [
              107.6197983,
              -6.8813588
            ],
            [
              107.6197439,
              -6.8814692
            ],
            [
              107.6198342,
              -6.8815065
            ],
            [
              107.6198868,
              -6.8813903
            ]
          ]
        ]
      },
      "id": "way/1052979151"
    },
    {
      "type": "Feature",
      "properties": {
        "@id": "way/1052982044",
        "leisure": "park"
      },
      "geometry": {
        "type": "Polygon",
        "coordinates": [
          [
            [
              107.6148814,
              -6.8854265
            ],
            [
              107.6149343,
              -6.8853897
            ],
            [
              107.6148519,
              -6.8852726
            ],
            [
              107.6148814,
              -6.8854265
            ]
          ]
        ]
      },
      "id": "way/1052982044"
    },
    {
      "type": "Feature",
      "properties": {
        "@id": "way/1052983681",
        "leisure": "park"
      },
      "geometry": {
        "type": "Polygon",
        "coordinates": [
          [
            [
              107.6158598,
              -6.8837372
            ],
            [
              107.6159318,
              -6.8832939
            ],
            [
              107.6158154,
              -6.8832823
            ],
            [
              107.6156448,
              -6.8836442
            ],
            [
              107.6156803,
              -6.8837085
            ],
            [
              107.6158598,
              -6.8837372
            ]
          ]
        ]
      },
      "id": "way/1052983681"
    },
    {
      "type": "Feature",
      "properties": {
        "@id": "way/1052985430",
        "access": "yes",
        "addr:city": "Bandung",
        "addr:full": "Jl Dr Slamet",
        "leisure": "park",
        "name": "Taman DR Slamet",
        "opening_hours": "24/7",
        "source": "S2City_POI_2022",
        "wheelchair": "yes"
      },
      "geometry": {
        "type": "Polygon",
        "coordinates": [
          [
            [
              107.6030202,
              -6.8989417
            ],
            [
              107.602983,
              -6.8990561
            ],
            [
              107.6029974,
              -6.8991947
            ],
            [
              107.6030922,
              -6.8993446
            ],
            [
              107.6032296,
              -6.8994101
            ],
            [
              107.6033342,
              -6.8990471
            ],
            [
              107.6030202,
              -6.8989417
            ]
          ]
        ]
      },
      "id": "way/1052985430"
    },
    {
      "type": "Feature",
      "properties": {
        "@id": "way/1061094553",
        "access": "yes",
        "addr:city": "Bandung",
        "addr:full": "Jl. Saninten, Cihapit, Bandung Wetan",
        "leisure": "park",
        "name": "Taman Toga Saninten",
        "opening_hours": "24/7",
        "source": "S2City_POI_2022",
        "wheelchair": "no"
      },
      "geometry": {
        "type": "Polygon",
        "coordinates": [
          [
            [
              107.627371,
              -6.9079232
            ],
            [
              107.62743,
              -6.9080963
            ],
            [
              107.6274428,
              -6.9081122
            ],
            [
              107.6274548,
              -6.9081169
            ],
            [
              107.6274743,
              -6.9081149
            ],
            [
              107.6274944,
              -6.9081022
            ],
            [
              107.627544,
              -6.9080723
            ],
            [
              107.6275373,
              -6.9080636
            ],
            [
              107.6273965,
              -6.9079019
            ],
            [
              107.6273865,
              -6.9078919
            ],
            [
              107.6273791,
              -6.9078919
            ],
            [
              107.6273704,
              -6.9078999
            ],
            [
              107.6273677,
              -6.9079125
            ],
            [
              107.627371,
              -6.9079232
            ]
          ]
        ]
      },
      "id": "way/1061094553"
    },
    {
      "type": "Feature",
      "properties": {
        "@id": "way/1061094555",
        "access": "no",
        "addr:city": "Bandung",
        "addr:full": "Jl. Citarum, Citarum, Bandung Wetan",
        "leisure": "park",
        "name": "RTH Sempadan Jalan Citarum",
        "opening_hours": "24/7",
        "source": "POI_WRI_Survey_2023",
        "wheelchair": "limited"
      },
      "geometry": {
        "type": "Polygon",
        "coordinates": [
          [
            [
              107.6214105,
              -6.9052977
            ],
            [
              107.6213468,
              -6.9055593
            ],
            [
              107.6212777,
              -6.9058722
            ],
            [
              107.621275,
              -6.9058955
            ],
            [
              107.6212851,
              -6.9059141
            ],
            [
              107.6213018,
              -6.9059248
            ],
            [
              107.6213374,
              -6.9059354
            ],
            [
              107.6213736,
              -6.9059307
            ],
            [
              107.6213843,
              -6.9059248
            ],
            [
              107.6213997,
              -6.9059088
            ],
            [
              107.6215137,
              -6.9054321
            ],
            [
              107.6215399,
              -6.9053277
            ],
            [
              107.6215233,
              -6.905294
            ],
            [
              107.6215042,
              -6.905275
            ],
            [
              107.6214747,
              -6.905269
            ],
            [
              107.621448,
              -6.905271
            ],
            [
              107.6214105,
              -6.9052977
            ]
          ]
        ]
      },
      "id": "way/1061094555"
    },
    {
      "type": "Feature",
      "properties": {
        "@id": "way/1061406086",
        "access": "yes",
        "addr:city": "Bandung",
        "addr:full": "Jalan Tirta kencana",
        "leisure": "park",
        "name": "Taman Magot",
        "opening_hours": "24/7",
        "source": "S2City_POI_2022",
        "wheelchair": "no"
      },
      "geometry": {
        "type": "Polygon",
        "coordinates": [
          [
            [
              107.5888794,
              -6.9329174
            ],
            [
              107.5889612,
              -6.9330244
            ],
            [
              107.5890147,
              -6.9329841
            ],
            [
              107.5889329,
              -6.9328771
            ],
            [
              107.5888794,
              -6.9329174
            ]
          ]
        ]
      },
      "id": "way/1061406086"
    },
    {
      "type": "Feature",
      "properties": {
        "@id": "way/1061406087",
        "access": "yes",
        "addr:city": "Bandung",
        "addr:full": "Jalan Papan Kencana",
        "leisure": "park",
        "name": "Taman Bermain Anak",
        "opening_hours": "24/7",
        "source": "S2City_POI_2022",
        "wheelchair": "no"
      },
      "geometry": {
        "type": "Polygon",
        "coordinates": [
          [
            [
              107.5883047,
              -6.9342563
            ],
            [
              107.5882537,
              -6.9342749
            ],
            [
              107.5882081,
              -6.9343048
            ],
            [
              107.5881974,
              -6.9343275
            ],
            [
              107.5882135,
              -6.9343481
            ],
            [
              107.5882805,
              -6.9343654
            ],
            [
              107.5883167,
              -6.9343727
            ],
            [
              107.5883214,
              -6.9344233
            ],
            [
              107.5883596,
              -6.9344273
            ],
            [
              107.5884193,
              -6.9343987
            ],
            [
              107.5883831,
              -6.9343521
            ],
            [
              107.5883047,
              -6.9342563
            ]
          ]
        ]
      },
      "id": "way/1061406087"
    },
    {
      "type": "Feature",
      "properties": {
        "@id": "way/1061784121",
        "access": "yes",
        "addr:city": "Bandung",
        "addr:full": "Jalan Wirayuda Timur",
        "leisure": "park",
        "name": "Taman Gasibu",
        "opening_hours": "24/7",
        "source": "S2City_POI_2022",
        "wheelchair": "yes"
      },
      "geometry": {
        "type": "Polygon",
        "coordinates": [
          [
            [
              107.6188604,
              -6.8989744
            ],
            [
              107.6188572,
              -6.8984304
            ],
            [
              107.618848,
              -6.8984098
            ],
            [
              107.6188309,
              -6.8983987
            ],
            [
              107.6184735,
              -6.8984007
            ],
            [
              107.6184543,
              -6.8984109
            ],
            [
              107.6184454,
              -6.8984304
            ],
            [
              107.6184487,
              -6.8989768
            ],
            [
              107.6184534,
              -6.8990193
            ],
            [
              107.6184669,
              -6.8990599
            ],
            [
              107.6184887,
              -6.8990967
            ],
            [
              107.6185177,
              -6.8991283
            ],
            [
              107.6185526,
              -6.8991532
            ],
            [
              107.6185921,
              -6.8991704
            ],
            [
              107.6186342,
              -6.899179
            ],
            [
              107.6186773,
              -6.8991788
            ],
            [
              107.6187193,
              -6.8991696
            ],
            [
              107.6187585,
              -6.899152
            ],
            [
              107.6187932,
              -6.8991267
            ],
            [
              107.6188218,
              -6.8990948
            ],
            [
              107.6188431,
              -6.8990577
            ],
            [
              107.6188562,
              -6.899017
            ],
            [
              107.6188604,
              -6.8989744
            ]
          ]
        ]
      },
      "id": "way/1061784121"
    },
    {
      "type": "Feature",
      "properties": {
        "@id": "way/1061784122",
        "access": "yes",
        "addr:city": "Bandung",
        "addr:full": "Jalan Dayang Sumbi",
        "alt_name": "RTH Path Jalan siliwangi",
        "leisure": "park",
        "name": "Taman Segitiga",
        "opening_hours": "24/7",
        "source": "POI_WRI_Survey_2023",
        "tactile_paving": "yes",
        "wheelchair": "limited"
      },
      "geometry": {
        "type": "Polygon",
        "coordinates": [
          [
            [
              107.6115246,
              -6.8871015
            ],
            [
              107.6114015,
              -6.8872629
            ],
            [
              107.6114007,
              -6.8872696
            ],
            [
              107.6114053,
              -6.8872737
            ],
            [
              107.6116581,
              -6.8872924
            ],
            [
              107.6116612,
              -6.887289
            ],
            [
              107.6116616,
              -6.8872837
            ],
            [
              107.6115379,
              -6.8871011
            ],
            [
              107.6115319,
              -6.8870998
            ],
            [
              107.6115246,
              -6.8871015
            ]
          ]
        ]
      },
      "id": "way/1061784122"
    },
    {
      "type": "Feature",
      "properties": {
        "@id": "way/1061784123",
        "access": "yes",
        "addr:city": "Bandung",
        "addr:full": "Jalan Bagusrangin",
        "leisure": "park",
        "name": "Taman Bagus Rangin",
        "opening_hours": "24/7",
        "source": "S2City_POI_2022",
        "wheelchair": "no"
      },
      "geometry": {
        "type": "Polygon",
        "coordinates": [
          [
            [
              107.6169071,
              -6.8968534
            ],
            [
              107.6169068,
              -6.8968805
            ],
            [
              107.6172054,
              -6.8975525
            ],
            [
              107.6172246,
              -6.897557
            ],
            [
              107.617237,
              -6.8975464
            ],
            [
              107.6172513,
              -6.8965671
            ],
            [
              107.6172433,
              -6.8965578
            ],
            [
              107.6172287,
              -6.896557
            ],
            [
              107.6169179,
              -6.8968337
            ],
            [
              107.6169071,
              -6.8968534
            ]
          ]
        ]
      },
      "id": "way/1061784123"
    },
    {
      "type": "Feature",
      "properties": {
        "@id": "way/1061784124",
        "access": "yes",
        "addr:city": "Bandung",
        "addr:full": "Jalan Dipatiukur",
        "leisure": "park",
        "name": "Taman Monumen Perjuangan",
        "opening_hours": "24/7",
        "source": "S2City_POI_2022",
        "wheelchair": "limited"
      },
      "geometry": {
        "type": "Polygon",
        "coordinates": [
          [
            [
              107.6180671,
              -6.8930509
            ],
            [
              107.6180881,
              -6.893587
            ],
            [
              107.6181002,
              -6.8936492
            ],
            [
              107.6181211,
              -6.8937091
            ],
            [
              107.6181505,
              -6.8937653
            ],
            [
              107.6181875,
              -6.8938169
            ],
            [
              107.6182316,
              -6.8938627
            ],
            [
              107.6182819,
              -6.8939018
            ],
            [
              107.6183372,
              -6.8939334
            ],
            [
              107.6183964,
              -6.8939569
            ],
            [
              107.6184585,
              -6.8939718
            ],
            [
              107.618522,
              -6.8939777
            ],
            [
              107.6185858,
              -6.8939746
            ],
            [
              107.6186484,
              -6.8939626
            ],
            [
              107.6187087,
              -6.8939418
            ],
            [
              107.6187654,
              -6.8939127
            ],
            [
              107.6188173,
              -6.8938759
            ],
            [
              107.6188635,
              -6.8938321
            ],
            [
              107.6189029,
              -6.8937822
            ],
            [
              107.6189347,
              -6.8937273
            ],
            [
              107.6189583,
              -6.8936685
            ],
            [
              107.6189733,
              -6.8936069
            ],
            [
              107.6189793,
              -6.8935443
            ],
            [
              107.6189616,
              -6.8930629
            ],
            [
              107.6189579,
              -6.8929996
            ],
            [
              107.6189452,
              -6.8929375
            ],
            [
              107.6189237,
              -6.8928779
            ],
            [
              107.6188939,
              -6.8928219
            ],
            [
              107.6188563,
              -6.8927706
            ],
            [
              107.6188118,
              -6.8927252
            ],
            [
              107.6187613,
              -6.8926866
            ],
            [
              107.6187057,
              -6.8926555
            ],
            [
              107.6186462,
              -6.8926325
            ],
            [
              107.618584,
              -6.8926182
            ],
            [
              107.6185204,
              -6.8926128
            ],
            [
              107.6184567,
              -6.8926165
            ],
            [
              107.6183942,
              -6.8926291
            ],
            [
              107.6183341,
              -6.8926505
            ],
            [
              107.6182776,
              -6.8926801
            ],
            [
              107.618226,
              -6.8927174
            ],
            [
              107.6181803,
              -6.8927616
            ],
            [
              107.6181414,
              -6.8928118
            ],
            [
              107.61811,
              -6.892867
            ],
            [
              107.6180869,
              -6.892926
            ],
            [
              107.6180725,
              -6.8929878
            ],
            [
              107.6180671,
              -6.8930509
            ]
          ]
        ]
      },
      "id": "way/1061784124"
    },
    {
      "type": "Feature",
      "properties": {
        "@id": "way/1061784128",
        "access": "yes",
        "addr:city": "Bandung",
        "addr:full": "Jalan Dipatiukur",
        "leisure": "park",
        "name": "Taman Gesit",
        "opening_hours": "24/7",
        "source": "POI_WRI_Survey_2023",
        "wheelchair": "no",
        "wikidata": "Q25469385"
      },
      "geometry": {
        "type": "Polygon",
        "coordinates": [
          [
            [
              107.6165722,
              -6.8958664
            ],
            [
              107.6168083,
              -6.8955578
            ],
            [
              107.616769,
              -6.8955441
            ],
            [
              107.6167276,
              -6.8955389
            ],
            [
              107.616686,
              -6.8955424
            ],
            [
              107.616646,
              -6.8955543
            ],
            [
              107.6166095,
              -6.8955743
            ],
            [
              107.6165779,
              -6.8956013
            ],
            [
              107.6165527,
              -6.8956343
            ],
            [
              107.6165349,
              -6.8956718
            ],
            [
              107.6165253,
              -6.8957121
            ],
            [
              107.6165245,
              -6.8957535
            ],
            [
              107.6165323,
              -6.8957942
            ],
            [
              107.6165484,
              -6.8958324
            ],
            [
              107.6165722,
              -6.8958664
            ]
          ]
        ]
      },
      "id": "way/1061784128"
    },
    {
      "type": "Feature",
      "properties": {
        "@id": "way/1061865620",
        "access": "yes",
        "addr:city": "Bandung",
        "addr:full": "Jl Tamansari",
        "leisure": "park",
        "name": "Taman Bermain Anak",
        "opening_hours": "24/7",
        "source": "S2City_POI_2022",
        "wheelchair": "no"
      },
      "geometry": {
        "type": "Polygon",
        "coordinates": [
          [
            [
              107.6064521,
              -6.8973893
            ],
            [
              107.6064894,
              -6.8974226
            ],
            [
              107.6065135,
              -6.8974132
            ],
            [
              107.6065517,
              -6.8973866
            ],
            [
              107.6065698,
              -6.8973626
            ],
            [
              107.6065692,
              -6.897347
            ],
            [
              107.6065624,
              -6.89733
            ],
            [
              107.6065075,
              -6.8972668
            ],
            [
              107.606488,
              -6.8972575
            ],
            [
              107.6064679,
              -6.8972568
            ],
            [
              107.6064297,
              -6.8972848
            ],
            [
              107.6064022,
              -6.89732
            ],
            [
              107.6064233,
              -6.897358
            ],
            [
              107.6064521,
              -6.8973893
            ]
          ]
        ]
      },
      "id": "way/1061865620"
    },
    {
      "type": "Feature",
      "properties": {
        "@id": "way/1061865621",
        "access": "yes",
        "addr:city": "Bandung",
        "addr:full": "Jl Tamansari",
        "leisure": "park",
        "name": "Taman Djuanda",
        "name:etymology:wikidata": "Q2670453",
        "name:etymology:wikipedia": "id:Djuanda Kartawidjaja",
        "opening_hours": "24/7",
        "source": "S2City_POI_2022",
        "wheelchair": "no"
      },
      "geometry": {
        "type": "Polygon",
        "coordinates": [
          [
            [
              107.6078519,
              -6.9055453
            ],
            [
              107.6079686,
              -6.9056033
            ],
            [
              107.6080437,
              -6.9054428
            ],
            [
              107.6080786,
              -6.9053656
            ],
            [
              107.6080678,
              -6.9053257
            ],
            [
              107.6080672,
              -6.9052731
            ],
            [
              107.6081087,
              -6.9051213
            ],
            [
              107.6081295,
              -6.9050729
            ],
            [
              107.6081448,
              -6.905014
            ],
            [
              107.6081448,
              -6.9049942
            ],
            [
              107.6081399,
              -6.9049788
            ],
            [
              107.6081161,
              -6.9049722
            ],
            [
              107.6080759,
              -6.9050707
            ],
            [
              107.6079485,
              -6.9053277
            ],
            [
              107.6078519,
              -6.9055453
            ]
          ]
        ]
      },
      "id": "way/1061865621"
    },
    {
      "type": "Feature",
      "properties": {
        "@id": "way/1061865622",
        "access": "yes",
        "addr:city": "Bandung",
        "addr:full": "Jalan Sulanjana",
        "building": "yes",
        "leisure": "park",
        "name": "Taman",
        "opening_hours": "24/7",
        "source": "S2City_POI_2022",
        "wheelchair": "no"
      },
      "geometry": {
        "type": "Polygon",
        "coordinates": [
          [
            [
              107.6106112,
              -6.8997751
            ],
            [
              107.6106274,
              -6.8997699
            ],
            [
              107.6106389,
              -6.8997574
            ],
            [
              107.6106424,
              -6.8997408
            ],
            [
              107.6106372,
              -6.8997248
            ],
            [
              107.6106245,
              -6.8997134
            ],
            [
              107.6106079,
              -6.8997099
            ],
            [
              107.6105917,
              -6.8997151
            ],
            [
              107.6105803,
              -6.8997276
            ],
            [
              107.6105767,
              -6.8997442
            ],
            [
              107.610582,
              -6.8997603
            ],
            [
              107.6105946,
              -6.8997716
            ],
            [
              107.6106112,
              -6.8997751
            ]
          ]
        ]
      },
      "id": "way/1061865622"
    },
    {
      "type": "Feature",
      "properties": {
        "@id": "way/1061948058",
        "access": "private",
        "addr:city": "Bandung",
        "addr:full": "Jalan Badaksinga depan PDAM",
        "leisure": "park",
        "name": "RTH Kota Tirtawening",
        "opening_hours": "24/7",
        "source": "S2City_POI_2022",
        "wheelchair": "limited"
      },
      "geometry": {
        "type": "Polygon",
        "coordinates": [
          [
            [
              107.6108771,
              -6.8967126
            ],
            [
              107.6108748,
              -6.8967344
            ],
            [
              107.6114015,
              -6.8975111
            ],
            [
              107.6114265,
              -6.8975155
            ],
            [
              107.6114488,
              -6.8975064
            ],
            [
              107.6114571,
              -6.8974841
            ],
            [
              107.6113468,
              -6.8968887
            ],
            [
              107.6113458,
              -6.8967811
            ],
            [
              107.6113535,
              -6.8966843
            ],
            [
              107.6113629,
              -6.8966297
            ],
            [
              107.6113244,
              -6.896579
            ],
            [
              107.6113096,
              -6.8965715
            ],
            [
              107.611289,
              -6.896572
            ],
            [
              107.6108876,
              -6.8966971
            ],
            [
              107.6108771,
              -6.8967126
            ]
          ]
        ]
      },
      "id": "way/1061948058"
    },
    {
      "type": "Feature",
      "properties": {
        "@id": "way/1062229853",
        "access": "yes",
        "addr:city": "Bandung",
        "addr:full": "Jl. Titimplik",
        "leisure": "park",
        "name": "Taman RW 04 Gelatik Dalam",
        "opening_hours": "24/7",
        "source": "S2City_POI_2022",
        "wheelchair": "no"
      },
      "geometry": {
        "type": "Polygon",
        "coordinates": [
          [
            [
              107.6224388,
              -6.8946752
            ],
            [
              107.6224287,
              -6.8947292
            ],
            [
              107.6224853,
              -6.8947396
            ],
            [
              107.6224953,
              -6.8946856
            ],
            [
              107.6224388,
              -6.8946752
            ]
          ]
        ]
      },
      "id": "way/1062229853"
    },
    {
      "type": "Feature",
      "properties": {
        "@id": "way/1062272275",
        "access": "yes",
        "addr:city": "Bandung",
        "addr:full": "Jalan Kanayakan",
        "leisure": "park",
        "name": "RTH Polman",
        "opening_hours": "24/7",
        "source": "S2City_POI_2022",
        "wheelchair": "limited"
      },
      "geometry": {
        "type": "Polygon",
        "coordinates": [
          [
            [
              107.6197274,
              -6.8777754
            ],
            [
              107.619714,
              -6.877782
            ],
            [
              107.6196885,
              -6.8778193
            ],
            [
              107.61971,
              -6.8778672
            ],
            [
              107.6198173,
              -6.8778792
            ],
            [
              107.6198716,
              -6.8778832
            ],
            [
              107.6198823,
              -6.8779418
            ],
            [
              107.6198897,
              -6.8780064
            ],
            [
              107.6198984,
              -6.8780769
            ],
            [
              107.6199199,
              -6.8781448
            ],
            [
              107.6199494,
              -6.8781808
            ],
            [
              107.6200332,
              -6.8781728
            ],
            [
              107.6201022,
              -6.8781648
            ],
            [
              107.6201096,
              -6.8781442
            ],
            [
              107.6201056,
              -6.8780816
            ],
            [
              107.6200888,
              -6.8779571
            ],
            [
              107.6200734,
              -6.8778599
            ],
            [
              107.6200332,
              -6.8778506
            ],
            [
              107.6199601,
              -6.8778646
            ],
            [
              107.6199359,
              -6.8778459
            ],
            [
              107.6199266,
              -6.8777947
            ],
            [
              107.6199105,
              -6.8777594
            ],
            [
              107.6198796,
              -6.8777514
            ],
            [
              107.6197274,
              -6.8777754
            ]
          ]
        ]
      },
      "id": "way/1062272275"
    },
    {
      "type": "Feature",
      "properties": {
        "@id": "way/1062272276",
        "access": "yes",
        "addr:city": "Bandung",
        "addr:full": "Jalan Kanayakan",
        "leisure": "park",
        "name": "RTH KANAYAKAN",
        "opening_hours": "24/7",
        "source": "S2City_POI_2022",
        "wheelchair": "limited"
      },
      "geometry": {
        "type": "Polygon",
        "coordinates": [
          [
            [
              107.6220864,
              -6.8768726
            ],
            [
              107.6220354,
              -6.8769578
            ],
            [
              107.6220408,
              -6.8770271
            ],
            [
              107.6220837,
              -6.8771789
            ],
            [
              107.6221856,
              -6.8774052
            ],
            [
              107.6222393,
              -6.8776422
            ],
            [
              107.6222795,
              -6.8779005
            ],
            [
              107.6223063,
              -6.8780816
            ],
            [
              107.6222903,
              -6.8782041
            ],
            [
              107.6222527,
              -6.8783852
            ],
            [
              107.6222876,
              -6.8785156
            ],
            [
              107.6223224,
              -6.8785742
            ],
            [
              107.6224968,
              -6.8786275
            ],
            [
              107.6228079,
              -6.8786062
            ],
            [
              107.6229608,
              -6.8785662
            ],
            [
              107.6230413,
              -6.878473
            ],
            [
              107.6230627,
              -6.8784038
            ],
            [
              107.6230627,
              -6.8782733
            ],
            [
              107.6229957,
              -6.8781375
            ],
            [
              107.6228589,
              -6.8780816
            ],
            [
              107.6228186,
              -6.8779884
            ],
            [
              107.6227972,
              -6.8777061
            ],
            [
              107.6227865,
              -6.8774558
            ],
            [
              107.6227623,
              -6.877288
            ],
            [
              107.6227409,
              -6.8771682
            ],
            [
              107.6226684,
              -6.877067
            ],
            [
              107.6225799,
              -6.8769392
            ],
            [
              107.6224995,
              -6.87683
            ],
            [
              107.6223224,
              -6.8767954
            ],
            [
              107.6220864,
              -6.8768726
            ]
          ]
        ]
      },
      "id": "way/1062272276"
    },
    {
      "type": "Feature",
      "properties": {
        "@id": "way/1062272277",
        "access": "yes",
        "addr:city": "Bandung",
        "addr:full": "Jalan Kanayakan",
        "leisure": "park",
        "name": "RTH KANAYAKAN",
        "opening_hours": "24/7",
        "source": "S2City_POI_2022",
        "wheelchair": "limited"
      },
      "geometry": {
        "type": "Polygon",
        "coordinates": [
          [
            [
              107.6212871,
              -6.8783426
            ],
            [
              107.6211154,
              -6.8784304
            ],
            [
              107.6209934,
              -6.8784584
            ],
            [
              107.6209371,
              -6.8785063
            ],
            [
              107.6209156,
              -6.8786248
            ],
            [
              107.6209545,
              -6.8793438
            ],
            [
              107.6209545,
              -6.8795116
            ],
            [
              107.6209357,
              -6.8795808
            ],
            [
              107.6208714,
              -6.8796234
            ],
            [
              107.6206702,
              -6.8796421
            ],
            [
              107.6204556,
              -6.8796554
            ],
            [
              107.6203993,
              -6.8797299
            ],
            [
              107.6204234,
              -6.879887
            ],
            [
              107.6205549,
              -6.8799563
            ],
            [
              107.6207882,
              -6.8799776
            ],
            [
              107.6209652,
              -6.8799323
            ],
            [
              107.6210538,
              -6.8798498
            ],
            [
              107.6211745,
              -6.8796687
            ],
            [
              107.6211825,
              -6.8795302
            ],
            [
              107.6212013,
              -6.8793438
            ],
            [
              107.6212683,
              -6.879184
            ],
            [
              107.6213917,
              -6.8791521
            ],
            [
              107.6215205,
              -6.8791255
            ],
            [
              107.6215607,
              -6.8790189
            ],
            [
              107.621558,
              -6.8788938
            ],
            [
              107.6214319,
              -6.878718
            ],
            [
              107.6213488,
              -6.8786914
            ],
            [
              107.6212549,
              -6.8786275
            ],
            [
              107.6212281,
              -6.8785156
            ],
            [
              107.6212656,
              -6.8784837
            ],
            [
              107.6212952,
              -6.8784118
            ],
            [
              107.6212871,
              -6.8783426
            ]
          ]
        ]
      },
      "id": "way/1062272277"
    },
    {
      "type": "Feature",
      "properties": {
        "@id": "way/1062272278",
        "access": "no",
        "addr:city": "Bandung",
        "addr:full": "Jalan Raya Dago",
        "leisure": "park",
        "name": "RTH DAGO",
        "opening_hours": "24/7",
        "source": "S2City_POI_2022",
        "wheelchair": "no"
      },
      "geometry": {
        "type": "Polygon",
        "coordinates": [
          [
            [
              107.6202022,
              -6.8707
            ],
            [
              107.6201673,
              -6.8707905
            ],
            [
              107.6201418,
              -6.8708904
            ],
            [
              107.6201418,
              -6.8710049
            ],
            [
              107.6203832,
              -6.8710342
            ],
            [
              107.62052,
              -6.8710674
            ],
            [
              107.6205562,
              -6.8711207
            ],
            [
              107.6205535,
              -6.8712845
            ],
            [
              107.6205388,
              -6.8715321
            ],
            [
              107.6204596,
              -6.8718211
            ],
            [
              107.6205267,
              -6.8719196
            ],
            [
              107.6207279,
              -6.8719862
            ],
            [
              107.6209639,
              -6.8719702
            ],
            [
              107.621035,
              -6.8718583
            ],
            [
              107.6211275,
              -6.8716373
            ],
            [
              107.6210175,
              -6.8715281
            ],
            [
              107.6211289,
              -6.8713098
            ],
            [
              107.6213166,
              -6.8709876
            ],
            [
              107.6213863,
              -6.8708597
            ],
            [
              107.6215151,
              -6.8707985
            ],
            [
              107.6216546,
              -6.8707426
            ],
            [
              107.6217779,
              -6.8706254
            ],
            [
              107.621837,
              -6.8704204
            ],
            [
              107.6219147,
              -6.8701487
            ],
            [
              107.6219442,
              -6.8699543
            ],
            [
              107.6218718,
              -6.8697786
            ],
            [
              107.6216063,
              -6.8696827
            ],
            [
              107.6214641,
              -6.8696508
            ],
            [
              107.6213112,
              -6.8697067
            ],
            [
              107.6212388,
              -6.8698744
            ],
            [
              107.6210779,
              -6.8701727
            ],
            [
              107.6208526,
              -6.8703058
            ],
            [
              107.6206729,
              -6.8706068
            ],
            [
              107.6206367,
              -6.8706933
            ],
            [
              107.620593,
              -6.8707973
            ],
            [
              107.620583,
              -6.8708212
            ],
            [
              107.6204208,
              -6.8707665
            ],
            [
              107.6202022,
              -6.8707
            ]
          ]
        ]
      },
      "id": "way/1062272278"
    },
    {
      "type": "Feature",
      "properties": {
        "@id": "way/1062272279",
        "access": "private",
        "addr:city": "Bandung",
        "addr:full": "Jalan Dago Pojok",
        "leisure": "park",
        "name": "RTH ITB",
        "opening_hours": "24/7",
        "source": "S2City_POI_2022",
        "wheelchair": "limited"
      },
      "geometry": {
        "type": "Polygon",
        "coordinates": [
          [
            [
              107.6165798,
              -6.8675124
            ],
            [
              107.6166254,
              -6.867579
            ],
            [
              107.6166844,
              -6.8676029
            ],
            [
              107.6167515,
              -6.8676615
            ],
            [
              107.6168829,
              -6.8677814
            ],
            [
              107.617017,
              -6.8678533
            ],
            [
              107.6171511,
              -6.867816
            ],
            [
              107.6173496,
              -6.8676882
            ],
            [
              107.6174515,
              -6.867555
            ],
            [
              107.6174703,
              -6.8674512
            ],
            [
              107.6175401,
              -6.8673446
            ],
            [
              107.6177573,
              -6.8673287
            ],
            [
              107.6180443,
              -6.867318
            ],
            [
              107.618224,
              -6.8673287
            ],
            [
              107.6183608,
              -6.8671822
            ],
            [
              107.6185271,
              -6.8670411
            ],
            [
              107.6186746,
              -6.8669399
            ],
            [
              107.6190636,
              -6.8669479
            ],
            [
              107.6191869,
              -6.8670837
            ],
            [
              107.6192647,
              -6.8671715
            ],
            [
              107.6193505,
              -6.8671396
            ],
            [
              107.6195329,
              -6.8670411
            ],
            [
              107.6196215,
              -6.8669292
            ],
            [
              107.6196241,
              -6.8668041
            ],
            [
              107.6195678,
              -6.8666603
            ],
            [
              107.6195651,
              -6.8665191
            ],
            [
              107.6196107,
              -6.8664232
            ],
            [
              107.6195812,
              -6.8663034
            ],
            [
              107.6193988,
              -6.8660158
            ],
            [
              107.6192701,
              -6.8658454
            ],
            [
              107.6190636,
              -6.8659093
            ],
            [
              107.6188476,
              -6.8660478
            ],
            [
              107.6187296,
              -6.8661183
            ],
            [
              107.618629,
              -6.8662129
            ],
            [
              107.6184869,
              -6.8663434
            ],
            [
              107.6181972,
              -6.8665777
            ],
            [
              107.6173738,
              -6.8670304
            ],
            [
              107.617135,
              -6.8671636
            ],
            [
              107.6169044,
              -6.867318
            ],
            [
              107.6165798,
              -6.8675124
            ]
          ]
        ]
      },
      "id": "way/1062272279"
    },
    {
      "type": "Feature",
      "properties": {
        "@id": "way/1062272280",
        "access": "yes",
        "addr:city": "Bandung",
        "addr:full": "Jalan Serambi Kencana",
        "leisure": "park",
        "name": "RTH Komplek",
        "opening_hours": "24/7",
        "source": "S2City_POI_2022",
        "wheelchair": "no"
      },
      "geometry": {
        "type": "Polygon",
        "coordinates": [
          [
            [
              107.587734,
              -6.9326041
            ],
            [
              107.5876334,
              -6.9331086
            ],
            [
              107.5880719,
              -6.9327745
            ],
            [
              107.5880532,
              -6.9327519
            ],
            [
              107.5880049,
              -6.9327026
            ],
            [
              107.587954,
              -6.9326707
            ],
            [
              107.5878949,
              -6.9326427
            ],
            [
              107.5878373,
              -6.9326254
            ],
            [
              107.5877877,
              -6.9326121
            ],
            [
              107.587734,
              -6.9326041
            ]
          ]
        ]
      },
      "id": "way/1062272280"
    },
    {
      "type": "Feature",
      "properties": {
        "@id": "way/1062571886",
        "access": "yes",
        "addr:city": "Bandung",
        "addr:full": "Jalan Bukit Dago Selatan G5",
        "leisure": "park",
        "name": "Taman Bukit Dago",
        "opening_hours": "24/7",
        "source": "S2City_POI_2022",
        "wheelchair": "no"
      },
      "geometry": {
        "type": "Polygon",
        "coordinates": [
          [
            [
              107.6197026,
              -6.8685683
            ],
            [
              107.6196389,
              -6.8687087
            ],
            [
              107.6196791,
              -6.8687114
            ],
            [
              107.6198132,
              -6.8687081
            ],
            [
              107.6198072,
              -6.8686781
            ],
            [
              107.6197951,
              -6.8685902
            ],
            [
              107.6197026,
              -6.8685683
            ]
          ]
        ]
      },
      "id": "way/1062571886"
    },
    {
      "type": "Feature",
      "properties": {
        "@id": "way/1062571887",
        "access": "yes",
        "addr:city": "Bandung",
        "addr:full": "Jalan ir. H. Djuanda",
        "leisure": "park",
        "name": "TAMAN MASJID YAYASAN NURUL JAMIL",
        "opening_hours": "24/7",
        "source": "S2City_POI_2022",
        "wheelchair": "limited"
      },
      "geometry": {
        "type": "Polygon",
        "coordinates": [
          [
            [
              107.6185694,
              -6.8707985
            ],
            [
              107.6185653,
              -6.8708045
            ],
            [
              107.6186036,
              -6.8708324
            ],
            [
              107.6186284,
              -6.8708398
            ],
            [
              107.6186525,
              -6.8708351
            ],
            [
              107.6186646,
              -6.8708131
            ],
            [
              107.618676,
              -6.8707759
            ],
            [
              107.6186874,
              -6.8707133
            ],
            [
              107.6187082,
              -6.8706274
            ],
            [
              107.6186981,
              -6.8706061
            ],
            [
              107.6186552,
              -6.8706487
            ],
            [
              107.6186237,
              -6.870684
            ],
            [
              107.6185694,
              -6.8707985
            ]
          ]
        ]
      },
      "id": "way/1062571887"
    },
    {
      "type": "Feature",
      "properties": {
        "@id": "way/1062571888",
        "access": "yes",
        "addr:city": "Bandung",
        "addr:full": "Jalan Kopo Gang. Babakan Rahayu",
        "leisure": "park",
        "name": "Taman RW 07",
        "opening_hours": "24/7",
        "source": "S2City_POI_2022",
        "wheelchair": "limited"
      },
      "geometry": {
        "type": "Polygon",
        "coordinates": [
          [
            [
              107.5888185,
              -6.9415034
            ],
            [
              107.5888168,
              -6.9416387
            ],
            [
              107.588874,
              -6.9416394
            ],
            [
              107.5888757,
              -6.9415041
            ],
            [
              107.5888185,
              -6.9415034
            ]
          ]
        ]
      },
      "id": "way/1062571888"
    },
    {
      "type": "Feature",
      "properties": {
        "@id": "way/1062571889",
        "access": "yes",
        "addr:city": "Bandung",
        "addr:full": "Jalan Citarip Wetan RT 05 RW 09",
        "leisure": "park",
        "name": "Taman RT 05 RW 09",
        "opening_hours": "24/7",
        "source": "S2City_POI_2022",
        "wheelchair": "limited"
      },
      "geometry": {
        "type": "Polygon",
        "coordinates": [
          [
            [
              107.5877473,
              -6.9398293
            ],
            [
              107.5877403,
              -6.9398687
            ],
            [
              107.5878833,
              -6.939894
            ],
            [
              107.5878904,
              -6.9398546
            ],
            [
              107.5877473,
              -6.9398293
            ]
          ]
        ]
      },
      "id": "way/1062571889"
    },
    {
      "type": "Feature",
      "properties": {
        "@id": "way/1072181298",
        "description": "playground",
        "leisure": "park",
        "opening_hours": "24/7"
      },
      "geometry": {
        "type": "Polygon",
        "coordinates": [
          [
            [
              107.5899618,
              -6.8887585
            ],
            [
              107.5899263,
              -6.8887981
            ],
            [
              107.5899067,
              -6.8888299
            ],
            [
              107.5901446,
              -6.8888281
            ],
            [
              107.5901416,
              -6.8888113
            ],
            [
              107.5900443,
              -6.8888073
            ],
            [
              107.5900399,
              -6.888777
            ],
            [
              107.5899777,
              -6.888779
            ],
            [
              107.589974,
              -6.8887573
            ],
            [
              107.5899618,
              -6.8887585
            ]
          ]
        ]
      },
      "id": "way/1072181298"
    },
    {
      "type": "Feature",
      "properties": {
        "@id": "way/1144615026",
        "leisure": "park"
      },
      "geometry": {
        "type": "Polygon",
        "coordinates": [
          [
            [
              107.6301873,
              -6.9607719
            ],
            [
              107.6301565,
              -6.9609548
            ],
            [
              107.6303437,
              -6.9609858
            ],
            [
              107.6303745,
              -6.960803
            ],
            [
              107.6301873,
              -6.9607719
            ]
          ]
        ]
      },
      "id": "way/1144615026"
    },
    {
      "type": "Feature",
      "properties": {
        "@id": "way/1144632064",
        "leisure": "park",
        "name": "Taman Kota Tegal Lega"
      },
      "geometry": {
        "type": "Polygon",
        "coordinates": [
          [
            [
              107.6045034,
              -6.9363354
            ],
            [
              107.6049509,
              -6.9363717
            ],
            [
              107.6050681,
              -6.9349502
            ],
            [
              107.6046206,
              -6.9349138
            ],
            [
              107.6045034,
              -6.9363354
            ]
          ]
        ]
      },
      "id": "way/1144632064"
    },
    {
      "type": "Feature",
      "properties": {
        "@id": "way/1145009388",
        "leisure": "park",
        "name": "Alun Alun Cempaka"
      },
      "geometry": {
        "type": "Polygon",
        "coordinates": [
          [
            [
              107.6950164,
              -6.9653261
            ],
            [
              107.6950587,
              -6.9655455
            ],
            [
              107.6957246,
              -6.9654191
            ],
            [
              107.6956823,
              -6.9651997
            ],
            [
              107.6950164,
              -6.9653261
            ]
          ]
        ]
      },
      "id": "way/1145009388"
    },
    {
      "type": "Feature",
      "properties": {
        "@id": "way/1145012416",
        "leisure": "park"
      },
      "geometry": {
        "type": "Polygon",
        "coordinates": [
          [
            [
              107.6124588,
              -6.8905183
            ],
            [
              107.6124517,
              -6.8907684
            ],
            [
              107.6126267,
              -6.8907733
            ],
            [
              107.6126313,
              -6.89061
            ],
            [
              107.6126618,
              -6.8906108
            ],
            [
              107.6126643,
              -6.890524
            ],
            [
              107.6124588,
              -6.8905183
            ]
          ]
        ]
      },
      "id": "way/1145012416"
    },
    {
      "type": "Feature",
      "properties": {
        "@id": "way/1145535927",
        "leisure": "park"
      },
      "geometry": {
        "type": "Polygon",
        "coordinates": [
          [
            [
              107.6859142,
              -6.9298052
            ],
            [
              107.6858302,
              -6.9300708
            ],
            [
              107.6860452,
              -6.930162
            ],
            [
              107.6861689,
              -6.9301775
            ],
            [
              107.6861962,
              -6.9301691
            ],
            [
              107.6862176,
              -6.9301155
            ],
            [
              107.6862325,
              -6.9299116
            ],
            [
              107.6859142,
              -6.9298052
            ]
          ]
        ]
      },
      "id": "way/1145535927"
    },
    {
      "type": "Feature",
      "properties": {
        "@id": "way/1145541334",
        "leisure": "park"
      },
      "geometry": {
        "type": "Polygon",
        "coordinates": [
          [
            [
              107.6865852,
              -6.9265101
            ],
            [
              107.6865724,
              -6.9265732
            ],
            [
              107.6866373,
              -6.9265862
            ],
            [
              107.6866322,
              -6.9266112
            ],
            [
              107.6867968,
              -6.9266441
            ],
            [
              107.6867842,
              -6.92655
            ],
            [
              107.6865852,
              -6.9265101
            ]
          ]
        ]
      },
      "id": "way/1145541334"
    },
    {
      "type": "Feature",
      "properties": {
        "@id": "way/1145541355",
        "leisure": "park"
      },
      "geometry": {
        "type": "Polygon",
        "coordinates": [
          [
            [
              107.6855267,
              -6.9265188
            ],
            [
              107.6854989,
              -6.9265234
            ],
            [
              107.6854005,
              -6.9266272
            ],
            [
              107.685365,
              -6.9267205
            ],
            [
              107.6857747,
              -6.9266911
            ],
            [
              107.6855267,
              -6.9265188
            ]
          ]
        ]
      },
      "id": "way/1145541355"
    },
    {
      "type": "Feature",
      "properties": {
        "@id": "way/1145546210",
        "leisure": "park"
      },
      "geometry": {
        "type": "Polygon",
        "coordinates": [
          [
            [
              107.6846695,
              -6.9272271
            ],
            [
              107.6846096,
              -6.9273545
            ],
            [
              107.6848086,
              -6.9273028
            ],
            [
              107.6846695,
              -6.9272271
            ]
          ]
        ]
      },
      "id": "way/1145546210"
    },
    {
      "type": "Feature",
      "properties": {
        "@id": "way/1145546226",
        "leisure": "park"
      },
      "geometry": {
        "type": "Polygon",
        "coordinates": [
          [
            [
              107.6849299,
              -6.9271869
            ],
            [
              107.6848821,
              -6.9272869
            ],
            [
              107.6850114,
              -6.9272618
            ],
            [
              107.6850336,
              -6.9272317
            ],
            [
              107.6849299,
              -6.9271869
            ]
          ]
        ]
      },
      "id": "way/1145546226"
    },
    {
      "type": "Feature",
      "properties": {
        "@id": "way/1159793744",
        "leisure": "park"
      },
      "geometry": {
        "type": "Polygon",
        "coordinates": [
          [
            [
              107.6919249,
              -6.8946704
            ],
            [
              107.6922422,
              -6.8946505
            ],
            [
              107.6922345,
              -6.8942788
            ],
            [
              107.6919187,
              -6.8945618
            ],
            [
              107.6919249,
              -6.8946704
            ]
          ]
        ]
      },
      "id": "way/1159793744"
    },
    {
      "type": "Feature",
      "properties": {
        "@id": "way/1159793745",
        "leisure": "park"
      },
      "geometry": {
        "type": "Polygon",
        "coordinates": [
          [
            [
              107.6919848,
              -6.8933794
            ],
            [
              107.6921573,
              -6.8936284
            ],
            [
              107.6923119,
              -6.8935536
            ],
            [
              107.6921055,
              -6.8932929
            ],
            [
              107.6919848,
              -6.8933794
            ]
          ]
        ]
      },
      "id": "way/1159793745"
    },
    {
      "type": "Feature",
      "properties": {
        "@id": "way/1159799671",
        "leisure": "park"
      },
      "geometry": {
        "type": "Polygon",
        "coordinates": [
          [
            [
              107.6911549,
              -6.8938647
            ],
            [
              107.6911719,
              -6.8941431
            ],
            [
              107.6915062,
              -6.8938372
            ],
            [
              107.6911549,
              -6.8938647
            ]
          ]
        ]
      },
      "id": "way/1159799671"
    },
    {
      "type": "Feature",
      "properties": {
        "@id": "way/1160465548",
        "access": "private",
        "leisure": "park"
      },
      "geometry": {
        "type": "Polygon",
        "coordinates": [
          [
            [
              107.6077514,
              -6.9075419
            ],
            [
              107.6077299,
              -6.907704
            ],
            [
              107.6077391,
              -6.9078202
            ],
            [
              107.6077946,
              -6.908071
            ],
            [
              107.607887,
              -6.9083646
            ],
            [
              107.6080041,
              -6.9083065
            ],
            [
              107.608115,
              -6.9082087
            ],
            [
              107.6081982,
              -6.908123
            ],
            [
              107.608229,
              -6.908016
            ],
            [
              107.6082999,
              -6.9077346
            ],
            [
              107.6077514,
              -6.9075419
            ]
          ]
        ]
      },
      "id": "way/1160465548"
    },
    {
      "type": "Feature",
      "properties": {
        "@id": "way/1161291496",
        "leisure": "park",
        "name": "Taman Lansia",
        "source": "POI_WRI_Survey_2023",
        "wheelchair": "no"
      },
      "geometry": {
        "type": "Polygon",
        "coordinates": [
          [
            [
              107.6310128,
              -6.8974245
            ],
            [
              107.6312649,
              -6.8978506
            ],
            [
              107.6313856,
              -6.8977734
            ],
            [
              107.6311469,
              -6.8973207
            ],
            [
              107.6310128,
              -6.8974245
            ]
          ]
        ]
      },
      "id": "way/1161291496"
    },
    {
      "type": "Feature",
      "properties": {
        "@id": "way/1161294653",
        "leisure": "park",
        "name": "Taman Cidadap",
        "source": "POI_WRI_Survey_2023",
        "tactile_paving": "yes"
      },
      "geometry": {
        "type": "Polygon",
        "coordinates": [
          [
            [
              107.5993815,
              -6.8736052
            ],
            [
              107.5993594,
              -6.8735999
            ],
            [
              107.5993453,
              -6.8736052
            ],
            [
              107.5993413,
              -6.8736199
            ],
            [
              107.5993493,
              -6.8736478
            ],
            [
              107.599474,
              -6.8738276
            ],
            [
              107.5995974,
              -6.8740539
            ],
            [
              107.5996256,
              -6.8740886
            ],
            [
              107.5996524,
              -6.8741085
            ],
            [
              107.5996739,
              -6.8741165
            ],
            [
              107.5996873,
              -6.8741005
            ],
            [
              107.5996859,
              -6.8740779
            ],
            [
              107.5996792,
              -6.874026
            ],
            [
              107.5996819,
              -6.8739727
            ],
            [
              107.5997007,
              -6.8736665
            ],
            [
              107.5993815,
              -6.8736052
            ]
          ]
        ]
      },
      "id": "way/1161294653"
    },
    {
      "type": "Feature",
      "properties": {
        "@id": "way/1167333906",
        "leisure": "park"
      },
      "geometry": {
        "type": "Polygon",
        "coordinates": [
          [
            [
              107.5878722,
              -6.865774
            ],
            [
              107.58784,
              -6.8659258
            ],
            [
              107.5880854,
              -6.8659671
            ],
            [
              107.5881069,
              -6.865814
            ],
            [
              107.5878722,
              -6.865774
            ]
          ]
        ]
      },
      "id": "way/1167333906"
    },
    {
      "type": "Feature",
      "properties": {
        "@id": "way/1196687481",
        "leisure": "park"
      },
      "geometry": {
        "type": "Polygon",
        "coordinates": [
          [
            [
              107.6338402,
              -6.947984
            ],
            [
              107.633775,
              -6.9480757
            ],
            [
              107.6337435,
              -6.94817
            ],
            [
              107.6337316,
              -6.9482741
            ],
            [
              107.634103,
              -6.9486541
            ],
            [
              107.6341068,
              -6.9485534
            ],
            [
              107.6341109,
              -6.9484437
            ],
            [
              107.6341278,
              -6.9483348
            ],
            [
              107.6341574,
              -6.9482286
            ],
            [
              107.6341928,
              -6.9481404
            ],
            [
              107.6342368,
              -6.9480561
            ],
            [
              107.6342892,
              -6.9479766
            ],
            [
              107.6343493,
              -6.9479027
            ],
            [
              107.6344163,
              -6.9478354
            ],
            [
              107.6344776,
              -6.947776
            ],
            [
              107.6340317,
              -6.9479223
            ],
            [
              107.6338402,
              -6.947984
            ]
          ]
        ]
      },
      "id": "way/1196687481"
    },
    {
      "type": "Feature",
      "properties": {
        "@id": "way/1197094105",
        "leisure": "park"
      },
      "geometry": {
        "type": "Polygon",
        "coordinates": [
          [
            [
              107.6116179,
              -6.8926257
            ],
            [
              107.611619,
              -6.8926733
            ],
            [
              107.6119097,
              -6.8926211
            ],
            [
              107.6119144,
              -6.8924556
            ],
            [
              107.6118319,
              -6.8925249
            ],
            [
              107.6117481,
              -6.8925768
            ],
            [
              107.6116683,
              -6.8926141
            ],
            [
              107.6116179,
              -6.8926257
            ]
          ]
        ]
      },
      "id": "way/1197094105"
    },
    {
      "type": "Feature",
      "properties": {
        "@id": "way/1197847831",
        "leisure": "park",
        "name": "Bundaran Cibeureum"
      },
      "geometry": {
        "type": "Polygon",
        "coordinates": [
          [
            [
              107.5745084,
              -6.9173198
            ],
            [
              107.5745363,
              -6.9172813
            ],
            [
              107.5745535,
              -6.917237
            ],
            [
              107.5745584,
              -6.9171897
            ],
            [
              107.5745508,
              -6.9171427
            ],
            [
              107.5745313,
              -6.9170995
            ],
            [
              107.5745012,
              -6.9170626
            ],
            [
              107.5744624,
              -6.9170348
            ],
            [
              107.5744178,
              -6.9170179
            ],
            [
              107.5743703,
              -6.9170129
            ],
            [
              107.574323,
              -6.9170204
            ],
            [
              107.5742792,
              -6.9170399
            ],
            [
              107.5742423,
              -6.9170698
            ],
            [
              107.5742142,
              -6.9171081
            ],
            [
              107.5741971,
              -6.9171525
            ],
            [
              107.5741922,
              -6.9171997
            ],
            [
              107.5741997,
              -6.9172467
            ],
            [
              107.5742192,
              -6.91729
            ],
            [
              107.5742493,
              -6.9173268
            ],
            [
              107.5742881,
              -6.9173547
            ],
            [
              107.5743327,
              -6.9173716
            ],
            [
              107.5743803,
              -6.9173765
            ],
            [
              107.5744275,
              -6.917369
            ],
            [
              107.5744712,
              -6.9173496
            ],
            [
              107.5745084,
              -6.9173198
            ]
          ]
        ]
      },
      "id": "way/1197847831"
    },
    {
      "type": "Feature",
      "properties": {
        "@id": "way/1200653171",
        "leisure": "park",
        "name": "Taman Sumringah"
      },
      "geometry": {
        "type": "Polygon",
        "coordinates": [
          [
            [
              107.6930594,
              -6.9534457
            ],
            [
              107.6930103,
              -6.9534642
            ],
            [
              107.6932182,
              -6.9536311
            ],
            [
              107.6934563,
              -6.9538467
            ],
            [
              107.6936805,
              -6.9541271
            ],
            [
              107.6938533,
              -6.9544238
            ],
            [
              107.6941802,
              -6.9551933
            ],
            [
              107.6943941,
              -6.9555886
            ],
            [
              107.6946287,
              -6.9559828
            ],
            [
              107.694742,
              -6.9561115
            ],
            [
              107.6948272,
              -6.9561887
            ],
            [
              107.6949308,
              -6.9562642
            ],
            [
              107.6950036,
              -6.9562989
            ],
            [
              107.6950679,
              -6.9563209
            ],
            [
              107.6951204,
              -6.9563104
            ],
            [
              107.6951942,
              -6.9562617
            ],
            [
              107.6952298,
              -6.956206
            ],
            [
              107.6954995,
              -6.9546657
            ],
            [
              107.6949766,
              -6.9546242
            ],
            [
              107.6948133,
              -6.9546265
            ],
            [
              107.6947818,
              -6.9546509
            ],
            [
              107.6947023,
              -6.9547125
            ],
            [
              107.6945898,
              -6.9546505
            ],
            [
              107.6945604,
              -6.9546142
            ],
            [
              107.6945085,
              -6.9545528
            ],
            [
              107.6944441,
              -6.9544077
            ],
            [
              107.694402,
              -6.9543856
            ],
            [
              107.6943425,
              -6.9543415
            ],
            [
              107.6942667,
              -6.9543282
            ],
            [
              107.6941646,
              -6.9543841
            ],
            [
              107.6940564,
              -6.9542801
            ],
            [
              107.6940377,
              -6.9541804
            ],
            [
              107.6940447,
              -6.9540274
            ],
            [
              107.6936081,
              -6.9535592
            ],
            [
              107.6933372,
              -6.9533785
            ],
            [
              107.6930594,
              -6.9534457
            ]
          ]
        ]
      },
      "id": "way/1200653171"
    },
    {
      "type": "Feature",
      "properties": {
        "@id": "way/1206534713",
        "leisure": "park"
      },
      "geometry": {
        "type": "Polygon",
        "coordinates": [
          [
            [
              107.6197851,
              -6.901717
            ],
            [
              107.6197851,
              -6.9017915
            ],
            [
              107.6198146,
              -6.9018754
            ],
            [
              107.6198669,
              -6.9019752
            ],
            [
              107.6199312,
              -6.9020352
            ],
            [
              107.620005,
              -6.9020644
            ],
            [
              107.6200868,
              -6.9020818
            ],
            [
              107.6201431,
              -6.9020684
            ],
            [
              107.6197851,
              -6.901717
            ]
          ]
        ]
      },
      "id": "way/1206534713"
    },
    {
      "type": "Feature",
      "properties": {
        "@id": "way/1210804819",
        "leisure": "park",
        "name": "Taman Pinus"
      },
      "geometry": {
        "type": "Polygon",
        "coordinates": [
          [
            [
              107.665375,
              -6.9678135
            ],
            [
              107.665359,
              -6.9681159
            ],
            [
              107.6655674,
              -6.9681224
            ],
            [
              107.6661933,
              -6.968142
            ],
            [
              107.6662168,
              -6.9678677
            ],
            [
              107.665375,
              -6.9678135
            ]
          ]
        ]
      },
      "id": "way/1210804819"
    },
    {
      "type": "Feature",
      "properties": {
        "@id": "way/1210804820",
        "leisure": "park"
      },
      "geometry": {
        "type": "Polygon",
        "coordinates": [
          [
            [
              107.6657294,
              -6.9712364
            ],
            [
              107.6657277,
              -6.9713279
            ],
            [
              107.6658935,
              -6.9713546
            ],
            [
              107.6658896,
              -6.9713875
            ],
            [
              107.6661444,
              -6.9714158
            ],
            [
              107.6661557,
              -6.9712456
            ],
            [
              107.6657294,
              -6.9712364
            ]
          ]
        ]
      },
      "id": "way/1210804820"
    },
    {
      "type": "Feature",
      "properties": {
        "@id": "way/1222527778",
        "fee": "yes",
        "landuse": "grass",
        "leisure": "park",
        "name": "Taman Tepi Kota",
        "opening_hours": "Mo-Fr 11:00-20:00, Sa-Su 08:00-20:00"
      },
      "geometry": {
        "type": "Polygon",
        "coordinates": [
          [
            [
              107.6699301,
              -6.9090121
            ],
            [
              107.6697035,
              -6.9092844
            ],
            [
              107.6697348,
              -6.9093656
            ],
            [
              107.6696111,
              -6.9095375
            ],
            [
              107.6691914,
              -6.9103895
            ],
            [
              107.669304,
              -6.9104335
            ],
            [
              107.6690948,
              -6.9107703
            ],
            [
              107.6688507,
              -6.9110179
            ],
            [
              107.6685047,
              -6.9114187
            ],
            [
              107.6685047,
              -6.9114466
            ],
            [
              107.6705459,
              -6.9119619
            ],
            [
              107.6705647,
              -6.9117582
            ],
            [
              107.6705673,
              -6.9115771
            ],
            [
              107.6705472,
              -6.9108196
            ],
            [
              107.6705744,
              -6.9097415
            ],
            [
              107.6709455,
              -6.9095068
            ],
            [
              107.6709884,
              -6.9094429
            ],
            [
              107.6710065,
              -6.9093184
            ],
            [
              107.6710285,
              -6.9091019
            ],
            [
              107.6707394,
              -6.9091404
            ],
            [
              107.6699301,
              -6.9090121
            ]
          ]
        ]
      },
      "id": "way/1222527778"
    },
    {
      "type": "Feature",
      "properties": {
        "@id": "way/1230799375",
        "leisure": "park"
      },
      "geometry": {
        "type": "Polygon",
        "coordinates": [
          [
            [
              107.6748806,
              -6.9186721
            ],
            [
              107.6746839,
              -6.9188443
            ],
            [
              107.6748126,
              -6.9189455
            ],
            [
              107.6753991,
              -6.9191088
            ],
            [
              107.6754653,
              -6.9188745
            ],
            [
              107.6750469,
              -6.9187627
            ],
            [
              107.6748806,
              -6.9186721
            ]
          ]
        ]
      },
      "id": "way/1230799375"
    },
    {
      "type": "Feature",
      "properties": {
        "@id": "way/1230842025",
        "landuse": "recreation_ground",
        "leisure": "park",
        "name": "Taman Gantole",
        "surface": "unpaved"
      },
      "geometry": {
        "type": "Polygon",
        "coordinates": [
          [
            [
              107.6717261,
              -6.9239545
            ],
            [
              107.6716534,
              -6.9241549
            ],
            [
              107.6716555,
              -6.9241766
            ],
            [
              107.6716804,
              -6.9241983
            ],
            [
              107.6719246,
              -6.9242914
            ],
            [
              107.6719391,
              -6.9242902
            ],
            [
              107.6719514,
              -6.9242768
            ],
            [
              107.6719507,
              -6.9242623
            ],
            [
              107.6719424,
              -6.9242462
            ],
            [
              107.6717261,
              -6.9239545
            ]
          ]
        ]
      },
      "id": "way/1230842025"
    },
    {
      "type": "Feature",
      "properties": {
        "@id": "way/1230970262",
        "leisure": "park",
        "name": "Local Field"
      },
      "geometry": {
        "type": "Polygon",
        "coordinates": [
          [
            [
              107.6130195,
              -6.8808192
            ],
            [
              107.6128817,
              -6.8807944
            ],
            [
              107.6128366,
              -6.880786
            ],
            [
              107.6128203,
              -6.8808741
            ],
            [
              107.6130033,
              -6.8809075
            ],
            [
              107.6130195,
              -6.8808192
            ]
          ]
        ]
      },
      "id": "way/1230970262"
    },
    {
      "type": "Feature",
      "properties": {
        "@id": "way/1231034299",
        "leisure": "park",
        "name": "Taman Al Qolam"
      },
      "geometry": {
        "type": "Polygon",
        "coordinates": [
          [
            [
              107.6045884,
              -6.8665457
            ],
            [
              107.6045425,
              -6.8670543
            ],
            [
              107.6044795,
              -6.8674096
            ],
            [
              107.6044436,
              -6.8677412
            ],
            [
              107.6050444,
              -6.8677656
            ],
            [
              107.6052624,
              -6.867814
            ],
            [
              107.6050953,
              -6.8676555
            ],
            [
              107.6050222,
              -6.8675364
            ],
            [
              107.6049891,
              -6.8674061
            ],
            [
              107.6049714,
              -6.8669106
            ],
            [
              107.6049836,
              -6.8665671
            ],
            [
              107.6045884,
              -6.8665457
            ]
          ]
        ]
      },
      "id": "way/1231034299"
    },
    {
      "type": "Feature",
      "properties": {
        "@id": "way/1243176756",
        "leisure": "park",
        "name": "Taman Danau Tilu"
      },
      "geometry": {
        "type": "Polygon",
        "coordinates": [
          [
            [
              107.6953934,
              -6.9569159
            ],
            [
              107.6952847,
              -6.9574434
            ],
            [
              107.6951666,
              -6.9580725
            ],
            [
              107.6950989,
              -6.9585132
            ],
            [
              107.6950918,
              -6.9588487
            ],
            [
              107.6951042,
              -6.9591016
            ],
            [
              107.6953042,
              -6.9602188
            ],
            [
              107.6953219,
              -6.9602961
            ],
            [
              107.6953767,
              -6.960354
            ],
            [
              107.6954688,
              -6.9603839
            ],
            [
              107.6955395,
              -6.9603839
            ],
            [
              107.695628,
              -6.9603716
            ],
            [
              107.6969414,
              -6.9601407
            ],
            [
              107.6965748,
              -6.9592931
            ],
            [
              107.6963854,
              -6.9588803
            ],
            [
              107.6959678,
              -6.9578931
            ],
            [
              107.6960315,
              -6.9572449
            ],
            [
              107.6960341,
              -6.9569607
            ],
            [
              107.6959623,
              -6.9569487
            ],
            [
              107.6959501,
              -6.9569467
            ],
            [
              107.6956907,
              -6.9569019
            ],
            [
              107.6955668,
              -6.9568685
            ],
            [
              107.6954624,
              -6.956865
            ],
            [
              107.6954058,
              -6.9568983
            ],
            [
              107.6953934,
              -6.9569159
            ]
          ]
        ]
      },
      "id": "way/1243176756"
    },
    {
      "type": "Feature",
      "properties": {
        "@id": "way/1282745289",
        "leisure": "park",
        "name": "Lapangan Perumahan Al-Islam"
      },
      "geometry": {
        "type": "Polygon",
        "coordinates": [
          [
            [
              107.6566823,
              -6.9497126
            ],
            [
              107.6567156,
              -6.9496018
            ],
            [
              107.6564935,
              -6.9495528
            ],
            [
              107.6564656,
              -6.9496561
            ],
            [
              107.6566823,
              -6.9497126
            ]
          ]
        ]
      },
      "id": "way/1282745289"
    },
    {
      "type": "Feature",
      "properties": {
        "@id": "way/1282745294",
        "leisure": "park",
        "name": "Taman Kalkun"
      },
      "geometry": {
        "type": "Polygon",
        "coordinates": [
          [
            [
              107.6598615,
              -6.9465139
            ],
            [
              107.6596619,
              -6.9468366
            ],
            [
              107.6596933,
              -6.9469264
            ],
            [
              107.6599155,
              -6.9469663
            ],
            [
              107.6599632,
              -6.9465413
            ],
            [
              107.6598615,
              -6.9465139
            ]
          ]
        ]
      },
      "id": "way/1282745294"
    },
    {
      "type": "Feature",
      "properties": {
        "@id": "way/1282745295",
        "leisure": "park",
        "name": "Taman Galaxy"
      },
      "geometry": {
        "type": "Polygon",
        "coordinates": [
          [
            [
              107.6570384,
              -6.950054
            ],
            [
              107.6571248,
              -6.9500725
            ],
            [
              107.6571806,
              -6.9496576
            ],
            [
              107.6570734,
              -6.9496402
            ],
            [
              107.657057,
              -6.9498661
            ],
            [
              107.6570384,
              -6.950054
            ]
          ]
        ]
      },
      "id": "way/1282745295"
    },
    {
      "type": "Feature",
      "properties": {
        "@id": "way/1284642671",
        "leisure": "park",
        "name": "Taman Inklusi"
      },
      "geometry": {
        "type": "Polygon",
        "coordinates": [
          [
            [
              107.6154636,
              -6.9085922
            ],
            [
              107.615462,
              -6.9090189
            ],
            [
              107.6152987,
              -6.9090128
            ],
            [
              107.6152816,
              -6.9091989
            ],
            [
              107.6154485,
              -6.9092037
            ],
            [
              107.6158549,
              -6.9090571
            ],
            [
              107.6155911,
              -6.9084712
            ],
            [
              107.6154636,
              -6.9085922
            ]
          ]
        ]
      },
      "id": "way/1284642671"
    },
    {
      "type": "Feature",
      "properties": {
        "@id": "way/1293466984",
        "leisure": "park",
        "name": "Rose Lake Garden"
      },
      "geometry": {
        "type": "Polygon",
        "coordinates": [
          [
            [
              107.6385621,
              -6.9768848
            ],
            [
              107.6385082,
              -6.9769567
            ],
            [
              107.6384497,
              -6.9770576
            ],
            [
              107.6383988,
              -6.9771432
            ],
            [
              107.6383495,
              -6.9772503
            ],
            [
              107.6383387,
              -6.9773068
            ],
            [
              107.638559,
              -6.9773802
            ],
            [
              107.6386006,
              -6.9773925
            ],
            [
              107.6386207,
              -6.9773695
            ],
            [
              107.6386407,
              -6.9773313
            ],
            [
              107.6386515,
              -6.9772946
            ],
            [
              107.6386499,
              -6.977235
            ],
            [
              107.6386607,
              -6.977186
            ],
            [
              107.6386792,
              -6.9771555
            ],
            [
              107.6387008,
              -6.9771218
            ],
            [
              107.6387362,
              -6.9770882
            ],
            [
              107.6387655,
              -6.9770698
            ],
            [
              107.6388117,
              -6.9770484
            ],
            [
              107.6387254,
              -6.9770163
            ],
            [
              107.6386253,
              -6.9769414
            ],
            [
              107.6385883,
              -6.976897
            ],
            [
              107.63857,
              -6.9768723
            ],
            [
              107.6385621,
              -6.9768848
            ]
          ]
        ]
      },
      "id": "way/1293466984"
    },
    {
      "type": "Feature",
      "properties": {
        "@id": "way/1293670807",
        "leisure": "park"
      },
      "geometry": {
        "type": "Polygon",
        "coordinates": [
          [
            [
              107.592718,
              -6.8599225
            ],
            [
              107.5927222,
              -6.8599968
            ],
            [
              107.5927356,
              -6.8600308
            ],
            [
              107.5927619,
              -6.8600648
            ],
            [
              107.5927903,
              -6.8600929
            ],
            [
              107.592832,
              -6.8601184
            ],
            [
              107.592881,
              -6.8601415
            ],
            [
              107.5929313,
              -6.8601501
            ],
            [
              107.5929886,
              -6.8601493
            ],
            [
              107.5930328,
              -6.8601437
            ],
            [
              107.5930922,
              -6.8601369
            ],
            [
              107.5931501,
              -6.8601125
            ],
            [
              107.5931787,
              -6.8600916
            ],
            [
              107.5932151,
              -6.8600581
            ],
            [
              107.5932372,
              -6.8600272
            ],
            [
              107.5932387,
              -6.8600244
            ],
            [
              107.5932537,
              -6.8599962
            ],
            [
              107.5932506,
              -6.8599051
            ],
            [
              107.592718,
              -6.8599225
            ]
          ]
        ]
      },
      "id": "way/1293670807"
    },
    {
      "type": "Feature",
      "properties": {
        "@id": "way/1293744195",
        "leisure": "park"
      },
      "geometry": {
        "type": "Polygon",
        "coordinates": [
          [
            [
              107.5893419,
              -6.8620748
            ],
            [
              107.5893638,
              -6.8618823
            ],
            [
              107.5893964,
              -6.8615766
            ],
            [
              107.5893079,
              -6.8615639
            ],
            [
              107.5892485,
              -6.8618057
            ],
            [
              107.5891897,
              -6.8620537
            ],
            [
              107.5893419,
              -6.8620748
            ]
          ]
        ]
      },
      "id": "way/1293744195"
    },
    {
      "type": "Feature",
      "properties": {
        "@id": "way/1299816104",
        "leisure": "park",
        "name": "Taman Cisatu"
      },
      "geometry": {
        "type": "Polygon",
        "coordinates": [
          [
            [
              107.6030621,
              -6.8738208
            ],
            [
              107.6033063,
              -6.8738173
            ],
            [
              107.6034125,
              -6.8738296
            ],
            [
              107.6035027,
              -6.8735204
            ],
            [
              107.6034974,
              -6.8733921
            ],
            [
              107.6034638,
              -6.8732692
            ],
            [
              107.6034142,
              -6.873176
            ],
            [
              107.6033824,
              -6.8731304
            ],
            [
              107.6031983,
              -6.8729318
            ],
            [
              107.6031806,
              -6.8729037
            ],
            [
              107.6031824,
              -6.8728809
            ],
            [
              107.6032001,
              -6.8728493
            ],
            [
              107.6032851,
              -6.8727597
            ],
            [
              107.6032205,
              -6.8726982
            ],
            [
              107.6031411,
              -6.8725835
            ],
            [
              107.602973,
              -6.8725928
            ],
            [
              107.602764,
              -6.8726229
            ],
            [
              107.6027587,
              -6.8727171
            ],
            [
              107.6028268,
              -6.8727292
            ],
            [
              107.6027577,
              -6.8730854
            ],
            [
              107.602716,
              -6.8731601
            ],
            [
              107.6026835,
              -6.8731722
            ],
            [
              107.6026733,
              -6.8732146
            ],
            [
              107.6027104,
              -6.8732517
            ],
            [
              107.6027114,
              -6.8735566
            ],
            [
              107.6027801,
              -6.873592
            ],
            [
              107.602777,
              -6.8736293
            ],
            [
              107.6028888,
              -6.8736694
            ],
            [
              107.6029295,
              -6.8735877
            ],
            [
              107.6029762,
              -6.873401
            ],
            [
              107.6031307,
              -6.8734201
            ],
            [
              107.6030829,
              -6.8736593
            ],
            [
              107.6030473,
              -6.8738147
            ],
            [
              107.6030621,
              -6.8738208
            ]
          ]
        ]
      },
      "id": "way/1299816104"
    },
    {
      "type": "Feature",
      "properties": {
        "@id": "way/1303199211",
        "leisure": "park",
        "name": "Taman Pohon FISIP"
      },
      "geometry": {
        "type": "Polygon",
        "coordinates": [
          [
            [
              107.6058998,
              -6.8751633
            ],
            [
              107.605914,
              -6.8750953
            ],
            [
              107.6059302,
              -6.8750108
            ],
            [
              107.6058729,
              -6.875
            ],
            [
              107.6058777,
              -6.8749751
            ],
            [
              107.6058886,
              -6.8749181
            ],
            [
              107.6056926,
              -6.8748812
            ],
            [
              107.6056448,
              -6.8751126
            ],
            [
              107.6058428,
              -6.875152
            ],
            [
              107.6058998,
              -6.8751633
            ]
          ]
        ]
      },
      "id": "way/1303199211"
    },
    {
      "type": "Feature",
      "properties": {
        "@id": "way/1303199215",
        "leisure": "park",
        "name": "Taman Hukum"
      },
      "geometry": {
        "type": "Polygon",
        "coordinates": [
          [
            [
              107.6052867,
              -6.8746032
            ],
            [
              107.6055134,
              -6.8746451
            ],
            [
              107.6055286,
              -6.8745641
            ],
            [
              107.6053019,
              -6.8745222
            ],
            [
              107.6052867,
              -6.8746032
            ]
          ]
        ]
      },
      "id": "way/1303199215"
    },
    {
      "type": "Feature",
      "properties": {
        "@id": "way/1303199225",
        "leisure": "park"
      },
      "geometry": {
        "type": "Polygon",
        "coordinates": [
          [
            [
              107.6060565,
              -6.8745389
            ],
            [
              107.6060808,
              -6.8745818
            ],
            [
              107.606076,
              -6.8746007
            ],
            [
              107.606051,
              -6.8747475
            ],
            [
              107.6060965,
              -6.8747648
            ],
            [
              107.6060924,
              -6.8747861
            ],
            [
              107.6060836,
              -6.8748433
            ],
            [
              107.6060942,
              -6.874846
            ],
            [
              107.6060839,
              -6.8749262
            ],
            [
              107.6061687,
              -6.8749407
            ],
            [
              107.606165,
              -6.8750004
            ],
            [
              107.6061741,
              -6.8750046
            ],
            [
              107.6061703,
              -6.8750469
            ],
            [
              107.6061698,
              -6.8750524
            ],
            [
              107.6061937,
              -6.8750551
            ],
            [
              107.6061735,
              -6.8751433
            ],
            [
              107.6061442,
              -6.8751372
            ],
            [
              107.6061399,
              -6.8751704
            ],
            [
              107.6062135,
              -6.8751845
            ],
            [
              107.6062339,
              -6.8750817
            ],
            [
              107.6062055,
              -6.8749666
            ],
            [
              107.6061728,
              -6.8748928
            ],
            [
              107.6061206,
              -6.8748867
            ],
            [
              107.6061321,
              -6.8747408
            ],
            [
              107.6062047,
              -6.874754
            ],
            [
              107.6062188,
              -6.8746381
            ],
            [
              107.6061542,
              -6.8746117
            ],
            [
              107.6060817,
              -6.8744966
            ],
            [
              107.6060595,
              -6.8744966
            ],
            [
              107.6060565,
              -6.8745389
            ]
          ]
        ]
      },
      "id": "way/1303199225"
    },
    {
      "type": "Feature",
      "properties": {
        "@id": "way/1303199227",
        "leisure": "park",
        "name": "Taman Rektorat"
      },
      "geometry": {
        "type": "Polygon",
        "coordinates": [
          [
            [
              107.604678,
              -6.8746975
            ],
            [
              107.6044993,
              -6.8754392
            ],
            [
              107.6047288,
              -6.8754869
            ],
            [
              107.6048076,
              -6.8751136
            ],
            [
              107.6048917,
              -6.8747531
            ],
            [
              107.604678,
              -6.8746975
            ]
          ]
        ]
      },
      "id": "way/1303199227"
    },
    {
      "type": "Feature",
      "properties": {
        "@id": "way/1303199228",
        "leisure": "park",
        "name": "Water Tower Oranye"
      },
      "geometry": {
        "type": "Polygon",
        "coordinates": [
          [
            [
              107.6047718,
              -6.8754947
            ],
            [
              107.6050283,
              -6.8755372
            ],
            [
              107.6050444,
              -6.8754562
            ],
            [
              107.6051284,
              -6.8754598
            ],
            [
              107.6051428,
              -6.8753968
            ],
            [
              107.6051493,
              -6.8753647
            ],
            [
              107.6051682,
              -6.8752717
            ],
            [
              107.6051377,
              -6.8752677
            ],
            [
              107.6051164,
              -6.8753565
            ],
            [
              107.6050605,
              -6.8753454
            ],
            [
              107.6050391,
              -6.8753887
            ],
            [
              107.6049527,
              -6.8753201
            ],
            [
              107.6048176,
              -6.8752919
            ],
            [
              107.6047718,
              -6.8754947
            ]
          ]
        ]
      },
      "id": "way/1303199228"
    },
    {
      "type": "Feature",
      "properties": {
        "@id": "way/1303199230",
        "leisure": "park"
      },
      "geometry": {
        "type": "Polygon",
        "coordinates": [
          [
            [
              107.604625,
              -6.8759532
            ],
            [
              107.6047299,
              -6.8755013
            ],
            [
              107.6044881,
              -6.875446
            ],
            [
              107.604337,
              -6.8760971
            ],
            [
              107.6042587,
              -6.8764349
            ],
            [
              107.6044311,
              -6.8764743
            ],
            [
              107.6045,
              -6.8761773
            ],
            [
              107.604796,
              -6.876245
            ],
            [
              107.60482,
              -6.8761414
            ],
            [
              107.6045449,
              -6.8760785
            ],
            [
              107.6045766,
              -6.8759421
            ],
            [
              107.604625,
              -6.8759532
            ]
          ]
        ]
      },
      "id": "way/1303199230"
    },
    {
      "type": "Feature",
      "properties": {
        "@id": "way/1304785725",
        "leisure": "park"
      },
      "geometry": {
        "type": "Polygon",
        "coordinates": [
          [
            [
              107.6111006,
              -6.9119968
            ],
            [
              107.6110849,
              -6.9121524
            ],
            [
              107.6111217,
              -6.9121561
            ],
            [
              107.6111374,
              -6.9120005
            ],
            [
              107.6111006,
              -6.9119968
            ]
          ]
        ]
      },
      "id": "way/1304785725"
    },
    {
      "type": "Feature",
      "properties": {
        "@id": "way/1306208575",
        "leisure": "park"
      },
      "geometry": {
        "type": "Polygon",
        "coordinates": [
          [
            [
              107.6111693,
              -6.8823485
            ],
            [
              107.6111557,
              -6.8825006
            ],
            [
              107.6115241,
              -6.882533
            ],
            [
              107.6115377,
              -6.882381
            ],
            [
              107.6111693,
              -6.8823485
            ]
          ]
        ]
      },
      "id": "way/1306208575"
    },
    {
      "type": "Feature",
      "properties": {
        "@id": "way/1306237712",
        "leisure": "park"
      },
      "geometry": {
        "type": "Polygon",
        "coordinates": [
          [
            [
              107.6111755,
              -6.8822742
            ],
            [
              107.6111695,
              -6.8823402
            ],
            [
              107.6114913,
              -6.882369
            ],
            [
              107.6114973,
              -6.8823031
            ],
            [
              107.6111755,
              -6.8822742
            ]
          ]
        ]
      },
      "id": "way/1306237712"
    },
    {
      "type": "Feature",
      "properties": {
        "@id": "way/1349368391",
        "leisure": "park",
        "name": "Pohon Hukum"
      },
      "geometry": {
        "type": "Polygon",
        "coordinates": [
          [
            [
              107.605333,
              -6.874202
            ],
            [
              107.6051378,
              -6.8741628
            ],
            [
              107.6050967,
              -6.8743649
            ],
            [
              107.6050915,
              -6.8743902
            ],
            [
              107.6052551,
              -6.8744229
            ],
            [
              107.6052867,
              -6.8744293
            ],
            [
              107.605333,
              -6.874202
            ]
          ]
        ]
      },
      "id": "way/1349368391"
    },
    {
      "type": "Feature",
      "properties": {
        "@id": "way/1349781889",
        "leisure": "park"
      },
      "geometry": {
        "type": "Polygon",
        "coordinates": [
          [
            [
              107.65791,
              -6.834368
            ],
            [
              107.6578751,
              -6.8344798
            ],
            [
              107.6578537,
              -6.8345225
            ],
            [
              107.6578335,
              -6.8345957
            ],
            [
              107.6579207,
              -6.8347581
            ],
            [
              107.6580334,
              -6.8349006
            ],
            [
              107.6581514,
              -6.8349406
            ],
            [
              107.6583727,
              -6.8349259
            ],
            [
              107.6586181,
              -6.834862
            ],
            [
              107.6586798,
              -6.8348287
            ],
            [
              107.6587012,
              -6.8347728
            ],
            [
              107.6586154,
              -6.8345225
            ],
            [
              107.6586932,
              -6.8344426
            ],
            [
              107.6587281,
              -6.8343973
            ],
            [
              107.6587468,
              -6.8342428
            ],
            [
              107.6587307,
              -6.8341922
            ],
            [
              107.6587093,
              -6.8341416
            ],
            [
              107.6585054,
              -6.8339232
            ],
            [
              107.6583606,
              -6.8339153
            ],
            [
              107.6583123,
              -6.833886
            ],
            [
              107.6582748,
              -6.833846
            ],
            [
              107.6582506,
              -6.8337368
            ],
            [
              107.6579663,
              -6.8336969
            ],
            [
              107.6578912,
              -6.8337129
            ],
            [
              107.657851,
              -6.8337581
            ],
            [
              107.6578242,
              -6.8338087
            ],
            [
              107.6578215,
              -6.8340324
            ],
            [
              107.657851,
              -6.8342029
            ],
            [
              107.6578858,
              -6.8343121
            ],
            [
              107.65791,
              -6.834368
            ]
          ]
        ]
      },
      "id": "way/1349781889"
    },
    {
      "type": "Feature",
      "properties": {
        "@id": "way/1349781893",
        "leisure": "park",
        "name": "Taman Hutan Raya Juanda",
        "name:etymology:wikidata": "Q2670453",
        "name:etymology:wikipedia": "id:Djuanda Kartawidjaja"
      },
      "geometry": {
        "type": "Polygon",
        "coordinates": [
          [
            [
              107.6295131,
              -6.8567429
            ],
            [
              107.6286662,
              -6.8572188
            ],
            [
              107.6283184,
              -6.8579054
            ],
            [
              107.6283089,
              -6.8579572
            ],
            [
              107.6283125,
              -6.858021
            ],
            [
              107.6283306,
              -6.8580731
            ],
            [
              107.6283636,
              -6.8581247
            ],
            [
              107.628405,
              -6.8581634
            ],
            [
              107.6284517,
              -6.8581902
            ],
            [
              107.6285074,
              -6.8582066
            ],
            [
              107.6285617,
              -6.8582094
            ],
            [
              107.6286197,
              -6.8581985
            ],
            [
              107.6292543,
              -6.8577685
            ],
            [
              107.6297826,
              -6.8570585
            ],
            [
              107.6298062,
              -6.8570057
            ],
            [
              107.629815,
              -6.8569505
            ],
            [
              107.6298026,
              -6.8568722
            ],
            [
              107.6297679,
              -6.8568098
            ],
            [
              107.6297166,
              -6.8567629
            ],
            [
              107.6296641,
              -6.8567377
            ],
            [
              107.6295856,
              -6.8567271
            ],
            [
              107.6295131,
              -6.8567429
            ]
          ]
        ]
      },
      "id": "way/1349781893"
    },
    {
      "type": "Feature",
      "properties": {
        "@id": "way/1349781894",
        "leisure": "park"
      },
      "geometry": {
        "type": "Polygon",
        "coordinates": [
          [
            [
              107.6477471,
              -6.8438713
            ],
            [
              107.6477364,
              -6.8439912
            ],
            [
              107.6478235,
              -6.8441643
            ],
            [
              107.6478343,
              -6.8442575
            ],
            [
              107.6480944,
              -6.8442442
            ],
            [
              107.6483801,
              -6.8441563
            ],
            [
              107.6486309,
              -6.8440564
            ],
            [
              107.6489662,
              -6.8438474
            ],
            [
              107.6491204,
              -6.8437315
            ],
            [
              107.6493095,
              -6.8435291
            ],
            [
              107.6491486,
              -6.8432948
            ],
            [
              107.6490077,
              -6.8433747
            ],
            [
              107.6486269,
              -6.8435105
            ],
            [
              107.6484726,
              -6.8435944
            ],
            [
              107.6483439,
              -6.8436769
            ],
            [
              107.6481669,
              -6.8437448
            ],
            [
              107.6477471,
              -6.8438713
            ]
          ]
        ]
      },
      "id": "way/1349781894"
    },
    {
      "type": "Feature",
      "properties": {
        "@id": "way/1351095918",
        "leisure": "park",
        "name": "Lapangan SD Sukaasih Atas"
      },
      "geometry": {
        "type": "Polygon",
        "coordinates": [
          [
            [
              107.6856879,
              -6.9005484
            ],
            [
              107.685596,
              -6.9005476
            ],
            [
              107.6856054,
              -6.9008002
            ],
            [
              107.6856981,
              -6.9008011
            ],
            [
              107.6856879,
              -6.9005484
            ]
          ]
        ]
      },
      "id": "way/1351095918"
    },
    {
      "type": "Feature",
      "properties": {
        "@id": "way/1366969329",
        "leisure": "park"
      },
      "geometry": {
        "type": "Polygon",
        "coordinates": [
          [
            [
              107.6286481,
              -6.9618093
            ],
            [
              107.6286172,
              -6.961824
            ],
            [
              107.6285971,
              -6.9618546
            ],
            [
              107.6285676,
              -6.9620223
            ],
            [
              107.6285824,
              -6.962045
            ],
            [
              107.6286052,
              -6.9620609
            ],
            [
              107.6290665,
              -6.9621621
            ],
            [
              107.629096,
              -6.9621608
            ],
            [
              107.6291255,
              -6.9621448
            ],
            [
              107.6291738,
              -6.9619717
            ],
            [
              107.629159,
              -6.9619345
            ],
            [
              107.6291255,
              -6.9619025
            ],
            [
              107.6286481,
              -6.9618093
            ]
          ]
        ]
      },
      "id": "way/1366969329"
    },
    {
      "type": "Feature",
      "properties": {
        "@id": "way/1366969330",
        "leisure": "park"
      },
      "geometry": {
        "type": "Polygon",
        "coordinates": [
          [
            [
              107.6279236,
              -6.9616801
            ],
            [
              107.6278829,
              -6.9618365
            ],
            [
              107.6278829,
              -6.9618734
            ],
            [
              107.6279183,
              -6.9618927
            ],
            [
              107.628343,
              -6.9619823
            ],
            [
              107.6283837,
              -6.9619823
            ],
            [
              107.628412,
              -6.9619507
            ],
            [
              107.6284403,
              -6.9617996
            ],
            [
              107.628435,
              -6.961768
            ],
            [
              107.6283908,
              -6.9617434
            ],
            [
              107.6279838,
              -6.9616696
            ],
            [
              107.6279502,
              -6.9616626
            ],
            [
              107.6279236,
              -6.9616801
            ]
          ]
        ]
      },
      "id": "way/1366969330"
    },
    {
      "type": "Feature",
      "properties": {
        "@id": "way/1366969333",
        "leisure": "park"
      },
      "geometry": {
        "type": "Polygon",
        "coordinates": [
          [
            [
              107.6344233,
              -6.9579054
            ],
            [
              107.6343986,
              -6.9579084
            ],
            [
              107.6343863,
              -6.9579298
            ],
            [
              107.6343648,
              -6.9580384
            ],
            [
              107.6343709,
              -6.9580674
            ],
            [
              107.6343956,
              -6.9580781
            ],
            [
              107.6346883,
              -6.9581424
            ],
            [
              107.6347129,
              -6.9581408
            ],
            [
              107.6347252,
              -6.9581225
            ],
            [
              107.634753,
              -6.9579849
            ],
            [
              107.6347406,
              -6.9579696
            ],
            [
              107.6344233,
              -6.9579054
            ]
          ]
        ]
      },
      "id": "way/1366969333"
    },
    {
      "type": "Feature",
      "properties": {
        "@id": "way/1366969334",
        "leisure": "park"
      },
      "geometry": {
        "type": "Polygon",
        "coordinates": [
          [
            [
              107.6355895,
              -6.9581393
            ],
            [
              107.6348993,
              -6.9579925
            ],
            [
              107.6348793,
              -6.9579956
            ],
            [
              107.634867,
              -6.9580124
            ],
            [
              107.6348454,
              -6.9581179
            ],
            [
              107.6348469,
              -6.9581485
            ],
            [
              107.6348839,
              -6.958176
            ],
            [
              107.6355617,
              -6.9583228
            ],
            [
              107.6356033,
              -6.9583198
            ],
            [
              107.6356126,
              -6.9582999
            ],
            [
              107.6356372,
              -6.9581821
            ],
            [
              107.6356172,
              -6.9581531
            ],
            [
              107.6355895,
              -6.9581393
            ]
          ]
        ]
      },
      "id": "way/1366969334"
    },
    {
      "type": "Feature",
      "properties": {
        "@id": "way/1370428453",
        "leisure": "park"
      },
      "geometry": {
        "type": "Polygon",
        "coordinates": [
          [
            [
              107.6211333,
              -6.9401738
            ],
            [
              107.6211963,
              -6.940406
            ],
            [
              107.6212972,
              -6.9406994
            ],
            [
              107.6213609,
              -6.9410841
            ],
            [
              107.6214529,
              -6.941785
            ],
            [
              107.6214777,
              -6.9421275
            ],
            [
              107.621483,
              -6.9424701
            ],
            [
              107.6214529,
              -6.9430708
            ],
            [
              107.6214264,
              -6.9432922
            ],
            [
              107.6213945,
              -6.9433941
            ],
            [
              107.6213344,
              -6.9435996
            ],
            [
              107.621253,
              -6.9438315
            ],
            [
              107.6213751,
              -6.9438877
            ],
            [
              107.6213963,
              -6.9438227
            ],
            [
              107.6214264,
              -6.9436312
            ],
            [
              107.6214901,
              -6.9435012
            ],
            [
              107.6215149,
              -6.9434134
            ],
            [
              107.6215432,
              -6.9432922
            ],
            [
              107.6216511,
              -6.9432922
            ],
            [
              107.6217449,
              -6.9432887
            ],
            [
              107.6217557,
              -6.9431092
            ],
            [
              107.6217959,
              -6.9427232
            ],
            [
              107.62182,
              -6.9425208
            ],
            [
              107.6218174,
              -6.9422519
            ],
            [
              107.6217902,
              -6.941626
            ],
            [
              107.6217738,
              -6.9412018
            ],
            [
              107.6217528,
              -6.9410558
            ],
            [
              107.6217061,
              -6.9408657
            ],
            [
              107.6216828,
              -6.9406362
            ],
            [
              107.6215613,
              -6.9404763
            ],
            [
              107.6216104,
              -6.9404137
            ],
            [
              107.6216174,
              -6.9403442
            ],
            [
              107.6215613,
              -6.9402746
            ],
            [
              107.6215123,
              -6.9402607
            ],
            [
              107.6214609,
              -6.9402793
            ],
            [
              107.6213068,
              -6.9403164
            ],
            [
              107.6212601,
              -6.9401564
            ],
            [
              107.6211333,
              -6.9401738
            ]
          ]
        ]
      },
      "id": "way/1370428453"
    },
    {
      "type": "Feature",
      "properties": {
        "@id": "way/1370428454",
        "leisure": "park"
      },
      "geometry": {
        "type": "Polygon",
        "coordinates": [
          [
            [
              107.621158,
              -6.9448111
            ],
            [
              107.6212225,
              -6.9455353
            ],
            [
              107.6213057,
              -6.9465446
            ],
            [
              107.6213704,
              -6.9471563
            ],
            [
              107.6214241,
              -6.9477413
            ],
            [
              107.6215319,
              -6.9477505
            ],
            [
              107.6215242,
              -6.9479202
            ],
            [
              107.6216444,
              -6.9479233
            ],
            [
              107.6216453,
              -6.947756
            ],
            [
              107.6216167,
              -6.9476194
            ],
            [
              107.6215672,
              -6.9474573
            ],
            [
              107.6215443,
              -6.9473303
            ],
            [
              107.62155,
              -6.9472303
            ],
            [
              107.6215666,
              -6.9471743
            ],
            [
              107.6216645,
              -6.9471627
            ],
            [
              107.6217539,
              -6.9471604
            ],
            [
              107.6217212,
              -6.9463961
            ],
            [
              107.621745,
              -6.9460912
            ],
            [
              107.6217591,
              -6.9454372
            ],
            [
              107.6217475,
              -6.945138
            ],
            [
              107.621719,
              -6.944807
            ],
            [
              107.621158,
              -6.9448111
            ]
          ]
        ]
      },
      "id": "way/1370428454"
    },
    {
      "type": "Feature",
      "properties": {
        "@id": "way/1370731189",
        "leisure": "park"
      },
      "geometry": {
        "type": "Polygon",
        "coordinates": [
          [
            [
              107.6068864,
              -6.9228339
            ],
            [
              107.6068438,
              -6.9232555
            ],
            [
              107.6071485,
              -6.9232858
            ],
            [
              107.6071911,
              -6.9228642
            ],
            [
              107.6068864,
              -6.9228339
            ]
          ]
        ]
      },
      "id": "way/1370731189"
    },
    {
      "type": "Feature",
      "properties": {
        "@id": "way/1382606712",
        "leisure": "park"
      },
      "geometry": {
        "type": "Polygon",
        "coordinates": [
          [
            [
              107.6074965,
              -6.9142663
            ],
            [
              107.6074001,
              -6.9143137
            ],
            [
              107.6073275,
              -6.9143743
            ],
            [
              107.6072497,
              -6.9144595
            ],
            [
              107.6072992,
              -6.9144498
            ],
            [
              107.6073381,
              -6.9144525
            ],
            [
              107.6073744,
              -6.9144683
            ],
            [
              107.6074045,
              -6.9144885
            ],
            [
              107.6074098,
              -6.9144481
            ],
            [
              107.6074266,
              -6.9144042
            ],
            [
              107.6074496,
              -6.9143418
            ],
            [
              107.6074965,
              -6.9142663
            ]
          ]
        ]
      },
      "id": "way/1382606712"
    },
    {
      "type": "Feature",
      "properties": {
        "@id": "way/1414425518",
        "access": "private",
        "leisure": "park"
      },
      "geometry": {
        "type": "Polygon",
        "coordinates": [
          [
            [
              107.6329782,
              -6.9119709
            ],
            [
              107.63277,
              -6.9121077
            ],
            [
              107.6328279,
              -6.9121946
            ],
            [
              107.6327629,
              -6.9122373
            ],
            [
              107.6326662,
              -6.9120922
            ],
            [
              107.6324992,
              -6.912202
            ],
            [
              107.6328275,
              -6.9126942
            ],
            [
              107.6332677,
              -6.9124049
            ],
            [
              107.6329782,
              -6.9119709
            ]
          ]
        ]
      },
      "id": "way/1414425518"
    },
    {
      "type": "Feature",
      "properties": {
        "@id": "way/1414425520",
        "access": "private",
        "leisure": "park"
      },
      "geometry": {
        "type": "Polygon",
        "coordinates": [
          [
            [
              107.6320874,
              -6.9104521
            ],
            [
              107.6318969,
              -6.9105852
            ],
            [
              107.632019,
              -6.9107529
            ],
            [
              107.6316676,
              -6.9109886
            ],
            [
              107.6318392,
              -6.9111404
            ],
            [
              107.6318044,
              -6.9112203
            ],
            [
              107.6318124,
              -6.9112695
            ],
            [
              107.6318285,
              -6.9112961
            ],
            [
              107.6317118,
              -6.9114572
            ],
            [
              107.6319787,
              -6.9116982
            ],
            [
              107.6320726,
              -6.9116237
            ],
            [
              107.6321477,
              -6.9117035
            ],
            [
              107.6322188,
              -6.9116636
            ],
            [
              107.6323113,
              -6.9117701
            ],
            [
              107.6325889,
              -6.911601
            ],
            [
              107.6325473,
              -6.9115305
            ],
            [
              107.6324655,
              -6.9115771
            ],
            [
              107.6324025,
              -6.9114772
            ],
            [
              107.6327043,
              -6.9112669
            ],
            [
              107.6321544,
              -6.9104095
            ],
            [
              107.6320874,
              -6.9104521
            ]
          ]
        ]
      },
      "id": "way/1414425520"
    },
    {
      "type": "Feature",
      "properties": {
        "@id": "way/1429686939",
        "access": "private",
        "leisure": "park"
      },
      "geometry": {
        "type": "Polygon",
        "coordinates": [
          [
            [
              107.6967198,
              -6.949315
            ],
            [
              107.6964895,
              -6.9492936
            ],
            [
              107.6964799,
              -6.9493631
            ],
            [
              107.6967093,
              -6.9493845
            ],
            [
              107.6967198,
              -6.949315
            ]
          ]
        ]
      },
      "id": "way/1429686939"
    },
    {
      "type": "Feature",
      "properties": {
        "@id": "way/1429686942",
        "access": "private",
        "leisure": "park"
      },
      "geometry": {
        "type": "Polygon",
        "coordinates": [
          [
            [
              107.6966151,
              -6.9483912
            ],
            [
              107.6966263,
              -6.9483018
            ],
            [
              107.6963551,
              -6.9482636
            ],
            [
              107.6963504,
              -6.9483204
            ],
            [
              107.6966151,
              -6.9483912
            ]
          ]
        ]
      },
      "id": "way/1429686942"
    },
    {
      "type": "Feature",
      "properties": {
        "@id": "way/1434554474",
        "leisure": "park",
        "name": "Taman Emily Barat"
      },
      "geometry": {
        "type": "Polygon",
        "coordinates": [
          [
            [
              107.6974578,
              -6.9628441
            ],
            [
              107.6975233,
              -6.9630867
            ],
            [
              107.6975915,
              -6.9628893
            ],
            [
              107.6974578,
              -6.9628441
            ]
          ]
        ]
      },
      "id": "way/1434554474"
    },
    {
      "type": "Feature",
      "properties": {
        "@id": "way/1434554482",
        "leisure": "park",
        "name": "Taman Emily Tengah"
      },
      "geometry": {
        "type": "Polygon",
        "coordinates": [
          [
            [
              107.6989303,
              -6.9633982
            ],
            [
              107.6988757,
              -6.9635404
            ],
            [
              107.6989725,
              -6.9635774
            ],
            [
              107.6990313,
              -6.9634377
            ],
            [
              107.6989303,
              -6.9633982
            ]
          ]
        ]
      },
      "id": "way/1434554482"
    },
    {
      "type": "Feature",
      "properties": {
        "@id": "way/1434820033",
        "leisure": "park",
        "name": "Alun Alun Palem"
      },
      "geometry": {
        "type": "Polygon",
        "coordinates": [
          [
            [
              107.6995929,
              -6.9662262
            ],
            [
              107.6994577,
              -6.9665812
            ],
            [
              107.7001778,
              -6.9668515
            ],
            [
              107.700313,
              -6.9664964
            ],
            [
              107.6995929,
              -6.9662262
            ]
          ]
        ]
      },
      "id": "way/1434820033"
    },
    {
      "type": "Feature",
      "properties": {
        "@id": "way/1436136153",
        "leisure": "park",
        "name": "Taman Derwati"
      },
      "geometry": {
        "type": "Polygon",
        "coordinates": [
          [
            [
              107.6785468,
              -6.96438
            ],
            [
              107.6785298,
              -6.9644731
            ],
            [
              107.6788751,
              -6.9645353
            ],
            [
              107.6788921,
              -6.9644423
            ],
            [
              107.6785468,
              -6.96438
            ]
          ]
        ]
      },
      "id": "way/1436136153"
    },
    {
      "type": "Feature",
      "properties": {
        "@id": "way/1442270223",
        "landuse": "grass",
        "leisure": "park"
      },
      "geometry": {
        "type": "Polygon",
        "coordinates": [
          [
            [
              107.67563,
              -6.9599668
            ],
            [
              107.6755932,
              -6.960214
            ],
            [
              107.6758198,
              -6.9602473
            ],
            [
              107.6758566,
              -6.9600001
            ],
            [
              107.67563,
              -6.9599668
            ]
          ]
        ]
      },
      "id": "way/1442270223"
    },
    {
      "type": "Feature",
      "properties": {
        "@id": "way/1442270228",
        "landuse": "grass",
        "leisure": "park"
      },
      "geometry": {
        "type": "Polygon",
        "coordinates": [
          [
            [
              107.6758271,
              -6.9610065
            ],
            [
              107.6757896,
              -6.9612501
            ],
            [
              107.6759654,
              -6.9612768
            ],
            [
              107.6759748,
              -6.9610279
            ],
            [
              107.6758271,
              -6.9610065
            ]
          ]
        ]
      },
      "id": "way/1442270228"
    },
    {
      "type": "Feature",
      "properties": {
        "@id": "way/1442270234",
        "landuse": "grass",
        "leisure": "park"
      },
      "geometry": {
        "type": "Polygon",
        "coordinates": [
          [
            [
              107.6750976,
              -6.9611743
            ],
            [
              107.6750517,
              -6.9615053
            ],
            [
              107.6753736,
              -6.9615493
            ],
            [
              107.6754194,
              -6.9612182
            ],
            [
              107.6750976,
              -6.9611743
            ]
          ]
        ]
      },
      "id": "way/1442270234"
    },
    {
      "type": "Feature",
      "properties": {
        "@id": "way/1442273089",
        "leisure": "park"
      },
      "geometry": {
        "type": "Polygon",
        "coordinates": [
          [
            [
              107.5645778,
              -6.8946419
            ],
            [
              107.5645148,
              -6.8947657
            ],
            [
              107.5645547,
              -6.8947857
            ],
            [
              107.5646177,
              -6.8946619
            ],
            [
              107.5645778,
              -6.8946419
            ]
          ]
        ]
      },
      "id": "way/1442273089"
    },
    {
      "type": "Feature",
      "properties": {
        "@id": "way/1443175089",
        "leisure": "park",
        "name": "Playground Cynthia"
      },
      "geometry": {
        "type": "Polygon",
        "coordinates": [
          [
            [
              107.6954709,
              -6.9616273
            ],
            [
              107.6957726,
              -6.9615648
            ],
            [
              107.6957661,
              -6.9615309
            ],
            [
              107.6955508,
              -6.9614651
            ],
            [
              107.695427,
              -6.9613837
            ],
            [
              107.6954709,
              -6.9616273
            ]
          ]
        ]
      },
      "id": "way/1443175089"
    },
    {
      "type": "Feature",
      "properties": {
        "@id": "way/1446286256",
        "leisure": "park"
      },
      "geometry": {
        "type": "Polygon",
        "coordinates": [
          [
            [
              107.6093786,
              -6.9534118
            ],
            [
              107.6094598,
              -6.9532195
            ],
            [
              107.6093562,
              -6.9529999
            ],
            [
              107.6092142,
              -6.9533436
            ],
            [
              107.6093786,
              -6.9534118
            ]
          ]
        ]
      },
      "id": "way/1446286256"
    },
    {
      "type": "Feature",
      "properties": {
        "@id": "way/1450878228",
        "leisure": "park"
      },
      "geometry": {
        "type": "Polygon",
        "coordinates": [
          [
            [
              107.6056478,
              -6.899556
            ],
            [
              107.6057266,
              -6.8996913
            ],
            [
              107.6058314,
              -6.8996311
            ],
            [
              107.6057526,
              -6.8994958
            ],
            [
              107.6056478,
              -6.899556
            ]
          ]
        ]
      },
      "id": "way/1450878228"
    },
    {
      "type": "Feature",
      "properties": {
        "@id": "way/1465181828",
        "leisure": "park",
        "natural": "forest"
      },
      "geometry": {
        "type": "Polygon",
        "coordinates": [
          [
            [
              107.6242246,
              -6.9302433
            ],
            [
              107.624195,
              -6.930483
            ],
            [
              107.6245048,
              -6.9305056
            ],
            [
              107.6247539,
              -6.9305631
            ],
            [
              107.6259948,
              -6.9308957
            ],
            [
              107.6260458,
              -6.93068
            ],
            [
              107.6242246,
              -6.9302433
            ]
          ]
        ]
      },
      "id": "way/1465181828"
    },
    {
      "type": "Feature",
      "properties": {
        "@id": "way/1465245595",
        "leisure": "park"
      },
      "geometry": {
        "type": "Polygon",
        "coordinates": [
          [
            [
              107.6821209,
              -6.9682989
            ],
            [
              107.6821183,
              -6.968456
            ],
            [
              107.6828264,
              -6.9685199
            ],
            [
              107.6828264,
              -6.9683868
            ],
            [
              107.6827063,
              -6.9683814
            ],
            [
              107.6826755,
              -6.9683575
            ],
            [
              107.6823342,
              -6.9683402
            ],
            [
              107.6823194,
              -6.9683109
            ],
            [
              107.6821209,
              -6.9682989
            ]
          ]
        ]
      },
      "id": "way/1465245595"
    },
    {
      "type": "Feature",
      "properties": {
        "@id": "way/1465245602",
        "leisure": "park"
      },
      "geometry": {
        "type": "Polygon",
        "coordinates": [
          [
            [
              107.6826493,
              -6.9673318
            ],
            [
              107.6824511,
              -6.9673262
            ],
            [
              107.6824444,
              -6.9675612
            ],
            [
              107.6826426,
              -6.9675667
            ],
            [
              107.6826493,
              -6.9673318
            ]
          ]
        ]
      },
      "id": "way/1465245602"
    },
    {
      "type": "Feature",
      "properties": {
        "@id": "way/1465245613",
        "leisure": "park"
      },
      "geometry": {
        "type": "Polygon",
        "coordinates": [
          [
            [
              107.6811822,
              -6.9684061
            ],
            [
              107.6811902,
              -6.9684472
            ],
            [
              107.6816543,
              -6.9684877
            ],
            [
              107.6816784,
              -6.9684766
            ],
            [
              107.6816361,
              -6.9684333
            ],
            [
              107.6816066,
              -6.9683834
            ],
            [
              107.6815845,
              -6.9683328
            ],
            [
              107.6815724,
              -6.968259
            ],
            [
              107.6815262,
              -6.9682543
            ],
            [
              107.6815208,
              -6.9682676
            ],
            [
              107.6815134,
              -6.9682956
            ],
            [
              107.6814933,
              -6.9683268
            ],
            [
              107.6814765,
              -6.9683428
            ],
            [
              107.6814216,
              -6.9683681
            ],
            [
              107.6811822,
              -6.9684061
            ]
          ]
        ]
      },
      "id": "way/1465245613"
    },
    {
      "type": "Feature",
      "properties": {
        "@id": "way/1467055121",
        "leisure": "park",
        "name": "Taman Dirgantara"
      },
      "geometry": {
        "type": "Polygon",
        "coordinates": [
          [
            [
              107.551394,
              -6.9295689
            ],
            [
              107.5511124,
              -6.9301999
            ],
            [
              107.5512237,
              -6.9302438
            ],
            [
              107.5514075,
              -6.9295742
            ],
            [
              107.551394,
              -6.9295689
            ]
          ]
        ]
      },
      "id": "way/1467055121"
    },
    {
      "type": "Feature",
      "properties": {
        "@id": "way/1467055123",
        "leisure": "park"
      },
      "geometry": {
        "type": "Polygon",
        "coordinates": [
          [
            [
              107.5508903,
              -6.9321888
            ],
            [
              107.5506462,
              -6.9327213
            ],
            [
              107.5508407,
              -6.9327706
            ],
            [
              107.5509185,
              -6.9321955
            ],
            [
              107.5508903,
              -6.9321888
            ]
          ]
        ]
      },
      "id": "way/1467055123"
    },
    {
      "type": "Feature",
      "properties": {
        "@id": "way/1473677473",
        "leisure": "park"
      },
      "geometry": {
        "type": "Polygon",
        "coordinates": [
          [
            [
              107.6020055,
              -6.9146506
            ],
            [
              107.6020037,
              -6.914703
            ],
            [
              107.6021534,
              -6.9147081
            ],
            [
              107.6021552,
              -6.9146556
            ],
            [
              107.6020055,
              -6.9146506
            ]
          ]
        ]
      },
      "id": "way/1473677473"
    },
    {
      "type": "Feature",
      "properties": {
        "@id": "way/1475160334",
        "leisure": "park",
        "name": "Taman Braga",
        "tourism": "attraction"
      },
      "geometry": {
        "type": "Polygon",
        "coordinates": [
          [
            [
              107.6101545,
              -6.9198155
            ],
            [
              107.6101167,
              -6.9198116
            ],
            [
              107.6100952,
              -6.91982
            ],
            [
              107.6100767,
              -6.9198376
            ],
            [
              107.6100628,
              -6.9198713
            ],
            [
              107.6100551,
              -6.9199692
            ],
            [
              107.6101244,
              -6.9199814
            ],
            [
              107.6101545,
              -6.9198155
            ]
          ]
        ]
      },
      "id": "way/1475160334"
    },
    {
      "type": "Feature",
      "properties": {
        "@id": "way/1478902390",
        "leisure": "park"
      },
      "geometry": {
        "type": "Polygon",
        "coordinates": [
          [
            [
              107.6974418,
              -6.9676266
            ],
            [
              107.6974394,
              -6.9676718
            ],
            [
              107.6978562,
              -6.9676936
            ],
            [
              107.6978586,
              -6.9676483
            ],
            [
              107.6974418,
              -6.9676266
            ]
          ]
        ]
      },
      "id": "way/1478902390"
    },
    {
      "type": "Feature",
      "properties": {
        "@id": "way/1478902415",
        "leisure": "park"
      },
      "geometry": {
        "type": "Polygon",
        "coordinates": [
          [
            [
              107.7000907,
              -6.9686131
            ],
            [
              107.7001226,
              -6.9686945
            ],
            [
              107.7001503,
              -6.9687826
            ],
            [
              107.7002558,
              -6.9687596
            ],
            [
              107.7002187,
              -6.9686906
            ],
            [
              107.7001968,
              -6.9686414
            ],
            [
              107.7001773,
              -6.968582
            ],
            [
              107.7000907,
              -6.9686131
            ]
          ]
        ]
      },
      "id": "way/1478902415"
    },
    {
      "type": "Feature",
      "properties": {
        "@id": "way/1491374784",
        "leisure": "park",
        "name": "Lapangan Tenis Kawaluyaan Indah"
      },
      "geometry": {
        "type": "Polygon",
        "coordinates": [
          [
            [
              107.6599113,
              -6.9345258
            ],
            [
              107.6599652,
              -6.9345551
            ],
            [
              107.6599277,
              -6.9346959
            ],
            [
              107.6603039,
              -6.9347851
            ],
            [
              107.6604081,
              -6.9343744
            ],
            [
              107.660103,
              -6.9342143
            ],
            [
              107.6599113,
              -6.9345258
            ]
          ]
        ]
      },
      "id": "way/1491374784"
    },
    {
      "type": "Feature",
      "properties": {
        "@id": "way/1491393400",
        "addr:street": "Jalan Kawaluyaan Indah XII",
        "leisure": "park"
      },
      "geometry": {
        "type": "Polygon",
        "coordinates": [
          [
            [
              107.6616446,
              -6.931971
            ],
            [
              107.6617474,
              -6.932024
            ],
            [
              107.6617825,
              -6.9319567
            ],
            [
              107.6616798,
              -6.9319037
            ],
            [
              107.6616446,
              -6.931971
            ]
          ]
        ]
      },
      "id": "way/1491393400"
    },
    {
      "type": "Feature",
      "properties": {
        "@id": "way/1499013603",
        "access": "yes",
        "leisure": "park",
        "name": "Taman Sarijadi RW"
      },
      "geometry": {
        "type": "Polygon",
        "coordinates": [
          [
            [
              107.5729175,
              -6.8734574
            ],
            [
              107.5729145,
              -6.873613
            ],
            [
              107.5732409,
              -6.8736555
            ],
            [
              107.573244,
              -6.8734331
            ],
            [
              107.5729175,
              -6.8734574
            ]
          ]
        ]
      },
      "id": "way/1499013603"
    },
    {
      "type": "Feature",
      "properties": {
        "@id": "way/1513067561",
        "leisure": "park",
        "name": "Taman Pandawa"
      },
      "geometry": {
        "type": "Polygon",
        "coordinates": [
          [
            [
              107.6577599,
              -6.921689
            ],
            [
              107.6577321,
              -6.9217387
            ],
            [
              107.6573633,
              -6.9219135
            ],
            [
              107.6575153,
              -6.9222465
            ],
            [
              107.6575672,
              -6.9223256
            ],
            [
              107.6578767,
              -6.9225464
            ],
            [
              107.6578897,
              -6.922436
            ],
            [
              107.6579008,
              -6.9220735
            ],
            [
              107.6579341,
              -6.9216964
            ],
            [
              107.6577599,
              -6.921689
            ]
          ]
        ]
      },
      "id": "way/1513067561"
    },
    {
      "type": "Feature",
      "properties": {
        "@id": "way/1515550325",
        "leisure": "park"
      },
      "geometry": {
        "type": "Polygon",
        "coordinates": [
          [
            [
              107.6550385,
              -6.9287229
            ],
            [
              107.6551585,
              -6.9284814
            ],
            [
              107.6550457,
              -6.9284368
            ],
            [
              107.654935,
              -6.9286717
            ],
            [
              107.6550385,
              -6.9287229
            ]
          ]
        ]
      },
      "id": "way/1515550325"
    },
    {
      "type": "Feature",
      "properties": {
        "@id": "way/1515550328",
        "leisure": "park"
      },
      "geometry": {
        "type": "Polygon",
        "coordinates": [
          [
            [
              107.6547309,
              -6.9291527
            ],
            [
              107.6548107,
              -6.929197
            ],
            [
              107.6549566,
              -6.9288922
            ],
            [
              107.6548589,
              -6.9288439
            ],
            [
              107.6548362,
              -6.9288894
            ],
            [
              107.6548372,
              -6.9289357
            ],
            [
              107.6547309,
              -6.9291527
            ]
          ]
        ]
      },
      "id": "way/1515550328"
    },
    {
      "type": "Feature",
      "properties": {
        "@id": "way/1515964637",
        "leisure": "park",
        "name": "Alun Alun Griya Caraka"
      },
      "geometry": {
        "type": "Polygon",
        "coordinates": [
          [
            [
              107.6733602,
              -6.9317627
            ],
            [
              107.6733273,
              -6.9320083
            ],
            [
              107.6733213,
              -6.932053
            ],
            [
              107.6732938,
              -6.9322194
            ],
            [
              107.6732288,
              -6.932473
            ],
            [
              107.6734906,
              -6.9325447
            ],
            [
              107.6736251,
              -6.9325815
            ],
            [
              107.6737102,
              -6.9323012
            ],
            [
              107.6737305,
              -6.9320815
            ],
            [
              107.6737491,
              -6.9318799
            ],
            [
              107.6733602,
              -6.9317627
            ]
          ]
        ]
      },
      "id": "way/1515964637"
    },
    {
      "type": "Feature",
      "properties": {
        "@id": "way/1516047841",
        "leisure": "park"
      },
      "geometry": {
        "type": "Polygon",
        "coordinates": [
          [
            [
              107.6748649,
              -6.9337663
            ],
            [
              107.6748063,
              -6.9339607
            ],
            [
              107.6751336,
              -6.9340579
            ],
            [
              107.6751921,
              -6.9338635
            ],
            [
              107.6748649,
              -6.9337663
            ]
          ]
        ]
      },
      "id": "way/1516047841"
    },
    {
      "type": "Feature",
      "properties": {
        "@id": "way/1539633325",
        "leisure": "park",
        "name": "Masjid Agung Cimahi",
        "opening_hours": "Mo-Fr 08:00-17:00"
      },
      "geometry": {
        "type": "Polygon",
        "coordinates": [
          [
            [
              107.5415111,
              -6.8723374
            ],
            [
              107.541481,
              -6.8723963
            ],
            [
              107.5414109,
              -6.8725331
            ],
            [
              107.541272,
              -6.8729951
            ],
            [
              107.5423285,
              -6.8736302
            ],
            [
              107.5427195,
              -6.8730111
            ],
            [
              107.5416778,
              -6.8724304
            ],
            [
              107.5415111,
              -6.8723374
            ]
          ]
        ]
      },
      "id": "way/1539633325"
    },
    {
      "type": "Feature",
      "properties": {
        "@id": "way/1540056240",
        "leisure": "park",
        "name": "Alam Wisata Cimahi"
      },
      "geometry": {
        "type": "Polygon",
        "coordinates": [
          [
            [
              107.551313,
              -6.8401372
            ],
            [
              107.5508448,
              -6.8399962
            ],
            [
              107.5506256,
              -6.839971
            ],
            [
              107.550524,
              -6.8399899
            ],
            [
              107.5504332,
              -6.8400478
            ],
            [
              107.550363,
              -6.8401568
            ],
            [
              107.5503172,
              -6.8403041
            ],
            [
              107.5503381,
              -6.840408
            ],
            [
              107.5503886,
              -6.8405216
            ],
            [
              107.5505255,
              -6.8407268
            ],
            [
              107.5511393,
              -6.8408846
            ],
            [
              107.551313,
              -6.8401372
            ]
          ]
        ]
      },
      "id": "way/1540056240"
    },
    {
      "type": "Feature",
      "properties": {
        "@id": "node/6009237968",
        "leisure": "park",
        "name": "Lapang Karet"
      },
      "geometry": {
        "type": "Point",
        "coordinates": [
          107.603128,
          -6.8892711
        ]
      },
      "id": "node/6009237968"
    },
    {
      "type": "Feature",
      "properties": {
        "@id": "node/6845782255",
        "leisure": "park"
      },
      "geometry": {
        "type": "Point",
        "coordinates": [
          107.6358355,
          -6.8774116
        ]
      },
      "id": "node/6845782255"
    },
    {
      "type": "Feature",
      "properties": {
        "@id": "node/6845787741",
        "leisure": "park"
      },
      "geometry": {
        "type": "Point",
        "coordinates": [
          107.6525695,
          -6.8926959
        ]
      },
      "id": "node/6845787741"
    },
    {
      "type": "Feature",
      "properties": {
        "@id": "node/6864849884",
        "leisure": "park"
      },
      "geometry": {
        "type": "Point",
        "coordinates": [
          107.6734255,
          -6.8776789
        ]
      },
      "id": "node/6864849884"
    },
    {
      "type": "Feature",
      "properties": {
        "@id": "node/7466927526",
        "leisure": "park",
        "name": "Lapangan Volly Sadang Serang"
      },
      "geometry": {
        "type": "Point",
        "coordinates": [
          107.6250383,
          -6.8922483
        ]
      },
      "id": "node/7466927526"
    },
    {
      "type": "Feature",
      "properties": {
        "@id": "node/7466927551",
        "leisure": "park",
        "name": "Lapangan Bulutangkis"
      },
      "geometry": {
        "type": "Point",
        "coordinates": [
          107.6246856,
          -6.8927674
        ]
      },
      "id": "node/7466927551"
    },
    {
      "type": "Feature",
      "properties": {
        "@id": "node/8434131078",
        "leisure": "park",
        "name": "Taman Permata Permai"
      },
      "geometry": {
        "type": "Point",
        "coordinates": [
          107.6780591,
          -6.9220421
        ]
      },
      "id": "node/8434131078"
    },
    {
      "type": "Feature",
      "properties": {
        "@id": "node/9269437521",
        "leisure": "park",
        "name": "Bandung Lautan Api"
      },
      "geometry": {
        "type": "Point",
        "coordinates": [
          107.6027267,
          -6.9358185
        ]
      },
      "id": "node/9269437521"
    },
    {
      "type": "Feature",
      "properties": {
        "@id": "node/9502711931",
        "addr:city": "Bandung",
        "addr:street": "Jalan Alam Raya GBI",
        "leisure": "park",
        "name": "Puri Amanda"
      },
      "geometry": {
        "type": "Point",
        "coordinates": [
          107.6678718,
          -6.9680586
        ]
      },
      "id": "node/9502711931"
    },
    {
      "type": "Feature",
      "properties": {
        "@id": "node/9676888751",
        "leisure": "park"
      },
      "geometry": {
        "type": "Point",
        "coordinates": [
          107.6155957,
          -6.8705228
        ]
      },
      "id": "node/9676888751"
    },
    {
      "type": "Feature",
      "properties": {
        "@id": "node/9750920292",
        "addr:street": "Jalan Cukangkawung No.90, Cibeunying, Cimenyan, Cibeunying, Kec. Cimenyan, Kabupaten Bandung, Jawa Barat 40191",
        "leisure": "park",
        "name": "Kantor Kelurahan Cibeunying Kab.Bandung",
        "operator": "Kelurahan Cibeunying"
      },
      "geometry": {
        "type": "Point",
        "coordinates": [
          107.633736,
          -6.8868675
        ]
      },
      "id": "node/9750920292"
    },
    {
      "type": "Feature",
      "properties": {
        "@id": "node/9819127528",
        "leisure": "park",
        "name": "Taman Pendidikan Bunda Floria"
      },
      "geometry": {
        "type": "Point",
        "coordinates": [
          107.5725486,
          -6.8625479
        ]
      },
      "id": "node/9819127528"
    },
    {
      "type": "Feature",
      "properties": {
        "@id": "node/9938653539",
        "leisure": "park",
        "name": "Taman Asia Africa"
      },
      "geometry": {
        "type": "Point",
        "coordinates": [
          107.6423465,
          -6.9165381
        ]
      },
      "id": "node/9938653539"
    },
    {
      "type": "Feature",
      "properties": {
        "@id": "node/9942070649",
        "leisure": "park",
        "name": "Taman Metrologi"
      },
      "geometry": {
        "type": "Point",
        "coordinates": [
          107.5966206,
          -6.8857564
        ]
      },
      "id": "node/9942070649"
    },
    {
      "type": "Feature",
      "properties": {
        "@id": "node/9942077640",
        "leisure": "park",
        "name": "Taman Gaya"
      },
      "geometry": {
        "type": "Point",
        "coordinates": [
          107.5989885,
          -6.8810174
        ]
      },
      "id": "node/9942077640"
    },
    {
      "type": "Feature",
      "properties": {
        "@id": "node/10996585701",
        "addr:city": "Kota Bandung",
        "addr:housenumber": "Lantai 3",
        "addr:postcode": "40115",
        "addr:street": "Bandung Indah Plaza - Lantai 3, Jl. Merdeka No.56, Citarum, Kec. Bandung Wetan",
        "leisure": "park",
        "name": "Seasons Playground",
        "operator": "Seasons Playground",
        "operator:type": "public"
      },
      "geometry": {
        "type": "Point",
        "coordinates": [
          107.6110814,
          -6.9083679
        ]
      },
      "id": "node/10996585701"
    },
    {
      "type": "Feature",
      "properties": {
        "@id": "node/12073059377",
        "leisure": "park",
        "name": "Sister City Park"
      },
      "geometry": {
        "type": "Point",
        "coordinates": [
          107.6130041,
          -6.9071181
        ]
      },
      "id": "node/12073059377"
    },
    {
      "type": "Feature",
      "properties": {
        "@id": "node/12488357574",
        "leisure": "park",
        "name": "Kontrakan bp dodo"
      },
      "geometry": {
        "type": "Point",
        "coordinates": [
          107.6536103,
          -6.9452117
        ]
      },
      "id": "node/12488357574"
    },
    {
      "type": "Feature",
      "properties": {
        "@id": "node/12624763934",
        "access": "yes",
        "addr:city": "Bandung",
        "addr:district": "Cicadas",
        "addr:province": "Jawa Barat",
        "addr:street": "Jalan Pramukha XIII",
        "leisure": "park",
        "name": "Taman SD dan SMA 14"
      },
      "geometry": {
        "type": "Point",
        "coordinates": [
          107.6359433,
          -6.9038284
        ]
      },
      "id": "node/12624763934"
    },
    {
      "type": "Feature",
      "properties": {
        "@id": "node/13306436431",
        "leisure": "park",
        "name": "Taman Ulin"
      },
      "geometry": {
        "type": "Point",
        "coordinates": [
          107.6066358,
          -6.8991492
        ]
      },
      "id": "node/13306436431"
    },
    {
      "type": "Feature",
      "properties": {
        "@id": "node/13306436432",
        "leisure": "park",
        "name": "Caskade Park"
      },
      "geometry": {
        "type": "Point",
        "coordinates": [
          107.6068156,
          -6.8990507
        ]
      },
      "id": "node/13306436432"
    },
    {
      "type": "Feature",
      "properties": {
        "@id": "node/13621753513",
        "addr:housename": "Itenas",
        "leisure": "park",
        "name": "Taman Plano",
        "opening_hours": "Mo-Su 07:00-22:00"
      },
      "geometry": {
        "type": "Point",
        "coordinates": [
          107.6376254,
          -6.8969243
        ]
      },
      "id": "node/13621753513"
    }
  ]
}