{
  "type": "FeatureCollection",
  "generator": "overpass-turbo",
  "copyright": "The data included in this document is from www.openstreetmap.org. The data is made available under ODbL.",
  "timestamp": "2026-08-16T00:04:59Z",
  "features": [
    {
      "type": "Feature",
      "properties": {
        "@id": "way/109034618",
        "amenity": "parking"
      },
      "geometry": {
        "type": "Polygon",
        "coordinates": [
          [
            [107.630198, -6.9752561],
            [107.6303237, -6.975257],
            [107.6303544, -6.9752544],
            [107.6305594, -6.9752516],
            [107.6305601, -6.974948],
            [107.6305588, -6.974828],
            [107.6305602, -6.9744962],
            [107.6305386, -6.974424],
            [107.630188, -6.9744302],
            [107.630198, -6.9752561]
          ]
        ]
      },
      "id": "way/109034618"
    },
    {
      "type": "Feature",
      "properties": {
        "@id": "way/109034620",
        "amenity": "parking"
      },
      "geometry": {
        "type": "Polygon",
        "coordinates": [
          [
            [107.6301616, -6.9754706],
            [107.6301558, -6.9761343],
            [107.6305072, -6.9761489],
            [107.6304838, -6.9754678],
            [107.6303771, -6.9754074],
            [107.6302899, -6.9754061],
            [107.6301616, -6.9754706]
          ]
        ]
      },
      "id": "way/109034620"
    },
    {
      "type": "Feature",
      "properties": {
        "@id": "way/153882657",
        "access": "yes",
        "amenity": "parking",
        "fee": "yes",
        "name": "Cihampelas Walk Parking Garage",
        "parking": "multi-storey"
      },
      "geometry": {
        "type": "Polygon",
        "coordinates": [
          [
            [107.6057659, -6.8930681],
            [107.6058062, -6.8938606],
            [107.6058481, -6.89386],
            [107.6058904, -6.8938587],
            [107.6059774, -6.8938581],
            [107.6059648, -6.8937531],
            [107.605985, -6.8937031],
            [107.6060404, -6.8937031],
            [107.6060379, -6.8936606],
            [107.6061714, -6.8936606],
            [107.6062167, -6.8935981],
            [107.6062091, -6.8934756],
            [107.6058918, -6.8930181],
            [107.6058213, -6.8929555],
            [107.6057873, -6.8929756],
            [107.6057936, -6.8930656],
            [107.6057659, -6.8930681]
          ]
        ]
      },
      "id": "way/153882657"
    },
    {
      "type": "Feature",
      "properties": {
        "@id": "way/167064109",
        "access": "customers",
        "amenity": "parking",
        "parking": "surface"
      },
      "geometry": {
        "type": "Polygon",
        "coordinates": [
          [
            [107.654696, -6.8978074],
            [107.655072, -6.8978934],
            [107.6550989, -6.8977762],
            [107.6547215, -6.8976939],
            [107.654696, -6.8978074]
          ]
        ]
      },
      "id": "way/167064109"
    },
    {
      "type": "Feature",
      "properties": {
        "@id": "way/179267834",
        "amenity": "parking",
        "capacity": "30",
        "name": "Tempat Parkir Roda 4",
        "operator": "SMAN 2 Bandung",
        "parking": "surface",
        "source": "Local knowledge"
      },
      "geometry": {
        "type": "Polygon",
        "coordinates": [
          [
            [107.6038902, -6.8898088],
            [107.6041021, -6.8898168],
            [107.6040082, -6.8888395],
            [107.6038339, -6.8888422],
            [107.6038902, -6.8898088]
          ]
        ]
      },
      "id": "way/179267834"
    },
    {
      "type": "Feature",
      "properties": {
        "@id": "way/190698449",
        "access": "customers",
        "amenity": "parking",
        "capacity": "40",
        "fee": "yes",
        "lit": "yes",
        "name": "Stasiun Kiaracondong",
        "opening_hours": "24/7",
        "operator": "Reska Multi Usaha",
        "park_ride": "yes",
        "parking": "surface",
        "smoothness": "good",
        "supervised": "yes",
        "surface": "concrete"
      },
      "geometry": {
        "type": "Polygon",
        "coordinates": [
          [
            [107.6446111, -6.9237884],
            [107.6445932, -6.9241546],
            [107.6449301, -6.9242047],
            [107.645262, -6.9242711],
            [107.6455917, -6.9243568],
            [107.6457546, -6.924407],
            [107.6458197, -6.9242252],
            [107.6455115, -6.924113],
            [107.6455321, -6.924044],
            [107.6450716, -6.9239036],
            [107.6446111, -6.9237884]
          ]
        ]
      },
      "id": "way/190698449"
    },
    {
      "type": "Feature",
      "properties": {
        "@id": "way/257227466",
        "access": "private",
        "amenity": "parking",
        "fee": "yes",
        "name": "Daop 2 Bandung",
        "parking": "surface"
      },
      "geometry": {
        "type": "Polygon",
        "coordinates": [
          [
            [107.6022954, -6.9150083],
            [107.6022849, -6.9152579],
            [107.6026217, -6.915275],
            [107.6026336, -6.9149627],
            [107.6025247, -6.9150177],
            [107.6022954, -6.9150083]
          ]
        ]
      },
      "id": "way/257227466"
    },
    {
      "type": "Feature",
      "properties": {
        "@id": "way/257227472",
        "access": "customers",
        "amenity": "parking",
        "fee": "yes",
        "name": "Stasiun Bandung",
        "park_ride": "yes",
        "parking": "surface",
        "ref": "Utara"
      },
      "geometry": {
        "type": "Polygon",
        "coordinates": [
          [
            [107.6025043, -6.9127474],
            [107.6022895, -6.9128509],
            [107.6022792, -6.9135728],
            [107.602845, -6.9135807],
            [107.6028546, -6.9129066],
            [107.6027145, -6.9127374],
            [107.6025043, -6.9127474]
          ]
        ]
      },
      "id": "way/257227472"
    },
    {
      "type": "Feature",
      "properties": {
        "@id": "way/257229920",
        "access": "customers",
        "amenity": "parking",
        "fee": "yes",
        "name": "Paskal 23",
        "parking": "surface",
        "ref": "Langit Lobby"
      },
      "geometry": {
        "type": "Polygon",
        "coordinates": [
          [
            [107.5930408, -6.9151478],
            [107.5929885, -6.9159333],
            [107.5931851, -6.9159462],
            [107.5932374, -6.9151607],
            [107.5930408, -6.9151478]
          ]
        ]
      },
      "id": "way/257229920"
    },
    {
      "type": "Feature",
      "properties": {
        "@id": "way/297869545",
        "amenity": "parking",
        "fee": "yes",
        "name": "Parkir SR",
        "parking": "surface",
        "supervised": "yes"
      },
      "geometry": {
        "type": "Polygon",
        "coordinates": [
          [
            [107.6116183, -6.8926834],
            [107.6116103, -6.8932533],
            [107.6118919, -6.8933545],
            [107.611908, -6.8926302],
            [107.6116183, -6.8926834]
          ]
        ]
      },
      "id": "way/297869545"
    },
    {
      "type": "Feature",
      "properties": {
        "@id": "way/297869546",
        "amenity": "parking",
        "name": "Parkir Sabuga",
        "parking": "surface"
      },
      "geometry": {
        "type": "Polygon",
        "coordinates": [
          [
            [107.6096223, -6.8874399],
            [107.6091984, -6.8874404],
            [107.6092011, -6.8876797],
            [107.6098742, -6.8876764],
            [107.609874, -6.8875373],
            [107.6096223, -6.8874399]
          ]
        ]
      },
      "id": "way/297869546"
    },
    {
      "type": "Feature",
      "properties": {
        "@id": "way/320613741",
        "amenity": "parking",
        "capacity": "20",
        "name": "Parkir Sucore",
        "park_ride": "yes"
      },
      "geometry": {
        "type": "Polygon",
        "coordinates": [
          [
            [107.6525745, -6.9017857],
            [107.6525879, -6.9015993],
            [107.6523438, -6.9015461],
            [107.6523358, -6.9017751],
            [107.6525745, -6.9017857]
          ]
        ]
      },
      "id": "way/320613741"
    },
    {
      "type": "Feature",
      "properties": {
        "@id": "way/320614613",
        "amenity": "parking"
      },
      "geometry": {
        "type": "Polygon",
        "coordinates": [
          [
            [107.6545087, -6.8980317],
            [107.6544449, -6.8980137],
            [107.6542739, -6.898612],
            [107.6543377, -6.89863],
            [107.6545087, -6.8980317]
          ]
        ]
      },
      "id": "way/320614613"
    },
    {
      "type": "Feature",
      "properties": {
        "@id": "way/321014994",
        "access": "permissive",
        "amenity": "parking",
        "parking": "surface"
      },
      "geometry": {
        "type": "Polygon",
        "coordinates": [
          [
            [107.5521351, -6.8848502],
            [107.5522954, -6.8850135],
            [107.5525312, -6.8852198],
            [107.5526504, -6.885133],
            [107.5522033, -6.884794],
            [107.5521351, -6.8848502]
          ]
        ]
      },
      "id": "way/321014994"
    },
    {
      "type": "Feature",
      "properties": {
        "@id": "way/346500479",
        "amenity": "parking"
      },
      "geometry": {
        "type": "Polygon",
        "coordinates": [
          [
            [107.6069516, -6.8868436],
            [107.6071318, -6.8870132],
            [107.6073151, -6.8868467],
            [107.6075264, -6.8870564],
            [107.6077164, -6.8868812],
            [107.6073182, -6.8864796],
            [107.6069516, -6.8868436]
          ]
        ]
      },
      "id": "way/346500479"
    },
    {
      "type": "Feature",
      "properties": {
        "@id": "way/383052732",
        "access": "private",
        "amenity": "parking",
        "fee": "no",
        "name": "Parkir Staf",
        "park_ride": "no",
        "parking": "surface",
        "supervised": "no"
      },
      "geometry": {
        "type": "Polygon",
        "coordinates": [
          [
            [107.6642146, -6.9408835],
            [107.6642039, -6.9409443],
            [107.6644401, -6.940985],
            [107.6644306, -6.9410395],
            [107.664608, -6.94107],
            [107.6646242, -6.9409772],
            [107.6645187, -6.9409591],
            [107.6645464, -6.9408008],
            [107.6643394, -6.9407651],
            [107.6643356, -6.9407874],
            [107.6643157, -6.9409009],
            [107.6642146, -6.9408835]
          ]
        ]
      },
      "id": "way/383052732"
    },
    {
      "type": "Feature",
      "properties": {
        "@id": "way/383052735",
        "access": "customers",
        "amenity": "parking",
        "fee": "no",
        "name": "Parkir Pasien",
        "park_ride": "no",
        "supervised": "yes",
        "surface": "asphalt"
      },
      "geometry": {
        "type": "Polygon",
        "coordinates": [
          [
            [107.6638244, -6.9406792],
            [107.663776, -6.9409293],
            [107.6638783, -6.9409488],
            [107.6639267, -6.9406986],
            [107.6638244, -6.9406792]
          ]
        ]
      },
      "id": "way/383052735"
    },
    {
      "type": "Feature",
      "properties": {
        "@id": "way/383052746",
        "access": "customers",
        "amenity": "parking",
        "fee": "yes",
        "park_ride": "no",
        "parking": "surface",
        "supervised": "yes",
        "surface": "paving_stones"
      },
      "geometry": {
        "type": "Polygon",
        "coordinates": [
          [
            [107.6647258, -6.9391772],
            [107.6647248, -6.9393457],
            [107.6649862, -6.9393482],
            [107.6649887, -6.939164],
            [107.6647258, -6.9391772]
          ]
        ]
      },
      "id": "way/383052746"
    },
    {
      "type": "Feature",
      "properties": {
        "@id": "way/383052753",
        "access": "customers",
        "amenity": "parking",
        "fee": "yes",
        "park_ride": "no",
        "parking": "surface",
        "supervised": "no",
        "surface": "asphalt"
      },
      "geometry": {
        "type": "Polygon",
        "coordinates": [
          [
            [107.6694182, -6.9402313],
            [107.6694249, -6.9406589],
            [107.6694249, -6.9407773],
            [107.6695247, -6.9407862],
            [107.6695314, -6.9401897],
            [107.6694182, -6.940194],
            [107.6694182, -6.9402313]
          ]
        ]
      },
      "id": "way/383052753"
    },
    {
      "type": "Feature",
      "properties": {
        "@id": "way/383052761",
        "access": "customers",
        "amenity": "parking",
        "fee": "yes",
        "park_ride": "no",
        "parking": "surface",
        "supervised": "no"
      },
      "geometry": {
        "type": "Polygon",
        "coordinates": [
          [
            [107.6690759, -6.9392976],
            [107.6690676, -6.9394915],
            [107.6693289, -6.9395025],
            [107.6693372, -6.9393086],
            [107.6690759, -6.9392976]
          ]
        ]
      },
      "id": "way/383052761"
    },
    {
      "type": "Feature",
      "properties": {
        "@id": "way/383655704",
        "amenity": "parking",
        "fee": "yes",
        "name": "Ruko Metro Timur",
        "park_ride": "no",
        "parking": "surface",
        "supervised": "yes"
      },
      "geometry": {
        "type": "Polygon",
        "coordinates": [
          [
            [107.6671238, -6.9390413],
            [107.667161, -6.9394556],
            [107.6672447, -6.9394482],
            [107.6672258, -6.939238],
            [107.6677713, -6.9391896],
            [107.667753, -6.9389856],
            [107.6671238, -6.9390413]
          ]
        ]
      },
      "id": "way/383655704"
    },
    {
      "type": "Feature",
      "properties": {
        "@id": "way/384124020",
        "access": "customers",
        "amenity": "parking",
        "fee": "yes",
        "park_ride": "no",
        "parking": "surface",
        "supervised": "yes",
        "surface": "paving_stones"
      },
      "geometry": {
        "type": "Polygon",
        "coordinates": [
          [
            [107.5721316, -6.8911517],
            [107.5721414, -6.891205],
            [107.5720893, -6.8912164],
            [107.5721072, -6.8913586],
            [107.5715356, -6.8914443],
            [107.5715796, -6.8919796],
            [107.5721557, -6.8918462],
            [107.5721381, -6.8916932],
            [107.5723091, -6.8916706],
            [107.5722941, -6.8916094],
            [107.5722261, -6.8911339],
            [107.5721707, -6.8911452],
            [107.5721316, -6.8911517]
          ]
        ]
      },
      "id": "way/384124020"
    },
    {
      "type": "Feature",
      "properties": {
        "@id": "way/386347978",
        "amenity": "parking"
      },
      "geometry": {
        "type": "Polygon",
        "coordinates": [
          [
            [107.6290458, -6.9718644],
            [107.6304897, -6.9718902],
            [107.6304986, -6.9713979],
            [107.6290547, -6.9713721],
            [107.6290458, -6.9718644]
          ]
        ]
      },
      "id": "way/386347978"
    },
    {
      "type": "Feature",
      "properties": {
        "@id": "way/387634247",
        "amenity": "parking"
      },
      "geometry": {
        "type": "Polygon",
        "coordinates": [
          [
            [107.6285318, -6.9639791],
            [107.6284996, -6.96428],
            [107.6288429, -6.9642959],
            [107.6288483, -6.9640457],
            [107.6285318, -6.9639791]
          ]
        ]
      },
      "id": "way/387634247"
    },
    {
      "type": "Feature",
      "properties": {
        "@id": "way/412074616",
        "access": "customers",
        "amenity": "parking",
        "fee": "yes",
        "name": "Horison",
        "parking": "surface"
      },
      "geometry": {
        "type": "Polygon",
        "coordinates": [
          [
            [107.6247444, -6.9358613],
            [107.6248057, -6.9357409],
            [107.6250133, -6.9353684],
            [107.6249517, -6.9353255],
            [107.6249886, -6.9352628],
            [107.6250533, -6.9352934],
            [107.6250857, -6.9352384],
            [107.6251612, -6.9352154],
            [107.6251435, -6.9351569],
            [107.6252659, -6.9351237],
            [107.6252859, -6.9351803],
            [107.6254092, -6.9351436],
            [107.625477, -6.9351772],
            [107.6255398, -6.9351554],
            [107.6256239, -6.9350142],
            [107.6252146, -6.934798],
            [107.6243554, -6.9357547],
            [107.6247444, -6.9358613]
          ]
        ]
      },
      "id": "way/412074616"
    },
    {
      "type": "Feature",
      "properties": {
        "@id": "way/416065822",
        "amenity": "parking"
      },
      "geometry": {
        "type": "Polygon",
        "coordinates": [
          [
            [107.6006824, -6.882184],
            [107.6006095, -6.8826074],
            [107.6008053, -6.8826406],
            [107.6008782, -6.8822172],
            [107.6006824, -6.882184]
          ]
        ]
      },
      "id": "way/416065822"
    },
    {
      "type": "Feature",
      "properties": {
        "@id": "way/416065823",
        "amenity": "parking"
      },
      "geometry": {
        "type": "Polygon",
        "coordinates": [
          [
            [107.6008557, -6.8825206],
            [107.6008357, -6.8826714],
            [107.601164, -6.8827143],
            [107.6011742, -6.8826378],
            [107.6010457, -6.882621],
            [107.6010555, -6.8825467],
            [107.6008557, -6.8825206]
          ]
        ]
      },
      "id": "way/416065823"
    },
    {
      "type": "Feature",
      "properties": {
        "@id": "way/416065824",
        "amenity": "parking"
      },
      "geometry": {
        "type": "Polygon",
        "coordinates": [
          [
            [107.6012613, -6.8825426],
            [107.6012308, -6.8827157],
            [107.6013371, -6.8827342],
            [107.6013747, -6.8825207],
            [107.6012613, -6.8825426]
          ]
        ]
      },
      "id": "way/416065824"
    },
    {
      "type": "Feature",
      "properties": {
        "@id": "way/416065825",
        "amenity": "parking"
      },
      "geometry": {
        "type": "Polygon",
        "coordinates": [
          [
            [107.6020293, -6.8820241],
            [107.6016438, -6.8822081],
            [107.6017067, -6.8823381],
            [107.6016255, -6.8823769],
            [107.6016931, -6.8825167],
            [107.6018351, -6.882449],
            [107.6019454, -6.8824896],
            [107.6021966, -6.8823697],
            [107.6020293, -6.8820241]
          ]
        ]
      },
      "id": "way/416065825"
    },
    {
      "type": "Feature",
      "properties": {
        "@id": "way/421572128",
        "amenity": "parking",
        "parking": "multi-storey"
      },
      "geometry": {
        "type": "Polygon",
        "coordinates": [
          [
            [107.6104654, -6.9203126],
            [107.6104356, -6.9203087],
            [107.6104038, -6.9205458],
            [107.6107683, -6.9205985],
            [107.6108019, -6.9203596],
            [107.6107658, -6.9203539],
            [107.6104654, -6.9203126]
          ]
        ]
      },
      "id": "way/421572128"
    },
    {
      "type": "Feature",
      "properties": {
        "@id": "way/421576672",
        "access": "customers",
        "amenity": "parking",
        "parking": "surface"
      },
      "geometry": {
        "type": "Polygon",
        "coordinates": [
          [
            [107.6063365, -6.9141662],
            [107.6066907, -6.9142556],
            [107.6068703, -6.9142995],
            [107.6068719, -6.9141957],
            [107.6065885, -6.9140631],
            [107.6063869, -6.9140747],
            [107.6063365, -6.9141662]
          ]
        ]
      },
      "id": "way/421576672"
    },
    {
      "type": "Feature",
      "properties": {
        "@id": "way/421576673",
        "amenity": "parking",
        "parking": "surface"
      },
      "geometry": {
        "type": "Polygon",
        "coordinates": [
          [
            [107.6061264, -6.9133441],
            [107.6062038, -6.9132996],
            [107.606192, -6.9132801],
            [107.6060715, -6.9132323],
            [107.6059603, -6.9132368],
            [107.605953, -6.9133305],
            [107.6059495, -6.9133796],
            [107.6059977, -6.9133867],
            [107.6059662, -6.9135973],
            [107.6059526, -6.9136667],
            [107.6060507, -6.9137154],
            [107.6060945, -6.9136281],
            [107.6061114, -6.913591],
            [107.6061568, -6.9134981],
            [107.6061887, -6.913451],
            [107.6061264, -6.9133441]
          ]
        ]
      },
      "id": "way/421576673"
    },
    {
      "type": "Feature",
      "properties": {
        "@id": "way/421576694",
        "access": "private",
        "amenity": "parking",
        "parking": "multi-storey"
      },
      "geometry": {
        "type": "Polygon",
        "coordinates": [
          [
            [107.6180828, -6.9226738],
            [107.6180528, -6.9230158],
            [107.6177273, -6.9229877],
            [107.6177203, -6.9230638],
            [107.6180075, -6.9230869],
            [107.6180028, -6.9231634],
            [107.6183017, -6.9231843],
            [107.6183437, -6.9226975],
            [107.6180828, -6.9226738]
          ]
        ]
      },
      "id": "way/421576694"
    },
    {
      "type": "Feature",
      "properties": {
        "@id": "way/421576696",
        "access": "customers",
        "amenity": "parking",
        "building": "yes",
        "fee": "yes",
        "parking": "multi-storey"
      },
      "geometry": {
        "type": "Polygon",
        "coordinates": [
          [
            [107.6042565, -6.9238934],
            [107.6045289, -6.9239295],
            [107.6046115, -6.923296],
            [107.6045588, -6.9232922],
            [107.6043719, -6.9232692],
            [107.6042993, -6.9232572],
            [107.6042851, -6.9234678],
            [107.6042784, -6.9235679],
            [107.6042685, -6.9237143],
            [107.6042565, -6.9238934]
          ]
        ]
      },
      "id": "way/421576696"
    },
    {
      "type": "Feature",
      "properties": {
        "@id": "way/421588568",
        "amenity": "parking",
        "parking": "surface"
      },
      "geometry": {
        "type": "Polygon",
        "coordinates": [
          [
            [107.6294657, -6.9161339],
            [107.6289051, -6.9164268],
            [107.6290635, -6.9167101],
            [107.6296185, -6.9164181],
            [107.6294657, -6.9161339]
          ]
        ]
      },
      "id": "way/421588568"
    },
    {
      "type": "Feature",
      "properties": {
        "@id": "way/455732691",
        "access": "customers",
        "amenity": "parking",
        "fee": "yes",
        "name": "Bebek Kaleyo",
        "parking": "surface"
      },
      "geometry": {
        "type": "Polygon",
        "coordinates": [
          [
            [107.5971807, -6.9009069],
            [107.5973078, -6.9009175],
            [107.5972947, -6.9007103],
            [107.5972625, -6.9005879],
            [107.5971927, -6.9005266],
            [107.597104, -6.9004781],
            [107.5969994, -6.9004462],
            [107.5968843, -6.9004494],
            [107.5968816, -6.9005932],
            [107.5969618, -6.900598],
            [107.5969701, -6.9006384],
            [107.5971844, -6.9006699],
            [107.5971807, -6.9009069]
          ]
        ]
      },
      "id": "way/455732691"
    },
    {
      "type": "Feature",
      "properties": {
        "@id": "way/462557202",
        "amenity": "parking"
      },
      "geometry": {
        "type": "Polygon",
        "coordinates": [
          [
            [107.6305933, -6.8586569],
            [107.6306435, -6.8587787],
            [107.6308142, -6.8587485],
            [107.6309162, -6.8585009],
            [107.6310378, -6.8582035],
            [107.6308838, -6.858052],
            [107.630513, -6.8584629],
            [107.6305933, -6.8586569]
          ]
        ]
      },
      "id": "way/462557202"
    },
    {
      "type": "Feature",
      "properties": {
        "@id": "way/514119479",
        "amenity": "parking"
      },
      "geometry": {
        "type": "Polygon",
        "coordinates": [
          [
            [107.6094506, -6.9217886],
            [107.609394, -6.9221561],
            [107.6098087, -6.922219],
            [107.6098653, -6.9218515],
            [107.6094506, -6.9217886]
          ]
        ]
      },
      "id": "way/514119479"
    },
    {
      "type": "Feature",
      "properties": {
        "@id": "way/520773071",
        "amenity": "parking"
      },
      "geometry": {
        "type": "Polygon",
        "coordinates": [
          [
            [107.5839341, -6.9804871],
            [107.5839203, -6.9807917],
            [107.5844694, -6.9808163],
            [107.5844833, -6.9805116],
            [107.5839341, -6.9804871]
          ]
        ]
      },
      "id": "way/520773071"
    },
    {
      "type": "Feature",
      "properties": {
        "@id": "way/527192620",
        "amenity": "parking"
      },
      "geometry": {
        "type": "Polygon",
        "coordinates": [
          [
            [107.6690477, -6.9042874],
            [107.6690255, -6.9043707],
            [107.6691094, -6.9043918],
            [107.6691387, -6.9042894],
            [107.6690477, -6.9042874]
          ]
        ]
      },
      "id": "way/527192620"
    },
    {
      "type": "Feature",
      "properties": {
        "@id": "way/527193084",
        "amenity": "parking"
      },
      "geometry": {
        "type": "Polygon",
        "coordinates": [
          [
            [107.6670898, -6.9039977],
            [107.6670471, -6.9040846],
            [107.6674337, -6.9041105],
            [107.6674337, -6.9040195],
            [107.6670898, -6.9039977]
          ]
        ]
      },
      "id": "way/527193084"
    },
    {
      "type": "Feature",
      "properties": {
        "@id": "way/527194010",
        "amenity": "parking"
      },
      "geometry": {
        "type": "Polygon",
        "coordinates": [
          [
            [107.6531376, -6.9020013],
            [107.6531244, -6.9020506],
            [107.6532642, -6.9020762],
            [107.6532847, -6.9020114],
            [107.6531376, -6.9020013]
          ]
        ]
      },
      "id": "way/527194010"
    },
    {
      "type": "Feature",
      "properties": {
        "@id": "way/539355058",
        "amenity": "parking"
      },
      "geometry": {
        "type": "Polygon",
        "coordinates": [
          [
            [107.6101638, -6.8887655],
            [107.609916, -6.8887651],
            [107.6099159, -6.8888158],
            [107.6101637, -6.8888162],
            [107.6101638, -6.8887655]
          ]
        ]
      },
      "id": "way/539355058"
    },
    {
      "type": "Feature",
      "properties": {
        "@id": "way/541314195",
        "amenity": "parking"
      },
      "geometry": {
        "type": "Polygon",
        "coordinates": [
          [
            [107.6107195, -6.8896153],
            [107.6107179, -6.8897729],
            [107.6107168, -6.8898783],
            [107.6109966, -6.8898811],
            [107.6109992, -6.8896181],
            [107.6107195, -6.8896153]
          ]
        ]
      },
      "id": "way/541314195"
    },
    {
      "type": "Feature",
      "properties": {
        "@id": "way/541314203",
        "access": "private",
        "amenity": "parking",
        "parking": "surface"
      },
      "geometry": {
        "type": "Polygon",
        "coordinates": [
          [
            [107.6093996, -6.890778],
            [107.6093988, -6.8909233],
            [107.6101554, -6.8909275],
            [107.6101562, -6.8907822],
            [107.6093996, -6.890778]
          ]
        ]
      },
      "id": "way/541314203"
    },
    {
      "type": "Feature",
      "properties": {
        "@id": "way/547677686",
        "amenity": "parking"
      },
      "geometry": {
        "type": "Polygon",
        "coordinates": [
          [
            [107.6132672, -6.9124765],
            [107.6132826, -6.9125221],
            [107.6135502, -6.9124327],
            [107.6135347, -6.9123871],
            [107.6132672, -6.9124765]
          ]
        ]
      },
      "id": "way/547677686"
    },
    {
      "type": "Feature",
      "properties": {
        "@id": "way/547802086",
        "amenity": "parking"
      },
      "geometry": {
        "type": "Polygon",
        "coordinates": [
          [
            [107.6357131, -6.8971492],
            [107.6356498, -6.8973276],
            [107.6360329, -6.8974729],
            [107.6361023, -6.8972871],
            [107.6357131, -6.8971492]
          ]
        ]
      },
      "id": "way/547802086"
    },
    {
      "type": "Feature",
      "properties": {
        "@id": "way/547914284",
        "amenity": "parking"
      },
      "geometry": {
        "type": "Polygon",
        "coordinates": [
          [
            [107.6178704, -6.902596],
            [107.6182238, -6.9022191],
            [107.6181546, -6.9021784],
            [107.6180942, -6.9021746],
            [107.6177634, -6.9025194],
            [107.6177689, -6.9026454],
            [107.6178704, -6.902596]
          ]
        ]
      },
      "id": "way/547914284"
    },
    {
      "type": "Feature",
      "properties": {
        "@id": "way/547922934",
        "amenity": "parking"
      },
      "geometry": {
        "type": "Polygon",
        "coordinates": [
          [
            [107.6197403, -6.9001809],
            [107.6198243, -6.9001746],
            [107.6198218, -6.9001378],
            [107.6199122, -6.9001327],
            [107.6199163, -6.9003022],
            [107.619839, -6.9003047],
            [107.6198382, -6.9002489],
            [107.619795, -6.9002504],
            [107.6197989, -6.9003697],
            [107.6202279, -6.9003514],
            [107.6202141, -6.9000516],
            [107.619735, -6.9000723],
            [107.6197403, -6.9001809]
          ]
        ]
      },
      "id": "way/547922934"
    },
    {
      "type": "Feature",
      "properties": {
        "@id": "way/548325513",
        "amenity": "parking"
      },
      "geometry": {
        "type": "Polygon",
        "coordinates": [
          [
            [107.6105303, -6.8907933],
            [107.6105331, -6.890985],
            [107.6110748, -6.8909771],
            [107.6110719, -6.8907854],
            [107.6105303, -6.8907933]
          ]
        ]
      },
      "id": "way/548325513"
    },
    {
      "type": "Feature",
      "properties": {
        "@id": "way/548325517",
        "amenity": "parking"
      },
      "geometry": {
        "type": "Polygon",
        "coordinates": [
          [
            [107.6084102, -6.8920649],
            [107.6084263, -6.8924057],
            [107.6085282, -6.8924484],
            [107.6085872, -6.8925708],
            [107.6086998, -6.8925708],
            [107.6086998, -6.8920702],
            [107.6086354, -6.892069],
            [107.6084102, -6.8920649]
          ]
        ]
      },
      "id": "way/548325517"
    },
    {
      "type": "Feature",
      "properties": {
        "@id": "way/548325520",
        "amenity": "parking"
      },
      "geometry": {
        "type": "Polygon",
        "coordinates": [
          [
            [107.6111766, -6.8907838],
            [107.6111772, -6.8909488],
            [107.6113609, -6.8909482],
            [107.6113603, -6.8907831],
            [107.6111766, -6.8907838]
          ]
        ]
      },
      "id": "way/548325520"
    },
    {
      "type": "Feature",
      "properties": {
        "@id": "way/548325531",
        "access": "private",
        "amenity": "parking",
        "parking": "surface"
      },
      "geometry": {
        "type": "Polygon",
        "coordinates": [
          [
            [107.6109421, -6.8913385],
            [107.6109448, -6.8916322],
            [107.6110362, -6.8916692],
            [107.6110231, -6.8913371],
            [107.6109421, -6.8913385]
          ]
        ]
      },
      "id": "way/548325531"
    },
    {
      "type": "Feature",
      "properties": {
        "@id": "way/548325537",
        "access": "permissive",
        "amenity": "parking",
        "parking": "surface",
        "surface": "asphalt"
      },
      "geometry": {
        "type": "Polygon",
        "coordinates": [
          [
            [107.6097379, -6.892005],
            [107.6097271, -6.8921355],
            [107.6098934, -6.8921009],
            [107.6099015, -6.8920077],
            [107.6097379, -6.892005]
          ]
        ]
      },
      "id": "way/548325537"
    },
    {
      "type": "Feature",
      "properties": {
        "@id": "way/548325540",
        "amenity": "parking"
      },
      "geometry": {
        "type": "Polygon",
        "coordinates": [
          [
            [107.6116142, -6.8903154],
            [107.6116116, -6.890478],
            [107.6117805, -6.8904806],
            [107.6117831, -6.8903181],
            [107.6116142, -6.8903154]
          ]
        ]
      },
      "id": "way/548325540"
    },
    {
      "type": "Feature",
      "properties": {
        "@id": "way/548325543",
        "amenity": "parking"
      },
      "geometry": {
        "type": "Polygon",
        "coordinates": [
          [
            [107.6117254, -6.8884767],
            [107.6116985, -6.8888389],
            [107.6118917, -6.8888549],
            [107.6119292, -6.8884821],
            [107.6117254, -6.8884767]
          ]
        ]
      },
      "id": "way/548325543"
    },
    {
      "type": "Feature",
      "properties": {
        "@id": "way/548325550",
        "access": "permissive",
        "amenity": "parking",
        "parking": "surface",
        "surface": "asphalt"
      },
      "geometry": {
        "type": "Polygon",
        "coordinates": [
          [
            [107.6093141, -6.8884235],
            [107.6090914, -6.8884181],
            [107.6090914, -6.8887031],
            [107.6093141, -6.8886844],
            [107.6093141, -6.8884235]
          ]
        ]
      },
      "id": "way/548325550"
    },
    {
      "type": "Feature",
      "properties": {
        "@id": "way/548325553",
        "access": "permissive",
        "amenity": "parking",
        "parking": "surface",
        "surface": "asphalt"
      },
      "geometry": {
        "type": "Polygon",
        "coordinates": [
          [
            [107.6093939, -6.8886279],
            [107.6093947, -6.8887055],
            [107.6097842, -6.8887019],
            [107.6097834, -6.8886242],
            [107.6093939, -6.8886279]
          ]
        ]
      },
      "id": "way/548325553"
    },
    {
      "type": "Feature",
      "properties": {
        "@id": "way/548338779",
        "access": "private",
        "amenity": "parking",
        "parking": "surface",
        "supervised": "no",
        "surface": "paved"
      },
      "geometry": {
        "type": "Polygon",
        "coordinates": [
          [
            [107.6227941, -6.8830347],
            [107.6228792, -6.882876],
            [107.6226952, -6.8827916],
            [107.6225986, -6.882819],
            [107.6224985, -6.8828707],
            [107.6224663, -6.8829213],
            [107.6224743, -6.8829666],
            [107.6225575, -6.8830092],
            [107.6226004, -6.8829493],
            [107.6227801, -6.8830265],
            [107.6227941, -6.8830347]
          ]
        ]
      },
      "id": "way/548338779"
    },
    {
      "type": "Feature",
      "properties": {
        "@id": "way/548338839",
        "amenity": "parking"
      },
      "geometry": {
        "type": "Polygon",
        "coordinates": [
          [
            [107.6236706, -6.8842112],
            [107.623448, -6.8843337],
            [107.6234962, -6.8845653],
            [107.6235794, -6.8846319],
            [107.6237752, -6.8843257],
            [107.6236706, -6.8842112]
          ]
        ]
      },
      "id": "way/548338839"
    },
    {
      "type": "Feature",
      "properties": {
        "@id": "way/548341310",
        "amenity": "parking"
      },
      "geometry": {
        "type": "Polygon",
        "coordinates": [
          [
            [107.6090624, -6.9093026],
            [107.6090628, -6.9096539],
            [107.6092789, -6.9096537],
            [107.6092786, -6.9093024],
            [107.6090624, -6.9093026]
          ]
        ]
      },
      "id": "way/548341310"
    },
    {
      "type": "Feature",
      "properties": {
        "@id": "way/548341311",
        "access": "private",
        "amenity": "parking",
        "parking": "surface"
      },
      "geometry": {
        "type": "Polygon",
        "coordinates": [
          [
            [107.6104768, -6.9137521],
            [107.6104352, -6.9142674],
            [107.61045, -6.91431],
            [107.6104795, -6.9143512],
            [107.6105787, -6.9143938],
            [107.6106546, -6.9137697],
            [107.6104768, -6.9137521]
          ]
        ]
      },
      "id": "way/548341311"
    },
    {
      "type": "Feature",
      "properties": {
        "@id": "way/548474098",
        "access": "yes",
        "amenity": "parking",
        "fee": "yes",
        "parking": "surface",
        "surface": "asphalt"
      },
      "geometry": {
        "type": "Polygon",
        "coordinates": [
          [
            [107.6102197, -6.9080586],
            [107.6102215, -6.908297],
            [107.6105192, -6.9082948],
            [107.6105174, -6.9080565],
            [107.6102197, -6.9080586]
          ]
        ]
      },
      "id": "way/548474098"
    },
    {
      "type": "Feature",
      "properties": {
        "@id": "way/548474103",
        "amenity": "parking"
      },
      "geometry": {
        "type": "Polygon",
        "coordinates": [
          [
            [107.607928, -6.8848352],
            [107.6078413, -6.8851823],
            [107.6077702, -6.8855112],
            [107.6076495, -6.8857988],
            [107.60751, -6.8859985],
            [107.6072137, -6.8862931],
            [107.6074854, -6.8865777],
            [107.6076317, -6.8867269],
            [107.6077282, -6.8868429],
            [107.6078275, -6.8869437],
            [107.6078668, -6.8869824],
            [107.6079725, -6.8870769],
            [107.6080423, -6.8871299],
            [107.6081427, -6.8871772],
            [107.6082335, -6.887219],
            [107.6083156, -6.8872382],
            [107.6083859, -6.8872501],
            [107.6084792, -6.8872568],
            [107.6084583, -6.8869863],
            [107.6084568, -6.8869054],
            [107.6083758, -6.8869001],
            [107.6082958, -6.8868809],
            [107.608149, -6.8868102],
            [107.6080304, -6.8867076],
            [107.6079568, -6.8866045],
            [107.6079133, -6.8865265],
            [107.6078913, -6.8864313],
            [107.6078608, -6.8862843],
            [107.6077207, -6.8862794],
            [107.6077208, -6.8861636],
            [107.6078651, -6.8861586],
            [107.6078924, -6.8859932],
            [107.6079509, -6.8858549],
            [107.6080294, -6.885763],
            [107.6081115, -6.8856926],
            [107.6082346, -6.8856173],
            [107.6083478, -6.8855778],
            [107.6083894, -6.8851921],
            [107.6081909, -6.8851335],
            [107.608207, -6.8849418],
            [107.607928, -6.8848352]
          ]
        ]
      },
      "id": "way/548474103"
    },
    {
      "type": "Feature",
      "properties": {
        "@id": "way/550634186",
        "amenity": "parking"
      },
      "geometry": {
        "type": "Polygon",
        "coordinates": [
          [
            [107.6050531, -6.8729509],
            [107.6049872, -6.8732643],
            [107.6051532, -6.8733035],
            [107.6052713, -6.8731233],
            [107.6052954, -6.8730012],
            [107.6050531, -6.8729509]
          ]
        ]
      },
      "id": "way/550634186"
    },
    {
      "type": "Feature",
      "properties": {
        "@id": "way/557928516",
        "amenity": "parking"
      },
      "geometry": {
        "type": "Polygon",
        "coordinates": [
          [
            [107.6329022, -6.9725499],
            [107.6332323, -6.9728436],
            [107.633357, -6.9726958],
            [107.6332324, -6.9725804],
            [107.6334992, -6.9722193],
            [107.6333061, -6.9720821],
            [107.6329022, -6.9725499]
          ]
        ]
      },
      "id": "way/557928516"
    },
    {
      "type": "Feature",
      "properties": {
        "@id": "way/616093409",
        "amenity": "parking"
      },
      "geometry": {
        "type": "Polygon",
        "coordinates": [
          [
            [107.6334816, -6.8629441],
            [107.6334197, -6.8630443],
            [107.6335205, -6.8631356],
            [107.6335134, -6.8631514],
            [107.6336639, -6.863241],
            [107.6337258, -6.8631128],
            [107.6334816, -6.8629441]
          ]
        ]
      },
      "id": "way/616093409"
    },
    {
      "type": "Feature",
      "properties": {
        "@id": "way/616093410",
        "amenity": "parking"
      },
      "geometry": {
        "type": "Polygon",
        "coordinates": [
          [
            [107.6334037, -6.8632533],
            [107.6335984, -6.8633675],
            [107.6336444, -6.8632727],
            [107.6334922, -6.8631743],
            [107.6334037, -6.8632533]
          ]
        ]
      },
      "id": "way/616093410"
    },
    {
      "type": "Feature",
      "properties": {
        "@id": "way/616093411",
        "amenity": "parking"
      },
      "geometry": {
        "type": "Polygon",
        "coordinates": [
          [
            [107.6332905, -6.8632059],
            [107.6332197, -6.8633166],
            [107.6333347, -6.8633974],
            [107.6334444, -6.8634729],
            [107.6335152, -6.8633552],
            [107.6333967, -6.8632885],
            [107.6332905, -6.8632059]
          ]
        ]
      },
      "id": "way/616093411"
    },
    {
      "type": "Feature",
      "properties": {
        "@id": "way/616097681",
        "amenity": "parking"
      },
      "geometry": {
        "type": "Polygon",
        "coordinates": [
          [
            [107.6262992, -6.9497531],
            [107.6263023, -6.9498096],
            [107.6265848, -6.9497975],
            [107.6265818, -6.94974],
            [107.6262992, -6.9497531]
          ]
        ]
      },
      "id": "way/616097681"
    },
    {
      "type": "Feature",
      "properties": {
        "@id": "way/616097682",
        "amenity": "parking"
      },
      "geometry": {
        "type": "Polygon",
        "coordinates": [
          [
            [107.6262926, -6.9498284],
            [107.6262946, -6.9498889],
            [107.6265843, -6.9498738],
            [107.6265802, -6.9498152],
            [107.6262926, -6.9498284]
          ]
        ]
      },
      "id": "way/616097682"
    },
    {
      "type": "Feature",
      "properties": {
        "@id": "way/616936979",
        "amenity": "parking"
      },
      "geometry": {
        "type": "Polygon",
        "coordinates": [
          [
            [107.6481702, -6.9018175],
            [107.6481612, -6.9019019],
            [107.6484203, -6.901929],
            [107.6484293, -6.9018447],
            [107.6481702, -6.9018175]
          ]
        ]
      },
      "id": "way/616936979"
    },
    {
      "type": "Feature",
      "properties": {
        "@id": "way/618033430",
        "amenity": "parking"
      },
      "geometry": {
        "type": "Polygon",
        "coordinates": [
          [
            [107.6124144, -6.9141602],
            [107.6122574, -6.9141549],
            [107.6122556, -6.9142081],
            [107.6124126, -6.9142133],
            [107.6124144, -6.9141602]
          ]
        ]
      },
      "id": "way/618033430"
    },
    {
      "type": "Feature",
      "properties": {
        "@id": "way/618033432",
        "amenity": "parking"
      },
      "geometry": {
        "type": "Polygon",
        "coordinates": [
          [
            [107.6122514, -6.9142228],
            [107.6122377, -6.9144419],
            [107.6122943, -6.9144454],
            [107.6123081, -6.9142263],
            [107.6122514, -6.9142228]
          ]
        ]
      },
      "id": "way/618033432"
    },
    {
      "type": "Feature",
      "properties": {
        "@id": "way/618033435",
        "amenity": "parking",
        "parking": "surface"
      },
      "geometry": {
        "type": "Polygon",
        "coordinates": [
          [
            [107.6123518, -6.9145289],
            [107.6123465, -6.9145693],
            [107.6124297, -6.9145833],
            [107.612435, -6.9145438],
            [107.6123518, -6.9145289]
          ]
        ]
      },
      "id": "way/618033435"
    },
    {
      "type": "Feature",
      "properties": {
        "@id": "way/618033436",
        "amenity": "parking",
        "parking": "surface"
      },
      "geometry": {
        "type": "Polygon",
        "coordinates": [
          [
            [107.612608, -6.9145531],
            [107.6124986, -6.9145378],
            [107.6124901, -6.9145979],
            [107.6125995, -6.9146131],
            [107.612608, -6.9145531]
          ]
        ]
      },
      "id": "way/618033436"
    },
    {
      "type": "Feature",
      "properties": {
        "@id": "way/618389719",
        "amenity": "parking"
      },
      "geometry": {
        "type": "Polygon",
        "coordinates": [
          [
            [107.6317352, -6.9740915],
            [107.6315848, -6.9740976],
            [107.6316004, -6.9751842],
            [107.6320277, -6.9751287],
            [107.632434, -6.9747597],
            [107.6317248, -6.9748078],
            [107.6317352, -6.9740915]
          ]
        ]
      },
      "id": "way/618389719"
    },
    {
      "type": "Feature",
      "properties": {
        "@id": "way/635946761",
        "amenity": "parking"
      },
      "geometry": {
        "type": "Polygon",
        "coordinates": [
          [
            [107.5913179, -6.9442557],
            [107.590904, -6.943983],
            [107.5908062, -6.9441655],
            [107.5912226, -6.9444412],
            [107.5913179, -6.9442557]
          ]
        ]
      },
      "id": "way/635946761"
    },
    {
      "type": "Feature",
      "properties": {
        "@id": "way/700628083",
        "amenity": "parking",
        "parking": "street_side"
      },
      "geometry": {
        "type": "Polygon",
        "coordinates": [
          [
            [107.5938301, -6.860048],
            [107.5933024, -6.8600805],
            [107.5933118, -6.8601686],
            [107.5938441, -6.8601315],
            [107.5938301, -6.860048]
          ]
        ]
      },
      "id": "way/700628083"
    },
    {
      "type": "Feature",
      "properties": {
        "@id": "way/723503589",
        "amenity": "parking"
      },
      "geometry": {
        "type": "Polygon",
        "coordinates": [
          [
            [107.5532089, -6.92535],
            [107.5533974, -6.925419],
            [107.5534363, -6.9253117],
            [107.5534753, -6.9252048],
            [107.5533028, -6.9251362],
            [107.5532089, -6.92535]
          ]
        ]
      },
      "id": "way/723503589"
    },
    {
      "type": "Feature",
      "properties": {
        "@id": "way/731259296",
        "access": "customers",
        "amenity": "parking",
        "fee": "no",
        "parking": "surface"
      },
      "geometry": {
        "type": "Polygon",
        "coordinates": [
          [
            [107.5934248, -6.8625246],
            [107.5934171, -6.8626317],
            [107.5938993, -6.8626653],
            [107.5939055, -6.8625491],
            [107.5934248, -6.8625246]
          ]
        ]
      },
      "id": "way/731259296"
    },
    {
      "type": "Feature",
      "properties": {
        "@id": "way/731261820",
        "access": "customers",
        "amenity": "parking",
        "fee": "no",
        "parking": "surface"
      },
      "geometry": {
        "type": "Polygon",
        "coordinates": [
          [
            [107.5937748, -6.8618608],
            [107.5933627, -6.8618593],
            [107.5933623, -6.8619555],
            [107.5937744, -6.8619571],
            [107.5937748, -6.8618608]
          ]
        ]
      },
      "id": "way/731261820"
    },
    {
      "type": "Feature",
      "properties": {
        "@id": "way/731261826",
        "amenity": "parking",
        "parking": "street_side"
      },
      "geometry": {
        "type": "Polygon",
        "coordinates": [
          [
            [107.5940432, -6.8606317],
            [107.5940665, -6.860853],
            [107.5940742, -6.8609745],
            [107.5941511, -6.860973],
            [107.5941174, -6.8606374],
            [107.5940432, -6.8606317]
          ]
        ]
      },
      "id": "way/731261826"
    },
    {
      "type": "Feature",
      "properties": {
        "@id": "way/731261833",
        "amenity": "parking",
        "parking": "lane"
      },
      "geometry": {
        "type": "Polygon",
        "coordinates": [
          [
            [107.5933271, -6.86033],
            [107.5932776, -6.8603335],
            [107.5932846, -6.8616073],
            [107.5933313, -6.8616134],
            [107.5933297, -6.8611149],
            [107.5933287, -6.8608136],
            [107.5933271, -6.86033]
          ]
        ]
      },
      "id": "way/731261833"
    },
    {
      "type": "Feature",
      "properties": {
        "@id": "way/731265970",
        "access": "customers",
        "amenity": "parking",
        "fee": "yes",
        "parking": "surface"
      },
      "geometry": {
        "type": "Polygon",
        "coordinates": [
          [
            [107.5940663, -6.8631018],
            [107.5939199, -6.8633893],
            [107.594188, -6.8635377],
            [107.5943251, -6.863296],
            [107.5943066, -6.8632288],
            [107.5940663, -6.8631018]
          ]
        ]
      },
      "id": "way/731265970"
    },
    {
      "type": "Feature",
      "properties": {
        "@id": "way/731265984",
        "amenity": "parking"
      },
      "geometry": {
        "type": "Polygon",
        "coordinates": [
          [
            [107.5941317, -6.863801],
            [107.5939602, -6.8645694],
            [107.5940835, -6.8645965],
            [107.594255, -6.8638281],
            [107.5941317, -6.863801]
          ]
        ]
      },
      "id": "way/731265984"
    },
    {
      "type": "Feature",
      "properties": {
        "@id": "way/731265994",
        "access": "customers",
        "amenity": "parking",
        "fee": "no",
        "parking": "surface"
      },
      "geometry": {
        "type": "Polygon",
        "coordinates": [
          [
            [107.592169, -6.8604174],
            [107.5926114, -6.8604112],
            [107.5926078, -6.8603261],
            [107.5921654, -6.8603489],
            [107.592169, -6.8604174]
          ]
        ]
      },
      "id": "way/731265994"
    },
    {
      "type": "Feature",
      "properties": {
        "@id": "way/731265995",
        "amenity": "parking",
        "parking": "street_side"
      },
      "geometry": {
        "type": "Polygon",
        "coordinates": [
          [
            [107.592553, -6.8610394],
            [107.592553, -6.8609832],
            [107.5925017, -6.8609814],
            [107.5923105, -6.8609832],
            [107.5921, -6.8609709],
            [107.592107, -6.8610236],
            [107.592553, -6.8610394]
          ]
        ]
      },
      "id": "way/731265995"
    },
    {
      "type": "Feature",
      "properties": {
        "@id": "way/731266003",
        "access": "customers",
        "amenity": "parking",
        "fee": "no",
        "parking": "surface"
      },
      "geometry": {
        "type": "Polygon",
        "coordinates": [
          [
            [107.5896389, -6.8603921],
            [107.5896387, -6.8604627],
            [107.5901435, -6.8604641],
            [107.5901437, -6.8603935],
            [107.5896389, -6.8603921]
          ]
        ]
      },
      "id": "way/731266003"
    },
    {
      "type": "Feature",
      "properties": {
        "@id": "way/781360370",
        "amenity": "parking"
      },
      "geometry": {
        "type": "Polygon",
        "coordinates": [
          [
            [107.6455054, -6.9040508],
            [107.6455074, -6.9041352],
            [107.6456254, -6.9042002],
            [107.6457753, -6.9041976],
            [107.6457688, -6.9040843],
            [107.6457494, -6.9040057],
            [107.6456293, -6.9040366],
            [107.6455054, -6.9040508]
          ]
        ]
      },
      "id": "way/781360370"
    },
    {
      "type": "Feature",
      "properties": {
        "@id": "way/804279037",
        "amenity": "parking"
      },
      "geometry": {
        "type": "Polygon",
        "coordinates": [
          [
            [107.6317073, -6.9717344],
            [107.6312663, -6.9722881],
            [107.6314945, -6.9724695],
            [107.6319229, -6.9719126],
            [107.6317073, -6.9717344]
          ]
        ]
      },
      "id": "way/804279037"
    },
    {
      "type": "Feature",
      "properties": {
        "@id": "way/860173028",
        "access": "customers",
        "amenity": "parking",
        "operator": "Skyline",
        "operator:type": "private"
      },
      "geometry": {
        "type": "Polygon",
        "coordinates": [
          [
            [107.6392754, -6.857415],
            [107.6394886, -6.8574589],
            [107.6395489, -6.8572061],
            [107.6393946, -6.8571395],
            [107.6392754, -6.857415]
          ]
        ]
      },
      "id": "way/860173028"
    },
    {
      "type": "Feature",
      "properties": {
        "@id": "way/867262479",
        "amenity": "parking",
        "building": "yes"
      },
      "geometry": {
        "type": "Polygon",
        "coordinates": [
          [
            [107.6094684, -6.8806107],
            [107.6094432, -6.8807315],
            [107.6094976, -6.8807427],
            [107.6095228, -6.8806219],
            [107.6094684, -6.8806107]
          ]
        ]
      },
      "id": "way/867262479"
    },
    {
      "type": "Feature",
      "properties": {
        "@id": "way/867262499",
        "amenity": "parking",
        "building": "yes"
      },
      "geometry": {
        "type": "Polygon",
        "coordinates": [
          [
            [107.6086121, -6.8811641],
            [107.6086046, -6.8812232],
            [107.6088235, -6.8812506],
            [107.608831, -6.8811915],
            [107.6086121, -6.8811641]
          ]
        ]
      },
      "id": "way/867262499"
    },
    {
      "type": "Feature",
      "properties": {
        "@id": "way/917307280",
        "amenity": "parking",
        "name": "Soekarno Hatta (RSAI Mobil Belakang)",
        "name:etymology:wikidata": "Q76127;Q29050",
        "name:etymology:wikipedia": "id:Sukarno;id:Mohammad Hatta",
        "parking": "surface"
      },
      "geometry": {
        "type": "Polygon",
        "coordinates": [
          [
            [107.6682961, -6.940287],
            [107.668272, -6.9406145],
            [107.6685677, -6.9407023],
            [107.6685966, -6.940303],
            [107.6683243, -6.9402537],
            [107.6682961, -6.940287]
          ]
        ]
      },
      "id": "way/917307280"
    },
    {
      "type": "Feature",
      "properties": {
        "@id": "way/917669132",
        "amenity": "parking"
      },
      "geometry": {
        "type": "Polygon",
        "coordinates": [
          [
            [107.6037495, -6.8925263],
            [107.6037502, -6.8927467],
            [107.6039178, -6.8927653],
            [107.6039366, -6.8928106],
            [107.6039232, -6.8928585],
            [107.603901, -6.8928805],
            [107.6035691, -6.8928632],
            [107.6035684, -6.8929297],
            [107.6040264, -6.8929444],
            [107.6040267, -6.8928718],
            [107.6040287, -6.8927658],
            [107.603959, -6.8927645],
            [107.6039605, -6.892685],
            [107.6041163, -6.8926878],
            [107.6041216, -6.8925363],
            [107.6037495, -6.8925263]
          ]
        ]
      },
      "id": "way/917669132"
    },
    {
      "type": "Feature",
      "properties": {
        "@id": "way/917669133",
        "access": "yes",
        "amenity": "parking",
        "fee": "yes",
        "parking": "surface"
      },
      "geometry": {
        "type": "Polygon",
        "coordinates": [
          [
            [107.6026981, -6.8915863],
            [107.6026994, -6.8916476],
            [107.6026967, -6.891814],
            [107.6030058, -6.891832],
            [107.6030421, -6.8917974],
            [107.6031902, -6.891804],
            [107.6032218, -6.89185],
            [107.6035973, -6.8918553],
            [107.6038829, -6.8918719],
            [107.6038836, -6.891838],
            [107.6038983, -6.8916569],
            [107.6026981, -6.8915863]
          ]
        ]
      },
      "id": "way/917669133"
    },
    {
      "type": "Feature",
      "properties": {
        "@id": "way/926168892",
        "access": "customers",
        "amenity": "parking",
        "fee": "yes",
        "parking": "surface"
      },
      "geometry": {
        "type": "Polygon",
        "coordinates": [
          [
            [107.6131012, -6.8946533],
            [107.6135579, -6.8946873],
            [107.6135643, -6.894602],
            [107.6132613, -6.8945794],
            [107.613284, -6.8942798],
            [107.6133323, -6.8942834],
            [107.6133525, -6.8940165],
            [107.6132126, -6.894006],
            [107.6132494, -6.8935186],
            [107.6133298, -6.8935245],
            [107.6133486, -6.8932763],
            [107.6132677, -6.8932702],
            [107.6132757, -6.8931642],
            [107.6132142, -6.8931596],
            [107.6131012, -6.8946533]
          ]
        ]
      },
      "id": "way/926168892"
    },
    {
      "type": "Feature",
      "properties": {
        "@id": "way/932342259",
        "amenity": "parking"
      },
      "geometry": {
        "type": "Polygon",
        "coordinates": [
          [
            [107.6426809, -6.8997],
            [107.6430024, -6.899778],
            [107.6430487, -6.8995565],
            [107.6427721, -6.8994996],
            [107.6427497, -6.8996069],
            [107.6426993, -6.8995966],
            [107.6426809, -6.8997]
          ]
        ]
      },
      "id": "way/932342259"
    },
    {
      "type": "Feature",
      "properties": {
        "@id": "way/932342360",
        "amenity": "parking"
      },
      "geometry": {
        "type": "Polygon",
        "coordinates": [
          [
            [107.6352424, -6.9265104],
            [107.6354996, -6.9266335],
            [107.6356702, -6.9263111],
            [107.6354284, -6.9261852],
            [107.6352424, -6.9265104]
          ]
        ]
      },
      "id": "way/932342360"
    },
    {
      "type": "Feature",
      "properties": {
        "@id": "way/932762685",
        "access": "yes",
        "amenity": "parking",
        "fee": "yes",
        "parking": "surface"
      },
      "geometry": {
        "type": "Polygon",
        "coordinates": [
          [
            [107.5974605, -6.8986614],
            [107.5975382, -6.8990102],
            [107.5976374, -6.8990122],
            [107.597629, -6.8986579],
            [107.5974605, -6.8986614]
          ]
        ]
      },
      "id": "way/932762685"
    },
    {
      "type": "Feature",
      "properties": {
        "@id": "way/932762686",
        "access": "yes",
        "amenity": "parking",
        "fee": "yes",
        "parking": "surface"
      },
      "geometry": {
        "type": "Polygon",
        "coordinates": [
          [
            [107.5977081, -6.8996879],
            [107.5975936, -6.8996946],
            [107.5976441, -6.8999156],
            [107.5977165, -6.8999835],
            [107.5978319, -6.9000414],
            [107.5979445, -6.900074],
            [107.5981799, -6.9000807],
            [107.598558, -6.9000909],
            [107.5988545, -6.9000933],
            [107.5988546, -6.8999596],
            [107.5985022, -6.8999679],
            [107.5985019, -6.9000009],
            [107.5983611, -6.9000003],
            [107.5983585, -6.899974],
            [107.5980486, -6.899979],
            [107.59805, -6.8998558],
            [107.5980018, -6.8998551],
            [107.5979965, -6.8996802],
            [107.5977081, -6.8996879]
          ]
        ]
      },
      "id": "way/932762686"
    },
    {
      "type": "Feature",
      "properties": {
        "@id": "way/933248333",
        "amenity": "parking"
      },
      "geometry": {
        "type": "Polygon",
        "coordinates": [
          [
            [107.5527956, -6.8841343],
            [107.5529375, -6.8840227],
            [107.5528469, -6.8838641],
            [107.5526943, -6.8840145],
            [107.5527956, -6.8841343]
          ]
        ]
      },
      "id": "way/933248333"
    },
    {
      "type": "Feature",
      "properties": {
        "@id": "way/935278626",
        "amenity": "parking"
      },
      "geometry": {
        "type": "Polygon",
        "coordinates": [
          [
            [107.5790799, -6.9043251],
            [107.5789163, -6.9048737],
            [107.5797196, -6.9050028],
            [107.5797282, -6.9049577],
            [107.5797847, -6.9045223],
            [107.5798, -6.9044316],
            [107.5796834, -6.9044117],
            [107.5797008, -6.9043291],
            [107.5791898, -6.9042093],
            [107.5790799, -6.9043251]
          ]
        ]
      },
      "id": "way/935278626"
    },
    {
      "type": "Feature",
      "properties": {
        "@id": "way/935283313",
        "amenity": "parking"
      },
      "geometry": {
        "type": "Polygon",
        "coordinates": [
          [
            [107.5832708, -6.899142],
            [107.5831528, -6.8994469],
            [107.5842471, -6.8998171],
            [107.5841036, -6.9002617],
            [107.5851282, -6.9006252],
            [107.5852878, -6.9000354],
            [107.5852248, -6.8998943],
            [107.5851068, -6.8997931],
            [107.5832708, -6.899142]
          ]
        ]
      },
      "id": "way/935283313"
    },
    {
      "type": "Feature",
      "properties": {
        "@id": "way/938327351",
        "amenity": "parking",
        "parking": "surface"
      },
      "geometry": {
        "type": "Polygon",
        "coordinates": [
          [
            [107.5808153, -6.8879729],
            [107.5808233, -6.8883989],
            [107.5809782, -6.8884014],
            [107.5809775, -6.8883796],
            [107.5812726, -6.8884022],
            [107.5812595, -6.8880035],
            [107.5808153, -6.8879729]
          ]
        ]
      },
      "id": "way/938327351"
    },
    {
      "type": "Feature",
      "properties": {
        "@id": "way/979988172",
        "access": "yes",
        "amenity": "parking",
        "fee": "yes",
        "parking": "surface"
      },
      "geometry": {
        "type": "Polygon",
        "coordinates": [
          [
            [107.5957335, -6.9362978],
            [107.5960522, -6.935061],
            [107.5959201, -6.9350164],
            [107.5957686, -6.935509],
            [107.5958276, -6.9355256],
            [107.5958122, -6.9355882],
            [107.5957612, -6.9355722],
            [107.5956358, -6.9360056],
            [107.5955808, -6.9362424],
            [107.5957335, -6.9362978]
          ]
        ]
      },
      "id": "way/979988172"
    },
    {
      "type": "Feature",
      "properties": {
        "@id": "way/985703358",
        "amenity": "parking"
      },
      "geometry": {
        "type": "Polygon",
        "coordinates": [
          [
            [107.6225554, -6.8427814],
            [107.6227701, -6.842165],
            [107.6226049, -6.8420961],
            [107.6224002, -6.8427257],
            [107.6224596, -6.8428306],
            [107.6225554, -6.8427814]
          ]
        ]
      },
      "id": "way/985703358"
    },
    {
      "type": "Feature",
      "properties": {
        "@id": "way/985703632",
        "amenity": "parking"
      },
      "geometry": {
        "type": "Polygon",
        "coordinates": [
          [
            [107.6227068, -6.84188],
            [107.622772, -6.841911],
            [107.6228267, -6.8418981],
            [107.6229205, -6.8416265],
            [107.6228189, -6.8415748],
            [107.6227068, -6.84188]
          ]
        ]
      },
      "id": "way/985703632"
    },
    {
      "type": "Feature",
      "properties": {
        "@id": "way/1056077265",
        "amenity": "parking"
      },
      "geometry": {
        "type": "Polygon",
        "coordinates": [
          [
            [107.617407, -6.9879253],
            [107.617474, -6.9879747],
            [107.6175006, -6.9879233],
            [107.6175325, -6.9879071],
            [107.617568, -6.9879026],
            [107.6176866, -6.9879227],
            [107.6177735, -6.9878156],
            [107.6178614, -6.9878318],
            [107.617879, -6.9878008],
            [107.6178876, -6.9877596],
            [107.6178753, -6.9877352],
            [107.6176701, -6.9877052],
            [107.6176222, -6.9877141],
            [107.6175698, -6.9877348],
            [107.617407, -6.9879253]
          ]
        ]
      },
      "id": "way/1056077265"
    },
    {
      "type": "Feature",
      "properties": {
        "@id": "way/1070945306",
        "amenity": "parking",
        "surface": "asphalt"
      },
      "geometry": {
        "type": "Polygon",
        "coordinates": [
          [
            [107.6133381, -6.897511],
            [107.6133335, -6.8976557],
            [107.6134286, -6.8976575],
            [107.6134312, -6.8975155],
            [107.6133381, -6.897511]
          ]
        ]
      },
      "id": "way/1070945306"
    },
    {
      "type": "Feature",
      "properties": {
        "@id": "way/1120555903",
        "amenity": "parking"
      },
      "geometry": {
        "type": "Polygon",
        "coordinates": [
          [
            [107.6256172, -6.8839558],
            [107.6256556, -6.8841045],
            [107.6258205, -6.8840624],
            [107.6257716, -6.8838734],
            [107.625635, -6.8839083],
            [107.6256454, -6.8839486],
            [107.6256172, -6.8839558]
          ]
        ]
      },
      "id": "way/1120555903"
    },
    {
      "type": "Feature",
      "properties": {
        "@id": "way/1122058746",
        "access": "private",
        "amenity": "parking"
      },
      "geometry": {
        "type": "Polygon",
        "coordinates": [
          [
            [107.6088591, -6.8807195],
            [107.6088098, -6.8807749],
            [107.6087934, -6.8807933],
            [107.6087603, -6.8808935],
            [107.6089228, -6.8809514],
            [107.6089832, -6.8807643],
            [107.6088591, -6.8807195]
          ]
        ]
      },
      "id": "way/1122058746"
    },
    {
      "type": "Feature",
      "properties": {
        "@id": "way/1136777986",
        "access": "customers",
        "amenity": "parking",
        "fee": "yes",
        "lit": "yes",
        "name": "Summarecon Mall - Bulevar Utama",
        "operator": "Secure Parking",
        "parking": "surface",
        "supervised": "yes"
      },
      "geometry": {
        "type": "Polygon",
        "coordinates": [
          [
            [107.6957279, -6.9550849],
            [107.6954943, -6.9563478],
            [107.6954974, -6.9563749],
            [107.6955211, -6.9564067],
            [107.6957607, -6.9564566],
            [107.6958119, -6.9564342],
            [107.6958246, -6.9563512],
            [107.6963022, -6.9564396],
            [107.6965413, -6.9551973],
            [107.6964225, -6.9550269],
            [107.6963953, -6.954968],
            [107.6964048, -6.954904],
            [107.6961992, -6.9548598],
            [107.6957572, -6.9550491],
            [107.6957279, -6.9550849]
          ]
        ]
      },
      "id": "way/1136777986"
    },
    {
      "type": "Feature",
      "properties": {
        "@id": "way/1145037486",
        "access": "customers",
        "amenity": "parking",
        "capacity": "30",
        "fee": "yes",
        "parking": "surface",
        "surface": "asphalt"
      },
      "geometry": {
        "type": "Polygon",
        "coordinates": [
          [
            [107.6147349, -6.9086036],
            [107.6147874, -6.9086036],
            [107.6147874, -6.9086819],
            [107.6150967, -6.9087019],
            [107.6151088, -6.9084711],
            [107.6153373, -6.9084912],
            [107.6152697, -6.9082989],
            [107.6147349, -6.9086036]
          ]
        ]
      },
      "id": "way/1145037486"
    },
    {
      "type": "Feature",
      "properties": {
        "@id": "way/1147861223",
        "access": "customers",
        "amenity": "parking",
        "parking": "surface"
      },
      "geometry": {
        "type": "Polygon",
        "coordinates": [
          [
            [107.5753254, -6.9130285],
            [107.5752608, -6.9131915],
            [107.5755516, -6.913305],
            [107.5756162, -6.913142],
            [107.5753254, -6.9130285]
          ]
        ]
      },
      "id": "way/1147861223"
    },
    {
      "type": "Feature",
      "properties": {
        "@id": "way/1149410159",
        "access": "yes",
        "amenity": "parking",
        "fee": "yes",
        "parking": "surface"
      },
      "geometry": {
        "type": "Polygon",
        "coordinates": [
          [
            [107.5947552, -6.9458688],
            [107.594742, -6.9459745],
            [107.5947251, -6.9461099],
            [107.5950088, -6.9461448],
            [107.5951899, -6.9460649],
            [107.5952074, -6.9459244],
            [107.5947552, -6.9458688]
          ]
        ]
      },
      "id": "way/1149410159"
    },
    {
      "type": "Feature",
      "properties": {
        "@id": "way/1152296826",
        "access": "customers",
        "amenity": "parking",
        "fee": "yes",
        "lit": "yes",
        "name": "Mayapada Hospital parking lot",
        "opening_hours": "24/7",
        "operator": "Mayapada Hospital",
        "operator:type": "private",
        "orientation": "parallel",
        "park_ride": "no",
        "parking": "surface",
        "smoothness": "good",
        "supervised": "yes",
        "surface": "concrete"
      },
      "geometry": {
        "type": "Polygon",
        "coordinates": [
          [
            [107.6349319, -6.94933],
            [107.6349799, -6.9492828],
            [107.6351609, -6.9494613],
            [107.6353284, -6.949297],
            [107.635409, -6.948811],
            [107.6348468, -6.9487708],
            [107.6347732, -6.9488004],
            [107.634593, -6.9489833],
            [107.6349319, -6.94933]
          ]
        ]
      },
      "id": "way/1152296826"
    },
    {
      "type": "Feature",
      "properties": {
        "@id": "way/1152556273",
        "access": "customers",
        "amenity": "parking",
        "capacity": "3",
        "fee": "yes",
        "lit": "yes",
        "maxstay": "load-unload",
        "name": "Stasiun Kiaracondong",
        "opening_hours": "24/7",
        "operator": "Reska Multi Usaha",
        "park_ride": "yes",
        "parking": "surface",
        "smoothness": "good",
        "supervised": "yes",
        "surface": "concrete"
      },
      "geometry": {
        "type": "Polygon",
        "coordinates": [
          [
            [107.6457546, -6.924407],
            [107.6459212, -6.9244638],
            [107.6459916, -6.9242848],
            [107.6458197, -6.9242252],
            [107.6457546, -6.924407]
          ]
        ]
      },
      "id": "way/1152556273"
    },
    {
      "type": "Feature",
      "properties": {
        "@id": "way/1156847570",
        "amenity": "parking",
        "area": "yes"
      },
      "geometry": {
        "type": "Polygon",
        "coordinates": [
          [
            [107.5788116, -6.877529],
            [107.5787667, -6.8776302],
            [107.5786956, -6.8777947],
            [107.5786789, -6.8778326],
            [107.5788398, -6.8779018],
            [107.5789766, -6.8775983],
            [107.5788116, -6.877529]
          ]
        ]
      },
      "id": "way/1156847570"
    },
    {
      "type": "Feature",
      "properties": {
        "@id": "way/1156847571",
        "amenity": "parking",
        "area": "yes"
      },
      "geometry": {
        "type": "Polygon",
        "coordinates": [
          [
            [107.5782256, -6.8788678],
            [107.5781699, -6.8789916],
            [107.5781143, -6.8791188],
            [107.5782866, -6.87919],
            [107.5783972, -6.8789417],
            [107.5782256, -6.8788678]
          ]
        ]
      },
      "id": "way/1156847571"
    },
    {
      "type": "Feature",
      "properties": {
        "@id": "way/1156847572",
        "amenity": "parking",
        "area": "yes"
      },
      "geometry": {
        "type": "Polygon",
        "coordinates": [
          [
            [107.5742231, -6.879716],
            [107.5744772, -6.8798331],
            [107.5745476, -6.8796827],
            [107.5742921, -6.8795708],
            [107.5742231, -6.879716]
          ]
        ]
      },
      "id": "way/1156847572"
    },
    {
      "type": "Feature",
      "properties": {
        "@id": "way/1156904232",
        "amenity": "parking",
        "area": "yes"
      },
      "geometry": {
        "type": "Polygon",
        "coordinates": [
          [
            [107.5770236, -6.8765587],
            [107.5769128, -6.8768142],
            [107.5771327, -6.8769082],
            [107.577212, -6.8767256],
            [107.5770523, -6.8766573],
            [107.5770839, -6.8765845],
            [107.5770236, -6.8765587]
          ]
        ]
      },
      "id": "way/1156904232"
    },
    {
      "type": "Feature",
      "properties": {
        "@id": "way/1156904233",
        "amenity": "parking",
        "area": "yes"
      },
      "geometry": {
        "type": "Polygon",
        "coordinates": [
          [
            [107.5771096, -6.8763749],
            [107.5770434, -6.8765167],
            [107.5770966, -6.8765412],
            [107.5771628, -6.8763994],
            [107.5771096, -6.8763749]
          ]
        ]
      },
      "id": "way/1156904233"
    },
    {
      "type": "Feature",
      "properties": {
        "@id": "way/1157106725",
        "access": "customers",
        "amenity": "parking",
        "capacity": "20",
        "fee": "yes",
        "lit": "sunset-24:00",
        "name": "Sinpasa",
        "operator": "Summarecon",
        "parking": "surface",
        "smoothness": "excellent",
        "surface": "paved"
      },
      "geometry": {
        "type": "Polygon",
        "coordinates": [
          [
            [107.6977785, -6.9522515],
            [107.6978344, -6.9522326],
            [107.6984388, -6.9519624],
            [107.6984139, -6.9519095],
            [107.6977498, -6.9521977],
            [107.6977785, -6.9522515]
          ]
        ]
      },
      "id": "way/1157106725"
    },
    {
      "type": "Feature",
      "properties": {
        "@id": "way/1157686910",
        "amenity": "parking",
        "fee": "no"
      },
      "geometry": {
        "type": "Polygon",
        "coordinates": [
          [
            [107.6178999, -6.8768285],
            [107.6178142, -6.8769401],
            [107.6179164, -6.8770174],
            [107.6180021, -6.876906],
            [107.6178999, -6.8768285]
          ]
        ]
      },
      "id": "way/1157686910"
    },
    {
      "type": "Feature",
      "properties": {
        "@id": "way/1158365981",
        "amenity": "parking",
        "parking": "surface"
      },
      "geometry": {
        "type": "Polygon",
        "coordinates": [
          [
            [107.6351028, -6.947867],
            [107.6352253, -6.9479039],
            [107.6352437, -6.9478326],
            [107.6352067, -6.9477425],
            [107.6352642, -6.9477218],
            [107.6353266, -6.9477568],
            [107.6354181, -6.9477236],
            [107.6354473, -6.9475979],
            [107.6352275, -6.9476855],
            [107.6351594, -6.9476049],
            [107.6350391, -6.9476475],
            [107.6351224, -6.9477457],
            [107.6351028, -6.947867]
          ]
        ]
      },
      "id": "way/1158365981"
    },
    {
      "type": "Feature",
      "properties": {
        "@id": "way/1158408611",
        "access": "customers",
        "amenity": "parking",
        "fee": "yes",
        "name": "Buahbatu 149 (J.CO - McDonalds)",
        "parking": "surface",
        "smoothness": "intermediate",
        "surface": "paved"
      },
      "geometry": {
        "type": "Polygon",
        "coordinates": [
          [
            [107.6248708, -6.9390921],
            [107.6250512, -6.9392732],
            [107.625251, -6.9390544],
            [107.6250879, -6.9389026],
            [107.6251942, -6.9387899],
            [107.6251529, -6.9387516],
            [107.6249999, -6.9389139],
            [107.6250606, -6.9389704],
            [107.6249772, -6.9390588],
            [107.6249383, -6.9390227],
            [107.6248708, -6.9390921]
          ]
        ]
      },
      "id": "way/1158408611"
    },
    {
      "type": "Feature",
      "properties": {
        "@id": "way/1158408612",
        "access": "customers",
        "amenity": "parking",
        "fee": "yes",
        "parking": "surface",
        "smoothness": "intermediate",
        "surface": "paved"
      },
      "geometry": {
        "type": "Polygon",
        "coordinates": [
          [
            [107.6253166, -6.9391787],
            [107.6251947, -6.9393083],
            [107.6251203, -6.9392394],
            [107.6250651, -6.9392981],
            [107.6252533, -6.9394726],
            [107.6252898, -6.9394337],
            [107.6252465, -6.9393936],
            [107.6253872, -6.9392441],
            [107.6253166, -6.9391787]
          ]
        ]
      },
      "id": "way/1158408612"
    },
    {
      "type": "Feature",
      "properties": {
        "@id": "way/1158408616",
        "access": "customers",
        "amenity": "parking",
        "capacity": "6",
        "fee": "yes",
        "name": "Buah Batu 151 (Starbucks Belakang)",
        "parking": "surface",
        "smoothness": "intermediate",
        "surface": "paved"
      },
      "geometry": {
        "type": "Polygon",
        "coordinates": [
          [
            [107.6250531, -6.938825],
            [107.6252259, -6.9386427],
            [107.6251492, -6.938571],
            [107.6249764, -6.9387533],
            [107.6250531, -6.938825]
          ]
        ]
      },
      "id": "way/1158408616"
    },
    {
      "type": "Feature",
      "properties": {
        "@id": "way/1158408617",
        "access": "customers",
        "amenity": "parking",
        "capacity": "4",
        "capacity:disabled": "1",
        "fee": "yes",
        "name": "Buahbatu 151 (Starbucks Depan)",
        "parking": "surface",
        "smoothness": "intermediate",
        "surface": "paved"
      },
      "geometry": {
        "type": "Polygon",
        "coordinates": [
          [
            [107.6247623, -6.9389798],
            [107.6248387, -6.9390512],
            [107.624919, -6.9389665],
            [107.6248425, -6.9388951],
            [107.6247623, -6.9389798]
          ]
        ]
      },
      "id": "way/1158408617"
    },
    {
      "type": "Feature",
      "properties": {
        "@id": "way/1158488678",
        "access": "customers",
        "amenity": "parking",
        "fee": "yes",
        "layer": "-1",
        "parking": "surface",
        "smoothness": "intermediate",
        "surface": "paved"
      },
      "geometry": {
        "type": "Polygon",
        "coordinates": [
          [
            [107.6251508, -6.9399289],
            [107.6253975, -6.9401719],
            [107.6255616, -6.9400077],
            [107.6253149, -6.9397647],
            [107.6251508, -6.9399289]
          ]
        ]
      },
      "id": "way/1158488678"
    },
    {
      "type": "Feature",
      "properties": {
        "@id": "way/1158488682",
        "access": "customers",
        "addr:city": "Bandung",
        "addr:country": "ID",
        "addr:housenumber": "178",
        "addr:province": "Jawa Barat",
        "addr:street": "Jalan Buah Batu",
        "amenity": "parking",
        "fee": "yes",
        "lit": "sunset-sunrise",
        "name": "Buahbatu 178 (Gramedia)",
        "parking": "surface",
        "smoothness": "intermediate",
        "surface": "paved"
      },
      "geometry": {
        "type": "Polygon",
        "coordinates": [
          [
            [107.6244018, -6.9390462],
            [107.6243643, -6.9390848],
            [107.6244957, -6.9392153],
            [107.6246204, -6.9390529],
            [107.6244776, -6.9389058],
            [107.6243763, -6.9390189],
            [107.6244018, -6.9390462]
          ]
        ]
      },
      "id": "way/1158488682"
    },
    {
      "type": "Feature",
      "properties": {
        "@id": "way/1158488684",
        "access": "customers",
        "amenity": "parking",
        "fee": "yes",
        "parking": "surface",
        "smoothness": "intermediate",
        "surface": "paved"
      },
      "geometry": {
        "type": "Polygon",
        "coordinates": [
          [
            [107.6255491, -6.939616],
            [107.6254794, -6.9395515],
            [107.6254566, -6.9395754],
            [107.6253882, -6.9395108],
            [107.6253312, -6.9395741],
            [107.6255029, -6.9397432],
            [107.6256792, -6.9395568],
            [107.6256397, -6.9395195],
            [107.6255491, -6.939616]
          ]
        ]
      },
      "id": "way/1158488684"
    },
    {
      "type": "Feature",
      "properties": {
        "@id": "way/1159102760",
        "amenity": "parking"
      },
      "geometry": {
        "type": "Polygon",
        "coordinates": [
          [
            [107.5986487, -6.8835389],
            [107.5984688, -6.8836015],
            [107.5985325, -6.8837818],
            [107.5987123, -6.8837192],
            [107.5986487, -6.8835389]
          ]
        ]
      },
      "id": "way/1159102760"
    },
    {
      "type": "Feature",
      "properties": {
        "@id": "way/1160219742",
        "amenity": "parking",
        "parking": "surface"
      },
      "geometry": {
        "type": "Polygon",
        "coordinates": [
          [
            [107.6103904, -6.8856702],
            [107.6103892, -6.8857396],
            [107.6105813, -6.885743],
            [107.6105803, -6.8858004],
            [107.6107661, -6.8858036],
            [107.6107627, -6.8859956],
            [107.6109947, -6.8859996],
            [107.610998, -6.8858143],
            [107.6107236, -6.885567],
            [107.6105711, -6.885563],
            [107.6104919, -6.885672],
            [107.6103904, -6.8856702]
          ]
        ]
      },
      "id": "way/1160219742"
    },
    {
      "type": "Feature",
      "properties": {
        "@id": "way/1172807115",
        "access": "customers",
        "amenity": "parking",
        "capacity": "8",
        "fee": "no",
        "name": "Ruko Sanisviera Utara",
        "parking": "surface",
        "parking:orientation": "diagonal",
        "supervised": "no"
      },
      "geometry": {
        "type": "Polygon",
        "coordinates": [
          [
            [107.6749004, -6.9501643],
            [107.6748998, -6.9500931],
            [107.6745692, -6.9500591],
            [107.6745638, -6.950165],
            [107.6749004, -6.9501643]
          ]
        ]
      },
      "id": "way/1172807115"
    },
    {
      "type": "Feature",
      "properties": {
        "@id": "way/1172819477",
        "access": "customers",
        "amenity": "parking",
        "fee": "yes",
        "name": "Ruko Metro Barat",
        "parking": "surface"
      },
      "geometry": {
        "type": "Polygon",
        "coordinates": [
          [
            [107.6663473, -6.9396213],
            [107.6663171, -6.9393012],
            [107.6669307, -6.9392442],
            [107.6669155, -6.9390835],
            [107.6662423, -6.9391461],
            [107.6662574, -6.9393067],
            [107.6662924, -6.9396776],
            [107.666352, -6.9396721],
            [107.6665476, -6.9396539],
            [107.6665693, -6.9398839],
            [107.6666896, -6.9398727],
            [107.666668, -6.9396427],
            [107.6669685, -6.9396148],
            [107.6669661, -6.9395887],
            [107.6669637, -6.939564],
            [107.6666632, -6.9395919],
            [107.6663473, -6.9396213]
          ]
        ]
      },
      "id": "way/1172819477"
    },
    {
      "type": "Feature",
      "properties": {
        "@id": "way/1173113955",
        "amenity": "parking",
        "capacity": "4",
        "maxstay": "15 minutes",
        "name": "Shell",
        "parking": "surface"
      },
      "geometry": {
        "type": "Polygon",
        "coordinates": [
          [
            [107.6506064, -6.9015369],
            [107.6506998, -6.9015588],
            [107.6507245, -6.9014546],
            [107.6506312, -6.9014328],
            [107.6506064, -6.9015369]
          ]
        ]
      },
      "id": "way/1173113955"
    },
    {
      "type": "Feature",
      "properties": {
        "@id": "way/1181063927",
        "access": "private",
        "amenity": "parking",
        "parking": "surface"
      },
      "geometry": {
        "type": "Polygon",
        "coordinates": [
          [
            [107.6944457, -6.9604711],
            [107.6944201, -6.9603326],
            [107.6940903, -6.9603928],
            [107.6941322, -6.9606188],
            [107.694462, -6.9605586],
            [107.6949174, -6.9604755],
            [107.6949012, -6.9603879],
            [107.6944457, -6.9604711]
          ]
        ]
      },
      "id": "way/1181063927"
    },
    {
      "type": "Feature",
      "properties": {
        "@id": "way/1181063929",
        "access": "customers",
        "amenity": "parking",
        "fee": "no",
        "name": "Ruby Commercial",
        "parking": "surface"
      },
      "geometry": {
        "type": "Polygon",
        "coordinates": [
          [
            [107.6949593, -6.9571007],
            [107.6948648, -6.957548],
            [107.6948655, -6.9575667],
            [107.6947582, -6.9580965],
            [107.6947575, -6.9581158],
            [107.6947012, -6.9583827],
            [107.6946972, -6.9586489],
            [107.6946985, -6.9586662],
            [107.6947347, -6.9592094],
            [107.6947374, -6.9592274],
            [107.6948246, -6.9597612],
            [107.6949044, -6.9601739],
            [107.6949392, -6.9603349],
            [107.695009, -6.9603183],
            [107.6949037, -6.9597479],
            [107.6948239, -6.9592733],
            [107.6948078, -6.9591462],
            [107.694777, -6.9586716],
            [107.694777, -6.9586476],
            [107.6947924, -6.9584],
            [107.6948272, -6.9581797],
            [107.694842, -6.9580845],
            [107.6949466, -6.957584],
            [107.6949506, -6.957566],
            [107.6950331, -6.957116],
            [107.6949593, -6.9571007]
          ]
        ]
      },
      "id": "way/1181063929"
    },
    {
      "type": "Feature",
      "properties": {
        "@id": "way/1181063930",
        "access": "customers",
        "amenity": "parking",
        "fee": "no",
        "lit": "17:30-05:30",
        "name": "Plaza Summarecon",
        "parking": "surface"
      },
      "geometry": {
        "type": "Polygon",
        "coordinates": [
          [
            [107.6933244, -6.9557224],
            [107.693288, -6.955639],
            [107.693747, -6.9554247],
            [107.6937144, -6.9553559],
            [107.693614, -6.9554028],
            [107.693582, -6.9553462],
            [107.6932347, -6.9555392],
            [107.6932358, -6.9555412],
            [107.6931931, -6.9555596],
            [107.6932736, -6.9557443],
            [107.6929826, -6.9558693],
            [107.6930306, -6.9559794],
            [107.6929128, -6.9560304],
            [107.6930362, -6.9563113],
            [107.6931313, -6.9562702],
            [107.6933267, -6.9566996],
            [107.6939669, -6.9564125],
            [107.6937537, -6.9559439],
            [107.6931578, -6.956211],
            [107.6931387, -6.9561674],
            [107.6934585, -6.9560299],
            [107.6933244, -6.9557224]
          ]
        ]
      },
      "id": "way/1181063930"
    },
    {
      "type": "Feature",
      "properties": {
        "@id": "way/1181068881",
        "amenity": "parking",
        "name": "Ruko Tamansari Bukit Bandung",
        "parking": "surface"
      },
      "geometry": {
        "type": "Polygon",
        "coordinates": [
          [
            [107.6822188, -6.9048537],
            [107.6824429, -6.9040697],
            [107.6823487, -6.9040432],
            [107.6821246, -6.9048272],
            [107.6822188, -6.9048537]
          ]
        ]
      },
      "id": "way/1181068881"
    },
    {
      "type": "Feature",
      "properties": {
        "@id": "way/1181394316",
        "amenity": "parking"
      },
      "geometry": {
        "type": "Polygon",
        "coordinates": [
          [
            [107.6720347, -6.9059061],
            [107.6720219, -6.9059499],
            [107.6721059, -6.9059741],
            [107.6721187, -6.9059303],
            [107.6720347, -6.9059061]
          ]
        ]
      },
      "id": "way/1181394316"
    },
    {
      "type": "Feature",
      "properties": {
        "@id": "way/1184120969",
        "access": "customers",
        "amenity": "parking",
        "fee": "yes",
        "name": "Buahbatu Square (Ruko Utara)",
        "parking": "surface"
      },
      "geometry": {
        "type": "Polygon",
        "coordinates": [
          [
            [107.6396254, -6.9663709],
            [107.6384284, -6.9663563],
            [107.6384278, -6.9664059],
            [107.6396248, -6.9664206],
            [107.6396254, -6.9663709]
          ]
        ]
      },
      "id": "way/1184120969"
    },
    {
      "type": "Feature",
      "properties": {
        "@id": "way/1184120970",
        "access": "customers",
        "amenity": "parking",
        "fee": "yes",
        "name": "Buahbatu Square (Depan)",
        "parking": "surface"
      },
      "geometry": {
        "type": "Polygon",
        "coordinates": [
          [
            [107.6378859, -6.967172],
            [107.6380073, -6.9672137],
            [107.6379906, -6.9672619],
            [107.6387627, -6.9675268],
            [107.6387962, -6.9674308],
            [107.638024, -6.9671659],
            [107.6380927, -6.9669104],
            [107.6381914, -6.9665431],
            [107.6379775, -6.9664825],
            [107.6377699, -6.9670787],
            [107.6377092, -6.9672528],
            [107.6378419, -6.9672984],
            [107.6378691, -6.9672202],
            [107.6378859, -6.967172]
          ]
        ]
      },
      "id": "way/1184120970"
    },
    {
      "type": "Feature",
      "properties": {
        "@id": "way/1184120971",
        "access": "customers",
        "amenity": "parking",
        "fee": "yes",
        "name": "Buahbatu Square (Mezanin Utara)",
        "parking": "surface"
      },
      "geometry": {
        "type": "Polygon",
        "coordinates": [
          [
            [107.6380252, -6.9661515],
            [107.6379317, -6.9661501],
            [107.6379289, -6.9663328],
            [107.6380224, -6.9663342],
            [107.6380252, -6.9661515]
          ]
        ]
      },
      "id": "way/1184120971"
    },
    {
      "type": "Feature",
      "properties": {
        "@id": "way/1184120974",
        "access": "customers",
        "amenity": "parking",
        "fee": "yes",
        "name": "Buahbatu Square (Belakang)",
        "parking": "surface"
      },
      "geometry": {
        "type": "Polygon",
        "coordinates": [
          [
            [107.6392914, -6.9672366],
            [107.6391399, -6.9677238],
            [107.6399428, -6.9679699],
            [107.6400451, -6.9679208],
            [107.6401305, -6.9679246],
            [107.6401739, -6.9677744],
            [107.640131, -6.9677212],
            [107.6400988, -6.9675721],
            [107.6401149, -6.9674962],
            [107.6392914, -6.9672366]
          ]
        ]
      },
      "id": "way/1184120974"
    },
    {
      "type": "Feature",
      "properties": {
        "@id": "way/1184757523",
        "access": "customers",
        "amenity": "parking",
        "capacity": "4",
        "fee": "no",
        "name": "Shell Soekarno Hatta Cibaduyut",
        "name:etymology:wikidata": "Q76127;Q29050",
        "name:etymology:wikipedia": "id:Sukarno;id:Mohammad Hatta",
        "parking": "surface"
      },
      "geometry": {
        "type": "Polygon",
        "coordinates": [
          [
            [107.5991817, -6.947155],
            [107.5991817, -6.9472821],
            [107.5992434, -6.9472821],
            [107.5992434, -6.947155],
            [107.5991817, -6.947155]
          ]
        ]
      },
      "id": "way/1184757523"
    },
    {
      "type": "Feature",
      "properties": {
        "@id": "way/1184768325",
        "access": "customers",
        "amenity": "parking",
        "capacity": "4",
        "name": "Shell Cihampelas",
        "parking": "surface"
      },
      "geometry": {
        "type": "Polygon",
        "coordinates": [
          [
            [107.604414, -6.8989337],
            [107.6041831, -6.8989405],
            [107.6041847, -6.8989923],
            [107.6044156, -6.8989854],
            [107.604414, -6.8989337]
          ]
        ]
      },
      "id": "way/1184768325"
    },
    {
      "type": "Feature",
      "properties": {
        "@id": "way/1189706383",
        "access": "private",
        "amenity": "parking"
      },
      "geometry": {
        "type": "Polygon",
        "coordinates": [
          [
            [107.6312453, -6.8978537],
            [107.6310828, -6.8979659],
            [107.6310998, -6.8979903],
            [107.6312624, -6.8978781],
            [107.6312453, -6.8978537]
          ]
        ]
      },
      "id": "way/1189706383"
    },
    {
      "type": "Feature",
      "properties": {
        "@id": "way/1189706400",
        "amenity": "parking"
      },
      "geometry": {
        "type": "Polygon",
        "coordinates": [
          [
            [107.6308887, -6.8980743],
            [107.6307079, -6.8981895],
            [107.6306897, -6.8982011],
            [107.6307663, -6.8983196],
            [107.6309653, -6.8981929],
            [107.6308887, -6.8980743]
          ]
        ]
      },
      "id": "way/1189706400"
    },
    {
      "type": "Feature",
      "properties": {
        "@id": "way/1189711737",
        "access": "yes",
        "amenity": "parking",
        "fee": "yes",
        "name": "Polsek Sukajadi",
        "parking": "surface"
      },
      "geometry": {
        "type": "Polygon",
        "coordinates": [
          [
            [107.5964206, -6.887956],
            [107.5964382, -6.8882334],
            [107.596513, -6.8882287],
            [107.5965161, -6.8882783],
            [107.5967345, -6.8882646],
            [107.5967137, -6.8879377],
            [107.5964206, -6.887956]
          ]
        ]
      },
      "id": "way/1189711737"
    },
    {
      "type": "Feature",
      "properties": {
        "@id": "way/1189711741",
        "access": "yes",
        "amenity": "parking",
        "fee": "yes",
        "name": "Paris Van Java",
        "parking": "surface"
      },
      "geometry": {
        "type": "Polygon",
        "coordinates": [
          [
            [107.5961441, -6.8884681],
            [107.5961655, -6.8891765],
            [107.596238, -6.8891758],
            [107.5962708, -6.8891991],
            [107.5962869, -6.8892304],
            [107.5962956, -6.8894467],
            [107.5962648, -6.88948],
            [107.5961622, -6.8895113],
            [107.5961937, -6.8901131],
            [107.5964472, -6.8901011],
            [107.5964378, -6.8899494],
            [107.5964485, -6.8899367],
            [107.5967878, -6.8899221],
            [107.5967731, -6.8894281],
            [107.5967697, -6.8893715],
            [107.5967675, -6.8893198],
            [107.5967663, -6.8892665],
            [107.5967404, -6.8887077],
            [107.5967261, -6.8884442],
            [107.5961441, -6.8884681]
          ]
        ]
      },
      "id": "way/1189711741"
    },
    {
      "type": "Feature",
      "properties": {
        "@id": "way/1193303176",
        "access": "customers",
        "amenity": "parking",
        "parking": "surface"
      },
      "geometry": {
        "type": "Polygon",
        "coordinates": [
          [
            [107.6086773, -6.9135378],
            [107.6086696, -6.9137426],
            [107.6089004, -6.9137511],
            [107.6089081, -6.9135464],
            [107.6086773, -6.9135378]
          ]
        ]
      },
      "id": "way/1193303176"
    },
    {
      "type": "Feature",
      "properties": {
        "@id": "way/1193303181",
        "amenity": "parking",
        "parking": "street_side"
      },
      "geometry": {
        "type": "Polygon",
        "coordinates": [
          [
            [107.6086349, -6.9101334],
            [107.608653, -6.9102591],
            [107.6086874, -6.9102377],
            [107.6087125, -6.9101867],
            [107.6087079, -6.910123],
            [107.6086349, -6.9101334]
          ]
        ]
      },
      "id": "way/1193303181"
    },
    {
      "type": "Feature",
      "properties": {
        "@id": "way/1193615122",
        "amenity": "parking",
        "parking": "surface"
      },
      "geometry": {
        "type": "Polygon",
        "coordinates": [
          [
            [107.6357424, -6.9747732],
            [107.6356255, -6.9752186],
            [107.6357633, -6.9752538],
            [107.6357715, -6.9753233],
            [107.6357925, -6.9753476],
            [107.635852, -6.9753801],
            [107.6358695, -6.975387],
            [107.6359232, -6.9751669],
            [107.6358952, -6.9751587],
            [107.6359722, -6.9748185],
            [107.6357424, -6.9747732]
          ]
        ]
      },
      "id": "way/1193615122"
    },
    {
      "type": "Feature",
      "properties": {
        "@id": "way/1194479615",
        "access": "customers",
        "amenity": "parking",
        "fee": "yes",
        "name": "Jaya Plaza",
        "parking": "surface"
      },
      "geometry": {
        "type": "Polygon",
        "coordinates": [
          [
            [107.6265027, -6.9181739],
            [107.6266488, -6.9186013],
            [107.6276319, -6.9186665],
            [107.6276323, -6.9185995],
            [107.6276292, -6.9185228],
            [107.6272161, -6.9185081],
            [107.627082, -6.918568],
            [107.626972, -6.9183483],
            [107.6266985, -6.9184828],
            [107.6265389, -6.918158],
            [107.6265027, -6.9181739]
          ]
        ]
      },
      "id": "way/1194479615"
    },
    {
      "type": "Feature",
      "properties": {
        "@id": "way/1195150408",
        "amenity": "parking",
        "name": "Bank Mandiri Batununggal",
        "parking": "surface"
      },
      "geometry": {
        "type": "Polygon",
        "coordinates": [
          [
            [107.6262747, -6.950559],
            [107.6262774, -6.9506509],
            [107.6263015, -6.9506988],
            [107.6263176, -6.9509823],
            [107.6267347, -6.9509624],
            [107.6267052, -6.9505377],
            [107.6262747, -6.950559]
          ]
        ]
      },
      "id": "way/1195150408"
    },
    {
      "type": "Feature",
      "properties": {
        "@id": "way/1195904133",
        "amenity": "parking",
        "parking": "street_side"
      },
      "geometry": {
        "type": "Polygon",
        "coordinates": [
          [
            [107.5649773, -6.8784263],
            [107.564955, -6.8785079],
            [107.5656051, -6.8786828],
            [107.5656274, -6.8786012],
            [107.5654216, -6.8785459],
            [107.5651823, -6.8784815],
            [107.5649773, -6.8784263]
          ]
        ]
      },
      "id": "way/1195904133"
    },
    {
      "type": "Feature",
      "properties": {
        "@id": "way/1196687459",
        "amenity": "parking",
        "name": "Samsat Soekarno Hatta",
        "name:etymology:wikidata": "Q76127;Q29050",
        "name:etymology:wikipedia": "id:Sukarno;id:Mohammad Hatta",
        "parking": "surface"
      },
      "geometry": {
        "type": "Polygon",
        "coordinates": [
          [
            [107.6427837, -6.945664],
            [107.6427421, -6.945676],
            [107.6428226, -6.9459116],
            [107.6427367, -6.9460993],
            [107.6427636, -6.9461139],
            [107.6432665, -6.9459555],
            [107.6432262, -6.9458237],
            [107.6429915, -6.9456493],
            [107.6427837, -6.945664]
          ]
        ]
      },
      "id": "way/1196687459"
    },
    {
      "type": "Feature",
      "properties": {
        "@id": "way/1196687461",
        "access": "yes",
        "amenity": "parking",
        "fee": "no",
        "name": "Bapenda Jawa Barat",
        "parking": "surface"
      },
      "geometry": {
        "type": "Polygon",
        "coordinates": [
          [
            [107.6420514, -6.9459795],
            [107.6419844, -6.9464894],
            [107.6422727, -6.9465559],
            [107.6423626, -6.9463483],
            [107.6424994, -6.9463083],
            [107.6424873, -6.9462604],
            [107.6425235, -6.9461792],
            [107.6423371, -6.9460913],
            [107.6422808, -6.9459089],
            [107.6420514, -6.9459795]
          ]
        ]
      },
      "id": "way/1196687461"
    },
    {
      "type": "Feature",
      "properties": {
        "@id": "way/1198173622",
        "access": "private",
        "amenity": "parking"
      },
      "geometry": {
        "type": "Polygon",
        "coordinates": [
          [
            [107.6901796, -6.9575627],
            [107.6901829, -6.9575151],
            [107.6900502, -6.9575061],
            [107.690047, -6.9575536],
            [107.6901796, -6.9575627]
          ]
        ]
      },
      "id": "way/1198173622"
    },
    {
      "type": "Feature",
      "properties": {
        "@id": "way/1198173623",
        "access": "customers",
        "amenity": "parking",
        "name": "McDonald's Summarecon",
        "parking": "surface"
      },
      "geometry": {
        "type": "Polygon",
        "coordinates": [
          [
            [107.6900722, -6.957224],
            [107.6903842, -6.9572452],
            [107.690391, -6.9571459],
            [107.6900122, -6.9571201],
            [107.6899872, -6.9574828],
            [107.6900541, -6.9574873],
            [107.6900722, -6.957224]
          ]
        ]
      },
      "id": "way/1198173623"
    },
    {
      "type": "Feature",
      "properties": {
        "@id": "way/1200743096",
        "amenity": "parking"
      },
      "geometry": {
        "type": "Polygon",
        "coordinates": [
          [
            [107.6933586, -6.953467],
            [107.6932648, -6.9535681],
            [107.6934754, -6.9537546],
            [107.6935544, -6.953829],
            [107.6936187, -6.9539021],
            [107.6937583, -6.9540767],
            [107.6938763, -6.9539755],
            [107.6936895, -6.9537704],
            [107.6936295, -6.9537066],
            [107.6935552, -6.9536384],
            [107.6933586, -6.953467]
          ]
        ]
      },
      "id": "way/1200743096"
    },
    {
      "type": "Feature",
      "properties": {
        "@id": "way/1202236840",
        "access": "customers",
        "amenity": "parking",
        "fee": "yes",
        "name": "Paskal 23",
        "parking": "surface",
        "ref": "Ruko Utara"
      },
      "geometry": {
        "type": "Polygon",
        "coordinates": [
          [
            [107.5929992, -6.9143277],
            [107.5929978, -6.914369],
            [107.5932071, -6.9143729],
            [107.5932071, -6.9145407],
            [107.5937958, -6.9145593],
            [107.5952522, -6.9147857],
            [107.5952844, -6.9145926],
            [107.5938092, -6.9143437],
            [107.5929992, -6.9143277]
          ]
        ]
      },
      "id": "way/1202236840"
    },
    {
      "type": "Feature",
      "properties": {
        "@id": "way/1202236841",
        "access": "customers",
        "amenity": "parking",
        "fee": "yes",
        "name": "Paskal 23",
        "parking": "surface",
        "ref": "Ruko Timur Laut"
      },
      "geometry": {
        "type": "Polygon",
        "coordinates": [
          [
            [107.5955459, -6.914592],
            [107.595547, -6.9148214],
            [107.5971821, -6.9148196],
            [107.5971808, -6.9147404],
            [107.5979948, -6.9147258],
            [107.5980028, -6.9146579],
            [107.5955459, -6.914592]
          ]
        ]
      },
      "id": "way/1202236841"
    },
    {
      "type": "Feature",
      "properties": {
        "@id": "way/1202236842",
        "access": "customers",
        "amenity": "parking",
        "fee": "yes",
        "name": "Paskal 23",
        "parking": "surface",
        "ref": "Ruko Timur"
      },
      "geometry": {
        "type": "Polygon",
        "coordinates": [
          [
            [107.5956479, -6.9151385],
            [107.5956489, -6.9153679],
            [107.5972411, -6.9153608],
            [107.5972401, -6.9151314],
            [107.5956479, -6.9151385]
          ]
        ]
      },
      "id": "way/1202236842"
    },
    {
      "type": "Feature",
      "properties": {
        "@id": "way/1202236843",
        "access": "customers",
        "amenity": "parking",
        "fee": "yes",
        "name": "Paskal 23",
        "parking": "surface",
        "ref": "Timur"
      },
      "geometry": {
        "type": "Polygon",
        "coordinates": [
          [
            [107.597736, -6.9150173],
            [107.5977407, -6.9153255],
            [107.598021, -6.9153215],
            [107.5980122, -6.9151252],
            [107.5979103, -6.9150147],
            [107.597736, -6.9150173]
          ]
        ]
      },
      "id": "way/1202236843"
    },
    {
      "type": "Feature",
      "properties": {
        "@id": "way/1202237689",
        "access": "customers",
        "amenity": "parking",
        "fee": "yes",
        "name": "Paskal 23",
        "parking": "surface",
        "ref": "Ruko Selatan"
      },
      "geometry": {
        "type": "Polygon",
        "coordinates": [
          [
            [107.5950279, -6.9160757],
            [107.5930834, -6.9161018],
            [107.5930838, -6.9161304],
            [107.5938056, -6.9161207],
            [107.5938061, -6.916157],
            [107.5950288, -6.9161405],
            [107.5950279, -6.9160757]
          ]
        ]
      },
      "id": "way/1202237689"
    },
    {
      "type": "Feature",
      "properties": {
        "@id": "way/1202237691",
        "access": "customers",
        "amenity": "parking",
        "fee": "yes",
        "layer": "-1",
        "name": "Paskal 23",
        "parking": "underground",
        "ref": "Ruang Bawah Tanah (R4)"
      },
      "geometry": {
        "type": "Polygon",
        "coordinates": [
          [
            [107.5933894, -6.9157789],
            [107.5951999, -6.9158374],
            [107.5952308, -6.9155073],
            [107.5952657, -6.9152556],
            [107.5934619, -6.9150493],
            [107.5933894, -6.9157789]
          ]
        ]
      },
      "id": "way/1202237691"
    },
    {
      "type": "Feature",
      "properties": {
        "@id": "way/1206534712",
        "amenity": "parking",
        "name": "Gedung Sate (Museum Pos)",
        "parking": "surface"
      },
      "geometry": {
        "type": "Polygon",
        "coordinates": [
          [
            [107.6195749, -6.9015998],
            [107.6195763, -6.901637],
            [107.6195113, -6.9016408],
            [107.6195175, -6.9018568],
            [107.6195848, -6.9018551],
            [107.6196581, -6.9019319],
            [107.6196735, -6.9019157],
            [107.6199616, -6.9021852],
            [107.6199321, -6.902219],
            [107.6200152, -6.9022941],
            [107.6200292, -6.9023524],
            [107.6202513, -6.9023482],
            [107.620247, -6.9022777],
            [107.6202441, -6.902209],
            [107.6202231, -6.9021922],
            [107.6202223, -6.902159],
            [107.6201431, -6.9020684],
            [107.6200868, -6.9020818],
            [107.620005, -6.9020644],
            [107.6199312, -6.9020352],
            [107.6198669, -6.9019752],
            [107.6198146, -6.9018754],
            [107.6197851, -6.9017915],
            [107.6197851, -6.901717],
            [107.6196801, -6.901597],
            [107.6195749, -6.9015998]
          ]
        ]
      },
      "id": "way/1206534712"
    },
    {
      "type": "Feature",
      "properties": {
        "@id": "way/1206534714",
        "access": "private",
        "amenity": "parking",
        "name": "Gedung Sate (DPRD)",
        "parking": "surface"
      },
      "geometry": {
        "type": "Polygon",
        "coordinates": [
          [
            [107.617076, -6.9015146],
            [107.6170827, -6.9020551],
            [107.6173738, -6.9020525],
            [107.6176769, -6.9017689],
            [107.6176688, -6.901492],
            [107.617076, -6.9015146]
          ]
        ]
      },
      "id": "way/1206534714"
    },
    {
      "type": "Feature",
      "properties": {
        "@id": "way/1206575590",
        "amenity": "parking"
      },
      "geometry": {
        "type": "Polygon",
        "coordinates": [
          [
            [107.6376385, -6.914208],
            [107.6376492, -6.9143076],
            [107.6377953, -6.9142922],
            [107.6377847, -6.9141926],
            [107.6376385, -6.914208]
          ]
        ]
      },
      "id": "way/1206575590"
    },
    {
      "type": "Feature",
      "properties": {
        "@id": "way/1208943239",
        "amenity": "parking"
      },
      "geometry": {
        "type": "Polygon",
        "coordinates": [
          [
            [107.680245, -6.9593636],
            [107.6800764, -6.9593555],
            [107.6800715, -6.9594564],
            [107.6802401, -6.9594644],
            [107.680245, -6.9593636]
          ]
        ]
      },
      "id": "way/1208943239"
    },
    {
      "type": "Feature",
      "properties": {
        "@id": "way/1209175162",
        "access": "private",
        "amenity": "parking",
        "name": "Lotte Mart (Loading Dock Supplier)",
        "parking": "surface"
      },
      "geometry": {
        "type": "Polygon",
        "coordinates": [
          [
            [107.6706357, -6.9412562],
            [107.6706338, -6.9413616],
            [107.6710871, -6.9413696],
            [107.671089, -6.9412641],
            [107.6706357, -6.9412562]
          ]
        ]
      },
      "id": "way/1209175162"
    },
    {
      "type": "Feature",
      "properties": {
        "@id": "way/1209175163",
        "access": "customers",
        "amenity": "parking",
        "fee": "yes",
        "name": "Lotte Mart (Bazaar)",
        "opening_hours": "08:00-21:30",
        "parking": "surface"
      },
      "geometry": {
        "type": "Polygon",
        "coordinates": [
          [
            [107.6712982, -6.9411883],
            [107.6719366, -6.9411962],
            [107.6719466, -6.9404067],
            [107.6713083, -6.9403988],
            [107.6712982, -6.9411883]
          ]
        ]
      },
      "id": "way/1209175163"
    },
    {
      "type": "Feature",
      "properties": {
        "@id": "way/1209175164",
        "access": "customers",
        "amenity": "parking",
        "fee": "yes",
        "name": "Lotte Mart",
        "opening_hours": "08:00-21:30",
        "parking": "surface"
      },
      "geometry": {
        "type": "Polygon",
        "coordinates": [
          [
            [107.6701248, -6.9402191],
            [107.6709107, -6.9402391],
            [107.6709255, -6.9396644],
            [107.6709395, -6.9391193],
            [107.6704217, -6.9391061],
            [107.6704077, -6.9396513],
            [107.6701396, -6.9396445],
            [107.6701248, -6.9402191]
          ]
        ]
      },
      "id": "way/1209175164"
    },
    {
      "type": "Feature",
      "properties": {
        "@id": "way/1209175165",
        "access": "customers",
        "amenity": "parking",
        "building": "shed",
        "fee": "yes",
        "maxstay": "load-unload",
        "name": "Lotte Mart (Loading Dock Pelanggan)",
        "parking": "sheds"
      },
      "geometry": {
        "type": "Polygon",
        "coordinates": [
          [
            [107.6703219, -6.9404135],
            [107.6706626, -6.9404201],
            [107.6706644, -6.9403245],
            [107.6703238, -6.9403178],
            [107.6703219, -6.9404135]
          ]
        ]
      },
      "id": "way/1209175165"
    },
    {
      "type": "Feature",
      "properties": {
        "@id": "way/1209176954",
        "access": "customers",
        "amenity": "parking",
        "name": "Indosat Hutchinson",
        "parking": "surface"
      },
      "geometry": {
        "type": "Polygon",
        "coordinates": [
          [
            [107.6699089, -6.9388851],
            [107.6699089, -6.9389677],
            [107.6699089, -6.9390755],
            [107.6700054, -6.9390755],
            [107.6700054, -6.9389677],
            [107.670051, -6.9389677],
            [107.6701476, -6.9389677],
            [107.6701476, -6.9388319],
            [107.670051, -6.9388319],
            [107.670051, -6.9388851],
            [107.6699089, -6.9388851]
          ]
        ]
      },
      "id": "way/1209176954"
    },
    {
      "type": "Feature",
      "properties": {
        "@id": "way/1211325651",
        "access": "private",
        "amenity": "parking",
        "capacity": "200",
        "fee": "no",
        "lit": "yes",
        "name": "Bank Indonesia (Motor)",
        "parking": "multi-storey",
        "supervised": "yes"
      },
      "geometry": {
        "type": "Polygon",
        "coordinates": [
          [
            [107.6091045, -6.9150173],
            [107.6091689, -6.91502],
            [107.6092252, -6.9150679],
            [107.6093647, -6.9150653],
            [107.6093607, -6.9148842],
            [107.6091085, -6.9148868],
            [107.6091045, -6.9150173]
          ]
        ]
      },
      "id": "way/1211325651"
    },
    {
      "type": "Feature",
      "properties": {
        "@id": "way/1212369187",
        "access": "customers",
        "amenity": "parking",
        "fee": "no",
        "parking": "surface"
      },
      "geometry": {
        "type": "Polygon",
        "coordinates": [
          [
            [107.6127714, -6.8901863],
            [107.6128302, -6.890192],
            [107.6128472, -6.8900183],
            [107.6127883, -6.8900126],
            [107.6127843, -6.890054],
            [107.6127714, -6.8901863]
          ]
        ]
      },
      "id": "way/1212369187"
    },
    {
      "type": "Feature",
      "properties": {
        "@id": "way/1213193132",
        "access": "customers",
        "amenity": "parking",
        "fee": "yes",
        "name": "Stasiun Bandung",
        "parking": "surface",
        "ref": "Barat"
      },
      "geometry": {
        "type": "Polygon",
        "coordinates": [
          [
            [107.5995089, -6.9146272],
            [107.5995183, -6.9148076],
            [107.6000239, -6.9148003],
            [107.6004886, -6.9148163],
            [107.6008634, -6.9148323],
            [107.6013006, -6.9148582],
            [107.601479, -6.9148596],
            [107.6016386, -6.9148815],
            [107.6018143, -6.9149181],
            [107.6019698, -6.9149321],
            [107.602293, -6.9149434],
            [107.6022934, -6.9149067],
            [107.6022952, -6.9147826],
            [107.6022957, -6.9147504],
            [107.6021764, -6.9147444],
            [107.5997496, -6.9146073],
            [107.5995089, -6.9146272]
          ]
        ]
      },
      "id": "way/1213193132"
    },
    {
      "type": "Feature",
      "properties": {
        "@id": "way/1217233082",
        "amenity": "parking",
        "parking": "SPBU Rancabolang"
      },
      "geometry": {
        "type": "Polygon",
        "coordinates": [
          [
            [107.6626474, -6.9399289],
            [107.6624588, -6.93989],
            [107.6624441, -6.9399606],
            [107.6626327, -6.9399994],
            [107.6626474, -6.9399289]
          ]
        ]
      },
      "id": "way/1217233082"
    },
    {
      "type": "Feature",
      "properties": {
        "@id": "way/1217233084",
        "access": "customers",
        "amenity": "parking",
        "fee": "no",
        "name": "McDonald's Rancabolang",
        "parking": "surface"
      },
      "geometry": {
        "type": "Polygon",
        "coordinates": [
          [
            [107.6627826, -6.9395287],
            [107.662797, -6.9394483],
            [107.662677, -6.9394272],
            [107.6626623, -6.9395095],
            [107.6626361, -6.9395049],
            [107.6626258, -6.9395623],
            [107.6626521, -6.9395669],
            [107.6627532, -6.9395847],
            [107.662823, -6.939597],
            [107.6628336, -6.9395376],
            [107.6627826, -6.9395287]
          ]
        ]
      },
      "id": "way/1217233084"
    },
    {
      "type": "Feature",
      "properties": {
        "@id": "way/1222527747",
        "amenity": "parking",
        "parking": "surface"
      },
      "geometry": {
        "type": "Polygon",
        "coordinates": [
          [
            [107.6694209, -6.9103624],
            [107.6698148, -6.9105279],
            [107.6700508, -6.909974],
            [107.6696569, -6.9098086],
            [107.6694209, -6.9103624]
          ]
        ]
      },
      "id": "way/1222527747"
    },
    {
      "type": "Feature",
      "properties": {
        "@id": "way/1222527766",
        "amenity": "parking",
        "parking": "surface"
      },
      "geometry": {
        "type": "Polygon",
        "coordinates": [
          [
            [107.6748079, -6.9100354],
            [107.675242, -6.9101389],
            [107.6753108, -6.9098543],
            [107.6748808, -6.9097282],
            [107.6748079, -6.9100354]
          ]
        ]
      },
      "id": "way/1222527766"
    },
    {
      "type": "Feature",
      "properties": {
        "@id": "way/1222527767",
        "amenity": "parking",
        "parking": "surface"
      },
      "geometry": {
        "type": "Polygon",
        "coordinates": [
          [
            [107.6755509, -6.9102151],
            [107.6759586, -6.9103123],
            [107.676022, -6.9100501],
            [107.6756183, -6.909941],
            [107.6755509, -6.9102151]
          ]
        ]
      },
      "id": "way/1222527767"
    },
    {
      "type": "Feature",
      "properties": {
        "@id": "way/1222527777",
        "amenity": "parking",
        "parking": "surface"
      },
      "geometry": {
        "type": "Polygon",
        "coordinates": [
          [
            [107.6715129, -6.9090365],
            [107.6715089, -6.9095283],
            [107.6718885, -6.9095697],
            [107.6726543, -6.9096116],
            [107.6726875, -6.9090308],
            [107.6726518, -6.9089964],
            [107.6715129, -6.9090365]
          ]
        ]
      },
      "id": "way/1222527777"
    },
    {
      "type": "Feature",
      "properties": {
        "@id": "way/1224660298",
        "access": "customers",
        "amenity": "parking",
        "fee": "no",
        "lit": "yes",
        "name": "Masjid At Taqwa",
        "parking": "surface",
        "parking_space": "normal"
      },
      "geometry": {
        "type": "Polygon",
        "coordinates": [
          [
            [107.6677105, -6.9421187],
            [107.6679888, -6.9422505],
            [107.6678984, -6.9424412],
            [107.6679182, -6.9424846],
            [107.6681428, -6.9425211],
            [107.6680919, -6.9419995],
            [107.667758, -6.9420204],
            [107.667702, -6.9420261],
            [107.6677105, -6.9421187]
          ]
        ]
      },
      "id": "way/1224660298"
    },
    {
      "type": "Feature",
      "properties": {
        "@id": "way/1231033513",
        "amenity": "parking"
      },
      "geometry": {
        "type": "Polygon",
        "coordinates": [
          [
            [107.6088017, -6.8664204],
            [107.6087725, -6.8665027],
            [107.6088601, -6.8665676],
            [107.6088472, -6.8666151],
            [107.6088414, -6.8666626],
            [107.6087632, -6.8667542],
            [107.6089687, -6.8667866],
            [107.608978, -6.8666881],
            [107.6090446, -6.8665595],
            [107.6090691, -6.8665108],
            [107.6088017, -6.8664204]
          ]
        ]
      },
      "id": "way/1231033513"
    },
    {
      "type": "Feature",
      "properties": {
        "@id": "way/1231033514",
        "amenity": "parking"
      },
      "geometry": {
        "type": "Polygon",
        "coordinates": [
          [
            [107.6095965, -6.8675831],
            [107.6096839, -6.8676255],
            [107.6097327, -6.8675206],
            [107.6097591, -6.8672138],
            [107.6097286, -6.8668727],
            [107.6096229, -6.8667073],
            [107.6095477, -6.8667658],
            [107.6095965, -6.8669393],
            [107.6095883, -6.8672118],
            [107.6096371, -6.8673409],
            [107.6096392, -6.8674883],
            [107.6095965, -6.8675831]
          ]
        ]
      },
      "id": "way/1231033514"
    },
    {
      "type": "Feature",
      "properties": {
        "@id": "way/1231270342",
        "amenity": "parking"
      },
      "geometry": {
        "type": "Polygon",
        "coordinates": [
          [
            [107.6043137, -6.8635258],
            [107.6042645, -6.8635872],
            [107.6042937, -6.8637414],
            [107.6043568, -6.8638316],
            [107.6044154, -6.8639724],
            [107.6048929, -6.8638439],
            [107.6048606, -6.8636756],
            [107.60488, -6.8636404],
            [107.6047959, -6.8635319],
            [107.6047605, -6.8636129],
            [107.6043137, -6.8635258]
          ]
        ]
      },
      "id": "way/1231270342"
    },
    {
      "type": "Feature",
      "properties": {
        "@id": "way/1232571391",
        "access": "customers",
        "amenity": "parking",
        "name": "KantorPOS Kosambi",
        "parking": "surface"
      },
      "geometry": {
        "type": "Polygon",
        "coordinates": [
          [
            [107.6235694, -6.9194642],
            [107.6236137, -6.919441],
            [107.6236576, -6.9194181],
            [107.6236979, -6.9193971],
            [107.6237414, -6.9193744],
            [107.6236599, -6.9192204],
            [107.6236428, -6.9192293],
            [107.6234878, -6.9193102],
            [107.6235694, -6.9194642]
          ]
        ]
      },
      "id": "way/1232571391"
    },
    {
      "type": "Feature",
      "properties": {
        "@id": "way/1232571400",
        "access": "customers",
        "amenity": "parking",
        "lit": "yes",
        "name": "Indomaret Fresh Kosambi",
        "parking": "surface"
      },
      "geometry": {
        "type": "Polygon",
        "coordinates": [
          [
            [107.6240727, -6.9191517],
            [107.6240319, -6.9190738],
            [107.6240058, -6.9190873],
            [107.6237466, -6.919221],
            [107.6237029, -6.9192436],
            [107.6237437, -6.9193215],
            [107.6239353, -6.9192226],
            [107.6240727, -6.9191517]
          ]
        ]
      },
      "id": "way/1232571400"
    },
    {
      "type": "Feature",
      "properties": {
        "@id": "way/1233392620",
        "access": "customers",
        "amenity": "parking",
        "capacity": "15",
        "name": "Richeese Factory Summarecon",
        "parking": "surface"
      },
      "geometry": {
        "type": "Polygon",
        "coordinates": [
          [
            [107.686883, -6.956284],
            [107.6868692, -6.9563617],
            [107.6866666, -6.9564185],
            [107.687001, -6.9564822],
            [107.6870396, -6.9562472],
            [107.6869167, -6.9562234],
            [107.686906, -6.956288],
            [107.686883, -6.956284]
          ]
        ]
      },
      "id": "way/1233392620"
    },
    {
      "type": "Feature",
      "properties": {
        "@id": "way/1238206690",
        "amenity": "parking",
        "capacity": "3",
        "name": "ATM Center Summarecon",
        "parking": "surface"
      },
      "geometry": {
        "type": "Polygon",
        "coordinates": [
          [
            [107.6939549, -6.9558535],
            [107.6940225, -6.9560064],
            [107.6941229, -6.9559627],
            [107.6940553, -6.9558099],
            [107.6939549, -6.9558535]
          ]
        ]
      },
      "id": "way/1238206690"
    },
    {
      "type": "Feature",
      "properties": {
        "@id": "way/1240796624",
        "amenity": "parking"
      },
      "geometry": {
        "type": "Polygon",
        "coordinates": [
          [
            [107.6114599, -6.8743488],
            [107.6114584, -6.8744765],
            [107.6114584, -6.8745375],
            [107.6114681, -6.8745945],
            [107.6115148, -6.8746601],
            [107.611555, -6.8746601],
            [107.6115977, -6.8746445],
            [107.6116581, -6.8744871],
            [107.6116983, -6.8743534],
            [107.6114599, -6.8743488]
          ]
        ]
      },
      "id": "way/1240796624"
    },
    {
      "type": "Feature",
      "properties": {
        "@id": "way/1242742397",
        "access": "yes",
        "amenity": "parking",
        "fee": "yes",
        "parking": "surface"
      },
      "geometry": {
        "type": "Polygon",
        "coordinates": [
          [
            [107.6901492, -6.9411392],
            [107.6901114, -6.94124],
            [107.6909414, -6.9415465],
            [107.6909763, -6.9414533],
            [107.6908929, -6.9414225],
            [107.6909177, -6.9413564],
            [107.6904575, -6.9411863],
            [107.6904355, -6.9412449],
            [107.6901492, -6.9411392]
          ]
        ]
      },
      "id": "way/1242742397"
    },
    {
      "type": "Feature",
      "properties": {
        "@id": "way/1266370844",
        "access": "customers",
        "amenity": "parking",
        "fee": "no",
        "parking": "sheds"
      },
      "geometry": {
        "type": "Polygon",
        "coordinates": [
          [
            [107.6633022, -6.9386513],
            [107.6632856, -6.9388343],
            [107.6633524, -6.9388402],
            [107.663369, -6.9386572],
            [107.6633022, -6.9386513]
          ]
        ]
      },
      "id": "way/1266370844"
    },
    {
      "type": "Feature",
      "properties": {
        "@id": "way/1268299509",
        "amenity": "parking"
      },
      "geometry": {
        "type": "Polygon",
        "coordinates": [
          [
            [107.6426422, -6.9738992],
            [107.6425348, -6.9741136],
            [107.6425302, -6.9741496],
            [107.6426259, -6.9741797],
            [107.6426831, -6.9742179],
            [107.6426924, -6.9742562],
            [107.6428862, -6.9742851],
            [107.6428979, -6.9741252],
            [107.6428757, -6.9740348],
            [107.6428746, -6.9739676],
            [107.6426679, -6.9739039],
            [107.6426557, -6.9739017],
            [107.6426422, -6.9738992]
          ]
        ]
      },
      "id": "way/1268299509"
    },
    {
      "type": "Feature",
      "properties": {
        "@id": "way/1292775390",
        "amenity": "parking"
      },
      "geometry": {
        "type": "Polygon",
        "coordinates": [
          [
            [107.6047902, -6.9129016],
            [107.6047853, -6.9131383],
            [107.6048543, -6.9131397],
            [107.6048592, -6.912903],
            [107.6047902, -6.9129016]
          ]
        ]
      },
      "id": "way/1292775390"
    },
    {
      "type": "Feature",
      "properties": {
        "@id": "way/1292775391",
        "amenity": "parking"
      },
      "geometry": {
        "type": "Polygon",
        "coordinates": [
          [
            [107.6047902, -6.9129016],
            [107.6048592, -6.912903],
            [107.6048928, -6.9128518],
            [107.6048948, -6.9128185],
            [107.6048633, -6.9128298],
            [107.6047902, -6.9129016]
          ]
        ]
      },
      "id": "way/1292775391"
    },
    {
      "type": "Feature",
      "properties": {
        "@id": "way/1292775392",
        "amenity": "parking"
      },
      "geometry": {
        "type": "Polygon",
        "coordinates": [
          [
            [107.6048928, -6.9128518],
            [107.6052382, -6.9128544],
            [107.6052382, -6.9128211],
            [107.6048948, -6.9128185],
            [107.6048928, -6.9128518]
          ]
        ]
      },
      "id": "way/1292775392"
    },
    {
      "type": "Feature",
      "properties": {
        "@id": "way/1292775594",
        "amenity": "parking"
      },
      "geometry": {
        "type": "Polygon",
        "coordinates": [
          [
            [107.6059226, -6.9110831],
            [107.6059763, -6.9112089],
            [107.6060567, -6.911173],
            [107.6059997, -6.9110505],
            [107.6059226, -6.9110831]
          ]
        ]
      },
      "id": "way/1292775594"
    },
    {
      "type": "Feature",
      "properties": {
        "@id": "way/1293369803",
        "amenity": "parking"
      },
      "geometry": {
        "type": "Polygon",
        "coordinates": [
          [
            [107.6311656, -6.9711225],
            [107.6313596, -6.9712531],
            [107.6315224, -6.9710129],
            [107.6313355, -6.970885],
            [107.6311656, -6.9711225]
          ]
        ]
      },
      "id": "way/1293369803"
    },
    {
      "type": "Feature",
      "properties": {
        "@id": "way/1293430834",
        "amenity": "parking",
        "name": "Parkir BCA"
      },
      "geometry": {
        "type": "Polygon",
        "coordinates": [
          [
            [107.605758, -6.9266333],
            [107.6058859, -6.9266522],
            [107.6059037, -6.9265332],
            [107.6057758, -6.9265143],
            [107.605758, -6.9266333]
          ]
        ]
      },
      "id": "way/1293430834"
    },
    {
      "type": "Feature",
      "properties": {
        "@id": "way/1293670815",
        "access": "no",
        "amenity": "parking",
        "parking": "street_side"
      },
      "geometry": {
        "type": "Polygon",
        "coordinates": [
          [
            [107.5927834, -6.8593793],
            [107.5927831, -6.8594271],
            [107.5932125, -6.8594293],
            [107.5932128, -6.8593815],
            [107.5927834, -6.8593793]
          ]
        ]
      },
      "id": "way/1293670815"
    },
    {
      "type": "Feature",
      "properties": {
        "@id": "way/1293672746",
        "access": "customers",
        "amenity": "parking",
        "fee": "no",
        "parking": "surface"
      },
      "geometry": {
        "type": "Polygon",
        "coordinates": [
          [
            [107.5937587, -6.8610324],
            [107.5937565, -6.8610669],
            [107.5937545, -6.861097],
            [107.5937529, -6.8611212],
            [107.5937589, -6.8611599],
            [107.59382, -6.8611652],
            [107.5938207, -6.8610352],
            [107.5937587, -6.8610324]
          ]
        ]
      },
      "id": "way/1293672746"
    },
    {
      "type": "Feature",
      "properties": {
        "@id": "way/1293672747",
        "access": "customers",
        "amenity": "parking",
        "fee": "no",
        "parking": "surface"
      },
      "geometry": {
        "type": "Polygon",
        "coordinates": [
          [
            [107.5938165, -6.860636],
            [107.5937681, -6.8606357],
            [107.5937667, -6.8608423],
            [107.5938151, -6.8608426],
            [107.5938165, -6.860636]
          ]
        ]
      },
      "id": "way/1293672747"
    },
    {
      "type": "Feature",
      "properties": {
        "@id": "way/1293744179",
        "access": "customers",
        "amenity": "parking",
        "fee": "no",
        "parking": "surface"
      },
      "geometry": {
        "type": "Polygon",
        "coordinates": [
          [
            [107.5899822, -6.8618922],
            [107.5899686, -6.8620058],
            [107.5898247, -6.8619889],
            [107.5898377, -6.8618798],
            [107.5894764, -6.8618375],
            [107.589457, -6.8620004],
            [107.5902657, -6.862095],
            [107.5902856, -6.8619278],
            [107.5899822, -6.8618922]
          ]
        ]
      },
      "id": "way/1293744179"
    },
    {
      "type": "Feature",
      "properties": {
        "@id": "way/1293744188",
        "access": "customers",
        "amenity": "parking",
        "fee": "no",
        "parking": "surface"
      },
      "geometry": {
        "type": "Polygon",
        "coordinates": [
          [
            [107.5892427, -6.8623771],
            [107.589382, -6.8623909],
            [107.5893977, -6.862235],
            [107.5896827, -6.8622635],
            [107.5896926, -6.8621646],
            [107.5892684, -6.8621224],
            [107.5892427, -6.8623771]
          ]
        ]
      },
      "id": "way/1293744188"
    },
    {
      "type": "Feature",
      "properties": {
        "@id": "way/1293744189",
        "access": "customers",
        "amenity": "parking",
        "fee": "no",
        "parking": "surface"
      },
      "geometry": {
        "type": "Polygon",
        "coordinates": [
          [
            [107.5898272, -6.8621747],
            [107.5898159, -6.8622687],
            [107.5900733, -6.8622994],
            [107.5900847, -6.8622053],
            [107.5898272, -6.8621747]
          ]
        ]
      },
      "id": "way/1293744189"
    },
    {
      "type": "Feature",
      "properties": {
        "@id": "way/1293746724",
        "access": "customers",
        "amenity": "parking",
        "fee": "no",
        "parking": "surface"
      },
      "geometry": {
        "type": "Polygon",
        "coordinates": [
          [
            [107.5899173, -6.8609525],
            [107.5895876, -6.8609039],
            [107.5895789, -6.860962],
            [107.5899086, -6.8610107],
            [107.5899173, -6.8609525]
          ]
        ]
      },
      "id": "way/1293746724"
    },
    {
      "type": "Feature",
      "properties": {
        "@id": "way/1293746725",
        "access": "customers",
        "amenity": "parking",
        "fee": "no",
        "parking": "surface"
      },
      "geometry": {
        "type": "Polygon",
        "coordinates": [
          [
            [107.5901399, -6.860974],
            [107.5901335, -6.8610336],
            [107.5904924, -6.8610713],
            [107.5905348, -6.8606736],
            [107.5902023, -6.8606386],
            [107.5901931, -6.8607244],
            [107.590448, -6.8607512],
            [107.590421, -6.8610037],
            [107.5901399, -6.860974]
          ]
        ]
      },
      "id": "way/1293746725"
    },
    {
      "type": "Feature",
      "properties": {
        "@id": "way/1293956045",
        "access": "permissive",
        "amenity": "parking",
        "parking": "surface"
      },
      "geometry": {
        "type": "Polygon",
        "coordinates": [
          [
            [107.5927648, -6.8633118],
            [107.5927376, -6.8633089],
            [107.5927472, -6.8632196],
            [107.5926671, -6.8632111],
            [107.5925713, -6.8633182],
            [107.5925648, -6.8633311],
            [107.5925624, -6.8633604],
            [107.5925662, -6.8633706],
            [107.592576, -6.8633761],
            [107.5927557, -6.8633953],
            [107.5927648, -6.8633118]
          ]
        ]
      },
      "id": "way/1293956045"
    },
    {
      "type": "Feature",
      "properties": {
        "@id": "way/1293956753",
        "access": "customers",
        "amenity": "parking",
        "fee": "no",
        "parking": "surface"
      },
      "geometry": {
        "type": "Polygon",
        "coordinates": [
          [
            [107.5924734, -6.8630427],
            [107.5926198, -6.8630407],
            [107.5926183, -6.8629324],
            [107.5924718, -6.8629344],
            [107.5924734, -6.8630427]
          ]
        ]
      },
      "id": "way/1293956753"
    },
    {
      "type": "Feature",
      "properties": {
        "@id": "way/1293964016",
        "access": "customers",
        "amenity": "parking",
        "fee": "no",
        "parking": "surface"
      },
      "geometry": {
        "type": "Polygon",
        "coordinates": [
          [
            [107.5929034, -6.8626105],
            [107.5927735, -6.8626126],
            [107.5927778, -6.8628639],
            [107.5929075, -6.8628617],
            [107.5929034, -6.8626105]
          ]
        ]
      },
      "id": "way/1293964016"
    },
    {
      "type": "Feature",
      "properties": {
        "@id": "way/1293964017",
        "access": "customers",
        "amenity": "parking",
        "fee": "no",
        "parking": "surface"
      },
      "geometry": {
        "type": "Polygon",
        "coordinates": [
          [
            [107.5929085, -6.8624607],
            [107.592906, -6.8622424],
            [107.5928752, -6.8622428],
            [107.5928355, -6.8623088],
            [107.5927793, -6.8623095],
            [107.592781, -6.8624621],
            [107.5929085, -6.8624607]
          ]
        ]
      },
      "id": "way/1293964017"
    },
    {
      "type": "Feature",
      "properties": {
        "@id": "way/1294966566",
        "access": "private",
        "amenity": "parking",
        "parking": "lane"
      },
      "geometry": {
        "type": "Polygon",
        "coordinates": [
          [
            [107.5912309, -6.8607643],
            [107.5912091, -6.8608988],
            [107.5912671, -6.8609081],
            [107.5912889, -6.8607735],
            [107.5912309, -6.8607643]
          ]
        ]
      },
      "id": "way/1294966566"
    },
    {
      "type": "Feature",
      "properties": {
        "@id": "way/1295262004",
        "access": "yes",
        "amenity": "parking",
        "fee": "no",
        "parking": "street_side"
      },
      "geometry": {
        "type": "Polygon",
        "coordinates": [
          [
            [107.5885892, -6.8604644],
            [107.5893933, -6.8604765],
            [107.5892923, -6.8603765],
            [107.5885936, -6.860368],
            [107.5885892, -6.8604644]
          ]
        ]
      },
      "id": "way/1295262004"
    },
    {
      "type": "Feature",
      "properties": {
        "@id": "way/1298644684",
        "access": "private",
        "amenity": "parking",
        "layer": "-1",
        "parking": "underground",
        "surface": "concrete"
      },
      "geometry": {
        "type": "Polygon",
        "coordinates": [
          [
            [107.5924563, -6.8638914],
            [107.5923785, -6.8642492],
            [107.5927727, -6.8643337],
            [107.5928482, -6.8639808],
            [107.5928657, -6.8639141],
            [107.5928687, -6.8639027],
            [107.5928749, -6.8638793],
            [107.5929504, -6.8635265],
            [107.5925585, -6.8634371],
            [107.5924822, -6.8637879],
            [107.5924742, -6.8638196],
            [107.592471, -6.8638326],
            [107.5924563, -6.8638914]
          ]
        ]
      },
      "id": "way/1298644684"
    },
    {
      "type": "Feature",
      "properties": {
        "@id": "way/1299816088",
        "amenity": "parking"
      },
      "geometry": {
        "type": "Polygon",
        "coordinates": [
          [
            [107.6043221, -6.8757726],
            [107.6042632, -6.8757585],
            [107.6042302, -6.8758845],
            [107.6042928, -6.8758987],
            [107.6043221, -6.8757726]
          ]
        ]
      },
      "id": "way/1299816088"
    },
    {
      "type": "Feature",
      "properties": {
        "@id": "way/1299816096",
        "amenity": "parking"
      },
      "geometry": {
        "type": "Polygon",
        "coordinates": [
          [
            [107.6045258, -6.8744724],
            [107.6045045, -6.8745743],
            [107.6045334, -6.8745844],
            [107.6045243, -6.8746248],
            [107.6045619, -6.8746339],
            [107.604601, -6.8744906],
            [107.6045258, -6.8744724]
          ]
        ]
      },
      "id": "way/1299816096"
    },
    {
      "type": "Feature",
      "properties": {
        "@id": "way/1305278539",
        "access": "customers",
        "amenity": "parking",
        "fee": "yes",
        "lit": "yes",
        "maxheight": "2.5",
        "name": "Summarecon Mall - Sentra Raya Selatan",
        "operator": "Secure Parking",
        "orientation": "perpendicular",
        "parking": "surface",
        "smoothness": "intermediate",
        "supervised": "yes",
        "surface": "paved"
      },
      "geometry": {
        "type": "Polygon",
        "coordinates": [
          [
            [107.6971027, -6.9541928],
            [107.6971302, -6.9541806],
            [107.6971347, -6.9541572],
            [107.6969634, -6.9537658],
            [107.6958382, -6.9542443],
            [107.6958358, -6.9542756],
            [107.6958305, -6.9544172],
            [107.6959551, -6.9546824],
            [107.6971027, -6.9541928]
          ]
        ]
      },
      "id": "way/1305278539"
    },
    {
      "type": "Feature",
      "properties": {
        "@id": "way/1305278544",
        "access": "private",
        "alt_name": "Agate",
        "amenity": "parking",
        "fee": "no",
        "name": "Level Up Building",
        "parking": "surface"
      },
      "geometry": {
        "type": "Polygon",
        "coordinates": [
          [
            [107.6969986, -6.9533925],
            [107.6972057, -6.9538902],
            [107.6972627, -6.9538618],
            [107.6973366, -6.953827],
            [107.6972561, -6.9536301],
            [107.6971829, -6.9534811],
            [107.6971207, -6.9533401],
            [107.6970535, -6.9533646],
            [107.6969986, -6.9533925]
          ]
        ]
      },
      "id": "way/1305278544"
    },
    {
      "type": "Feature",
      "properties": {
        "@id": "way/1306208578",
        "access": "private",
        "amenity": "parking"
      },
      "geometry": {
        "type": "Polygon",
        "coordinates": [
          [
            [107.611557, -6.8812561],
            [107.6115517, -6.8813091],
            [107.6117096, -6.8813245],
            [107.6117149, -6.8812715],
            [107.611557, -6.8812561]
          ]
        ]
      },
      "id": "way/1306208578"
    },
    {
      "type": "Feature",
      "properties": {
        "@id": "way/1306208579",
        "access": "private",
        "amenity": "parking"
      },
      "geometry": {
        "type": "Polygon",
        "coordinates": [
          [
            [107.6108276, -6.8823885],
            [107.6110422, -6.8824085],
            [107.6110683, -6.8823778],
            [107.6111012, -6.8819864],
            [107.6108826, -6.8819771],
            [107.6108645, -6.8820623],
            [107.6109403, -6.8820949],
            [107.610831, -6.8823392],
            [107.6108276, -6.8823885]
          ]
        ]
      },
      "id": "way/1306208579"
    },
    {
      "type": "Feature",
      "properties": {
        "@id": "way/1306208580",
        "access": "private",
        "amenity": "parking",
        "parking": "street_side"
      },
      "geometry": {
        "type": "Polygon",
        "coordinates": [
          [
            [107.6117541, -6.8813649],
            [107.6117072, -6.8819064],
            [107.6117586, -6.8819108],
            [107.6118048, -6.8813683],
            [107.6117541, -6.8813649]
          ]
        ]
      },
      "id": "way/1306208580"
    },
    {
      "type": "Feature",
      "properties": {
        "@id": "way/1306237711",
        "access": "private",
        "amenity": "parking",
        "parking": "street_side"
      },
      "geometry": {
        "type": "Polygon",
        "coordinates": [
          [
            [107.611704, -6.8819134],
            [107.6116331, -6.8827633],
            [107.6116848, -6.8827666],
            [107.6117586, -6.881919],
            [107.611733, -6.8819159],
            [107.611704, -6.8819134]
          ]
        ]
      },
      "id": "way/1306237711"
    },
    {
      "type": "Feature",
      "properties": {
        "@id": "way/1306237713",
        "access": "customers",
        "amenity": "parking",
        "fee": "no",
        "parking": "surface"
      },
      "geometry": {
        "type": "Polygon",
        "coordinates": [
          [
            [107.610805, -6.8829565],
            [107.6108011, -6.8830703],
            [107.6108766, -6.8831729],
            [107.6109079, -6.8831503],
            [107.6109144, -6.8829602],
            [107.610805, -6.8829565]
          ]
        ]
      },
      "id": "way/1306237713"
    },
    {
      "type": "Feature",
      "properties": {
        "@id": "way/1306237714",
        "amenity": "parking"
      },
      "geometry": {
        "type": "Polygon",
        "coordinates": [
          [
            [107.6110532, -6.8829398],
            [107.6110551, -6.8828732],
            [107.6108178, -6.8828662],
            [107.6108158, -6.8829329],
            [107.6110532, -6.8829398]
          ]
        ]
      },
      "id": "way/1306237714"
    },
    {
      "type": "Feature",
      "properties": {
        "@id": "way/1309891516",
        "amenity": "parking",
        "operator": "ISBI",
        "surface": "asphalt"
      },
      "geometry": {
        "type": "Polygon",
        "coordinates": [
          [
            [107.6283318, -6.9430964],
            [107.6284121, -6.9430258],
            [107.6280132, -6.9426042],
            [107.6279236, -6.9426922],
            [107.6283318, -6.9430964]
          ]
        ]
      },
      "id": "way/1309891516"
    },
    {
      "type": "Feature",
      "properties": {
        "@id": "way/1309891517",
        "amenity": "parking",
        "operator": "ISBI",
        "surface": "asphalt"
      },
      "geometry": {
        "type": "Polygon",
        "coordinates": [
          [
            [107.6282197, -6.943046],
            [107.6281835, -6.94308],
            [107.6282754, -6.9431731],
            [107.6283097, -6.9431396],
            [107.6282197, -6.943046]
          ]
        ]
      },
      "id": "way/1309891517"
    },
    {
      "type": "Feature",
      "properties": {
        "@id": "way/1309891518",
        "amenity": "parking",
        "parking": "street_side"
      },
      "geometry": {
        "type": "Polygon",
        "coordinates": [
          [
            [107.6278913, -6.9427002],
            [107.6279051, -6.9425791],
            [107.627875, -6.9425735],
            [107.6278571, -6.9427954],
            [107.6280048, -6.9429418],
            [107.6280262, -6.9429229],
            [107.6280917, -6.9429863],
            [107.6281377, -6.9429481],
            [107.6278913, -6.9427002]
          ]
        ]
      },
      "id": "way/1309891518"
    },
    {
      "type": "Feature",
      "properties": {
        "@id": "way/1319226825",
        "amenity": "parking"
      },
      "geometry": {
        "type": "Polygon",
        "coordinates": [
          [
            [107.5738561, -6.8704507],
            [107.5738528, -6.8706834],
            [107.5743048, -6.8706867],
            [107.5742914, -6.8704507],
            [107.5738561, -6.8704507]
          ]
        ]
      },
      "id": "way/1319226825"
    },
    {
      "type": "Feature",
      "properties": {
        "@id": "way/1319226826",
        "amenity": "parking"
      },
      "geometry": {
        "type": "Polygon",
        "coordinates": [
          [
            [107.5731296, -6.8723522],
            [107.573153, -6.8728741],
            [107.5733539, -6.8728708],
            [107.5733305, -6.8723389],
            [107.5731296, -6.8723522]
          ]
        ]
      },
      "id": "way/1319226826"
    },
    {
      "type": "Feature",
      "properties": {
        "@id": "way/1331394931",
        "access": "customers",
        "amenity": "parking",
        "lit": "sunset-sunrise",
        "name": "B-Quik Buahbatu",
        "parking": "surface"
      },
      "geometry": {
        "type": "Polygon",
        "coordinates": [
          [
            [107.632909, -6.9480422],
            [107.6330484, -6.9479917],
            [107.6330938, -6.9479398],
            [107.6331024, -6.9478951],
            [107.6329532, -6.94775],
            [107.6329168, -6.9477161],
            [107.6328556, -6.9480598],
            [107.632909, -6.9480422]
          ]
        ]
      },
      "id": "way/1331394931"
    },
    {
      "type": "Feature",
      "properties": {
        "@id": "way/1340741506",
        "access": "customers",
        "amenity": "parking",
        "fee": "no",
        "maxstay": "15 minutes",
        "name": "BP Bubat",
        "operator": "SPBU BP Buahbatu",
        "parking": "surface",
        "surface": "paved"
      },
      "geometry": {
        "type": "Polygon",
        "coordinates": [
          [
            [107.6326547, -6.9476998],
            [107.6327013, -6.9476589],
            [107.6325671, -6.9475288],
            [107.632529, -6.9475697],
            [107.6326547, -6.9476998]
          ]
        ]
      },
      "id": "way/1340741506"
    },
    {
      "type": "Feature",
      "properties": {
        "@id": "way/1344575556",
        "access": "permit",
        "amenity": "parking",
        "name": "Summarecon Mall - Bongkar Muat Barat",
        "name:en": "Summarecon Mall - Western Loading Dock",
        "parking": "surface"
      },
      "geometry": {
        "type": "Polygon",
        "coordinates": [
          [
            [107.6963926, -6.9563331],
            [107.6964666, -6.9564451],
            [107.6967894, -6.9563193],
            [107.6966064, -6.955886],
            [107.6964831, -6.9559505],
            [107.6963926, -6.9563331]
          ]
        ]
      },
      "id": "way/1344575556"
    },
    {
      "type": "Feature",
      "properties": {
        "@id": "way/1349368397",
        "amenity": "parking"
      },
      "geometry": {
        "type": "Polygon",
        "coordinates": [
          [
            [107.6032781, -6.879413],
            [107.6032752, -6.8795805],
            [107.6034949, -6.8795381],
            [107.6035171, -6.8794245],
            [107.6032781, -6.879413]
          ]
        ]
      },
      "id": "way/1349368397"
    },
    {
      "type": "Feature",
      "properties": {
        "@id": "way/1359379074",
        "access": "customers",
        "amenity": "parking",
        "fee": "no",
        "lit": "sunset-sunrise",
        "maxstay": "15 minutes",
        "name": "BP Dago",
        "parking": "surface"
      },
      "geometry": {
        "type": "Polygon",
        "coordinates": [
          [
            [107.6137431, -6.8840033],
            [107.6137812, -6.8840126],
            [107.6138102, -6.8838904],
            [107.6137687, -6.8838812],
            [107.6137431, -6.8840033]
          ]
        ]
      },
      "id": "way/1359379074"
    },
    {
      "type": "Feature",
      "properties": {
        "@id": "way/1366752300",
        "access": "customers",
        "amenity": "parking",
        "covered": "yes",
        "fee": "yes",
        "name": "Tenth Avenue",
        "parking": "surface"
      },
      "geometry": {
        "type": "Polygon",
        "coordinates": [
          [
            [107.6406567, -6.9460314],
            [107.6406761, -6.946098],
            [107.6406372, -6.946271],
            [107.6407143, -6.9462844],
            [107.6414996, -6.9460873],
            [107.6415566, -6.9461106],
            [107.6416699, -6.9460827],
            [107.6416712, -6.9459382],
            [107.6416122, -6.9458577],
            [107.6414808, -6.9458351],
            [107.6406567, -6.9460314]
          ]
        ]
      },
      "id": "way/1366752300"
    },
    {
      "type": "Feature",
      "properties": {
        "@id": "way/1370426965",
        "amenity": "parking"
      },
      "geometry": {
        "type": "Polygon",
        "coordinates": [
          [
            [107.6226077, -6.9612308],
            [107.62258, -6.9615641],
            [107.6228157, -6.9615901],
            [107.622905, -6.9612522],
            [107.6226077, -6.9612308]
          ]
        ]
      },
      "id": "way/1370426965"
    },
    {
      "type": "Feature",
      "properties": {
        "@id": "way/1374354799",
        "amenity": "parking"
      },
      "geometry": {
        "type": "Polygon",
        "coordinates": [
          [
            [107.6318103, -6.8640101],
            [107.6319377, -6.8640979],
            [107.6320881, -6.8641998],
            [107.6323571, -6.863815],
            [107.6322191, -6.8637237],
            [107.6321607, -6.8637729],
            [107.6320899, -6.8637254],
            [107.6318103, -6.8640101]
          ]
        ]
      },
      "id": "way/1374354799"
    },
    {
      "type": "Feature",
      "properties": {
        "@id": "way/1386473356",
        "amenity": "parking"
      },
      "geometry": {
        "type": "Polygon",
        "coordinates": [
          [
            [107.6039556, -6.8721736],
            [107.604029, -6.8721964],
            [107.6040953, -6.8722099],
            [107.6042108, -6.8721797],
            [107.6042538, -6.8721464],
            [107.6043007, -6.8721165],
            [107.6043316, -6.8720972],
            [107.6043882, -6.8719795],
            [107.6044121, -6.8719215],
            [107.604398, -6.8718205],
            [107.6043095, -6.8718328],
            [107.6042838, -6.8719171],
            [107.6042538, -6.8719584],
            [107.6042246, -6.8719768],
            [107.6041511, -6.8719531],
            [107.6040759, -6.8720805],
            [107.6039954, -6.8721552],
            [107.6039556, -6.8721736]
          ]
        ]
      },
      "id": "way/1386473356"
    },
    {
      "type": "Feature",
      "properties": {
        "@id": "way/1391762877",
        "access": "customers",
        "amenity": "parking",
        "capacity": "11",
        "fee": "no",
        "lit": "sunset-sunrise",
        "name": "Soekarno Hatta (BNI Metro)",
        "name:etymology:wikidata": "Q76127;Q29050",
        "name:etymology:wikipedia": "id:Sukarno;id:Mohammad Hatta",
        "parking": "surface",
        "surface": "concrete"
      },
      "geometry": {
        "type": "Polygon",
        "coordinates": [
          [
            [107.6653572, -6.9392662],
            [107.6654687, -6.9392636],
            [107.6654667, -6.9391738],
            [107.6653565, -6.9391815],
            [107.6653572, -6.9392662]
          ]
        ]
      },
      "id": "way/1391762877"
    },
    {
      "type": "Feature",
      "properties": {
        "@id": "way/1391762878",
        "access": "customers",
        "amenity": "parking",
        "capacity": "20",
        "capacity:disabled": "2",
        "fee": "yes",
        "lit": "sunset-sunrise",
        "name": "Soekarno Hatta 574 (Almaz)",
        "name:etymology:wikidata": "Q76127;Q29050",
        "name:etymology:wikipedia": "id:Sukarno;id:Mohammad Hatta",
        "orientation": "perpendicular",
        "parking": "surface",
        "surface": "paved"
      },
      "geometry": {
        "type": "Polygon",
        "coordinates": [
          [
            [107.6650429, -6.9391747],
            [107.6650432, -6.9393028],
            [107.6651905, -6.9393013],
            [107.6651855, -6.9391615],
            [107.6650429, -6.9391747]
          ]
        ]
      },
      "id": "way/1391762878"
    },
    {
      "type": "Feature",
      "properties": {
        "@id": "way/1391762880",
        "access": "customers",
        "amenity": "parking",
        "capacity": "3",
        "fee": "no",
        "lit": "sunset-sunrise",
        "name": "Soekarno Hatta (Amandamart Go)",
        "name:etymology:wikidata": "Q76127;Q29050",
        "name:etymology:wikipedia": "id:Sukarno;id:Mohammad Hatta",
        "parking": "surface",
        "surface": "concrete"
      },
      "geometry": {
        "type": "Polygon",
        "coordinates": [
          [
            [107.6652255, -6.9392469],
            [107.6653376, -6.9392474],
            [107.6653319, -6.9391673],
            [107.6652217, -6.939175],
            [107.6652255, -6.9392469]
          ]
        ]
      },
      "id": "way/1391762880"
    },
    {
      "type": "Feature",
      "properties": {
        "@id": "way/1408887429",
        "amenity": "parking"
      },
      "geometry": {
        "type": "Polygon",
        "coordinates": [
          [
            [107.6016002, -6.9131644],
            [107.6013577, -6.9131899],
            [107.6013471, -6.9135381],
            [107.601586, -6.9135514],
            [107.6016002, -6.9131644]
          ]
        ]
      },
      "id": "way/1408887429"
    },
    {
      "type": "Feature",
      "properties": {
        "@id": "way/1418837601",
        "amenity": "parking"
      },
      "geometry": {
        "type": "Polygon",
        "coordinates": [
          [
            [107.5730328, -6.8858823],
            [107.5730192, -6.8859235],
            [107.5730067, -6.8859656],
            [107.5730988, -6.885991],
            [107.5731213, -6.8859062],
            [107.5730328, -6.8858823]
          ]
        ]
      },
      "id": "way/1418837601"
    },
    {
      "type": "Feature",
      "properties": {
        "@id": "way/1423487474",
        "access": "customers",
        "addr:city": "Bandung",
        "addr:country": "ID",
        "addr:housenumber": "182",
        "addr:province": "Jawa Barat",
        "addr:street": "Jalan Buah Batu",
        "amenity": "parking",
        "capacity": "3",
        "fee": "yes",
        "name": "Buahbatu 182 (Bu Mus)",
        "orientation": "perpendicular",
        "parking": "surface",
        "surface": "paved"
      },
      "geometry": {
        "type": "Polygon",
        "coordinates": [
          [
            [107.6247359, -6.939245],
            [107.6248003, -6.9393106],
            [107.6248329, -6.9392802],
            [107.624767, -6.9392134],
            [107.6247359, -6.939245]
          ]
        ]
      },
      "id": "way/1423487474"
    },
    {
      "type": "Feature",
      "properties": {
        "@id": "way/1431411340",
        "amenity": "parking"
      },
      "geometry": {
        "type": "Polygon",
        "coordinates": [
          [
            [107.6051473, -6.8716452],
            [107.6051048, -6.8718261],
            [107.6052109, -6.871844],
            [107.605256, -6.87167],
            [107.6051473, -6.8716452]
          ]
        ]
      },
      "id": "way/1431411340"
    },
    {
      "type": "Feature",
      "properties": {
        "@id": "way/1433212491",
        "access": "customers",
        "amenity": "parking",
        "capacity": "5",
        "name": "Raja Auto (SOU 1)",
        "parking": "surface"
      },
      "geometry": {
        "type": "Polygon",
        "coordinates": [
          [
            [107.688946, -6.9506461],
            [107.6888623, -6.950787],
            [107.6889882, -6.9508608],
            [107.6890719, -6.9507199],
            [107.688946, -6.9506461]
          ]
        ]
      },
      "id": "way/1433212491"
    },
    {
      "type": "Feature",
      "properties": {
        "@id": "way/1434798100",
        "amenity": "parking",
        "name": "Soekarno Hatta 560 (RKM)",
        "name:etymology:wikidata": "Q76127;Q29050",
        "name:etymology:wikipedia": "id:Sukarno;id:Mohammad Hatta",
        "parking": "surface"
      },
      "geometry": {
        "type": "Polygon",
        "coordinates": [
          [
            [107.6509637, -6.9427106],
            [107.6509396, -6.9428317],
            [107.6511563, -6.942789],
            [107.6511905, -6.9426372],
            [107.6509637, -6.9427106]
          ]
        ]
      },
      "id": "way/1434798100"
    },
    {
      "type": "Feature",
      "properties": {
        "@id": "way/1434798108",
        "access": "customers",
        "amenity": "parking",
        "name": "Kantor Pos Sekejati",
        "parking": "surface"
      },
      "geometry": {
        "type": "Polygon",
        "coordinates": [
          [
            [107.6505339, -6.9428557],
            [107.6505571, -6.9429276],
            [107.65083, -6.9428409],
            [107.6508068, -6.942769],
            [107.6505339, -6.9428557]
          ]
        ]
      },
      "id": "way/1434798108"
    },
    {
      "type": "Feature",
      "properties": {
        "@id": "way/1434798112",
        "amenity": "parking",
        "name": "Pos DC Bandung 40400",
        "parking": "surface"
      },
      "geometry": {
        "type": "Polygon",
        "coordinates": [
          [
            [107.6505406, -6.9430267],
            [107.6505017, -6.9432278],
            [107.6507435, -6.9432739],
            [107.6507824, -6.9430728],
            [107.6505406, -6.9430267]
          ]
        ]
      },
      "id": "way/1434798112"
    },
    {
      "type": "Feature",
      "properties": {
        "@id": "way/1434870201",
        "access": "customers",
        "amenity": "parking",
        "name": "Setiabudi Market",
        "parking": "surface"
      },
      "geometry": {
        "type": "Polygon",
        "coordinates": [
          [
            [107.692202, -6.955223],
            [107.6923824, -6.9554287],
            [107.6927157, -6.9551205],
            [107.6926479, -6.9549907],
            [107.6922225, -6.9551486],
            [107.6921725, -6.9551671],
            [107.6921263, -6.9551891],
            [107.6920907, -6.955211],
            [107.6920545, -6.9552357],
            [107.6920243, -6.9552623],
            [107.6919834, -6.9553016],
            [107.6920522, -6.9553655],
            [107.692192, -6.9552224],
            [107.692202, -6.955223]
          ]
        ]
      },
      "id": "way/1434870201"
    },
    {
      "type": "Feature",
      "properties": {
        "@id": "way/1442299048",
        "access": "private",
        "amenity": "parking",
        "name": "Soekarno Hatta (RSAI Doktor dan Fakultas)",
        "name:etymology:wikidata": "Q76127;Q29050",
        "name:etymology:wikipedia": "id:Sukarno;id:Mohammad Hatta",
        "parking": "surface"
      },
      "geometry": {
        "type": "Polygon",
        "coordinates": [
          [
            [107.6685274, -6.9397981],
            [107.6685275, -6.9398809],
            [107.6688313, -6.9399082],
            [107.6688306, -6.9399622],
            [107.6689808, -6.9399775],
            [107.6689868, -6.9398403],
            [107.6688038, -6.9398235],
            [107.6688058, -6.9398836],
            [107.6687059, -6.9398743],
            [107.6687065, -6.9398145],
            [107.6685274, -6.9397981]
          ]
        ]
      },
      "id": "way/1442299048"
    },
    {
      "type": "Feature",
      "properties": {
        "@id": "way/1442299049",
        "access": "private",
        "amenity": "parking",
        "name": "Soekarno Hatta (RSAI Doktor dan Fakultas)",
        "name:etymology:wikidata": "Q76127;Q29050",
        "name:etymology:wikipedia": "id:Sukarno;id:Mohammad Hatta",
        "parking": "surface"
      },
      "geometry": {
        "type": "Polygon",
        "coordinates": [
          [
            [107.6685711, -6.9396134],
            [107.6685664, -6.9396831],
            [107.6687481, -6.9396964],
            [107.6687521, -6.9396466],
            [107.6685711, -6.9396134]
          ]
        ]
      },
      "id": "way/1442299049"
    },
    {
      "type": "Feature",
      "properties": {
        "@id": "way/1442299050",
        "amenity": "parking",
        "name": "Soekarno Hatta (RSAI Mobil)",
        "name:etymology:wikidata": "Q76127;Q29050",
        "name:etymology:wikipedia": "id:Sukarno;id:Mohammad Hatta",
        "parking": "surface"
      },
      "geometry": {
        "type": "Polygon",
        "coordinates": [
          [
            [107.6684028, -6.9394736],
            [107.66812, -6.9394652],
            [107.6680782, -6.9397704],
            [107.6681641, -6.9397598],
            [107.6681446, -6.9400547],
            [107.6684618, -6.9401093],
            [107.6684732, -6.9397931],
            [107.6685274, -6.9397981],
            [107.6687065, -6.9398145],
            [107.6688038, -6.9398235],
            [107.6689868, -6.9398403],
            [107.6690009, -6.9395601],
            [107.6686321, -6.9395055],
            [107.6686194, -6.9395574],
            [107.6684859, -6.9395528],
            [107.6684021, -6.9395515],
            [107.6684028, -6.9394736]
          ]
        ]
      },
      "id": "way/1442299050"
    },
    {
      "type": "Feature",
      "properties": {
        "@id": "way/1442743443",
        "amenity": "parking",
        "surface": "paving_stones"
      },
      "geometry": {
        "type": "Polygon",
        "coordinates": [
          [
            [107.6700316, -6.915225],
            [107.6703152, -6.9153162],
            [107.6703333, -6.9151118],
            [107.6700926, -6.9150346],
            [107.6700316, -6.915225]
          ]
        ]
      },
      "id": "way/1442743443"
    },
    {
      "type": "Feature",
      "properties": {
        "@id": "way/1443175070",
        "access": "private",
        "amenity": "parking",
        "capacity": "4",
        "name": "Cynthia Club House",
        "parking": "surface",
        "parking_space": "normal"
      },
      "geometry": {
        "type": "Polygon",
        "coordinates": [
          [
            [107.6955649, -6.9623677],
            [107.6955711, -6.9623992],
            [107.6957231, -6.9623697],
            [107.6957169, -6.9623382],
            [107.6955649, -6.9623677]
          ]
        ]
      },
      "id": "way/1443175070"
    },
    {
      "type": "Feature",
      "properties": {
        "@id": "way/1443184750",
        "amenity": "parking",
        "name": ".HUB",
        "parking": "surface"
      },
      "geometry": {
        "type": "Polygon",
        "coordinates": [
          [
            [107.6976416, -6.9526857],
            [107.6976654, -6.9527329],
            [107.6977039, -6.9528048],
            [107.6977441, -6.9528671],
            [107.697785, -6.9529273],
            [107.6978226, -6.9529699],
            [107.6978625, -6.9530142],
            [107.6979275, -6.9530761],
            [107.6980293, -6.9531626],
            [107.6980724, -6.9531153],
            [107.6979731, -6.9530345],
            [107.6979024, -6.9529702],
            [107.6978655, -6.9529316],
            [107.6978313, -6.9528924],
            [107.6977928, -6.9528344],
            [107.6977539, -6.9527765],
            [107.697712, -6.9527066],
            [107.6976877, -6.9526628],
            [107.6976416, -6.9526857]
          ]
        ]
      },
      "id": "way/1443184750"
    },
    {
      "type": "Feature",
      "properties": {
        "@id": "way/1443235404",
        "access": "private",
        "amenity": "parking",
        "name": "Club House Xandari",
        "parking": "surface"
      },
      "geometry": {
        "type": "Polygon",
        "coordinates": [
          [
            [107.6969177, -6.9583767],
            [107.6969391, -6.95842],
            [107.6971759, -6.9583215],
            [107.6971527, -6.9582772],
            [107.6969177, -6.9583767]
          ]
        ]
      },
      "id": "way/1443235404"
    },
    {
      "type": "Feature",
      "properties": {
        "@id": "way/1446286064",
        "amenity": "parking",
        "name": "Ruko Mekar Utama Barat",
        "parking": "surface"
      },
      "geometry": {
        "type": "Polygon",
        "coordinates": [
          [
            [107.608213, -6.9541164],
            [107.6081897, -6.9541705],
            [107.6096743, -6.9548014],
            [107.6096976, -6.9547472],
            [107.608213, -6.9541164]
          ]
        ]
      },
      "id": "way/1446286064"
    },
    {
      "type": "Feature",
      "properties": {
        "@id": "way/1446286073",
        "amenity": "parking",
        "name": "Ruko Mekar Utama Barat",
        "parking": "surface"
      },
      "geometry": {
        "type": "Polygon",
        "coordinates": [
          [
            [107.6065687, -6.953416],
            [107.6065453, -6.9534702],
            [107.607843, -6.9540212],
            [107.6078663, -6.953967],
            [107.6065687, -6.953416]
          ]
        ]
      },
      "id": "way/1446286073"
    },
    {
      "type": "Feature",
      "properties": {
        "@id": "way/1461454240",
        "amenity": "parking"
      },
      "geometry": {
        "type": "Polygon",
        "coordinates": [
          [
            [107.6085868, -6.9214184],
            [107.6082368, -6.9213725],
            [107.6081704, -6.921843],
            [107.6082838, -6.9218644],
            [107.6082811, -6.9219283],
            [107.6085199, -6.92198],
            [107.6085868, -6.9214184]
          ]
        ]
      },
      "id": "way/1461454240"
    },
    {
      "type": "Feature",
      "properties": {
        "@id": "way/1462365259",
        "amenity": "parking",
        "parking": "surface"
      },
      "geometry": {
        "type": "Polygon",
        "coordinates": [
          [
            [107.5993396, -6.9525376],
            [107.5992659, -6.9525301],
            [107.5987507, -6.9524773],
            [107.598677, -6.9524697],
            [107.598665, -6.9524623],
            [107.59853, -6.9524505],
            [107.5985341, -6.9524042],
            [107.5985423, -6.9523117],
            [107.5986486, -6.9511614],
            [107.598783, -6.9502667],
            [107.5987358, -6.9502597],
            [107.5986014, -6.9511544],
            [107.5984962, -6.9523077],
            [107.598484, -6.9524465],
            [107.598477, -6.9525089],
            [107.5986709, -6.9525287],
            [107.5993334, -6.9525966],
            [107.5993396, -6.9525376]
          ]
        ]
      },
      "id": "way/1462365259"
    },
    {
      "type": "Feature",
      "properties": {
        "@id": "way/1462365260",
        "amenity": "parking",
        "parking": "surface"
      },
      "geometry": {
        "type": "Polygon",
        "coordinates": [
          [
            [107.5995629, -6.9525627],
            [107.5995566, -6.9526219],
            [107.5998405, -6.9526519],
            [107.5998469, -6.9525927],
            [107.5995629, -6.9525627]
          ]
        ]
      },
      "id": "way/1462365260"
    },
    {
      "type": "Feature",
      "properties": {
        "@id": "way/1465245603",
        "amenity": "parking"
      },
      "geometry": {
        "type": "Polygon",
        "coordinates": [
          [
            [107.6822719, -6.9674909],
            [107.6821505, -6.9674543],
            [107.6821373, -6.9674974],
            [107.6822419, -6.9675338],
            [107.682353, -6.9675341],
            [107.6823736, -6.9675215],
            [107.6823809, -6.9673864],
            [107.6823094, -6.9673684],
            [107.6822719, -6.9674909]
          ]
        ]
      },
      "id": "way/1465245603"
    },
    {
      "type": "Feature",
      "properties": {
        "@id": "way/1465245621",
        "amenity": "parking",
        "maxstay": "240 minutes",
        "name": "Rest Area KM 149 (Area Komersil)",
        "parking": "surface"
      },
      "geometry": {
        "type": "Polygon",
        "coordinates": [
          [
            [107.6813527, -6.9682841],
            [107.6814876, -6.968156],
            [107.681492, -6.9680435],
            [107.6814982, -6.9678863],
            [107.6814196, -6.9678842],
            [107.6813149, -6.9678762],
            [107.6813156, -6.9677458],
            [107.6813612, -6.9677471],
            [107.6814082, -6.9676739],
            [107.6815188, -6.9677198],
            [107.6815329, -6.9674283],
            [107.6814765, -6.9673424],
            [107.6813766, -6.9673404],
            [107.681371, -6.9674855],
            [107.6811391, -6.9674766],
            [107.6811175, -6.9680291],
            [107.6811169, -6.9680439],
            [107.681113, -6.9681416],
            [107.6809809, -6.9681365],
            [107.6809757, -6.9682685],
            [107.6813527, -6.9682841]
          ]
        ]
      },
      "id": "way/1465245621"
    },
    {
      "type": "Feature",
      "properties": {
        "@id": "way/1465245622",
        "amenity": "parking",
        "maxstay": "1 day",
        "name": "Rest Area KM 149 (Mobil Kecil)",
        "parking": "surface"
      },
      "geometry": {
        "type": "Polygon",
        "coordinates": [
          [
            [107.6810561, -6.9666648],
            [107.68103, -6.9672745],
            [107.6811012, -6.9672775],
            [107.6811273, -6.9666679],
            [107.6810561, -6.9666648]
          ]
        ]
      },
      "id": "way/1465245622"
    },
    {
      "type": "Feature",
      "properties": {
        "@id": "way/1465245623",
        "amenity": "parking",
        "maxstay": "1 day",
        "name": "Rest Area KM 149 (Truk / Bus)",
        "parking": "surface"
      },
      "geometry": {
        "type": "Polygon",
        "coordinates": [
          [
            [107.6811902, -6.9665637],
            [107.6811824, -6.9667049],
            [107.6816357, -6.9667295],
            [107.6816435, -6.9665883],
            [107.6811902, -6.9665637]
          ]
        ]
      },
      "id": "way/1465245623"
    },
    {
      "type": "Feature",
      "properties": {
        "@id": "way/1467745400",
        "access": "private",
        "amenity": "parking",
        "parking": "surface"
      },
      "geometry": {
        "type": "Polygon",
        "coordinates": [
          [
            [107.6093347, -6.911778],
            [107.6093309, -6.9123983],
            [107.6094171, -6.9123988],
            [107.6094157, -6.9126165],
            [107.609532, -6.9126183],
            [107.6095361, -6.9124445],
            [107.6099992, -6.9124612],
            [107.6101123, -6.9124653],
            [107.6101838, -6.9124679],
            [107.610185, -6.9124338],
            [107.6101954, -6.9121524],
            [107.610208, -6.9118074],
            [107.6101346, -6.9118047],
            [107.6100688, -6.9118024],
            [107.6098084, -6.9117929],
            [107.6095644, -6.9117841],
            [107.6093347, -6.911778]
          ]
        ]
      },
      "id": "way/1467745400"
    },
    {
      "type": "Feature",
      "properties": {
        "@id": "way/1469407756",
        "access": "customers",
        "amenity": "parking",
        "fee": "yes",
        "name": "Soekarno Hatta 252 (Soto Seger Boyolali)",
        "name:etymology:wikidata": "Q76127;Q29050",
        "name:etymology:wikipedia": "id:Sukarno;id:Mohammad Hatta",
        "parking": "surface",
        "smoothness": "excellent",
        "surface": "asphalt"
      },
      "geometry": {
        "type": "Polygon",
        "coordinates": [
          [
            [107.666012, -6.9393654],
            [107.6662099, -6.9393867],
            [107.666225, -6.9391335],
            [107.6660427, -6.9391112],
            [107.666012, -6.9393654]
          ]
        ]
      },
      "id": "way/1469407756"
    },
    {
      "type": "Feature",
      "properties": {
        "@id": "way/1469407758",
        "access": "customers",
        "amenity": "parking",
        "name": "Soekarno Hatta 250 (BSI)",
        "name:etymology:wikidata": "Q76127;Q29050",
        "name:etymology:wikipedia": "id:Sukarno;id:Mohammad Hatta",
        "parking": "surface"
      },
      "geometry": {
        "type": "Polygon",
        "coordinates": [
          [
            [107.665867, -6.9392719],
            [107.6660115, -6.9392806],
            [107.6660308, -6.9391103],
            [107.6658707, -6.939113],
            [107.665867, -6.9392719]
          ]
        ]
      },
      "id": "way/1469407758"
    },
    {
      "type": "Feature",
      "properties": {
        "@id": "way/1474064113",
        "access": "customers",
        "amenity": "parking",
        "operator": "Hilton",
        "operator:type": "business"
      },
      "geometry": {
        "type": "Polygon",
        "coordinates": [
          [
            [107.5976291, -6.9135953],
            [107.5976185, -6.9138676],
            [107.5979759, -6.9138728],
            [107.5979671, -6.9135935],
            [107.5976291, -6.9135953]
          ]
        ]
      },
      "id": "way/1474064113"
    },
    {
      "type": "Feature",
      "properties": {
        "@id": "way/1476048066",
        "access": "customers",
        "amenity": "parking",
        "capacity": "2",
        "fee": "yes",
        "lit": "sunset-sunrise",
        "maxstay": "1 hour",
        "name": "Riau 70 (Family Mart)",
        "opening_hours": "Mo-Su 06:00-24:15",
        "parking": "surface",
        "supervised": "yes",
        "surface": "concrete"
      },
      "geometry": {
        "type": "Polygon",
        "coordinates": [
          [
            [107.6208291, -6.9060846],
            [107.6208472, -6.9059903],
            [107.6207969, -6.9059808],
            [107.6207788, -6.9060751],
            [107.6208291, -6.9060846]
          ]
        ]
      },
      "id": "way/1476048066"
    },
    {
      "type": "Feature",
      "properties": {
        "@id": "way/1476048093",
        "access": "customers",
        "amenity": "parking",
        "capacity": "6",
        "fee": "yes",
        "lit": "sunset-sunrise",
        "maxstay": "1 hour",
        "name": "Gatot Subroto 164 (Family Mart)",
        "opening_hours": "Mo-Su 06:00-24:15",
        "parking": "surface",
        "supervised": "yes"
      },
      "geometry": {
        "type": "Polygon",
        "coordinates": [
          [
            [107.6363606, -6.9280508],
            [107.6364259, -6.9280689],
            [107.6364473, -6.9279929],
            [107.6363819, -6.9279748],
            [107.6363606, -6.9280508]
          ]
        ]
      },
      "id": "way/1476048093"
    },
    {
      "type": "Feature",
      "properties": {
        "@id": "way/1476131582",
        "amenity": "parking"
      },
      "geometry": {
        "type": "Polygon",
        "coordinates": [
          [
            [107.5910831, -6.9472072],
            [107.5913196, -6.9472661],
            [107.5914975, -6.9465458],
            [107.5912742, -6.9464686],
            [107.5910831, -6.9472072]
          ]
        ]
      },
      "id": "way/1476131582"
    },
    {
      "type": "Feature",
      "properties": {
        "@id": "way/1477373346",
        "access": "private",
        "amenity": "parking",
        "parking": "surface"
      },
      "geometry": {
        "type": "Polygon",
        "coordinates": [
          [
            [107.6317661, -6.9179166],
            [107.6318005, -6.9179866],
            [107.6318283, -6.9179732],
            [107.6319262, -6.9181727],
            [107.6320629, -6.9181067],
            [107.6319924, -6.917963],
            [107.6319713, -6.9179732],
            [107.6319095, -6.9178472],
            [107.6317661, -6.9179166]
          ]
        ]
      },
      "id": "way/1477373346"
    },
    {
      "type": "Feature",
      "properties": {
        "@id": "way/1477373349",
        "access": "private",
        "amenity": "parking",
        "building": "yes",
        "parking": "multi-storey"
      },
      "geometry": {
        "type": "Polygon",
        "coordinates": [
          [
            [107.6318949, -6.9177995],
            [107.6319742, -6.9179568],
            [107.6320479, -6.9179201],
            [107.6319686, -6.9177628],
            [107.6318949, -6.9177995]
          ]
        ]
      },
      "id": "way/1477373349"
    },
    {
      "type": "Feature",
      "properties": {
        "@id": "way/1479784710",
        "amenity": "parking"
      },
      "geometry": {
        "type": "Polygon",
        "coordinates": [
          [
            [107.600977, -6.9153813],
            [107.6009597, -6.91529],
            [107.6007096, -6.9153365],
            [107.6007218, -6.9154007],
            [107.6008647, -6.9153741],
            [107.6008822, -6.9154665],
            [107.6009622, -6.9154516],
            [107.6009932, -6.9156155],
            [107.6013558, -6.915548],
            [107.6013126, -6.9153189],
            [107.600977, -6.9153813]
          ]
        ]
      },
      "id": "way/1479784710"
    },
    {
      "type": "Feature",
      "properties": {
        "@id": "way/1485793847",
        "access": "private",
        "amenity": "parking",
        "parking": "surface"
      },
      "geometry": {
        "type": "Polygon",
        "coordinates": [
          [
            [107.6025818, -6.9147176],
            [107.6025794, -6.914761],
            [107.6027066, -6.9147679],
            [107.602709, -6.9147244],
            [107.6025818, -6.9147176]
          ]
        ]
      },
      "id": "way/1485793847"
    },
    {
      "type": "Feature",
      "properties": {
        "@id": "way/1486792488",
        "access": "customers",
        "amenity": "parking",
        "capacity": "2",
        "covered": "yes",
        "name": "Raya Nanjung (Indomaret)",
        "parking": "surface"
      },
      "geometry": {
        "type": "Polygon",
        "coordinates": [
          [
            [107.5400378, -6.9312953],
            [107.5400624, -6.9313144],
            [107.5400848, -6.931331],
            [107.5401105, -6.9312621],
            [107.5400823, -6.93124],
            [107.5400378, -6.9312953]
          ]
        ]
      },
      "id": "way/1486792488"
    },
    {
      "type": "Feature",
      "properties": {
        "@id": "way/1488398512",
        "amenity": "parking"
      },
      "geometry": {
        "type": "Polygon",
        "coordinates": [
          [
            [107.5806769, -6.8876283],
            [107.5806707, -6.8878145],
            [107.5809083, -6.8878222],
            [107.5809144, -6.887636],
            [107.5806769, -6.8876283]
          ]
        ]
      },
      "id": "way/1488398512"
    },
    {
      "type": "Feature",
      "properties": {
        "@id": "way/1491141033",
        "access": "private",
        "amenity": "parking",
        "building": "yes",
        "name": "Ivora Club House"
      },
      "geometry": {
        "type": "Polygon",
        "coordinates": [
          [
            [107.6970796, -6.945467],
            [107.6970752, -6.9455187],
            [107.697379, -6.9455441],
            [107.6973834, -6.9454924],
            [107.6970796, -6.945467]
          ]
        ]
      },
      "id": "way/1491141033"
    },
    {
      "type": "Feature",
      "properties": {
        "@id": "way/1491377369",
        "access": "customers",
        "amenity": "parking",
        "name": "Kawaluyaan Indah Raya (Yomart)",
        "parking": "surface"
      },
      "geometry": {
        "type": "Polygon",
        "coordinates": [
          [
            [107.6612739, -6.9342297],
            [107.6614275, -6.9343109],
            [107.6614398, -6.9342879],
            [107.6612862, -6.9342068],
            [107.6612739, -6.9342297]
          ]
        ]
      },
      "id": "way/1491377369"
    },
    {
      "type": "Feature",
      "properties": {
        "@id": "way/1495959930",
        "amenity": "parking"
      },
      "geometry": {
        "type": "Polygon",
        "coordinates": [
          [
            [107.6036985, -6.9342887],
            [107.6035208, -6.9342781],
            [107.6033937, -6.936384],
            [107.6035715, -6.9363946],
            [107.6036985, -6.9342887]
          ]
        ]
      },
      "id": "way/1495959930"
    },
    {
      "type": "Feature",
      "properties": {
        "@id": "way/1498227338",
        "amenity": "parking"
      },
      "geometry": {
        "type": "Polygon",
        "coordinates": [
          [
            [107.5550778, -6.883182],
            [107.5550468, -6.8832563],
            [107.5551625, -6.8833039],
            [107.5551698, -6.8832879],
            [107.5551935, -6.8832296],
            [107.5550778, -6.883182]
          ]
        ]
      },
      "id": "way/1498227338"
    },
    {
      "type": "Feature",
      "properties": {
        "@id": "way/1509691287",
        "access": "private",
        "addr:housenumber": "34",
        "addr:street": "Jalan Kawaluyaan Indah I",
        "amenity": "parking",
        "parking": "surface"
      },
      "geometry": {
        "type": "Polygon",
        "coordinates": [
          [
            [107.6609622, -6.9345123],
            [107.6610403, -6.9343666],
            [107.6609482, -6.934318],
            [107.6608701, -6.9344636],
            [107.6609622, -6.9345123]
          ]
        ]
      },
      "id": "way/1509691287"
    },
    {
      "type": "Feature",
      "properties": {
        "@id": "way/1509691306",
        "access": "private",
        "amenity": "parking",
        "parking": "surface"
      },
      "geometry": {
        "type": "Polygon",
        "coordinates": [
          [
            [107.6628905, -6.9351106],
            [107.6629616, -6.9351452],
            [107.6630561, -6.9351822],
            [107.6630461, -6.9352045],
            [107.6631638, -6.9352601],
            [107.6631457, -6.9353043],
            [107.6633083, -6.9353529],
            [107.6633428, -6.9353626],
            [107.6633978, -6.9353899],
            [107.6634337, -6.9354258],
            [107.6634122, -6.9353852],
            [107.6633921, -6.9353482],
            [107.6633643, -6.9353103],
            [107.6633264, -6.9352734],
            [107.6632613, -6.9352281],
            [107.6631889, -6.9351875],
            [107.6629033, -6.9350394],
            [107.6628905, -6.9351106]
          ]
        ]
      },
      "id": "way/1509691306"
    },
    {
      "type": "Feature",
      "properties": {
        "@id": "way/1515281389",
        "access": "private",
        "amenity": "parking",
        "parking": "surface"
      },
      "geometry": {
        "type": "Polygon",
        "coordinates": [
          [
            [107.5924776, -6.918313],
            [107.5924573, -6.9184126],
            [107.5922421, -6.9183635],
            [107.5922116, -6.9184905],
            [107.5923439, -6.9186709],
            [107.5929211, -6.9187575],
            [107.5929546, -6.9185454],
            [107.5928833, -6.9185367],
            [107.5928513, -6.9184097],
            [107.5924776, -6.918313]
          ]
        ]
      },
      "id": "way/1515281389"
    },
    {
      "type": "Feature",
      "properties": {
        "@id": "way/1515550319",
        "amenity": "parking",
        "name": "RTH Bumi Asri Sukapura",
        "parking": "surface"
      },
      "geometry": {
        "type": "Polygon",
        "coordinates": [
          [
            [107.6546224, -6.9293287],
            [107.654568, -6.9293005],
            [107.6545617, -6.9294286],
            [107.6545609, -6.9294505],
            [107.6545661, -6.9294681],
            [107.6545767, -6.929483],
            [107.6545916, -6.9294938],
            [107.6546103, -6.9294994],
            [107.6546297, -6.9294984],
            [107.6546476, -6.929491],
            [107.6546618, -6.9294782],
            [107.6547159, -6.9293808],
            [107.6548059, -6.929211],
            [107.6547107, -6.9291613],
            [107.6546224, -6.9293287]
          ]
        ]
      },
      "id": "way/1515550319"
    },
    {
      "type": "Feature",
      "properties": {
        "@id": "way/1515964633",
        "access": "private",
        "amenity": "parking",
        "name": "Alun Alun Griya Caraka",
        "parking": "surface"
      },
      "geometry": {
        "type": "Polygon",
        "coordinates": [
          [
            [107.6733273, -6.9320083],
            [107.6733213, -6.932053],
            [107.6732938, -6.9322194],
            [107.6732288, -6.932473],
            [107.6734906, -6.9325447],
            [107.6735412, -6.9323778],
            [107.6733407, -6.9323419],
            [107.6733991, -6.9320214],
            [107.6733273, -6.9320083]
          ]
        ]
      },
      "id": "way/1515964633"
    },
    {
      "type": "Feature",
      "properties": {
        "@id": "way/1521087382",
        "access": "customers",
        "amenity": "parking",
        "name": "Kiaracondong 419 (Borma)",
        "orientation": "perpendicular",
        "parking": "surface"
      },
      "geometry": {
        "type": "Polygon",
        "coordinates": [
          [
            [107.6419232, -6.9429913],
            [107.6419223, -6.942917],
            [107.6419252, -6.9428025],
            [107.6419278, -6.9427554],
            [107.6417689, -6.9427437],
            [107.6417192, -6.9427401],
            [107.6417129, -6.9428018],
            [107.6417338, -6.9428039],
            [107.6417245, -6.9428956],
            [107.6416836, -6.9428916],
            [107.6416806, -6.9429209],
            [107.6416915, -6.9429219],
            [107.6416871, -6.9429653],
            [107.6417484, -6.942972],
            [107.6419232, -6.9429913]
          ]
        ]
      },
      "id": "way/1521087382"
    },
    {
      "type": "Feature",
      "properties": {
        "@id": "way/1526457449",
        "access": "customers",
        "amenity": "parking",
        "fee": "yes",
        "name": "AH Nasution (Borma Pasir Impun)",
        "parking": "surface",
        "payment:cash": "only",
        "smoothness": "intermediate",
        "surface": "concrete"
      },
      "geometry": {
        "type": "Polygon",
        "coordinates": [
          [
            [107.676045, -6.9046651],
            [107.6760568, -6.9046672],
            [107.6760633, -6.9045899],
            [107.6760508, -6.9045908],
            [107.6760106, -6.9045846],
            [107.6760168, -6.9045375],
            [107.6760211, -6.9045045],
            [107.6760292, -6.9044702],
            [107.6760122, -6.9044669],
            [107.6760181, -6.9044358],
            [107.675897, -6.9044132],
            [107.6759086, -6.9043521],
            [107.6758122, -6.9043342],
            [107.6757367, -6.9043555],
            [107.6757136, -6.9046148],
            [107.6757668, -6.904626],
            [107.676045, -6.9046651]
          ]
        ]
      },
      "id": "way/1526457449"
    },
    {
      "type": "Feature",
      "properties": {
        "@id": "way/1526457451",
        "access": "customers",
        "amenity": "parking",
        "name": "AH Nasution (FamilyMart)",
        "parking": "surface"
      },
      "geometry": {
        "type": "Polygon",
        "coordinates": [
          [
            [107.6769393, -6.9049013],
            [107.6770326, -6.9049113],
            [107.6770406, -6.9048267],
            [107.6769474, -6.9048275],
            [107.6769393, -6.9049013]
          ]
        ]
      },
      "id": "way/1526457451"
    },
    {
      "type": "Feature",
      "properties": {
        "@id": "way/1526457455",
        "access": "customers",
        "amenity": "parking",
        "branch": "Sukamiskin",
        "name": "AH Nasution (Momoyo)",
        "parking": "surface"
      },
      "geometry": {
        "type": "Polygon",
        "coordinates": [
          [
            [107.6769136, -6.9046225],
            [107.6768975, -6.9047002],
            [107.676955, -6.9047025],
            [107.6769849, -6.9047036],
            [107.6769862, -6.9046253],
            [107.6769565, -6.9046242],
            [107.6769136, -6.9046225]
          ]
        ]
      },
      "id": "way/1526457455"
    },
    {
      "type": "Feature",
      "properties": {
        "@id": "way/1526648736",
        "access": "customers",
        "amenity": "parking",
        "capacity": "5",
        "name": "Terusan Jakarta (BNI Antapani)",
        "parking": "surface"
      },
      "geometry": {
        "type": "Polygon",
        "coordinates": [
          [
            [107.6515429, -6.9124988],
            [107.6514834, -6.9124891],
            [107.651479, -6.912515],
            [107.6514649, -6.9125966],
            [107.6514907, -6.9125947],
            [107.6515291, -6.912592],
            [107.6515429, -6.9124988]
          ]
        ]
      },
      "id": "way/1526648736"
    },
    {
      "type": "Feature",
      "properties": {
        "@id": "way/1528373939",
        "amenity": "parking",
        "capacity": "10",
        "name": "Ciganitri (Alfamidi)",
        "parking": "surface",
        "surface": "paved"
      },
      "geometry": {
        "type": "Polygon",
        "coordinates": [
          [
            [107.6407708, -6.9704352],
            [107.640756, -6.9705044],
            [107.6409433, -6.9705436],
            [107.6409589, -6.9704735],
            [107.6409068, -6.9704634],
            [107.6407708, -6.9704352]
          ]
        ]
      },
      "id": "way/1528373939"
    },
    {
      "type": "Feature",
      "properties": {
        "@id": "way/1528388127",
        "access": "customers",
        "amenity": "parking",
        "name": "Podomoro Park (Alfamidi Super)",
        "parking": "surface"
      },
      "geometry": {
        "type": "Polygon",
        "coordinates": [
          [
            [107.6387761, -6.9762166],
            [107.6387461, -6.9764569],
            [107.6388264, -6.9764369],
            [107.6389638, -6.9764133],
            [107.6390147, -6.9764067],
            [107.6390841, -6.9764094],
            [107.6390953, -6.9762555],
            [107.6387761, -6.9762166]
          ]
        ]
      },
      "id": "way/1528388127"
    },
    {
      "type": "Feature",
      "properties": {
        "@id": "way/1533976634",
        "access": "private",
        "amenity": "parking",
        "operator": "Unikom",
        "operator:type": "private",
        "parking": "surface"
      },
      "geometry": {
        "type": "Polygon",
        "coordinates": [
          [
            [107.6143532, -6.8859525],
            [107.6142713, -6.8859939],
            [107.6143384, -6.8861943],
            [107.6146318, -6.8861048],
            [107.6147867, -6.8865835],
            [107.6148575, -6.8865621],
            [107.6146935, -6.8860245],
            [107.6146519, -6.8859289],
            [107.6146257, -6.8858808],
            [107.6143747, -6.8860039],
            [107.6143532, -6.8859525]
          ]
        ]
      },
      "id": "way/1533976634"
    },
    {
      "type": "Feature",
      "properties": {
        "@id": "way/1533976639",
        "access": "private",
        "amenity": "parking",
        "parking": "surface"
      },
      "geometry": {
        "type": "Polygon",
        "coordinates": [
          [
            [107.6149762, -6.8864516],
            [107.6150361, -6.8866206],
            [107.6152003, -6.8865641],
            [107.6151373, -6.886389],
            [107.6149762, -6.8864516]
          ]
        ]
      },
      "id": "way/1533976639"
    },
    {
      "type": "Feature",
      "properties": {
        "@id": "way/1539025162",
        "access": "yes",
        "amenity": "parking",
        "fee": "no",
        "operator": "Masjid Al-Aziz",
        "operator:type": "religious",
        "parking": "surface",
        "surface": "asphalt"
      },
      "geometry": {
        "type": "Polygon",
        "coordinates": [
          [
            [107.6729677, -6.9387556],
            [107.6732088, -6.9388575],
            [107.6731605, -6.9389278],
            [107.6732495, -6.9389628],
            [107.6732805, -6.9386303],
            [107.6730244, -6.9386336],
            [107.6729677, -6.9387556]
          ]
        ]
      },
      "id": "way/1539025162"
    },
    {
      "type": "Feature",
      "properties": {
        "@id": "way/1539025163",
        "amenity": "parking",
        "fee": "yes",
        "operator": "Borma",
        "operator:type": "business",
        "parking": "surface",
        "payment:cash": "yes",
        "surface": "asphalt"
      },
      "geometry": {
        "type": "Polygon",
        "coordinates": [
          [
            [107.677155, -6.9419734],
            [107.6771625, -6.9418004],
            [107.6769121, -6.9417758],
            [107.6769097, -6.9416264],
            [107.6769062, -6.941416],
            [107.6764851, -6.9414174],
            [107.676478, -6.9416137],
            [107.6768729, -6.9416271],
            [107.6768777, -6.9418018],
            [107.6768822, -6.9419662],
            [107.677155, -6.9419734]
          ]
        ]
      },
      "id": "way/1539025163"
    },
    {
      "type": "Feature",
      "properties": {
        "@id": "node/1908504199",
        "amenity": "parking",
        "fee": "yes",
        "park_ride": "no",
        "parking": "multi-storey",
        "supervised": "yes",
        "surface": "concrete"
      },
      "geometry": {
        "type": "Point",
        "coordinates": [107.6360338, -6.9251062]
      },
      "id": "node/1908504199"
    },
    {
      "type": "Feature",
      "properties": {
        "@id": "node/2494655263",
        "amenity": "parking",
        "name": "Mutiara super kitchen",
        "name:en": "Mutiara Super Kitchen"
      },
      "geometry": {
        "type": "Point",
        "coordinates": [107.6273707, -6.9492167]
      },
      "id": "node/2494655263"
    },
    {
      "type": "Feature",
      "properties": {
        "@id": "node/3806721862",
        "amenity": "parking"
      },
      "geometry": {
        "type": "Point",
        "coordinates": [107.6188209, -6.8746921]
      },
      "id": "node/3806721862"
    },
    {
      "type": "Feature",
      "properties": {
        "@id": "node/3806721869",
        "amenity": "parking"
      },
      "geometry": {
        "type": "Point",
        "coordinates": [107.6187559, -6.8748644]
      },
      "id": "node/3806721869"
    },
    {
      "type": "Feature",
      "properties": {
        "@id": "node/3806721877",
        "amenity": "parking"
      },
      "geometry": {
        "type": "Point",
        "coordinates": [107.6186686, -6.8750941]
      },
      "id": "node/3806721877"
    },
    {
      "type": "Feature",
      "properties": {
        "@id": "node/3806722463",
        "amenity": "parking"
      },
      "geometry": {
        "type": "Point",
        "coordinates": [107.6167146, -6.8800319]
      },
      "id": "node/3806722463"
    },
    {
      "type": "Feature",
      "properties": {
        "@id": "node/3806722647",
        "amenity": "parking"
      },
      "geometry": {
        "type": "Point",
        "coordinates": [107.6151707, -6.8828308]
      },
      "id": "node/3806722647"
    },
    {
      "type": "Feature",
      "properties": {
        "@id": "node/3806722789",
        "access": "yes",
        "amenity": "parking",
        "parking": "surface"
      },
      "geometry": {
        "type": "Point",
        "coordinates": [107.6136733, -6.8845788]
      },
      "id": "node/3806722789"
    },
    {
      "type": "Feature",
      "properties": {
        "@id": "node/3806722808",
        "access": "customers",
        "amenity": "parking",
        "fee": "yes",
        "parking": "surface"
      },
      "geometry": {
        "type": "Point",
        "coordinates": [107.6135444, -6.8850805]
      },
      "id": "node/3806722808"
    },
    {
      "type": "Feature",
      "properties": {
        "@id": "node/3806758513",
        "access": "customers",
        "amenity": "parking",
        "fee": "no",
        "parking": "surface"
      },
      "geometry": {
        "type": "Point",
        "coordinates": [107.6192528, -6.874418]
      },
      "id": "node/3806758513"
    },
    {
      "type": "Feature",
      "properties": {
        "@id": "node/3807746768",
        "amenity": "parking"
      },
      "geometry": {
        "type": "Point",
        "coordinates": [107.6207909, -6.8675233]
      },
      "id": "node/3807746768"
    },
    {
      "type": "Feature",
      "properties": {
        "@id": "node/3809375130",
        "amenity": "parking"
      },
      "geometry": {
        "type": "Point",
        "coordinates": [107.6198701, -6.8707741]
      },
      "id": "node/3809375130"
    },
    {
      "type": "Feature",
      "properties": {
        "@id": "node/3881620150",
        "amenity": "parking",
        "parking": "sheds"
      },
      "geometry": {
        "type": "Point",
        "coordinates": [107.6360996, -6.9251169]
      },
      "id": "node/3881620150"
    },
    {
      "type": "Feature",
      "properties": {
        "@id": "node/3881620152",
        "amenity": "parking",
        "parking": "underground"
      },
      "geometry": {
        "type": "Point",
        "coordinates": [107.6361545, -6.9251222]
      },
      "id": "node/3881620152"
    },
    {
      "type": "Feature",
      "properties": {
        "@id": "node/4041390434",
        "amenity": "parking"
      },
      "geometry": {
        "type": "Point",
        "coordinates": [107.5895716, -6.8521612]
      },
      "id": "node/4041390434"
    },
    {
      "type": "Feature",
      "properties": {
        "@id": "node/4041494699",
        "amenity": "parking"
      },
      "geometry": {
        "type": "Point",
        "coordinates": [107.5866407, -6.8513505]
      },
      "id": "node/4041494699"
    },
    {
      "type": "Feature",
      "properties": {
        "@id": "node/5116276850",
        "access": "permissive",
        "amenity": "parking",
        "parking": "surface"
      },
      "geometry": {
        "type": "Point",
        "coordinates": [107.6104522, -6.8923886]
      },
      "id": "node/5116276850"
    },
    {
      "type": "Feature",
      "properties": {
        "@id": "node/5116276851",
        "access": "private",
        "amenity": "parking",
        "parking": "surface"
      },
      "geometry": {
        "type": "Point",
        "coordinates": [107.6107205, -6.892551]
      },
      "id": "node/5116276851"
    },
    {
      "type": "Feature",
      "properties": {
        "@id": "node/5116276852",
        "access": "private",
        "amenity": "parking"
      },
      "geometry": {
        "type": "Point",
        "coordinates": [107.6101438, -6.8925724]
      },
      "id": "node/5116276852"
    },
    {
      "type": "Feature",
      "properties": {
        "@id": "node/5116276853",
        "access": "private",
        "amenity": "parking",
        "parking": "surface"
      },
      "geometry": {
        "type": "Point",
        "coordinates": [107.6094732, -6.8927428]
      },
      "id": "node/5116276853"
    },
    {
      "type": "Feature",
      "properties": {
        "@id": "node/5395278865",
        "amenity": "parking",
        "layer": "-1",
        "parking": "underground"
      },
      "geometry": {
        "type": "Point",
        "coordinates": [107.6372912, -6.9243959]
      },
      "id": "node/5395278865"
    },
    {
      "type": "Feature",
      "properties": {
        "@id": "node/6883919376",
        "amenity": "parking"
      },
      "geometry": {
        "type": "Point",
        "coordinates": [107.6403784, -6.8761555]
      },
      "id": "node/6883919376"
    },
    {
      "type": "Feature",
      "properties": {
        "@id": "node/9676827222",
        "amenity": "parking"
      },
      "geometry": {
        "type": "Point",
        "coordinates": [107.6181476, -6.883136]
      },
      "id": "node/9676827222"
    },
    {
      "type": "Feature",
      "properties": {
        "@id": "node/9676827224",
        "amenity": "parking"
      },
      "geometry": {
        "type": "Point",
        "coordinates": [107.6168502, -6.8851793]
      },
      "id": "node/9676827224"
    },
    {
      "type": "Feature",
      "properties": {
        "@id": "node/10967738639",
        "amenity": "parking"
      },
      "geometry": {
        "type": "Point",
        "coordinates": [107.6096788, -6.8851927]
      },
      "id": "node/10967738639"
    },
    {
      "type": "Feature",
      "properties": {
        "@id": "node/10967738640",
        "amenity": "parking"
      },
      "geometry": {
        "type": "Point",
        "coordinates": [107.6096788, -6.8850732]
      },
      "id": "node/10967738640"
    },
    {
      "type": "Feature",
      "properties": {
        "@id": "node/11076709133",
        "amenity": "parking"
      },
      "geometry": {
        "type": "Point",
        "coordinates": [107.6094628, -6.9103179]
      },
      "id": "node/11076709133"
    },
    {
      "type": "Feature",
      "properties": {
        "@id": "node/11104669198",
        "access": "customers",
        "amenity": "parking",
        "fee": "yes",
        "parking": "surface"
      },
      "geometry": {
        "type": "Point",
        "coordinates": [107.6135584, -6.8913]
      },
      "id": "node/11104669198"
    },
    {
      "type": "Feature",
      "properties": {
        "@id": "node/11181448953",
        "access": "yes",
        "amenity": "parking",
        "fee": "yes",
        "parking": "surface"
      },
      "geometry": {
        "type": "Point",
        "coordinates": [107.6279449, -6.9247967]
      },
      "id": "node/11181448953"
    },
    {
      "type": "Feature",
      "properties": {
        "@id": "node/11181449068",
        "access": "yes",
        "amenity": "parking",
        "fee": "yes",
        "parking": "surface"
      },
      "geometry": {
        "type": "Point",
        "coordinates": [107.6065843, -6.9391239]
      },
      "id": "node/11181449068"
    },
    {
      "type": "Feature",
      "properties": {
        "@id": "node/11310192468",
        "amenity": "parking"
      },
      "geometry": {
        "type": "Point",
        "coordinates": [107.575499, -6.9302268]
      },
      "id": "node/11310192468"
    },
    {
      "type": "Feature",
      "properties": {
        "@id": "node/11310242469",
        "amenity": "parking"
      },
      "geometry": {
        "type": "Point",
        "coordinates": [107.5754247, -6.9301802]
      },
      "id": "node/11310242469"
    },
    {
      "type": "Feature",
      "properties": {
        "@id": "node/11310242470",
        "amenity": "parking"
      },
      "geometry": {
        "type": "Point",
        "coordinates": [107.5754547, -6.9300081]
      },
      "id": "node/11310242470"
    },
    {
      "type": "Feature",
      "properties": {
        "@id": "node/11335398302",
        "amenity": "parking",
        "name": "Parkir Motor"
      },
      "geometry": {
        "type": "Point",
        "coordinates": [107.5641234, -6.876836]
      },
      "id": "node/11335398302"
    },
    {
      "type": "Feature",
      "properties": {
        "@id": "node/11416634809",
        "amenity": "parking"
      },
      "geometry": {
        "type": "Point",
        "coordinates": [107.6012471, -6.8711227]
      },
      "id": "node/11416634809"
    },
    {
      "type": "Feature",
      "properties": {
        "@id": "node/11576338271",
        "access": "yes",
        "amenity": "parking",
        "fee": "yes",
        "parking": "surface"
      },
      "geometry": {
        "type": "Point",
        "coordinates": [107.5944553, -6.9460475]
      },
      "id": "node/11576338271"
    },
    {
      "type": "Feature",
      "properties": {
        "@id": "node/12069249463",
        "amenity": "parking"
      },
      "geometry": {
        "type": "Point",
        "coordinates": [107.6049114, -6.8757705]
      },
      "id": "node/12069249463"
    },
    {
      "type": "Feature",
      "properties": {
        "@id": "node/12347862465",
        "amenity": "parking"
      },
      "geometry": {
        "type": "Point",
        "coordinates": [107.606687, -6.8754065]
      },
      "id": "node/12347862465"
    },
    {
      "type": "Feature",
      "properties": {
        "@id": "node/13088369493",
        "access": "customers",
        "amenity": "parking",
        "capacity": "2",
        "name": "Vivo Pasteur",
        "parking": "surface"
      },
      "geometry": {
        "type": "Point",
        "coordinates": [107.5912704, -6.8962099]
      },
      "id": "node/13088369493"
    },
    {
      "type": "Feature",
      "properties": {
        "@id": "node/13639565083",
        "amenity": "parking"
      },
      "geometry": {
        "type": "Point",
        "coordinates": [107.6067421, -6.8752875]
      },
      "id": "node/13639565083"
    },
    {
      "type": "Feature",
      "properties": {
        "@id": "node/13639565084",
        "amenity": "parking"
      },
      "geometry": {
        "type": "Point",
        "coordinates": [107.6062357, -6.8753579]
      },
      "id": "node/13639565084"
    },
    {
      "type": "Feature",
      "properties": {
        "@id": "node/13639810469",
        "amenity": "parking"
      },
      "geometry": {
        "type": "Point",
        "coordinates": [107.6067844, -6.8741538]
      },
      "id": "node/13639810469"
    },
    {
      "type": "Feature",
      "properties": {
        "@id": "node/13646623285",
        "amenity": "parking"
      },
      "geometry": {
        "type": "Point",
        "coordinates": [107.5811988, -6.8875921]
      },
      "id": "node/13646623285"
    }
  ]
}
