{
  "type": "FeatureCollection",
  "generator": "overpass-turbo",
  "copyright": "The data included in this document is from www.openstreetmap.org. The data is made available under ODbL.",
  "timestamp": "2026-08-16T00:09:54Z",
  "features": [
    {
      "type": "Feature",
      "properties": {
        "@id": "way/52326064",
        "brand": "Lotte Mart",
        "brand:wikidata": "Q326715",
        "brand:wikipedia": "en:Lotte Mart",
        "building": "retail",
        "building:levels": "1",
        "name": "Lotte Mart",
        "opening_hours": "09:00-21:00",
        "shop": "supermarket",
        "source": "Survey",
        "wheelchair": "limited"
      },
      "geometry": {
        "type": "Polygon",
        "coordinates": [
          [
            [
              107.671123,
              -6.9412368
            ],
            [
              107.6711237,
              -6.9411902
            ],
            [
              107.6711338,
              -6.9404454
            ],
            [
              107.6707189,
              -6.9404399
            ],
            [
              107.6701161,
              -6.9404318
            ],
            [
              107.6701053,
              -6.9412231
            ],
            [
              107.671123,
              -6.9412368
            ]
          ]
        ]
      },
      "id": "way/52326064"
    },
    {
      "type": "Feature",
      "properties": {
        "@id": "way/119427945",
        "addr:city": "Bandung",
        "addr:full": "Jl Ir H Djuanda No 44",
        "branch": "Dago",
        "brand": "Super Indo",
        "brand:wikidata": "Q12518060",
        "building": "supermarket",
        "building:condition": "good",
        "building:levels": "2",
        "building:roof": "concrete",
        "building:structure": "confined_masonry",
        "building:use": "commercial",
        "building:walls": "brick",
        "name": "Super Indo",
        "opening_hours": "Mo-Su 08:00-22:00",
        "shop": "supermarket",
        "source": "S2City_POI_2022",
        "wheelchair": "no"
      },
      "geometry": {
        "type": "Polygon",
        "coordinates": [
          [
            [
              107.6121494,
              -6.9017028
            ],
            [
              107.6121441,
              -6.9020519
            ],
            [
              107.6129116,
              -6.9020633
            ],
            [
              107.6129101,
              -6.9021663
            ],
            [
              107.6129674,
              -6.9021671
            ],
            [
              107.6129776,
              -6.9014918
            ],
            [
              107.6127005,
              -6.9014876
            ],
            [
              107.6126972,
              -6.9017109
            ],
            [
              107.6121494,
              -6.9017028
            ]
          ]
        ]
      },
      "id": "way/119427945"
    },
    {
      "type": "Feature",
      "properties": {
        "@id": "way/119452396",
        "addr:city": "Bandung",
        "addr:housenumber": "348",
        "addr:postcode": "40135",
        "addr:street": "Jalan Insinyur Haji Djuanda Kartawidjaja",
        "branch": "Dago",
        "building": "supermarket",
        "building:condition": "good",
        "building:levels": "4",
        "building:roof": "tin",
        "building:structure": "reinforced_masonry",
        "building:use": "commercial",
        "building:walls": "brick",
        "name": "Borma",
        "opening_hours": "Mo-Su 08:00-20:45",
        "shop": "supermarket",
        "source": "S2City_POI_2022",
        "wheelchair": "limited"
      },
      "geometry": {
        "type": "Polygon",
        "coordinates": [
          [
            [
              107.6181067,
              -6.8769796
            ],
            [
              107.6180029,
              -6.8771171
            ],
            [
              107.6180259,
              -6.8771342
            ],
            [
              107.6179949,
              -6.8771753
            ],
            [
              107.6183236,
              -6.8774199
            ],
            [
              107.6188565,
              -6.8775185
            ],
            [
              107.6188927,
              -6.8773256
            ],
            [
              107.6184653,
              -6.8772465
            ],
            [
              107.6181067,
              -6.8769796
            ]
          ]
        ]
      },
      "id": "way/119452396"
    },
    {
      "type": "Feature",
      "properties": {
        "@id": "way/152981733",
        "brand": "Toserba Griya",
        "name": "Griya",
        "opening_hours": "Mo-Su 08:00-22:00",
        "operator": "Yogya Group",
        "payment:cash": "yes",
        "payment:credit_cards": "yes",
        "payment:debit_cards": "yes",
        "shop": "supermarket"
      },
      "geometry": {
        "type": "Polygon",
        "coordinates": [
          [
            [
              107.5831265,
              -6.881334
            ],
            [
              107.5832215,
              -6.8816642
            ],
            [
              107.5837733,
              -6.8814926
            ],
            [
              107.5836976,
              -6.881172
            ],
            [
              107.5831265,
              -6.881334
            ]
          ]
        ]
      },
      "id": "way/152981733"
    },
    {
      "type": "Feature",
      "properties": {
        "@id": "way/154056333",
        "branch": "Dakota",
        "building": "retail",
        "name": "Borma",
        "opening_hours": "Mo-Su 08:00-20:45",
        "shop": "supermarket"
      },
      "geometry": {
        "type": "Polygon",
        "coordinates": [
          [
            [
              107.5713287,
              -6.8906198
            ],
            [
              107.5713417,
              -6.8907766
            ],
            [
              107.5714866,
              -6.8907556
            ],
            [
              107.5715518,
              -6.8912131
            ],
            [
              107.571668,
              -6.8911861
            ],
            [
              107.5716855,
              -6.8912992
            ],
            [
              107.5717008,
              -6.8913986
            ],
            [
              107.5720785,
              -6.8913436
            ],
            [
              107.572066,
              -6.8912423
            ],
            [
              107.5720609,
              -6.8912011
            ],
            [
              107.5721112,
              -6.8911986
            ],
            [
              107.5720907,
              -6.8910725
            ],
            [
              107.5720094,
              -6.8906787
            ],
            [
              107.5718774,
              -6.8906958
            ],
            [
              107.5717472,
              -6.8907006
            ],
            [
              107.5717309,
              -6.8905487
            ],
            [
              107.5713287,
              -6.8906198
            ]
          ]
        ]
      },
      "id": "way/154056333"
    },
    {
      "type": "Feature",
      "properties": {
        "@id": "way/154175410",
        "landuse": "retail",
        "name": "Prama",
        "shop": "supermarket"
      },
      "geometry": {
        "type": "Polygon",
        "coordinates": [
          [
            [
              107.6506729,
              -6.9235872
            ],
            [
              107.6511113,
              -6.9236783
            ],
            [
              107.651149,
              -6.9236524
            ],
            [
              107.6512548,
              -6.9231225
            ],
            [
              107.6513625,
              -6.9225937
            ],
            [
              107.6508852,
              -6.9225166
            ],
            [
              107.6506729,
              -6.9235872
            ]
          ]
        ]
      },
      "id": "way/154175410"
    },
    {
      "type": "Feature",
      "properties": {
        "@id": "way/155103833",
        "branch": "Setiabudi",
        "name": "Borma",
        "opening_hours": "Mo-Su 08:00-20:45",
        "shop": "supermarket"
      },
      "geometry": {
        "type": "Polygon",
        "coordinates": [
          [
            [
              107.5958371,
              -6.873848
            ],
            [
              107.5958859,
              -6.8739197
            ],
            [
              107.5960277,
              -6.8738244
            ],
            [
              107.5961379,
              -6.873986
            ],
            [
              107.5963328,
              -6.873855
            ],
            [
              107.596257,
              -6.8737438
            ],
            [
              107.5962966,
              -6.8737171
            ],
            [
              107.5964229,
              -6.8739023
            ],
            [
              107.5960446,
              -6.8741566
            ],
            [
              107.5960819,
              -6.8742112
            ],
            [
              107.5966347,
              -6.8738768
            ],
            [
              107.5965848,
              -6.8737834
            ],
            [
              107.5966407,
              -6.873741
            ],
            [
              107.5964286,
              -6.8734006
            ],
            [
              107.5958371,
              -6.873848
            ]
          ]
        ]
      },
      "id": "way/155103833"
    },
    {
      "type": "Feature",
      "properties": {
        "@id": "way/184387856",
        "branch": "Metro Margahayu Raya",
        "brand": "Griya",
        "brand:wikidata": "Q124353081",
        "indoor": "room",
        "level": "0",
        "name": "Griya",
        "opening_hours": "Mo-Su 08:00-22:00",
        "operator": "Yogya Group",
        "payment:cash": "yes",
        "payment:credit_cards": "yes",
        "payment:debit_cards": "yes",
        "room": "shop",
        "shop": "supermarket"
      },
      "geometry": {
        "type": "Polygon",
        "coordinates": [
          [
            [
              107.6663412,
              -6.9394414
            ],
            [
              107.6663581,
              -6.9396168
            ],
            [
              107.6666947,
              -6.9395847
            ],
            [
              107.6666781,
              -6.939415
            ],
            [
              107.6664572,
              -6.9394323
            ],
            [
              107.6663412,
              -6.9394414
            ]
          ]
        ]
      },
      "id": "way/184387856"
    },
    {
      "type": "Feature",
      "properties": {
        "@id": "way/304171331",
        "air_conditioning": "yes",
        "backup_generator": "yes",
        "brand": "Super Indo",
        "brand:wikidata": "Q12518060",
        "building": "yes",
        "diet:halal": "yes",
        "name": "Super Indo",
        "payment:cash": "yes",
        "payment:credit_cards": "yes",
        "payment:debit_cards": "yes",
        "shop": "supermarket"
      },
      "geometry": {
        "type": "Polygon",
        "coordinates": [
          [
            [
              107.6603899,
              -6.913069
            ],
            [
              107.660332,
              -6.9135386
            ],
            [
              107.6605869,
              -6.9135907
            ],
            [
              107.6606443,
              -6.9132196
            ],
            [
              107.6606986,
              -6.9132278
            ],
            [
              107.6607152,
              -6.9131201
            ],
            [
              107.6603899,
              -6.913069
            ]
          ]
        ]
      },
      "id": "way/304171331"
    },
    {
      "type": "Feature",
      "properties": {
        "@id": "way/306091186",
        "branch": "Taman Kopo Indah",
        "building": "retail",
        "name": "Borma",
        "opening_hours": "Mo-Su 08:00-20:45",
        "shop": "supermarket"
      },
      "geometry": {
        "type": "Polygon",
        "coordinates": [
          [
            [
              107.5584931,
              -6.9619392
            ],
            [
              107.5583775,
              -6.9621675
            ],
            [
              107.5584932,
              -6.9623278
            ],
            [
              107.5586247,
              -6.962585
            ],
            [
              107.5587309,
              -6.9623741
            ],
            [
              107.5588544,
              -6.962427
            ],
            [
              107.5590081,
              -6.962101
            ],
            [
              107.5589902,
              -6.9620476
            ],
            [
              107.5587098,
              -6.9619171
            ],
            [
              107.5586602,
              -6.9620129
            ],
            [
              107.5584931,
              -6.9619392
            ]
          ]
        ]
      },
      "id": "way/306091186"
    },
    {
      "type": "Feature",
      "properties": {
        "@id": "way/318932770",
        "building": "yes",
        "name": "Kantin",
        "shop": "supermarket"
      },
      "geometry": {
        "type": "Polygon",
        "coordinates": [
          [
            [
              107.6070788,
              -6.8918925
            ],
            [
              107.6071208,
              -6.8920438
            ],
            [
              107.6073174,
              -6.8920066
            ],
            [
              107.6072953,
              -6.891864
            ],
            [
              107.6070788,
              -6.8918925
            ]
          ]
        ]
      },
      "id": "way/318932770"
    },
    {
      "type": "Feature",
      "properties": {
        "@id": "way/320595809",
        "addr:city": "Bandung",
        "addr:housenumber": "10-14",
        "addr:street": "Jalan Pahlawan",
        "air_conditioning": "yes",
        "branch": "Pahlawan",
        "brand": "Griya",
        "brand:wikidata": "Q124353081",
        "building": "yes",
        "name": "Griya",
        "opening_hours": "Mo-Su 08:00-22:00",
        "operator": "Yogya Group",
        "payment:cash": "yes",
        "payment:credit_cards": "yes",
        "payment:debit_cards": "yes",
        "ref": "Pahlawan",
        "shop": "supermarket"
      },
      "geometry": {
        "type": "Polygon",
        "coordinates": [
          [
            [
              107.6343072,
              -6.8999481
            ],
            [
              107.6345003,
              -6.9003696
            ],
            [
              107.6348579,
              -6.9002082
            ],
            [
              107.6346327,
              -6.8997164
            ],
            [
              107.6343513,
              -6.8998434
            ],
            [
              107.634365,
              -6.8998733
            ],
            [
              107.634328,
              -6.89989
            ],
            [
              107.6343465,
              -6.8999304
            ],
            [
              107.6343072,
              -6.8999481
            ]
          ]
        ]
      },
      "id": "way/320595809"
    },
    {
      "type": "Feature",
      "properties": {
        "@id": "way/369615594",
        "branch": "Cimahi Cihanjuang",
        "building": "retail",
        "name": "Borma",
        "opening_hours": "Mo-Su 08:00-20:45",
        "payment:cash": "yes",
        "payment:credit_cards": "yes",
        "payment:debit_cards": "yes",
        "shop": "supermarket"
      },
      "geometry": {
        "type": "Polygon",
        "coordinates": [
          [
            [
              107.5535795,
              -6.8726658
            ],
            [
              107.5533247,
              -6.8730161
            ],
            [
              107.5536025,
              -6.8731988
            ],
            [
              107.5538222,
              -6.8728028
            ],
            [
              107.5535795,
              -6.8726658
            ]
          ]
        ]
      },
      "id": "way/369615594"
    },
    {
      "type": "Feature",
      "properties": {
        "@id": "way/377559039",
        "addr:city": "Bandung",
        "addr:full": "Jalan Ir. H. Djuanda No. 353",
        "building": "supermarket",
        "building:condition": "good",
        "building:levels": "2",
        "name": "YOMART DAGO POJOK",
        "opening_hours": "Mo-Su 09:00-22:00",
        "shop": "supermarket",
        "source": "S2City_POI_2022",
        "wheelchair": "no"
      },
      "geometry": {
        "type": "Polygon",
        "coordinates": [
          [
            [
              107.6191743,
              -6.8739729
            ],
            [
              107.6190722,
              -6.8739337
            ],
            [
              107.6190395,
              -6.8740178
            ],
            [
              107.6190971,
              -6.8740399
            ],
            [
              107.6191146,
              -6.8739949
            ],
            [
              107.619159,
              -6.874012
            ],
            [
              107.6191743,
              -6.8739729
            ]
          ]
        ]
      },
      "id": "way/377559039"
    },
    {
      "type": "Feature",
      "properties": {
        "@id": "way/380756197",
        "branch": "Cimahi",
        "brand": "Super Indo",
        "brand:wikidata": "Q12518060",
        "building": "yes",
        "name": "Super Indo",
        "shop": "supermarket"
      },
      "geometry": {
        "type": "Polygon",
        "coordinates": [
          [
            [
              107.554418,
              -6.8860692
            ],
            [
              107.5547005,
              -6.8858548
            ],
            [
              107.5545278,
              -6.8856415
            ],
            [
              107.5542557,
              -6.8858363
            ],
            [
              107.554418,
              -6.8860692
            ]
          ]
        ]
      },
      "id": "way/380756197"
    },
    {
      "type": "Feature",
      "properties": {
        "@id": "way/380763954",
        "branch": "Plaza Cimahi",
        "brand": "Yogya",
        "brand:wikidata": "Q124353073",
        "building": "yes",
        "name": "Yogya",
        "shop": "supermarket"
      },
      "geometry": {
        "type": "Polygon",
        "coordinates": [
          [
            [
              107.5512844,
              -6.8805221
            ],
            [
              107.5516062,
              -6.8807325
            ],
            [
              107.5519473,
              -6.8802185
            ],
            [
              107.5516828,
              -6.8800455
            ],
            [
              107.5515877,
              -6.8801889
            ],
            [
              107.5514887,
              -6.8801241
            ],
            [
              107.5514191,
              -6.880229
            ],
            [
              107.5514609,
              -6.8802563
            ],
            [
              107.5514079,
              -6.8803331
            ],
            [
              107.5512844,
              -6.8805221
            ]
          ]
        ]
      },
      "id": "way/380763954"
    },
    {
      "type": "Feature",
      "properties": {
        "@id": "way/383052683",
        "addr:city": "Bandung",
        "addr:street": "Rancabolang",
        "branch": "Rancabolang",
        "building": "yes",
        "name": "Borma",
        "opening_hours": "Mo-Su 08:00-20:45",
        "shop": "supermarket"
      },
      "geometry": {
        "type": "Polygon",
        "coordinates": [
          [
            [
              107.6636387,
              -6.9431205
            ],
            [
              107.663638,
              -6.9435569
            ],
            [
              107.6638995,
              -6.9435572
            ],
            [
              107.6639,
              -6.9431208
            ],
            [
              107.6636387,
              -6.9431205
            ]
          ]
        ]
      },
      "id": "way/383052683"
    },
    {
      "type": "Feature",
      "properties": {
        "@id": "way/383655688",
        "addr:city": "Bandung",
        "addr:street": "Rancabolang",
        "brand": "Toserba Griya",
        "building": "yes",
        "name": "Griya",
        "opening_hours": "Mo-Su 08:00-22:00",
        "operator": "Yogya Group",
        "payment:cash": "yes",
        "payment:credit_cards": "yes",
        "payment:debit_cards": "yes",
        "shop": "supermarket"
      },
      "geometry": {
        "type": "Polygon",
        "coordinates": [
          [
            [
              107.6636189,
              -6.9406319
            ],
            [
              107.6635922,
              -6.9408291
            ],
            [
              107.6637068,
              -6.9408468
            ],
            [
              107.6637306,
              -6.9406466
            ],
            [
              107.6636189,
              -6.9406319
            ]
          ]
        ]
      },
      "id": "way/383655688"
    },
    {
      "type": "Feature",
      "properties": {
        "@id": "way/632674023",
        "branch": "Hemat",
        "brand": "Griya",
        "brand:wikidata": "Q124353081",
        "building": "commercial",
        "building:levels": "1",
        "building:use": "retail",
        "kids_area": "no",
        "level": "1",
        "name": "Griya",
        "note": "banner and branding are still up. advise to delete POI only when banner and branding removed.",
        "opening_hours": "24/7 closed \"Tutup Permanen / Closed Permanently\"",
        "operator": "Yogya Group",
        "organic": "yes",
        "payment:cash": "yes",
        "payment:credit_cards": "yes",
        "payment:debit_cards": "yes",
        "shop": "supermarket"
      },
      "geometry": {
        "type": "Polygon",
        "coordinates": [
          [
            [
              107.6350487,
              -6.9467988
            ],
            [
              107.6349779,
              -6.9466347
            ],
            [
              107.6347264,
              -6.9467417
            ],
            [
              107.6349403,
              -6.9472374
            ],
            [
              107.6351251,
              -6.9471588
            ],
            [
              107.634982,
              -6.9468272
            ],
            [
              107.6350487,
              -6.9467988
            ]
          ]
        ]
      },
      "id": "way/632674023"
    },
    {
      "type": "Feature",
      "properties": {
        "@id": "way/633734513",
        "addr:city": "Bandung",
        "addr:street": "Sumber Sari",
        "brand": "Toserba Griya",
        "building": "retail",
        "name": "Griya",
        "opening_hours": "Mo-Su 08:00-22:00",
        "operator": "Yogya Group",
        "payment:cash": "yes",
        "payment:credit_cards": "yes",
        "payment:debit_cards": "yes",
        "shop": "supermarket"
      },
      "geometry": {
        "type": "Polygon",
        "coordinates": [
          [
            [
              107.5763415,
              -6.9327501
            ],
            [
              107.5763313,
              -6.9327267
            ],
            [
              107.5763506,
              -6.9327171
            ],
            [
              107.5762583,
              -6.9325
            ],
            [
              107.5760774,
              -6.932565
            ],
            [
              107.5760852,
              -6.9325859
            ],
            [
              107.5760461,
              -6.9325967
            ],
            [
              107.5761458,
              -6.932821
            ],
            [
              107.5763415,
              -6.9327501
            ]
          ]
        ]
      },
      "id": "way/633734513"
    },
    {
      "type": "Feature",
      "properties": {
        "@id": "way/633769958",
        "addr:city": "Bandung",
        "addr:full": "Jalan Peta",
        "building": "supermarket",
        "building:condition": "good",
        "building:levels": "2",
        "name": "Supermarket Diana Eva Furniture",
        "opening_hours": "Mo-Su 08:00-20:00",
        "shop": "supermarket",
        "source": "S2City_POI_2022",
        "wheelchair": "no"
      },
      "geometry": {
        "type": "Polygon",
        "coordinates": [
          [
            [
              107.59073,
              -6.9351418
            ],
            [
              107.5911854,
              -6.9347653
            ],
            [
              107.5909735,
              -6.9345127
            ],
            [
              107.590518,
              -6.9348891
            ],
            [
              107.59073,
              -6.9351418
            ]
          ]
        ]
      },
      "id": "way/633769958"
    },
    {
      "type": "Feature",
      "properties": {
        "@id": "way/634325162",
        "branch": "Cijerah",
        "building": "retail",
        "name": "Borma",
        "opening_hours": "Mo-Su 08:00-20:45",
        "shop": "supermarket"
      },
      "geometry": {
        "type": "Polygon",
        "coordinates": [
          [
            [
              107.5697498,
              -6.9196182
            ],
            [
              107.569416,
              -6.9195296
            ],
            [
              107.5693483,
              -6.9197755
            ],
            [
              107.5694567,
              -6.9198009
            ],
            [
              107.5694259,
              -6.9198996
            ],
            [
              107.569528,
              -6.9199262
            ],
            [
              107.5695993,
              -6.9196899
            ],
            [
              107.5697231,
              -6.9197217
            ],
            [
              107.5697498,
              -6.9196182
            ]
          ]
        ]
      },
      "id": "way/634325162"
    },
    {
      "type": "Feature",
      "properties": {
        "@id": "way/634639428",
        "branch": "Rajawali",
        "brand": "Super Indo",
        "brand:wikidata": "Q12518060",
        "building": "yes",
        "name": "Super Indo",
        "shop": "supermarket"
      },
      "geometry": {
        "type": "Polygon",
        "coordinates": [
          [
            [
              107.5754969,
              -6.9133106
            ],
            [
              107.5752348,
              -6.9132178
            ],
            [
              107.5750788,
              -6.9136515
            ],
            [
              107.575341,
              -6.9137444
            ],
            [
              107.5754969,
              -6.9133106
            ]
          ]
        ]
      },
      "id": "way/634639428"
    },
    {
      "type": "Feature",
      "properties": {
        "@id": "way/635946844",
        "addr:city": "Bandung",
        "addr:full": "Jalan Soekarno Hatta No 241",
        "building": "supermarket",
        "building:condition": "good",
        "building:levels": "2",
        "name": "ProHome Supemarket Bahan Bangunan",
        "opening_hours": "Mo-Sa 09:00-19:00",
        "shop": "supermarket",
        "source": "S2City_POI_2022",
        "wheelchair": "limited"
      },
      "geometry": {
        "type": "Polygon",
        "coordinates": [
          [
            [
              107.588612,
              -6.9442082
            ],
            [
              107.5883629,
              -6.9441768
            ],
            [
              107.5883367,
              -6.9443858
            ],
            [
              107.5882379,
              -6.9443759
            ],
            [
              107.5882342,
              -6.9444052
            ],
            [
              107.5882179,
              -6.9444047
            ],
            [
              107.5881979,
              -6.9447194
            ],
            [
              107.5883937,
              -6.944736
            ],
            [
              107.5884486,
              -6.9447461
            ],
            [
              107.5884955,
              -6.9447451
            ],
            [
              107.588536,
              -6.9444153
            ],
            [
              107.588612,
              -6.9442082
            ]
          ]
        ]
      },
      "id": "way/635946844"
    },
    {
      "type": "Feature",
      "properties": {
        "@id": "way/636145927",
        "addr:city": "Bandung",
        "addr:postcode": "40173",
        "addr:street": "Jalan Pajajaran",
        "brand": "Yogya",
        "brand:wikidata": "Q124353073",
        "building": "commercial",
        "name": "Yogya",
        "opening_hours": "Mo-Su 09:00-21:00",
        "shop": "supermarket",
        "wheelchair": "limited"
      },
      "geometry": {
        "type": "Polygon",
        "coordinates": [
          [
            [
              107.5955436,
              -6.9068236
            ],
            [
              107.5954695,
              -6.9068348
            ],
            [
              107.5953954,
              -6.9068459
            ],
            [
              107.5953982,
              -6.9068645
            ],
            [
              107.5953854,
              -6.9068662
            ],
            [
              107.5954018,
              -6.9069895
            ],
            [
              107.595409,
              -6.9069879
            ],
            [
              107.5954151,
              -6.9070433
            ],
            [
              107.595589,
              -6.9070172
            ],
            [
              107.5955597,
              -6.906838
            ],
            [
              107.5955466,
              -6.9068401
            ],
            [
              107.5955436,
              -6.9068236
            ]
          ]
        ]
      },
      "id": "way/636145927"
    },
    {
      "type": "Feature",
      "properties": {
        "@id": "way/638490122",
        "addr:city": "Bandung",
        "addr:housenumber": "81",
        "addr:street": "Jalan Cemara",
        "air_conditioning": "yes",
        "building": "yes",
        "name": "Junction 8",
        "operator": "Yogya Group",
        "phone": "+62 22 2033911",
        "shop": "supermarket"
      },
      "geometry": {
        "type": "Polygon",
        "coordinates": [
          [
            [
              107.5974123,
              -6.8838101
            ],
            [
              107.5971733,
              -6.88401
            ],
            [
              107.5971262,
              -6.8840106
            ],
            [
              107.5971264,
              -6.8840274
            ],
            [
              107.597138,
              -6.8840272
            ],
            [
              107.5971383,
              -6.8840507
            ],
            [
              107.5970892,
              -6.8840513
            ],
            [
              107.5970897,
              -6.8840912
            ],
            [
              107.5971367,
              -6.8840906
            ],
            [
              107.5971372,
              -6.8841327
            ],
            [
              107.597152,
              -6.8841325
            ],
            [
              107.5971642,
              -6.8841441
            ],
            [
              107.5971606,
              -6.8841478
            ],
            [
              107.5972015,
              -6.8841867
            ],
            [
              107.5972067,
              -6.8841812
            ],
            [
              107.5972851,
              -6.8842556
            ],
            [
              107.5975125,
              -6.8840197
            ],
            [
              107.5974123,
              -6.8838101
            ]
          ]
        ]
      },
      "id": "way/638490122"
    },
    {
      "type": "Feature",
      "properties": {
        "@id": "way/639146352",
        "branch": "Ruko Dinasty",
        "brand": "Griya",
        "brand:wikidata": "Q124353081",
        "building": "yes",
        "name": "Griya",
        "opening_hours": "Mo-Su 08:00-22:00",
        "operator": "Yogya Group",
        "payment:cash": "yes",
        "payment:credit_cards": "yes",
        "payment:debit_cards": "yes",
        "ref": "Dinasty",
        "shop": "supermarket"
      },
      "geometry": {
        "type": "Polygon",
        "coordinates": [
          [
            [
              107.6446981,
              -6.9220149
            ],
            [
              107.6445554,
              -6.9220162
            ],
            [
              107.6445581,
              -6.9223282
            ],
            [
              107.6447289,
              -6.9223268
            ],
            [
              107.6447288,
              -6.9223107
            ],
            [
              107.6447488,
              -6.9223107
            ],
            [
              107.6447488,
              -6.9223268
            ],
            [
              107.644789,
              -6.9223269
            ],
            [
              107.644789,
              -6.9223359
            ],
            [
              107.6448305,
              -6.9223363
            ],
            [
              107.6448304,
              -6.9223497
            ],
            [
              107.6448716,
              -6.9223503
            ],
            [
              107.6448714,
              -6.92236
            ],
            [
              107.6449131,
              -6.9223609
            ],
            [
              107.6449129,
              -6.9223714
            ],
            [
              107.6449553,
              -6.9223725
            ],
            [
              107.644955,
              -6.9223838
            ],
            [
              107.645002,
              -6.9223851
            ],
            [
              107.6450017,
              -6.9223958
            ],
            [
              107.645044,
              -6.9223971
            ],
            [
              107.6450437,
              -6.922407
            ],
            [
              107.6450905,
              -6.9224084
            ],
            [
              107.6450902,
              -6.9224167
            ],
            [
              107.6451353,
              -6.9224179
            ],
            [
              107.645135,
              -6.9224278
            ],
            [
              107.6451678,
              -6.9224286
            ],
            [
              107.6451675,
              -6.9224372
            ],
            [
              107.6451843,
              -6.9224376
            ],
            [
              107.6451894,
              -6.9221917
            ],
            [
              107.6451466,
              -6.9221908
            ],
            [
              107.6451469,
              -6.9221738
            ],
            [
              107.6451033,
              -6.9221731
            ],
            [
              107.6451034,
              -6.9221593
            ],
            [
              107.64506,
              -6.9221588
            ],
            [
              107.6450601,
              -6.9221465
            ],
            [
              107.6450193,
              -6.9221463
            ],
            [
              107.6450194,
              -6.9221365
            ],
            [
              107.6449802,
              -6.9221366
            ],
            [
              107.6449801,
              -6.9221204
            ],
            [
              107.644945,
              -6.9221205
            ],
            [
              107.6449449,
              -6.9221043
            ],
            [
              107.6449049,
              -6.9221046
            ],
            [
              107.6449049,
              -6.9220935
            ],
            [
              107.6448659,
              -6.9220939
            ],
            [
              107.6448657,
              -6.9220755
            ],
            [
              107.6448245,
              -6.9220759
            ],
            [
              107.6448244,
              -6.9220638
            ],
            [
              107.6447863,
              -6.9220642
            ],
            [
              107.6447861,
              -6.9220509
            ],
            [
              107.6447433,
              -6.9220513
            ],
            [
              107.6447432,
              -6.9220361
            ],
            [
              107.6446983,
              -6.9220366
            ],
            [
              107.6446981,
              -6.9220149
            ]
          ]
        ]
      },
      "id": "way/639146352"
    },
    {
      "type": "Feature",
      "properties": {
        "@id": "way/640461164",
        "branch": "Antapani",
        "building": "supermarket",
        "name": "Borma",
        "opening_hours": "Mo-Su 08:00-20:45",
        "shop": "supermarket",
        "source": "POI_WRI_Survey_2023",
        "toilets:wheelchair": "yes"
      },
      "geometry": {
        "type": "Polygon",
        "coordinates": [
          [
            [
              107.6493771,
              -6.9120965
            ],
            [
              107.6494699,
              -6.9120857
            ],
            [
              107.6494622,
              -6.9120202
            ],
            [
              107.6491263,
              -6.9120591
            ],
            [
              107.6491354,
              -6.9121362
            ],
            [
              107.6490328,
              -6.9121481
            ],
            [
              107.6490235,
              -6.912069
            ],
            [
              107.6489078,
              -6.9120824
            ],
            [
              107.6489447,
              -6.9123959
            ],
            [
              107.649406,
              -6.9123424
            ],
            [
              107.6493771,
              -6.9120965
            ]
          ]
        ]
      },
      "id": "way/640461164"
    },
    {
      "type": "Feature",
      "properties": {
        "@id": "way/648363712",
        "building": "yes",
        "name": "Cimahi Square",
        "shop": "supermarket"
      },
      "geometry": {
        "type": "Polygon",
        "coordinates": [
          [
            [
              107.5436512,
              -6.8714083
            ],
            [
              107.5436393,
              -6.8719342
            ],
            [
              107.5438914,
              -6.8719398
            ],
            [
              107.5439032,
              -6.8714139
            ],
            [
              107.5436512,
              -6.8714083
            ]
          ]
        ]
      },
      "id": "way/648363712"
    },
    {
      "type": "Feature",
      "properties": {
        "@id": "way/712478617",
        "addr:city": "Bandung",
        "addr:postcode": "40288",
        "addr:street": "Jalan Terusan Bojong Soang",
        "branch": "Bojongsoang",
        "building": "retail",
        "building:levels": "2",
        "name": "Borma",
        "opening_hours": "Mo-Su 08:00-20:45",
        "shop": "supermarket"
      },
      "geometry": {
        "type": "Polygon",
        "coordinates": [
          [
            [
              107.6322231,
              -6.9849418
            ],
            [
              107.6321813,
              -6.9851997
            ],
            [
              107.6327308,
              -6.9852873
            ],
            [
              107.6327805,
              -6.9849801
            ],
            [
              107.6322669,
              -6.9848981
            ],
            [
              107.6322405,
              -6.9849445
            ],
            [
              107.6322231,
              -6.9849418
            ]
          ]
        ]
      },
      "id": "way/712478617"
    },
    {
      "type": "Feature",
      "properties": {
        "@id": "way/779076130",
        "addr:city": "Bandung",
        "addr:housenumber": "183-185",
        "addr:postcode": "40264",
        "addr:street": "Jalan Buah Batu",
        "branch": "Buah Batu",
        "brand": "Griya",
        "brand:wikidata": "Q124353081",
        "landuse": "retail",
        "name": "Griya",
        "opening_hours": "Mo-Su 08:00-22:00",
        "operator": "Yogya Group",
        "payment:cash": "yes",
        "payment:credit_cards": "yes",
        "payment:debit_cards": "yes",
        "shop": "supermarket"
      },
      "geometry": {
        "type": "Polygon",
        "coordinates": [
          [
            [
              107.6265091,
              -6.9406256
            ],
            [
              107.6269897,
              -6.9411407
            ],
            [
              107.6273613,
              -6.9406417
            ],
            [
              107.6268189,
              -6.9402555
            ],
            [
              107.6267845,
              -6.9402965
            ],
            [
              107.6265832,
              -6.9405371
            ],
            [
              107.6265091,
              -6.9406256
            ]
          ]
        ]
      },
      "id": "way/779076130"
    },
    {
      "type": "Feature",
      "properties": {
        "@id": "way/833676451",
        "addr:street": "Jalan Raya Bojongsoang",
        "building": "retail",
        "building:levels": "3",
        "layer": "1",
        "name": "YOGYA Bojongsoang",
        "shop": "supermarket"
      },
      "geometry": {
        "type": "Polygon",
        "coordinates": [
          [
            [
              107.6365837,
              -6.9678059
            ],
            [
              107.636509,
              -6.9681323
            ],
            [
              107.6368276,
              -6.968189
            ],
            [
              107.6371363,
              -6.9682603
            ],
            [
              107.6371504,
              -6.9682118
            ],
            [
              107.6372007,
              -6.9679928
            ],
            [
              107.6371397,
              -6.9679768
            ],
            [
              107.6371558,
              -6.9679109
            ],
            [
              107.6365837,
              -6.9678059
            ]
          ]
        ]
      },
      "id": "way/833676451"
    },
    {
      "type": "Feature",
      "properties": {
        "@id": "way/856550223",
        "branch": "Kopo Sayati",
        "building": "retail",
        "name": "Borma",
        "opening_hours": "Mo-Su 08:00-20:45",
        "shop": "supermarket"
      },
      "geometry": {
        "type": "Polygon",
        "coordinates": [
          [
            [
              107.5745765,
              -6.9673412
            ],
            [
              107.5745349,
              -6.9674923
            ],
            [
              107.5747689,
              -6.9675373
            ],
            [
              107.5747681,
              -6.9675627
            ],
            [
              107.574764,
              -6.9675881
            ],
            [
              107.574826,
              -6.9675968
            ],
            [
              107.5748457,
              -6.9675468
            ],
            [
              107.5749176,
              -6.9675658
            ],
            [
              107.5750249,
              -6.9675777
            ],
            [
              107.5750766,
              -6.9675831
            ],
            [
              107.5750991,
              -6.9674762
            ],
            [
              107.5751099,
              -6.9674235
            ],
            [
              107.5746939,
              -6.9673351
            ],
            [
              107.5746051,
              -6.9672856
            ],
            [
              107.5745765,
              -6.9673412
            ]
          ]
        ]
      },
      "id": "way/856550223"
    },
    {
      "type": "Feature",
      "properties": {
        "@id": "way/1046687651",
        "building": "yes",
        "name": "Superindo Kopo",
        "shop": "supermarket"
      },
      "geometry": {
        "type": "Polygon",
        "coordinates": [
          [
            [
              107.5747419,
              -6.9668623
            ],
            [
              107.57472,
              -6.967072
            ],
            [
              107.5749656,
              -6.9671006
            ],
            [
              107.5749904,
              -6.9668909
            ],
            [
              107.5747419,
              -6.9668623
            ]
          ]
        ]
      },
      "id": "way/1046687651"
    },
    {
      "type": "Feature",
      "properties": {
        "@id": "way/1082232683",
        "branch": "Pasir Impun",
        "building": "retail",
        "building:levels": "6",
        "building:levels:underground": "1",
        "level": "0;1;2;3;4",
        "name": "Borma",
        "opening_hours": "Mo-Su 08:00-20:45",
        "payment:cash": "yes",
        "payment:contactless": "no",
        "payment:credit_cards": "yes",
        "payment:debit_cards": "yes",
        "shop": "supermarket",
        "toilets": "yes",
        "toilets:access": "customers",
        "wheelchair": "no"
      },
      "geometry": {
        "type": "Polygon",
        "coordinates": [
          [
            [
              107.6757754,
              -6.903969
            ],
            [
              107.6757713,
              -6.9042474
            ],
            [
              107.6759223,
              -6.9042796
            ],
            [
              107.6759169,
              -6.9043084
            ],
            [
              107.6759086,
              -6.9043521
            ],
            [
              107.675897,
              -6.9044132
            ],
            [
              107.6760181,
              -6.9044358
            ],
            [
              107.6760122,
              -6.9044669
            ],
            [
              107.6760292,
              -6.9044702
            ],
            [
              107.6760556,
              -6.9044754
            ],
            [
              107.6760676,
              -6.9044773
            ],
            [
              107.6760825,
              -6.90448
            ],
            [
              107.6761175,
              -6.9043201
            ],
            [
              107.6761615,
              -6.9041116
            ],
            [
              107.6757754,
              -6.903969
            ]
          ]
        ]
      },
      "id": "way/1082232683"
    },
    {
      "type": "Feature",
      "properties": {
        "@id": "way/1158488685",
        "amenity": "fast_food",
        "brand": "Burger King",
        "brand:wikidata": "Q177054",
        "building": "yes",
        "cuisine": "burger",
        "drive_through": "yes",
        "layer": "2",
        "name": "Burger King",
        "opening_hours": "Mo-Su 09:00-21:00",
        "shop": "supermarket",
        "takeaway": "yes",
        "wheelchair": "limited"
      },
      "geometry": {
        "type": "Polygon",
        "coordinates": [
          [
            [
              107.6255806,
              -6.9394238
            ],
            [
              107.6256415,
              -6.939359
            ],
            [
              107.6255827,
              -6.9393045
            ],
            [
              107.6253936,
              -6.9395055
            ],
            [
              107.6254524,
              -6.93956
            ],
            [
              107.6254764,
              -6.9395345
            ],
            [
              107.6255481,
              -6.9396009
            ],
            [
              107.6256522,
              -6.9394902
            ],
            [
              107.6255806,
              -6.9394238
            ]
          ]
        ]
      },
      "id": "way/1158488685"
    },
    {
      "type": "Feature",
      "properties": {
        "@id": "way/1172819481",
        "brand": "Super Indo",
        "brand:wikidata": "Q12518060",
        "indoor": "room",
        "level": "0",
        "name": "Super Indo",
        "opening_hours": "Mo-Su 09:00-21:00",
        "payment:cash": "yes",
        "payment:contactless": "yes",
        "payment:credit_cards": "yes",
        "payment:debit_cards": "yes",
        "payment:electronic_purses": "yes",
        "room": "shop",
        "shop": "supermarket",
        "wheelchair": "limited"
      },
      "geometry": {
        "type": "Polygon",
        "coordinates": [
          [
            [
              107.667869,
              -6.9391953
            ],
            [
              107.6675328,
              -6.9392266
            ],
            [
              107.6675556,
              -6.9394679
            ],
            [
              107.6678918,
              -6.9394366
            ],
            [
              107.6678845,
              -6.9393594
            ],
            [
              107.667869,
              -6.9391953
            ]
          ]
        ]
      },
      "id": "way/1172819481"
    },
    {
      "type": "Feature",
      "properties": {
        "@id": "way/1206655965",
        "building": "yes",
        "name": "Superindo Muhamad Ramdan Bandung",
        "shop": "supermarket"
      },
      "geometry": {
        "type": "Polygon",
        "coordinates": [
          [
            [
              107.6099388,
              -6.9371984
            ],
            [
              107.6099377,
              -6.9372352
            ],
            [
              107.6098879,
              -6.9372337
            ],
            [
              107.609885,
              -6.9373288
            ],
            [
              107.6099337,
              -6.9373303
            ],
            [
              107.6099309,
              -6.9374234
            ],
            [
              107.6099069,
              -6.9374227
            ],
            [
              107.6099056,
              -6.9374639
            ],
            [
              107.6099329,
              -6.9374647
            ],
            [
              107.6099312,
              -6.9375231
            ],
            [
              107.6102854,
              -6.9375336
            ],
            [
              107.6102865,
              -6.9374984
            ],
            [
              107.6104038,
              -6.9375019
            ],
            [
              107.6104114,
              -6.9372513
            ],
            [
              107.610313,
              -6.9372484
            ],
            [
              107.6103135,
              -6.9372305
            ],
            [
              107.6102989,
              -6.93723
            ],
            [
              107.610147,
              -6.9372255
            ],
            [
              107.6101476,
              -6.9372046
            ],
            [
              107.6099388,
              -6.9371984
            ]
          ]
        ]
      },
      "id": "way/1206655965"
    },
    {
      "type": "Feature",
      "properties": {
        "@id": "way/1210808937",
        "branch": "Cipamokolan",
        "building": "retail",
        "name": "Borma",
        "opening_hours": "Mo-Su 08:00-20:45",
        "shop": "supermarket"
      },
      "geometry": {
        "type": "Polygon",
        "coordinates": [
          [
            [
              107.6764348,
              -6.9416129
            ],
            [
              107.6764011,
              -6.94181
            ],
            [
              107.676334,
              -6.9418947
            ],
            [
              107.6763924,
              -6.9419489
            ],
            [
              107.6765671,
              -6.9421017
            ],
            [
              107.6765977,
              -6.9420557
            ],
            [
              107.6766797,
              -6.9420884
            ],
            [
              107.6766708,
              -6.9419851
            ],
            [
              107.6771488,
              -6.9420618
            ],
            [
              107.677155,
              -6.9419734
            ],
            [
              107.6771082,
              -6.9419726
            ],
            [
              107.6768822,
              -6.9419662
            ],
            [
              107.6768777,
              -6.9418018
            ],
            [
              107.6768729,
              -6.9416271
            ],
            [
              107.6768172,
              -6.9416198
            ],
            [
              107.676478,
              -6.9416137
            ],
            [
              107.6764348,
              -6.9416129
            ]
          ]
        ]
      },
      "id": "way/1210808937"
    },
    {
      "type": "Feature",
      "properties": {
        "@id": "way/1239292703",
        "addr:city": "Bandung",
        "addr:country": "ID",
        "addr:housenumber": "1A;1B;1C",
        "addr:parentstreet": "Jalan Akasia",
        "addr:province": "Jawa Barat",
        "addr:street": "Jalan Akasia Komersial",
        "bulk_purchase": "yes",
        "landuse": "retail",
        "level": "0",
        "name": "Setiabudi Market",
        "name:etymology:wikidata": "Q2253449",
        "name:etymology:wikipedia": "id:Ernest Douwes Dekker",
        "opening_hours": "09:00-21:00",
        "shop": "supermarket",
        "wheelchair": "yes"
      },
      "geometry": {
        "type": "Polygon",
        "coordinates": [
          [
            [
              107.6918791,
              -6.9553483
            ],
            [
              107.6925749,
              -6.9557735
            ],
            [
              107.6928109,
              -6.9554833
            ],
            [
              107.6928776,
              -6.9554288
            ],
            [
              107.6930753,
              -6.9553015
            ],
            [
              107.6928752,
              -6.954942
            ],
            [
              107.6928612,
              -6.9549244
            ],
            [
              107.692845,
              -6.9549112
            ],
            [
              107.692826,
              -6.9549018
            ],
            [
              107.6928074,
              -6.9548969
            ],
            [
              107.6927879,
              -6.9548958
            ],
            [
              107.6927669,
              -6.9548989
            ],
            [
              107.6927414,
              -6.9549062
            ],
            [
              107.6922504,
              -6.9550852
            ],
            [
              107.6921552,
              -6.9551219
            ],
            [
              107.6921082,
              -6.9551419
            ],
            [
              107.6920644,
              -6.9551654
            ],
            [
              107.6920229,
              -6.9551927
            ],
            [
              107.6919843,
              -6.9552234
            ],
            [
              107.6919404,
              -6.9552662
            ],
            [
              107.6919017,
              -6.9553134
            ],
            [
              107.6918791,
              -6.9553483
            ]
          ]
        ]
      },
      "id": "way/1239292703"
    },
    {
      "type": "Feature",
      "properties": {
        "@id": "way/1262201981",
        "branch": "Pasteur",
        "brand": "Griya",
        "brand:wikidata": "Q124353081",
        "name": "Griya",
        "opening_hours": "Mo-Su 08:00-22:00",
        "operator": "Yogya Group",
        "payment:cash": "yes",
        "payment:credit_cards": "yes",
        "payment:debit_cards": "yes",
        "shop": "supermarket"
      },
      "geometry": {
        "type": "Polygon",
        "coordinates": [
          [
            [
              107.588273,
              -6.895051
            ],
            [
              107.5879248,
              -6.8954792
            ],
            [
              107.5881051,
              -6.8956551
            ],
            [
              107.5884055,
              -6.8957208
            ],
            [
              107.588464,
              -6.8954822
            ],
            [
              107.5886119,
              -6.8953064
            ],
            [
              107.588273,
              -6.895051
            ]
          ]
        ]
      },
      "id": "way/1262201981"
    },
    {
      "type": "Feature",
      "properties": {
        "@id": "way/1539025157",
        "air_conditioning": "yes",
        "branch": "Derwati",
        "brand": "Griya",
        "brand:wikidata": "Q124353081",
        "building": "yes",
        "layer": "1",
        "name": "Griya",
        "opening_hours": "Mo-Su 06:00-21:00",
        "operator": "Griya",
        "organic": "yes",
        "payment:app": "yes",
        "payment:cash": "yes",
        "payment:credit_cards": "yes",
        "payment:debit_cards": "yes",
        "shop": "supermarket",
        "stroller": "yes",
        "wheelchair": "designated"
      },
      "geometry": {
        "type": "Polygon",
        "coordinates": [
          [
            [
              107.6812518,
              -6.9644613
            ],
            [
              107.6813413,
              -6.9638292
            ],
            [
              107.6810833,
              -6.9638313
            ],
            [
              107.681086,
              -6.9639463
            ],
            [
              107.6808043,
              -6.9639308
            ],
            [
              107.6807734,
              -6.9643983
            ],
            [
              107.6812518,
              -6.9644613
            ]
          ]
        ]
      },
      "id": "way/1539025157"
    },
    {
      "type": "Feature",
      "properties": {
        "@id": "node/32041712",
        "name": "Setiabudhi Supermarket",
        "shop": "supermarket"
      },
      "geometry": {
        "type": "Point",
        "coordinates": [
          107.6012807,
          -6.8824074
        ]
      },
      "id": "node/32041712"
    },
    {
      "type": "Feature",
      "properties": {
        "@id": "node/32041927",
        "created_by": "JOSM",
        "name": "Premier Cihampelas",
        "shop": "supermarket"
      },
      "geometry": {
        "type": "Point",
        "coordinates": [
          107.6035969,
          -6.8961585
        ]
      },
      "id": "node/32041927"
    },
    {
      "type": "Feature",
      "properties": {
        "@id": "node/32529939",
        "brand": "Yogya",
        "brand:wikidata": "Q124353073",
        "diet:halal": "yes",
        "level": "1",
        "name": "Yogya",
        "opening_hours": "Mo-Su 08:00-22:00",
        "shop": "supermarket"
      },
      "geometry": {
        "type": "Point",
        "coordinates": [
          107.6123657,
          -6.9066941
        ]
      },
      "id": "node/32529939"
    },
    {
      "type": "Feature",
      "properties": {
        "@id": "node/1388221667",
        "branch": "Cigadung",
        "name": "Borma",
        "opening_hours": "Mo-Su 08:00-20:45",
        "shop": "supermarket"
      },
      "geometry": {
        "type": "Point",
        "coordinates": [
          107.6312114,
          -6.891806
        ]
      },
      "id": "node/1388221667"
    },
    {
      "type": "Feature",
      "properties": {
        "@id": "node/1449657996",
        "brand": "Toserba Griya",
        "name": "Griya",
        "opening_hours": "Mo-Su 08:00-22:00",
        "operator": "Yogya Group",
        "payment:cash": "yes",
        "payment:credit_cards": "yes",
        "payment:debit_cards": "yes",
        "shop": "supermarket"
      },
      "geometry": {
        "type": "Point",
        "coordinates": [
          107.6627941,
          -6.9550754
        ]
      },
      "id": "node/1449657996"
    },
    {
      "type": "Feature",
      "properties": {
        "@id": "node/1656868777",
        "brand": "Griya",
        "brand:wikidata": "Q124353081",
        "name": "Griya",
        "opening_hours": "Mo-Su 08:00-22:00",
        "operator": "Yogya Group",
        "payment:cash": "yes",
        "payment:credit_cards": "yes",
        "payment:debit_cards": "yes",
        "shop": "supermarket"
      },
      "geometry": {
        "type": "Point",
        "coordinates": [
          107.5945687,
          -6.8718892
        ]
      },
      "id": "node/1656868777"
    },
    {
      "type": "Feature",
      "properties": {
        "@id": "node/1919646266",
        "shop": "supermarket"
      },
      "geometry": {
        "type": "Point",
        "coordinates": [
          107.6049446,
          -6.9228238
        ]
      },
      "id": "node/1919646266"
    },
    {
      "type": "Feature",
      "properties": {
        "@id": "node/1930134030",
        "addr:street": "Jalan Marga Cinta",
        "branch": "Margacinta",
        "name": "Borma",
        "name:en": "Borma",
        "opening_hours": "Mo-Su 08:00-20:45",
        "shop": "supermarket"
      },
      "geometry": {
        "type": "Point",
        "coordinates": [
          107.6518651,
          -6.9558066
        ]
      },
      "id": "node/1930134030"
    },
    {
      "type": "Feature",
      "properties": {
        "@id": "node/2495896305",
        "name": "Yogya",
        "shop": "supermarket"
      },
      "geometry": {
        "type": "Point",
        "coordinates": [
          107.6376378,
          -6.928083
        ]
      },
      "id": "node/2495896305"
    },
    {
      "type": "Feature",
      "properties": {
        "@id": "node/2500443119",
        "brand": "Toserba Griya",
        "name": "Griya",
        "opening_hours": "Mo-Su 08:00-22:00",
        "operator": "Yogya Group",
        "payment:cash": "yes",
        "payment:credit_cards": "yes",
        "payment:debit_cards": "yes",
        "shop": "supermarket"
      },
      "geometry": {
        "type": "Point",
        "coordinates": [
          107.6279497,
          -6.9531376
        ]
      },
      "id": "node/2500443119"
    },
    {
      "type": "Feature",
      "properties": {
        "@id": "node/3086972331",
        "air_conditioning": "yes",
        "backup_generator": "yes",
        "brand": "Super Indo",
        "brand:wikidata": "Q12518060",
        "diet:halal": "yes",
        "name": "Super Indo",
        "payment:cash": "yes",
        "payment:credit_cards": "yes",
        "payment:debit_cards": "yes",
        "shop": "supermarket"
      },
      "geometry": {
        "type": "Point",
        "coordinates": [
          107.6606808,
          -6.9133667
        ]
      },
      "id": "node/3086972331"
    },
    {
      "type": "Feature",
      "properties": {
        "@id": "node/3148868097",
        "brand": "Super Indo",
        "brand:wikidata": "Q12518060",
        "name": "Super Indo",
        "shop": "supermarket"
      },
      "geometry": {
        "type": "Point",
        "coordinates": [
          107.6259242,
          -6.9346233
        ]
      },
      "id": "node/3148868097"
    },
    {
      "type": "Feature",
      "properties": {
        "@id": "node/3426585960",
        "name": "Yomart",
        "shop": "supermarket"
      },
      "geometry": {
        "type": "Point",
        "coordinates": [
          107.6777104,
          -6.9049041
        ]
      },
      "id": "node/3426585960"
    },
    {
      "type": "Feature",
      "properties": {
        "@id": "node/4320682284",
        "addr:housenumber": "1",
        "addr:street": "Jalan Sukaasih Raya",
        "name": "Papaya Fresh Gallery Bandung",
        "shop": "supermarket"
      },
      "geometry": {
        "type": "Point",
        "coordinates": [
          107.5974537,
          -6.8791802
        ]
      },
      "id": "node/4320682284"
    },
    {
      "type": "Feature",
      "properties": {
        "@id": "node/4327154561",
        "addr:city": "Bandung",
        "addr:street": "Jl. Sariwangi, Sukawarna, Sukajadi",
        "name": "Yomart",
        "shop": "supermarket"
      },
      "geometry": {
        "type": "Point",
        "coordinates": [
          107.5760189,
          -6.8824811
        ]
      },
      "id": "node/4327154561"
    },
    {
      "type": "Feature",
      "properties": {
        "@id": "node/4327181160",
        "addr:city": "Bandung, Jawa Barat",
        "addr:housenumber": "4",
        "addr:street": "Jl. Taman Kopo Indah I",
        "name": "Kopo Factory Outlet",
        "shop": "supermarket"
      },
      "geometry": {
        "type": "Point",
        "coordinates": [
          107.5733847,
          -6.9666746
        ]
      },
      "id": "node/4327181160"
    },
    {
      "type": "Feature",
      "properties": {
        "@id": "node/4327183392",
        "addr:city": "Bandung, Jawa Barat",
        "addr:housenumber": "6",
        "addr:street": "Jalan Taman Kopo Indah Blok 1A",
        "name": "PD. Pasir Kaliki",
        "shop": "supermarket"
      },
      "geometry": {
        "type": "Point",
        "coordinates": [
          107.5718938,
          -6.9662804
        ]
      },
      "id": "node/4327183392"
    },
    {
      "type": "Feature",
      "properties": {
        "@id": "node/4327203234",
        "addr:city": "Bandung",
        "addr:street": "Jl. Ciumbuleuit, Hegarmanah, Cidadap",
        "name": "Yomart",
        "shop": "supermarket"
      },
      "geometry": {
        "type": "Point",
        "coordinates": [
          107.6035876,
          -6.8782562
        ]
      },
      "id": "node/4327203234"
    },
    {
      "type": "Feature",
      "properties": {
        "@id": "node/4327217286",
        "addr:city": "Bandung",
        "addr:street": "Komplek Taman Kopo Indah, Business Park Blok A1, Jl. Taman Kopo Indah II",
        "name": "ACE HARDWARE",
        "shop": "supermarket"
      },
      "geometry": {
        "type": "Point",
        "coordinates": [
          107.562443,
          -6.9534741
        ]
      },
      "id": "node/4327217286"
    },
    {
      "type": "Feature",
      "properties": {
        "@id": "node/4327886664",
        "addr:city": "Bandung, Jawa Barat",
        "addr:street": "Dungus Cariang, Andir",
        "name": "Toserba Ling Chick",
        "operator": "Toserba",
        "shop": "supermarket"
      },
      "geometry": {
        "type": "Point",
        "coordinates": [
          107.5779638,
          -6.9124632
        ]
      },
      "id": "node/4327886664"
    },
    {
      "type": "Feature",
      "properties": {
        "@id": "node/4370090277",
        "brand": "Griya",
        "brand:wikidata": "Q124353081",
        "name": "Griya",
        "opening_hours": "Mo-Su 08:00-22:00",
        "operator": "Yogya Group",
        "payment:cash": "yes",
        "payment:credit_cards": "yes",
        "payment:debit_cards": "yes",
        "shop": "supermarket"
      },
      "geometry": {
        "type": "Point",
        "coordinates": [
          107.576102,
          -6.9325439
        ]
      },
      "id": "node/4370090277"
    },
    {
      "type": "Feature",
      "properties": {
        "@id": "node/4374197652",
        "addr:city": "Bandung",
        "addr:postcode": "40164",
        "addr:street": "Jalan Cibogo",
        "name": "Micasa Mini Market",
        "name:en": "Micasa",
        "shop": "supermarket"
      },
      "geometry": {
        "type": "Point",
        "coordinates": [
          107.5793066,
          -6.8892523
        ]
      },
      "id": "node/4374197652"
    },
    {
      "type": "Feature",
      "properties": {
        "@id": "node/5234549653",
        "atm": "yes",
        "name": "Kokesma",
        "shop": "supermarket"
      },
      "geometry": {
        "type": "Point",
        "coordinates": [
          107.6087169,
          -6.8882677
        ]
      },
      "id": "node/5234549653"
    },
    {
      "type": "Feature",
      "properties": {
        "@id": "node/5810457057",
        "shop": "supermarket"
      },
      "geometry": {
        "type": "Point",
        "coordinates": [
          107.6801352,
          -6.904999
        ]
      },
      "id": "node/5810457057"
    },
    {
      "type": "Feature",
      "properties": {
        "@id": "node/6087176181",
        "name": "Kedai Pramuka",
        "shop": "supermarket"
      },
      "geometry": {
        "type": "Point",
        "coordinates": [
          107.5426381,
          -6.8729609
        ]
      },
      "id": "node/6087176181"
    },
    {
      "type": "Feature",
      "properties": {
        "@id": "node/6150861963",
        "brand": "Yogya",
        "brand:wikidata": "Q124353073",
        "name": "Yogya",
        "shop": "supermarket"
      },
      "geometry": {
        "type": "Point",
        "coordinates": [
          107.5761657,
          -6.9320088
        ]
      },
      "id": "node/6150861963"
    },
    {
      "type": "Feature",
      "properties": {
        "@id": "node/6390196085",
        "name": "Yomart",
        "shop": "supermarket"
      },
      "geometry": {
        "type": "Point",
        "coordinates": [
          107.6264076,
          -6.8869812
        ]
      },
      "id": "node/6390196085"
    },
    {
      "type": "Feature",
      "properties": {
        "@id": "node/6702701201",
        "name": "Hero",
        "shop": "supermarket"
      },
      "geometry": {
        "type": "Point",
        "coordinates": [
          107.5935529,
          -6.9156463
        ]
      },
      "id": "node/6702701201"
    },
    {
      "type": "Feature",
      "properties": {
        "@id": "node/6711664073",
        "name": "Pop mart",
        "shop": "supermarket"
      },
      "geometry": {
        "type": "Point",
        "coordinates": [
          107.5978162,
          -6.9115404
        ]
      },
      "id": "node/6711664073"
    },
    {
      "type": "Feature",
      "properties": {
        "@id": "node/7929758004",
        "description": "TOKO SEMBAKO DAN DEPOT AIR MINUM",
        "name": "TOKO ABI",
        "shop": "supermarket"
      },
      "geometry": {
        "type": "Point",
        "coordinates": [
          107.5571032,
          -6.8741714
        ]
      },
      "id": "node/7929758004"
    },
    {
      "type": "Feature",
      "properties": {
        "@id": "node/9676757920",
        "name": "ALFA MIDI",
        "shop": "supermarket"
      },
      "geometry": {
        "type": "Point",
        "coordinates": [
          107.6195765,
          -6.8887524
        ]
      },
      "id": "node/9676757920"
    },
    {
      "type": "Feature",
      "properties": {
        "@id": "node/9819732056",
        "name": "Ananda Cimahi",
        "shop": "supermarket"
      },
      "geometry": {
        "type": "Point",
        "coordinates": [
          107.559485,
          -6.8966219
        ]
      },
      "id": "node/9819732056"
    },
    {
      "type": "Feature",
      "properties": {
        "@id": "node/9821719848",
        "brand": "Yogya",
        "brand:wikidata": "Q124353073",
        "name": "Yogya",
        "shop": "supermarket"
      },
      "geometry": {
        "type": "Point",
        "coordinates": [
          107.5802239,
          -6.9591895
        ]
      },
      "id": "node/9821719848"
    },
    {
      "type": "Feature",
      "properties": {
        "@id": "node/11870194717",
        "name": "Varsha Salon",
        "shop": "supermarket"
      },
      "geometry": {
        "type": "Point",
        "coordinates": [
          107.5980826,
          -6.9105179
        ]
      },
      "id": "node/11870194717"
    },
    {
      "type": "Feature",
      "properties": {
        "@id": "node/11870194718",
        "name": "Maddie's Salon",
        "shop": "supermarket"
      },
      "geometry": {
        "type": "Point",
        "coordinates": [
          107.597131,
          -6.8835806
        ]
      },
      "id": "node/11870194718"
    },
    {
      "type": "Feature",
      "properties": {
        "@id": "node/11870224735",
        "name": "Humaira Salon & Spa Muslimah",
        "shop": "supermarket"
      },
      "geometry": {
        "type": "Point",
        "coordinates": [
          107.6209766,
          -6.8973303
        ]
      },
      "id": "node/11870224735"
    },
    {
      "type": "Feature",
      "properties": {
        "@id": "node/11870225830",
        "name": "Salon Anata Emong",
        "shop": "supermarket"
      },
      "geometry": {
        "type": "Point",
        "coordinates": [
          107.6180664,
          -6.9252692
        ]
      },
      "id": "node/11870225830"
    },
    {
      "type": "Feature",
      "properties": {
        "@id": "node/11870253820",
        "name": "Dedi Sukma Hair Salon",
        "shop": "supermarket"
      },
      "geometry": {
        "type": "Point",
        "coordinates": [
          107.6281182,
          -6.9088086
        ]
      },
      "id": "node/11870253820"
    },
    {
      "type": "Feature",
      "properties": {
        "@id": "node/11870254038",
        "name": "Salon Memori",
        "shop": "supermarket"
      },
      "geometry": {
        "type": "Point",
        "coordinates": [
          107.6269441,
          -6.9374501
        ]
      },
      "id": "node/11870254038"
    },
    {
      "type": "Feature",
      "properties": {
        "@id": "node/11870258423",
        "name": "Salon Moz5 Muslimah",
        "shop": "supermarket"
      },
      "geometry": {
        "type": "Point",
        "coordinates": [
          107.6187289,
          -6.9331242
        ]
      },
      "id": "node/11870258423"
    },
    {
      "type": "Feature",
      "properties": {
        "@id": "node/11870258430",
        "name": "Hettie Salon (hair and beauty salon)",
        "shop": "supermarket"
      },
      "geometry": {
        "type": "Point",
        "coordinates": [
          107.59665,
          -6.9050348
        ]
      },
      "id": "node/11870258430"
    },
    {
      "type": "Feature",
      "properties": {
        "@id": "node/11870258431",
        "name": "Nurita Salon",
        "shop": "supermarket"
      },
      "geometry": {
        "type": "Point",
        "coordinates": [
          107.6101257,
          -6.8997264
        ]
      },
      "id": "node/11870258431"
    },
    {
      "type": "Feature",
      "properties": {
        "@id": "node/11870259722",
        "name": "Karin's Salon",
        "shop": "supermarket"
      },
      "geometry": {
        "type": "Point",
        "coordinates": [
          107.6187895,
          -6.9388819
        ]
      },
      "id": "node/11870259722"
    },
    {
      "type": "Feature",
      "properties": {
        "@id": "node/11870259723",
        "name": "Jois Salon Turangga",
        "shop": "supermarket"
      },
      "geometry": {
        "type": "Point",
        "coordinates": [
          107.6327397,
          -6.9344994
        ]
      },
      "id": "node/11870259723"
    },
    {
      "type": "Feature",
      "properties": {
        "@id": "node/11870259724",
        "name": "Seven the Salon",
        "shop": "supermarket"
      },
      "geometry": {
        "type": "Point",
        "coordinates": [
          107.6129843,
          -6.9146361
        ]
      },
      "id": "node/11870259724"
    },
    {
      "type": "Feature",
      "properties": {
        "@id": "node/11870268446",
        "name": "Salon Iwan",
        "shop": "supermarket"
      },
      "geometry": {
        "type": "Point",
        "coordinates": [
          107.6177337,
          -6.9196942
        ]
      },
      "id": "node/11870268446"
    },
    {
      "type": "Feature",
      "properties": {
        "@id": "node/11870268639",
        "name": "Salon Bobcat",
        "shop": "supermarket"
      },
      "geometry": {
        "type": "Point",
        "coordinates": [
          107.6173127,
          -6.9317273
        ]
      },
      "id": "node/11870268639"
    },
    {
      "type": "Feature",
      "properties": {
        "@id": "node/11870268640",
        "name": "Escode, Salon N Reflexy",
        "shop": "supermarket"
      },
      "geometry": {
        "type": "Point",
        "coordinates": [
          107.6226331,
          -6.9271158
        ]
      },
      "id": "node/11870268640"
    },
    {
      "type": "Feature",
      "properties": {
        "@id": "node/11870268641",
        "name": "R & D Dedi Salon",
        "shop": "supermarket"
      },
      "geometry": {
        "type": "Point",
        "coordinates": [
          107.6173263,
          -6.9292066
        ]
      },
      "id": "node/11870268641"
    },
    {
      "type": "Feature",
      "properties": {
        "@id": "node/11870272130",
        "name": "Salon Anita Sadakeling",
        "shop": "supermarket"
      },
      "geometry": {
        "type": "Point",
        "coordinates": [
          107.617755,
          -6.9283067
        ]
      },
      "id": "node/11870272130"
    },
    {
      "type": "Feature",
      "properties": {
        "@id": "node/11870273750",
        "name": "neó salon hair and body care",
        "shop": "supermarket"
      },
      "geometry": {
        "type": "Point",
        "coordinates": [
          107.6094307,
          -6.9258817
        ]
      },
      "id": "node/11870273750"
    },
    {
      "type": "Feature",
      "properties": {
        "@id": "node/11870275686",
        "name": "Pointcut Salon",
        "shop": "supermarket"
      },
      "geometry": {
        "type": "Point",
        "coordinates": [
          107.6139638,
          -6.9353738
        ]
      },
      "id": "node/11870275686"
    },
    {
      "type": "Feature",
      "properties": {
        "@id": "node/11870285684",
        "name": "Naomi Salon By Linda",
        "shop": "supermarket"
      },
      "geometry": {
        "type": "Point",
        "coordinates": [
          107.6266067,
          -6.9375575
        ]
      },
      "id": "node/11870285684"
    },
    {
      "type": "Feature",
      "properties": {
        "@id": "node/11870287245",
        "name": "Vivi Salon",
        "shop": "supermarket"
      },
      "geometry": {
        "type": "Point",
        "coordinates": [
          107.6203661,
          -6.9081793
        ]
      },
      "id": "node/11870287245"
    },
    {
      "type": "Feature",
      "properties": {
        "@id": "node/11870288185",
        "name": "Lexzi Salon",
        "shop": "supermarket"
      },
      "geometry": {
        "type": "Point",
        "coordinates": [
          107.6295383,
          -6.9110085
        ]
      },
      "id": "node/11870288185"
    },
    {
      "type": "Feature",
      "properties": {
        "@id": "node/11870288434",
        "name": "Roger's Salon Lingkar",
        "shop": "supermarket"
      },
      "geometry": {
        "type": "Point",
        "coordinates": [
          107.6250609,
          -6.9336746
        ]
      },
      "id": "node/11870288434"
    },
    {
      "type": "Feature",
      "properties": {
        "@id": "node/11870291908",
        "name": "Matra Salon",
        "shop": "supermarket"
      },
      "geometry": {
        "type": "Point",
        "coordinates": [
          107.5996507,
          -6.8910878
        ]
      },
      "id": "node/11870291908"
    },
    {
      "type": "Feature",
      "properties": {
        "@id": "node/11870293388",
        "name": "Heur Beauty Bar",
        "shop": "supermarket"
      },
      "geometry": {
        "type": "Point",
        "coordinates": [
          107.6158446,
          -6.9042492
        ]
      },
      "id": "node/11870293388"
    },
    {
      "type": "Feature",
      "properties": {
        "@id": "node/11870293389",
        "name": "Martha Tilaar Salon & Day Spa",
        "shop": "supermarket"
      },
      "geometry": {
        "type": "Point",
        "coordinates": [
          107.6035551,
          -6.8805089
        ]
      },
      "id": "node/11870293389"
    },
    {
      "type": "Feature",
      "properties": {
        "@id": "node/11870294991",
        "name": "Widya Salon",
        "shop": "supermarket"
      },
      "geometry": {
        "type": "Point",
        "coordinates": [
          107.6181581,
          -6.928495
        ]
      },
      "id": "node/11870294991"
    },
    {
      "type": "Feature",
      "properties": {
        "@id": "node/11870295648",
        "name": "bal'on hair",
        "shop": "supermarket"
      },
      "geometry": {
        "type": "Point",
        "coordinates": [
          107.6281938,
          -6.905209
        ]
      },
      "id": "node/11870295648"
    },
    {
      "type": "Feature",
      "properties": {
        "@id": "node/11870296456",
        "name": "Anata Salon Cihapit",
        "shop": "supermarket"
      },
      "geometry": {
        "type": "Point",
        "coordinates": [
          107.6215133,
          -6.9088269
        ]
      },
      "id": "node/11870296456"
    },
    {
      "type": "Feature",
      "properties": {
        "@id": "node/11870299414",
        "name": "Regesh salon house of beauty",
        "shop": "supermarket"
      },
      "geometry": {
        "type": "Point",
        "coordinates": [
          107.6022352,
          -6.9517781
        ]
      },
      "id": "node/11870299414"
    },
    {
      "type": "Feature",
      "properties": {
        "@id": "node/11870301023",
        "name": "Amaya Beauty & Wellness Salon",
        "shop": "supermarket"
      },
      "geometry": {
        "type": "Point",
        "coordinates": [
          107.6223198,
          -6.9079704
        ]
      },
      "id": "node/11870301023"
    },
    {
      "type": "Feature",
      "properties": {
        "@id": "node/11870303865",
        "name": "Iie Febrianto",
        "shop": "supermarket"
      },
      "geometry": {
        "type": "Point",
        "coordinates": [
          107.6015393,
          -6.8888306
        ]
      },
      "id": "node/11870303865"
    },
    {
      "type": "Feature",
      "properties": {
        "@id": "node/11870303985",
        "name": "Johanna Lin Salon",
        "shop": "supermarket"
      },
      "geometry": {
        "type": "Point",
        "coordinates": [
          107.5954305,
          -6.8730104
        ]
      },
      "id": "node/11870303985"
    },
    {
      "type": "Feature",
      "properties": {
        "@id": "node/11870306250",
        "name": "TriBeCa Urban Retreat",
        "shop": "supermarket"
      },
      "geometry": {
        "type": "Point",
        "coordinates": [
          107.6146332,
          -6.9024627
        ]
      },
      "id": "node/11870306250"
    },
    {
      "type": "Feature",
      "properties": {
        "@id": "node/11870306609",
        "name": "Anata Salon Pasir Kaliki",
        "shop": "supermarket"
      },
      "geometry": {
        "type": "Point",
        "coordinates": [
          107.597282,
          -6.9018179
        ]
      },
      "id": "node/11870306609"
    },
    {
      "type": "Feature",
      "properties": {
        "@id": "node/11870307341",
        "name": "One Salon By Wawan",
        "shop": "supermarket"
      },
      "geometry": {
        "type": "Point",
        "coordinates": [
          107.5998556,
          -6.8921347
        ]
      },
      "id": "node/11870307341"
    },
    {
      "type": "Feature",
      "properties": {
        "@id": "node/11870309752",
        "name": "Hen's Salon",
        "shop": "supermarket"
      },
      "geometry": {
        "type": "Point",
        "coordinates": [
          107.6109972,
          -6.933072
        ]
      },
      "id": "node/11870309752"
    },
    {
      "type": "Feature",
      "properties": {
        "@id": "node/11870310414",
        "name": "Amarra Beauty bar",
        "shop": "supermarket"
      },
      "geometry": {
        "type": "Point",
        "coordinates": [
          107.6040289,
          -6.9549962
        ]
      },
      "id": "node/11870310414"
    },
    {
      "type": "Feature",
      "properties": {
        "@id": "node/11870310416",
        "name": "moz5 salon muslimah Dago",
        "shop": "supermarket"
      },
      "geometry": {
        "type": "Point",
        "coordinates": [
          107.6152455,
          -6.8839125
        ]
      },
      "id": "node/11870310416"
    },
    {
      "type": "Feature",
      "properties": {
        "@id": "node/11870350662",
        "name": "Yoyong Redhy Salon",
        "shop": "supermarket"
      },
      "geometry": {
        "type": "Point",
        "coordinates": [
          107.5889286,
          -6.9071308
        ]
      },
      "id": "node/11870350662"
    },
    {
      "type": "Feature",
      "properties": {
        "@id": "node/11870374708",
        "name": "Headquarters salon (kerastase) TSM",
        "shop": "supermarket"
      },
      "geometry": {
        "type": "Point",
        "coordinates": [
          107.6366803,
          -6.9245515
        ]
      },
      "id": "node/11870374708"
    },
    {
      "type": "Feature",
      "properties": {
        "@id": "node/11870376146",
        "name": "Alexa d'Fabian",
        "shop": "supermarket"
      },
      "geometry": {
        "type": "Point",
        "coordinates": [
          107.6079212,
          -6.9540363
        ]
      },
      "id": "node/11870376146"
    },
    {
      "type": "Feature",
      "properties": {
        "@id": "node/11870376174",
        "name": "Anata Salon Setrasari",
        "shop": "supermarket"
      },
      "geometry": {
        "type": "Point",
        "coordinates": [
          107.5871332,
          -6.8777856
        ]
      },
      "id": "node/11870376174"
    },
    {
      "type": "Feature",
      "properties": {
        "@id": "node/11870377757",
        "name": "Strawberry Salon Sukajadi",
        "shop": "supermarket"
      },
      "geometry": {
        "type": "Point",
        "coordinates": [
          107.5971542,
          -6.8926722
        ]
      },
      "id": "node/11870377757"
    },
    {
      "type": "Feature",
      "properties": {
        "@id": "node/11870381649",
        "name": "R'TWO Salon",
        "shop": "supermarket"
      },
      "geometry": {
        "type": "Point",
        "coordinates": [
          107.6038048,
          -6.8774347
        ]
      },
      "id": "node/11870381649"
    },
    {
      "type": "Feature",
      "properties": {
        "@id": "node/11870382613",
        "name": "Lenny Fora Salon",
        "shop": "supermarket"
      },
      "geometry": {
        "type": "Point",
        "coordinates": [
          107.5875761,
          -6.8966626
        ]
      },
      "id": "node/11870382613"
    },
    {
      "type": "Feature",
      "properties": {
        "@id": "node/11870383223",
        "name": "Princess Salon",
        "shop": "supermarket"
      },
      "geometry": {
        "type": "Point",
        "coordinates": [
          107.587107,
          -6.9259963
        ]
      },
      "id": "node/11870383223"
    },
    {
      "type": "Feature",
      "properties": {
        "@id": "node/11870383472",
        "name": "Salon Memori Dago",
        "shop": "supermarket"
      },
      "geometry": {
        "type": "Point",
        "coordinates": [
          107.6135858,
          -6.8844565
        ]
      },
      "id": "node/11870383472"
    },
    {
      "type": "Feature",
      "properties": {
        "@id": "node/11870453967",
        "name": "Humaira Salon & Spa Muslimah",
        "shop": "supermarket"
      },
      "geometry": {
        "type": "Point",
        "coordinates": [
          107.624024,
          -6.8879518
        ]
      },
      "id": "node/11870453967"
    },
    {
      "type": "Feature",
      "properties": {
        "@id": "node/11870459927",
        "name": "Salon 808 Hair & Beauty Bandung",
        "shop": "supermarket"
      },
      "geometry": {
        "type": "Point",
        "coordinates": [
          107.630874,
          -6.9549793
        ]
      },
      "id": "node/11870459927"
    },
    {
      "type": "Feature",
      "properties": {
        "@id": "node/11870465813",
        "name": "Unique Salon & Bridal",
        "shop": "supermarket"
      },
      "geometry": {
        "type": "Point",
        "coordinates": [
          107.5991527,
          -6.9188899
        ]
      },
      "id": "node/11870465813"
    },
    {
      "type": "Feature",
      "properties": {
        "@id": "node/11870471390",
        "name": "HnM Salon Beauty And Bar",
        "shop": "supermarket"
      },
      "geometry": {
        "type": "Point",
        "coordinates": [
          107.6288383,
          -6.9539186
        ]
      },
      "id": "node/11870471390"
    },
    {
      "type": "Feature",
      "properties": {
        "@id": "node/11870473033",
        "name": "Joliè Luxury Salon",
        "shop": "supermarket"
      },
      "geometry": {
        "type": "Point",
        "coordinates": [
          107.6038209,
          -6.8804511
        ]
      },
      "id": "node/11870473033"
    },
    {
      "type": "Feature",
      "properties": {
        "@id": "node/11870483915",
        "name": "Hallyu K-Beauty",
        "shop": "supermarket"
      },
      "geometry": {
        "type": "Point",
        "coordinates": [
          107.632022,
          -6.9545889
        ]
      },
      "id": "node/11870483915"
    },
    {
      "type": "Feature",
      "properties": {
        "@id": "node/11870487570",
        "name": "Hair Coloring | Salon Nasywa",
        "shop": "supermarket"
      },
      "geometry": {
        "type": "Point",
        "coordinates": [
          107.5844686,
          -6.9460091
        ]
      },
      "id": "node/11870487570"
    },
    {
      "type": "Feature",
      "properties": {
        "@id": "node/11870488099",
        "name": "Johnny Andrean Salon Trans Studio Bandung",
        "shop": "supermarket"
      },
      "geometry": {
        "type": "Point",
        "coordinates": [
          107.6366088,
          -6.9239551
        ]
      },
      "id": "node/11870488099"
    },
    {
      "type": "Feature",
      "properties": {
        "@id": "node/11870489300",
        "name": "Auraku Salon",
        "shop": "supermarket"
      },
      "geometry": {
        "type": "Point",
        "coordinates": [
          107.6021321,
          -6.8915563
        ]
      },
      "id": "node/11870489300"
    },
    {
      "type": "Feature",
      "properties": {
        "@id": "node/11870489544",
        "name": "Strawbery Salon Abd Saleh",
        "shop": "supermarket"
      },
      "geometry": {
        "type": "Point",
        "coordinates": [
          107.5849134,
          -6.9072284
        ]
      },
      "id": "node/11870489544"
    },
    {
      "type": "Feature",
      "properties": {
        "@id": "node/11870489832",
        "name": "Johny Andrean Salon Aceh",
        "shop": "supermarket"
      },
      "geometry": {
        "type": "Point",
        "coordinates": [
          107.6108517,
          -6.909642
        ]
      },
      "id": "node/11870489832"
    },
    {
      "type": "Feature",
      "properties": {
        "@id": "node/11870496885",
        "name": "GORJES SALON",
        "shop": "supermarket"
      },
      "geometry": {
        "type": "Point",
        "coordinates": [
          107.5943968,
          -6.9150741
        ]
      },
      "id": "node/11870496885"
    },
    {
      "type": "Feature",
      "properties": {
        "@id": "node/11870548514",
        "name": "jarijari hair&beauty",
        "shop": "supermarket"
      },
      "geometry": {
        "type": "Point",
        "coordinates": [
          107.6002202,
          -6.8886892
        ]
      },
      "id": "node/11870548514"
    },
    {
      "type": "Feature",
      "properties": {
        "@id": "node/11870548515",
        "name": "Strawberry Salon Mochamad Toha",
        "shop": "supermarket"
      },
      "geometry": {
        "type": "Point",
        "coordinates": [
          107.6128866,
          -6.9584626
        ]
      },
      "id": "node/11870548515"
    },
    {
      "type": "Feature",
      "properties": {
        "@id": "node/11870552450",
        "name": "Strawberry Salon Leuwi Panjang",
        "shop": "supermarket"
      },
      "geometry": {
        "type": "Point",
        "coordinates": [
          107.5957708,
          -6.9429088
        ]
      },
      "id": "node/11870552450"
    },
    {
      "type": "Feature",
      "properties": {
        "@id": "node/11870554572",
        "name": "Luxury Lashes Beauty Studio & Salon",
        "shop": "supermarket"
      },
      "geometry": {
        "type": "Point",
        "coordinates": [
          107.6444469,
          -6.9002525
        ]
      },
      "id": "node/11870554572"
    },
    {
      "type": "Feature",
      "properties": {
        "@id": "node/11870636528",
        "name": "YOPIE Salon Ciwalk",
        "shop": "supermarket"
      },
      "geometry": {
        "type": "Point",
        "coordinates": [
          107.6052365,
          -6.8946587
        ]
      },
      "id": "node/11870636528"
    },
    {
      "type": "Feature",
      "properties": {
        "@id": "node/11870637821",
        "name": "Salon Rudy Hadisuwarno",
        "shop": "supermarket"
      },
      "geometry": {
        "type": "Point",
        "coordinates": [
          107.6047853,
          -6.8946883
        ]
      },
      "id": "node/11870637821"
    },
    {
      "type": "Feature",
      "properties": {
        "@id": "node/12060277544",
        "addr:housenumber": "47",
        "addr:street": "Jalan Komodor Udara Supadio",
        "description": "Angkur, Baut HTB & Plat Besi Potongan",
        "name": "ABI TEKNIK JATAYU",
        "shop": "supermarket",
        "website": "https://s.id/abiteknik"
      },
      "geometry": {
        "type": "Point",
        "coordinates": [
          107.5891287,
          -6.9113036
        ]
      },
      "id": "node/12060277544"
    },
    {
      "type": "Feature",
      "properties": {
        "@id": "node/12429572020",
        "branch": "Transmart Buahbatu",
        "level": "2",
        "name": "Transmart Bojongsoang",
        "opening_hours": "Mo-Su 09:00-21:00",
        "shop": "supermarket"
      },
      "geometry": {
        "type": "Point",
        "coordinates": [
          107.6385946,
          -6.9669191
        ]
      },
      "id": "node/12429572020"
    },
    {
      "type": "Feature",
      "properties": {
        "@id": "node/12625144369",
        "addr:city": "kota bandung",
        "addr:housenumber": "No830",
        "addr:neighbourhood": "cicaheum",
        "addr:postcode": "40282",
        "addr:province": "jawa barat",
        "addr:street": "jl. A. Yani",
        "addr:subdistrict": "kec.kiara condong",
        "name": "warung terminal cicaheum",
        "opening_hours": "24/7",
        "payment:cash": "yes",
        "phone": "+62 822-1544-4889",
        "shop": "supermarket"
      },
      "geometry": {
        "type": "Point",
        "coordinates": [
          107.6562985,
          -6.902446
        ]
      },
      "id": "node/12625144369"
    },
    {
      "type": "Feature",
      "properties": {
        "@id": "node/12991832370",
        "addr:city": "Bandung",
        "addr:district": "Lengkong",
        "addr:housename": "Sumber Air Online",
        "addr:housenumber": "32",
        "addr:postcode": "40262",
        "addr:province": "Jawa Barat",
        "addr:street": "Jalan Karapitan",
        "addr:subdistrict": "Paledang",
        "addr:unit": "Toko",
        "name": "Sumber Air Online",
        "opening_hours": "Mo-Fr 08:00-17:00",
        "operator": "Tekad",
        "shop": "supermarket"
      },
      "geometry": {
        "type": "Point",
        "coordinates": [
          107.6172154,
          -6.9254061
        ]
      },
      "id": "node/12991832370"
    },
    {
      "type": "Feature",
      "properties": {
        "@id": "node/13460479214",
        "name": "Lotter Mart",
        "shop": "supermarket"
      },
      "geometry": {
        "type": "Point",
        "coordinates": [
          107.5859374,
          -6.929785
        ]
      },
      "id": "node/13460479214"
    },
    {
      "type": "Feature",
      "properties": {
        "@id": "node/13630154432",
        "name": "Mekar Store",
        "shop": "supermarket"
      },
      "geometry": {
        "type": "Point",
        "coordinates": [
          107.60124,
          -6.9526708
        ]
      },
      "id": "node/13630154432"
    },
    {
      "type": "Feature",
      "properties": {
        "@id": "node/13630175432",
        "brand": "Yogya",
        "brand:wikidata": "Q124353073",
        "name": "Yogya",
        "shop": "supermarket"
      },
      "geometry": {
        "type": "Point",
        "coordinates": [
          107.6065887,
          -6.953975
        ]
      },
      "id": "node/13630175432"
    },
    {
      "type": "Feature",
      "properties": {
        "@id": "node/13770723324",
        "name": "Aeon",
        "shop": "supermarket"
      },
      "geometry": {
        "type": "Point",
        "coordinates": [
          107.5959072,
          -6.8905771
        ]
      },
      "id": "node/13770723324"
    },
    {
      "type": "Feature",
      "properties": {
        "@id": "node/13794946855",
        "name": "nanakam fresh market",
        "shop": "supermarket"
      },
      "geometry": {
        "type": "Point",
        "coordinates": [
          107.6141891,
          -6.90676
        ]
      },
      "id": "node/13794946855"
    },
    {
      "type": "Feature",
      "properties": {
        "@id": "node/14045112959",
        "name": "Indomaret",
        "shop": "supermarket"
      },
      "geometry": {
        "type": "Point",
        "coordinates": [
          107.6106984,
          -6.9121434
        ]
      },
      "id": "node/14045112959"
    },
    {
      "type": "Feature",
      "properties": {
        "@id": "node/14045126736",
        "name": "Indomaret Point",
        "shop": "supermarket"
      },
      "geometry": {
        "type": "Point",
        "coordinates": [
          107.6099176,
          -6.9090047
        ]
      },
      "id": "node/14045126736"
    },
    {
      "type": "Feature",
      "properties": {
        "@id": "node/14053443510",
        "name": "Amanda Supermarket",
        "shop": "supermarket"
      },
      "geometry": {
        "type": "Point",
        "coordinates": [
          107.6053664,
          -6.8929232
        ]
      },
      "id": "node/14053443510"
    },
    {
      "type": "Feature",
      "properties": {
        "@id": "node/14070635607",
        "addr:street": "Jalan Cikutra",
        "name": "Indomaret",
        "shop": "supermarket"
      },
      "geometry": {
        "type": "Point",
        "coordinates": [
          107.643716,
          -6.9063789
        ]
      },
      "id": "node/14070635607"
    }
  ]
}