{"_id":"68a7222956e8afeaaa430aef","type":"FeatureCollection","features":[{"type":"Feature","properties":{"fid":19983,"ID_PROV":"31","PROVINSI":"DKI JAKARTA","ID_KABKOT":"31.72","KABKOT":"KOTA ADM. JAKARTA UTARA","AHH_LAKI":"71,97","AHH_PEREMPUAN":"76,04"},"geometry":{"type":"MultiPolygon","coordinates":[[[[106.97003579286518,-6.090717923137233,0],[106.97032286658221,-6.092751730357599,0],[106.9703300001039,-6.093642000134772,0],[106.97019465722823,-6.09364741416802,0],[106.97033399940354,-6.094203000149359,0],[106.97044899992956,-6.09417999974851,0],[106.97073191175188,-6.094824193130137,0],[106.97098585919451,-6.096262052159305,0],[106.97076016736085,-6.096484360876372,0],[106.97048500350783,-6.096503090938798,0],[106.97020500043041,-6.097769999634671,0],[106.97027677941486,-6.098265558972765,0],[106.97008166353852,-6.09876048662043,0],[106.97008933245611,-6.099436777919605,0],[106.97039575318941,-6.100135814928555,0],[106.97016723884911,-6.100946574053918,0],[106.9703465874956,-6.100987960577959,0],[106.97010177771607,-6.101739000396138,0],[106.96995508283015,-6.101732222392672,0],[106.96990180734393,-6.104897853468089,0],[106.97007027829062,-6.105164443684914,0],[106.97001602274239,-6.105825842818493,0],[106.97020637934436,-6.106078065620069,0],[106.9702777630701,-6.106549198421452,0],[106.97032483928257,-6.107533008828018,0],[106.97007788791939,-6.108509874939064,0],[106.97043956672078,-6.109966104449187,0],[106.97023969157006,-6.110627595581696,0],[106.97043917056372,-6.11148816654444,0],[106.97035383689995,-6.111682454599677,0],[106.96999004705765,-6.11173503573623,0],[106.97032000005814,-6.113547000190085,0],[106.97009800030028,-6.114258999661718,0],[106.96986999979634,-6.114330999625512,0],[106.97018040365963,-6.115979400032203,0],[106.96997517454982,-6.116003195235693,0],[106.9699869999722,-6.116709999687597,0],[106.9702120001031,-6.116657999899155,0],[106.97024881306345,-6.117338666941651,0],[106.97014471179675,-6.117362462083847,0],[106.97085881585377,-6.120156166523067,0],[106.97069300032705,-6.120177999600385,0],[106.97075799972605,-6.120599999484493,0],[106.97054624615235,-6.120678834787856,0],[106.9707190002663,-6.121194999919225,0],[106.97052926440021,-6.12305130722569,0],[106.97036481161778,-6.123061270614335,0],[106.97051352771307,-6.123251627857819,0],[106.97054327093213,-6.123867312719653,0],[106.9708377296991,-6.124173668602841,0],[106.97108757273917,-6.124753661974865,0],[106.97105485609652,-6.124949967306908,0],[106.9706860392819,-6.125033249097699,0],[106.97083200024422,-6.125899999705531,0],[106.97059100021977,-6.126017999708879,0],[106.97049865700184,-6.127412709786125,0],[106.97030699963935,-6.127418999229945,0],[106.97032299953288,-6.128255999903575,0],[106.97017799976793,-6.128550000056581,0],[106.97034899947214,-6.129231999540934,0],[106.97006200031527,-6.129219999736958,0],[106.97016600007235,-6.131509000108109,0],[106.97031699968511,-6.132166000054331,0],[106.96987699946902,-6.132317999997639,0],[106.96994599996434,-6.132599000126195,0],[106.96959399961182,-6.132712000391577,0],[106.96988599968988,-6.133789000191415,0],[106.9697839995826,-6.133826000014304,0],[106.9703879998302,-6.137142000232023,0],[106.97063199932937,-6.137155999492867,0],[106.97073500015983,-6.140065999861062,0],[106.97026099960858,-6.140200999802314,0],[106.97130469913661,-6.142132650164744,0],[106.97155454127838,-6.142950589723225,0],[106.97168243801863,-6.142962487614815,0],[106.9718230001061,-6.144625999558415,0],[106.97258100033946,-6.146177999598039,0],[106.97177799990023,-6.145883999409694,0],[106.97125700039166,-6.146012999943808,0],[106.97138700008799,-6.14643099968648,0],[106.9709729998112,-6.146542999875054,0],[106.97101262000682,-6.14773667805715,0],[106.97133384677262,-6.147778318948395,0],[106.97129815490976,-6.148852049326263,0],[106.97082199930016,-6.14949299940204,0],[106.97068900012907,-6.150512999971086,0],[106.97189900027406,-6.150042000002284,0],[106.97188400020546,-6.150470999658893,0],[106.97215899966675,-6.150656999859993,0],[106.97220399987258,-6.151478999930178,0],[106.97156799983796,-6.152149999844338,0],[106.9713237775566,-6.152729278148418,0],[106.97152552210144,-6.153297105003351,0],[106.9715197603072,-6.153651117053803,0],[106.97150971714231,-6.154268248015178,0],[106.97150866791007,-6.154332759393402,0],[106.971504824019,-6.154332583172119,0],[106.97012981503438,-6.154269410536338,0],[106.96975107183587,-6.154460911808915,0],[106.96854667448329,-6.154520123040584,0],[106.96398495401208,-6.155864784513366,0],[106.9639418267936,-6.156191414996131,0],[106.96347523195354,-6.156291974944396,0],[106.9626992887707,-6.156293402691057,0],[106.96098282565505,-6.155731909543438,0],[106.96086097008508,-6.156933080461572,0],[106.9609994552676,-6.158333630733966,0],[106.95992639340619,-6.158496287104279,0],[106.95992140506142,-6.15876541795003,0],[106.95945576063896,-6.158880754689585,0],[106.95862521785313,-6.158883806168354,0],[106.95860361606549,-6.159515060000836,0],[106.95798818924749,-6.158900552438914,0],[106.95699452857575,-6.158375166490546,0],[106.95474291119758,-6.157673492455825,0],[106.95427096868664,-6.157656026880064,0],[106.9532358732224,-6.158318808479323,0],[106.95269199182691,-6.160063618550994,0],[106.95219914731594,-6.159890737445985,0],[106.95177098240376,-6.161094447714163,0],[106.95152968593531,-6.161493193415408,0],[106.95108996150203,-6.161483675798026,0],[106.95087221077547,-6.162201609890144,0],[106.94879224527841,-6.162303389628142,0],[106.94867445817836,-6.163139771889177,0],[106.94438206879897,-6.162936176755522,0],[106.94464856750275,-6.160505319369093,0],[106.94471309079465,-6.158230952042365,0],[106.94467050795522,-6.157558835157041,0],[106.94447606671369,-6.157594478387857,0],[106.94433113252575,-6.155017812882169,0],[106.9403840788978,-6.155225240302391,0],[106.94015621044618,-6.151346374696145,0],[106.9391962922931,-6.15212849086815,0],[106.93871365444042,-6.152853398533901,0],[106.93576587595473,-6.158525132320083,0],[106.93490463683732,-6.158322883115917,0],[106.93378810100775,-6.158321393338162,0],[106.93379718207697,-6.157997862418808,0],[106.93352830373603,-6.157995482549066,0],[106.93354055765478,-6.158333365504979,0],[106.9330960748455,-6.158471135311927,0],[106.9331303536584,-6.159104717359593,0],[106.9317315330306,-6.159174431117819,0],[106.93114458999361,-6.159289954775938,0],[106.9312199613409,-6.159450599608803,0],[106.92976417315104,-6.159615426009375,0],[106.92845114971767,-6.160132961761405,0],[106.92861273238279,-6.160386892856815,0],[106.92793568293291,-6.160540047138556,0],[106.92423814895152,-6.161206465450146,0],[106.92215610385456,-6.161228192529427,0],[106.92216745676316,-6.161582026600698,0],[106.92199595130741,-6.161622425668106,0],[106.92205190377318,-6.162243120165958,0],[106.9218845665004,-6.162489204917236,0],[106.92105690820495,-6.166710204497259,0],[106.9211413345703,-6.167567999053615,0],[106.92068426097394,-6.168512028615477,0],[106.9203850680854,-6.16996569053774,0],[106.92069218501307,-6.172826199185264,0],[106.92121810279785,-6.175898428656396,0],[106.92192496553534,-6.178033855932754,0],[106.92181037194614,-6.178967057368235,0],[106.92211893336474,-6.179785330500002,0],[106.92201321602886,-6.180226816874923,0],[106.92163670783876,-6.180496070498604,0],[106.92191291194085,-6.18085134978134,0],[106.92182512857129,-6.181307188457831,0],[106.92215869818912,-6.181569137712378,0],[106.92250370605547,-6.183116056569443,0],[106.9138189879247,-6.182449896333353,0],[106.91203486010856,-6.182701423349659,0],[106.91113285364693,-6.182324704119723,0],[106.90985796818899,-6.182236539747917,0],[106.90690531993613,-6.180646862500554,0],[106.90131319590141,-6.178546737081396,0],[106.89858696442263,-6.178174120802776,0],[106.89747790706781,-6.178120599620294,0],[106.89649205275587,-6.178011062382086,0],[106.89100384852814,-6.173132130911704,0],[106.8813501123105,-6.167258837325001,0],[106.88022137376615,-6.1666789978833,0],[106.8789426578918,-6.166427228500013,0],[106.87916503763701,-6.166003915024455,0],[106.8798311456067,-6.164945854605407,0],[106.88140471281179,-6.162516112408475,0],[106.87750733422241,-6.163488051997516,0],[106.8769296096969,-6.163488105941873,0],[106.87246459286598,-6.160630055579628,0],[106.86220003369617,-6.154934686888483,0],[106.86220563648861,-6.154826006123292,0],[106.86034293303459,-6.153767262300567,0],[106.85668035160259,-6.15183481858522,0],[106.84577545892519,-6.153482264452792,0],[106.84518437914636,-6.153436608679566,0],[106.8412744501941,-6.150736656926539,0],[106.84187534676242,-6.149847649680064,0],[106.84240680355921,-6.14839328549462,0],[106.84347156947895,-6.147248732052038,0],[106.84311652293933,-6.146573858836341,0],[106.84329210674646,-6.146093254719016,0],[106.84408337518806,-6.144958000193507,0],[106.8384178417266,-6.141760427871474,0],[106.83730695001196,-6.14454254644276,0],[106.83715277934627,-6.146050000704493,0],[106.83655145517992,-6.144301435213907,0],[106.8354404421927,-6.142829147236958,0],[106.83418950312529,-6.141968390105929,0],[106.83196998075559,-6.141107247644664,0],[106.83100568241719,-6.140077495914634,0],[106.83067018321816,-6.138945193671085,0],[106.83069953567005,-6.135136714206773,0],[106.82774889066027,-6.135884744606933,0],[106.82132250571279,-6.136863627055574,0],[106.82119431791837,-6.136784643123145,0],[106.82109365270762,-6.13667078867089,0],[106.82088839305509,-6.136596147452059,0],[106.8202809657347,-6.136375262753866,0],[106.8201387965612,-6.136323564313093,0],[106.81999973286364,-6.136338545433648,0],[106.81971800502085,-6.136368896092833,0],[106.81942798033812,-6.136400141373544,0],[106.81677625063745,-6.137123675315895,0],[106.81663919557286,-6.13600004411447,0],[106.81505096157413,-6.130237542762178,0],[106.81432504736608,-6.130101310254737,0],[106.81406201795595,-6.130051948035698,0],[106.81324503523935,-6.130112547576707,0],[106.80260634841494,-6.132850755167933,0],[106.80180102852567,-6.133178168713441,0],[106.80158145781236,-6.133345591040106,0],[106.80138118021637,-6.133498302748754,0],[106.80116920386047,-6.133659934617917,0],[106.80094863062729,-6.133980614127825,0],[106.80058869725251,-6.134503902556524,0],[106.80051915147985,-6.134605011525348,0],[106.80048584464406,-6.134740742056239,0],[106.80021600959732,-6.135840395523426,0],[106.80056177743839,-6.141863558441385,0],[106.79742435561307,-6.142319219757975,0],[106.79216207228941,-6.142782222795005,0],[106.79062072226367,-6.142356673929621,0],[106.78938819596462,-6.14242943699189,0],[106.78805880882004,-6.143111668433033,0],[106.77752756140197,-6.144013457984295,0],[106.77683185484196,-6.144221564982066,0],[106.77533459772361,-6.145197672554823,0],[106.77507338919857,-6.145225580736621,0],[106.77542253380678,-6.14365448625644,0],[106.77545604545847,-6.142147294852986,0],[106.77565627634203,-6.141641207709839,0],[106.77460574871954,-6.141296867384725,0],[106.77274810817045,-6.141457409832698,0],[106.7682018962143,-6.140645618772643,0],[106.7558694673627,-6.136407053799371,0],[106.7530776705463,-6.135245605844052,0],[106.75230752868356,-6.13479241098159,0],[106.75068798570223,-6.134298508860032,0],[106.74960031094611,-6.133600341604669,0],[106.74894920394334,-6.13289840968639,0],[106.74727621928746,-6.131633768381958,0],[106.74670884515062,-6.131368114945053,0],[106.74452551859865,-6.129788448116464,0],[106.73869716818693,-6.126894713811198,0],[106.73356015133636,-6.123106876874929,0],[106.73212509626326,-6.121774280850184,0],[106.73138102800162,-6.12127751083715,0],[106.7272152202289,-6.117286767020962,0],[106.72612564912922,-6.115722187157542,0],[106.72352235030047,-6.112613682495462,0],[106.71979955928654,-6.107817639514281,0],[106.71896698630817,-6.106566202620777,0],[106.71738643021017,-6.104793901913947,0],[106.71542610503761,-6.101254990665761,0],[106.71458763282277,-6.099585928791472,0],[106.71444461743627,-6.098975949709928,0],[106.71366497409277,-6.098275063346043,0],[106.71291389448035,-6.097316609834384,0],[106.71261139309664,-6.097518944509827,0],[106.71146590097217,-6.096474402381576,0],[106.71078872665649,-6.096851043764778,0],[106.71050724225717,-6.096408220423312,0],[106.71176223272653,-6.09585469769434,0],[106.71248950788222,-6.095690896196641,0],[106.71441144444945,-6.09579472185457,0],[106.71462799951837,-6.09548899962658,0],[106.71416899993405,-6.095180999576107,0],[106.71430851009431,-6.094974556509835,0],[106.71386599998537,-6.094635999885766,0],[106.71427687771822,-6.094045190349791,0],[106.71654722586838,-6.092082142106689,0],[106.71655027475045,-6.091913464008973,0],[106.71800446483743,-6.091478192478078,0],[106.71804786334712,-6.091596480718048,0],[106.71860726673242,-6.091634174079468,0],[106.7192380313856,-6.092690819005401,0],[106.72100154017099,-6.091443515906255,0],[106.7222938493522,-6.091963334240702,0],[106.72267539709102,-6.091316157445648,0],[106.72378717095127,-6.090311368291166,0],[106.72495151601859,-6.0896997383893,0],[106.7250279285133,-6.08963013593269,0],[106.7256327480244,-6.089079215598386,0],[106.72643876141308,-6.089997818078646,0],[106.72685041708698,-6.090266653002899,0],[106.72589873558675,-6.091684909363074,0],[106.7261238668717,-6.092217311682657,0],[106.72641297078128,-6.092410047614269,0],[106.7268484129456,-6.092067406109385,0],[106.72703401027317,-6.092017436976064,0],[106.72724816234869,-6.092174481266285,0],[106.72690908875315,-6.092456446911504,0],[106.72716963881308,-6.09255638509059,0],[106.72729456123145,-6.092909735667378,0],[106.72755154318307,-6.09297754919866,0],[106.72764077284026,-6.093402283663773,0],[106.72745874362097,-6.09348794429455,0],[106.72734096101247,-6.093395145876745,0],[106.72726600828014,-6.093570036019062,0],[106.72857947009133,-6.094769284108185,0],[106.72914697089062,-6.094879929400837,0],[106.72923620054777,-6.095215433122202,0],[106.72993219367035,-6.095804348561773,0],[106.73002499233414,-6.096218375934757,0],[106.73043188154715,-6.09628619084075,0],[106.73113857989297,-6.097021443130211,0],[106.7313003826453,-6.097229646903018,0],[106.73122301613977,-6.097483179420257,0],[106.7314076630498,-6.097644983273732,0],[106.73170271560318,-6.097734452164807,0],[106.73322049383586,-6.09586252872213,0],[106.73340751948476,-6.095825410242755,0],[106.73458963592331,-6.096693435272991,0],[106.73561899025457,-6.097986911713353,0],[106.73641277847057,-6.098636504554173,0],[106.73612581614461,-6.099326072434965,0],[106.73661408194256,-6.099780073755493,0],[106.73742071876204,-6.10027404955296,0],[106.73814883384256,-6.09941887071242,0],[106.73963647269915,-6.100452509865504,0],[106.74062585289856,-6.100945058037611,0],[106.74053638428951,-6.101741224962398,0],[106.74097709956455,-6.101980262374592,0],[106.74150722954967,-6.102066407172977,0],[106.74185749435706,-6.101234722276584,0],[106.74394047460021,-6.101879792762203,0],[106.7446733489551,-6.10190453993068,0],[106.74515495194859,-6.101756062297544,0],[106.74532817677975,-6.100806180675155,0],[106.74552805193046,-6.101038415320535,0],[106.74582691154401,-6.100570137900857,0],[106.74642463256778,-6.101322047817953,0],[106.74680861743596,-6.099873550835047,0],[106.74694995746447,-6.10000346990303,0],[106.74707844888944,-6.099909242929388,0],[106.7471612537957,-6.100037734089407,0],[106.74773946341146,-6.100036306190238,0],[106.74851278800529,-6.100258428990034,0],[106.74958652000987,-6.099943149247864,0],[106.75014654682597,-6.099410350064701,0],[106.75042018533962,-6.099853524272691,0],[106.75025064899101,-6.100061727830544,0],[106.7503517759358,-6.100501927904508,0],[106.75052428660632,-6.100623874689724,0],[106.75059150753901,-6.101214576174948,0],[106.75119681034377,-6.10126218409593,0],[106.75125002204963,-6.101016486139105,0],[106.75144335387184,-6.101001614614399,0],[106.75155042946042,-6.100826128972889,0],[106.75228211444588,-6.100936180440266,0],[106.75312087412159,-6.101763041716551,0],[106.753843635243,-6.102143755306203,0],[106.75442065369269,-6.102818928201328,0],[106.75551044667627,-6.103500941157688,0],[106.75606724135399,-6.103686538929086,0],[106.7572056790085,-6.104001311104208,0],[106.7602049902488,-6.104103629015153,0],[106.76041438304992,-6.103919220098528,0],[106.7609057408491,-6.104002500711557,0],[106.76278706278569,-6.103467123186427,0],[106.76367936025572,-6.102985282051208,0],[106.76431467577412,-6.102449902597132,0],[106.76447885906197,-6.101411268813208,0],[106.76479651682118,-6.100990102422895,0],[106.76503502671562,-6.10026520431483,0],[106.76497966084972,-6.100016667180959,0],[106.76514622287644,-6.099850103787534,0],[106.76434113744746,-6.100070978602575,0],[106.76454659832258,-6.099783478954995,0],[106.76498917939847,-6.09964071142842,0],[106.76461322367228,-6.099426559616749,0],[106.7634473631471,-6.100833059848456,0],[106.76330452113544,-6.100506835629237,0],[106.76408498374248,-6.099735889783749,0],[106.76455135759699,-6.099003016006164,0],[106.766174150683,-6.100078532620341,0],[106.7665167923869,-6.100825682979841,0],[106.76714497079031,-6.100820923622688,0],[106.7672550530402,-6.100680652499058,0],[106.76740256179976,-6.100774108738394,0],[106.76793496721749,-6.101672354221198,0],[106.76929711412383,-6.102945942207805,0],[106.77013468443012,-6.103389473123869,0],[106.77105177630034,-6.103614951135062,0],[106.77115171297737,-6.103837668584723,0],[106.77121167642089,-6.103706321670004,0],[106.77133958304263,-6.103754612739352,0],[106.7721534773513,-6.102277074504231,0],[106.7714700965753,-6.103647645128485,0],[106.77159192609412,-6.103712365921708,0],[106.77139014741333,-6.104203486766917,0],[106.77223954763359,-6.104595344749537,0],[106.77230715574021,-6.104447251818849,0],[106.77295307587052,-6.104616526569774,0],[106.77392785036172,-6.10494388480812,0],[106.77385289762937,-6.105136621500154,0],[106.77437072788163,-6.105237748687676,0],[106.77492097833253,-6.103839814913965,0],[106.77570502611586,-6.10389045821111,0],[106.7765940905492,-6.103709599161454,0],[106.77668944491995,-6.103764357093622,0],[106.77546528013956,-6.106986652427933,0],[106.77492692697633,-6.107019369591258,0],[106.7746681600722,-6.107679669418965,0],[106.77501615663348,-6.107819463925369,0],[106.77418631992349,-6.109824159709987,0],[106.77449862372359,-6.110076977647891,0],[106.77465923710649,-6.109966927184202,0],[106.77520353891359,-6.108684992069674,0],[106.77551584361198,-6.108750427083121,0],[106.77571512317967,-6.108232894737785,0],[106.77601255626857,-6.108325098901278,0],[106.77607501702857,-6.108107972565183,0],[106.77666095844401,-6.108304278694731,0],[106.77732020418325,-6.106561164572672,0],[106.77649024799729,-6.106226136513837,0],[106.77657767743062,-6.106038436473825,0],[106.7796202928575,-6.107365268093162,0],[106.77971440306162,-6.107157378523202,0],[106.78005645008076,-6.107279325571868,0],[106.7799761433893,-6.107520246035859,0],[106.78206254172214,-6.108432547518917,0],[106.7833327658221,-6.108648351947358,0],[106.78447382835387,-6.10855449787001,0],[106.78447941856987,-6.109577428096403,0],[106.7856465448213,-6.109563151160359,0],[106.78562156087659,-6.108074798692327,0],[106.7869029007299,-6.108053383227229,0],[106.78697047739544,-6.109059894762845,0],[106.78718362335785,-6.109052697842119,0],[106.78725406475088,-6.108899144627459,0],[106.78723950755167,-6.108113305525322,0],[106.79041437924289,-6.108033729229875,0],[106.7900732943194,-6.107889517170259,0],[106.79041427863157,-6.107814564361025,0],[106.79043256563583,-6.106849912179247,0],[106.79353410964701,-6.105560308562503,0],[106.7939301606861,-6.10531508826448,0],[106.79415311175987,-6.104889723149546,0],[106.7943183811109,-6.102905544031333,0],[106.79402692271695,-6.102148790698854,0],[106.79448544619416,-6.098123024824601,0],[106.79632950062287,-6.097059231419248,0],[106.79678631640274,-6.097091721702575,0],[106.79682557817056,-6.096484959734855,0],[106.7965436122742,-6.096342192217763,0],[106.79668994873232,-6.096345761091428,0],[106.79685056211522,-6.095970995953628,0],[106.7966078570884,-6.095803244358863,0],[106.7964994951123,-6.09508771769115,0],[106.79621881650176,-6.094814578094578,0],[106.7955763611735,-6.094996607332169,0],[106.79552639148753,-6.094789594107703,0],[106.79572269852994,-6.094625411023974,0],[106.79546571567997,-6.094375567415977,0],[106.79572710117316,-6.09408083787755,0],[106.79520873372832,-6.094536180792117,0],[106.7955727921669,-6.094082893428081,0],[106.79603321827588,-6.093965110189533,0],[106.79648479148774,-6.094062099636726,0],[106.796770392866,-6.094301154903989,0],[106.79711653979612,-6.095233475349939,0],[106.79665104449398,-6.100721530108229,0],[106.79650470803588,-6.10084288338434,0],[106.79665104449398,-6.10158527511247,0],[106.79644760123496,-6.101588843950811,0],[106.79673670514455,-6.102010008066077,0],[106.79667602843865,-6.102902306098644,0],[106.79646901617303,-6.10338771613563,0],[106.79647615418628,-6.103726789581251,0],[106.79668316645194,-6.103915956995176,0],[106.79624511198676,-6.104037400354946,0],[106.79620846521478,-6.104676194791561,0],[106.79579443888683,-6.105397170960883,0],[106.79605141994017,-6.108109757411913,0],[106.79616643843251,-6.108854865206997,0],[106.7972973347302,-6.108792473883261,0],[106.79763643078364,-6.108897347195092,0],[106.79759587184859,-6.108307524686836,0],[106.79773241397514,-6.108186548975746,0],[106.79921240277875,-6.107772834889245,0],[106.7995960732366,-6.107356545260578,0],[106.79989551585678,-6.106722746251858,0],[106.79987843798492,-6.105677279965935,0],[106.80034334309391,-6.105673852325086,0],[106.79868694133816,-6.09678725998364,0],[106.80028927888685,-6.096616320131611,0],[106.8008796831326,-6.100027946505811,0],[106.80197867755965,-6.099843830200504,0],[106.80241775340923,-6.102228129598187,0],[106.80444705212767,-6.101888077785627,0],[106.80306386488073,-6.094607289646794,0],[106.80353343763592,-6.094519990872511,0],[106.80367009205192,-6.094585325130522,0],[106.80448073086599,-6.099136138175499,0],[106.8048002472395,-6.10026990972618,0],[106.80617665220602,-6.107941133877731,0],[106.80598971369372,-6.108532786598589,0],[106.80705077046966,-6.115277770137517,0],[106.80728838564208,-6.116050543767131,0],[106.8080258944055,-6.116106365916974,0],[106.80903716475176,-6.116936131091464,0],[106.80960272429171,-6.120225961874151,0],[106.81139983006875,-6.12048719533236,0],[106.81182736256699,-6.122673432016711,0],[106.8125328634585,-6.122550828553975,0],[106.81202580220987,-6.119282680843535,0],[106.81227107821502,-6.119239844527668,0],[106.81239292480186,-6.11994928993358,0],[106.81298612460476,-6.119873385740667,0],[106.8131107344094,-6.120659833141252,0],[106.813826669233,-6.120749026592985,0],[106.81456069971962,-6.119452377934262,0],[106.81646766047275,-6.119899996897022,0],[106.81721005247806,-6.114874574533427,0],[106.8204873653493,-6.115333131102672,0],[106.82067564774131,-6.115382590909547,0],[106.82066456522563,-6.11551281457472,0],[106.82110000559331,-6.115577060959134,0],[106.82111271675457,-6.115461594235353,0],[106.82211722638,-6.115709120649157,0],[106.82327364381493,-6.115759088442849,0],[106.823216537014,-6.116397974804644,0],[106.82349136489708,-6.116440805057181,0],[106.82362342532868,-6.115798350004933,0],[106.82567214113195,-6.116033916618548,0],[106.8256507261939,-6.11735451808148,0],[106.82589700022737,-6.11737236353855,0],[106.826153982179,-6.117115381525707,0],[106.8264181021439,-6.117076120960748,0],[106.82678215878583,-6.117104674426162,0],[106.82699631086135,-6.117361655545055,0],[106.82819555907068,-6.11744731678937,0],[106.82858816956225,-6.120209870748481,0],[106.8288701354586,-6.120570360040084,0],[106.82897586357424,-6.121379614101467,0],[106.82945116129277,-6.121348442558527,0],[106.82907223573625,-6.118479507209751,0],[106.82935920345207,-6.118802889809942,0],[106.82920709262335,-6.119003836964345,0],[106.82936276078061,-6.120144663740479,0],[106.8299125432092,-6.120208757605083,0],[106.83012885034313,-6.120876019203259,0],[106.83059653753456,-6.121067244910761,0],[106.83286633232248,-6.120748939375858,0],[106.83407704662814,-6.120786718774722,0],[106.83419108685514,-6.121363433995691,0],[106.83453182592724,-6.121428392689103,0],[106.83450055197892,-6.121605159958847,0],[106.83492396121001,-6.121727252927757,0],[106.83542650303444,-6.121399839457785,0],[106.83859225143566,-6.121465988613845,0],[106.83860176908607,-6.121363672269008,0],[106.83872550123668,-6.121435055349297,0],[106.83863315532379,-6.120938598818374,0],[106.83883001572842,-6.120885033135558,0],[106.8408313238409,-6.120883020848246,0],[106.84268016539173,-6.12107099794216,0],[106.84304898220638,-6.121499301012438,0],[106.84306325823286,-6.121870496425523,0],[106.84268254502895,-6.122451085766031,0],[106.84229420692488,-6.1226312091914,0],[106.84158359372107,-6.122619115726235,0],[106.84041290025962,-6.122190812666542,0],[106.83968209023328,-6.122232300927239,0],[106.83927894519839,-6.122426127362736,0],[106.83945535455726,-6.123154346152758,0],[106.83977773026832,-6.123581988460266,0],[106.84053873356969,-6.123870430038942,0],[106.84190392037496,-6.123514039489675,0],[106.84242746570906,-6.123700525769559,0],[106.84322385364946,-6.123583620400731,0],[106.84330302307379,-6.123243928510628,0],[106.84311139445737,-6.122991338069906,0],[106.84385058576531,-6.121075595270744,0],[106.8465005538697,-6.120143963305264,0],[106.84631820754515,-6.119328354867056,0],[106.84670832161852,-6.119271000010573,0],[106.84692550281319,-6.120262121947802,0],[106.84732650446782,-6.120506511686288,0],[106.8478783188856,-6.120400759517715,0],[106.84874607887362,-6.12012863825004,0],[106.84862572079524,-6.119309165249819,0],[106.84873087848071,-6.119251759139809,0],[106.84926368275046,-6.119349515415928,0],[106.84926653849473,-6.119537967806414,0],[106.84944510291197,-6.119619121270854,0],[106.85126738397483,-6.119068116192189,0],[106.8512324817311,-6.118751064662693,0],[106.85175859175536,-6.118594927416523,0],[106.85198682671957,-6.118902396811839,0],[106.85336124910428,-6.118439489662453,0],[106.85349360418329,-6.118095443471124,0],[106.85369841916977,-6.118443763320127,0],[106.85386647778975,-6.118397724165259,0],[106.85497280336782,-6.117198066618042,0],[106.85592670640169,-6.116829379248938,0],[106.85627530483423,-6.116931631734398,0],[106.85635029709246,-6.116732168291389,0],[106.8573844412408,-6.116294583887836,0],[106.8582459866837,-6.115493303820561,0],[106.85872294898046,-6.114704574753162,0],[106.8583881971797,-6.113942569257834,0],[106.85776001877625,-6.113704623439005,0],[106.85697003851878,-6.113856909242972,0],[106.85581006734857,-6.114904050651528,0],[106.85509502275548,-6.115132300339646,0],[106.85435263075016,-6.115579637935659,0],[106.85362927494403,-6.116436243654327,0],[106.85318193549213,-6.116645636551273,0],[106.85051138788286,-6.117105666190572,0],[106.84953580939948,-6.117450687707258,0],[106.84928596456277,-6.117426892569076,0],[106.84882967070409,-6.117092533179219,0],[106.85027938987591,-6.116915308526981,0],[106.85257279418616,-6.116312512102803,0],[106.85359120254567,-6.115827102252465,0],[106.85442877375027,-6.115141817896947,0],[106.85523560909742,-6.114810133845866,0],[106.85536747100137,-6.114560436447556,0],[106.85519223484224,-6.113934036256036,0],[106.85496415169331,-6.113588425290335,0],[106.85439070225021,-6.113250542364622,0],[106.85437166694935,-6.112660436087396,0],[106.85415037686056,-6.112517669341284,0],[106.85459057650262,-6.111882352447091,0],[106.8555494211689,-6.111271147609443,0],[106.85587064793472,-6.110842845229385,0],[106.85583670599003,-6.110462806882685,0],[106.8574113484785,-6.110124248483523,0],[106.85793499981382,-6.110747159947645,0],[106.85860405425764,-6.110835111532941,0],[106.85981757849349,-6.110617986228434,0],[106.86084169923988,-6.110162913419974,0],[106.8613092795318,-6.113355466043261,0],[106.86119510096424,-6.113371105101418,0],[106.86136977298132,-6.114640354338045,0],[106.86266110569383,-6.11452123054108,0],[106.86264320855844,-6.114183984815384,0],[106.86315254703634,-6.114089543673117,0],[106.86332595781876,-6.11533468394307,0],[106.86353376239849,-6.115298079349162,0],[106.86337160211669,-6.114057683844364,0],[106.86349469287016,-6.114023142727366,0],[106.86343654582015,-6.113174647998039,0],[106.86359987121689,-6.112617951704505,0],[106.86351178062348,-6.11218229079065,0],[106.86391755412892,-6.111565920618879,0],[106.86455559603418,-6.111128413756728,0],[106.86476133628538,-6.110737518226662,0],[106.86518963863982,-6.110701825964196,0],[106.86588563086407,-6.110065319989465,0],[106.86767617624457,-6.109030254670416,0],[106.86771086379095,-6.108657249196865,0],[106.86945684015697,-6.107491060836159,0],[106.87029358311486,-6.10679950924383,0],[106.87138617794382,-6.105412988290624,0],[106.87292685692803,-6.104351195818788,0],[106.87245230301455,-6.106762877982498,0],[106.87222404289753,-6.107101935775825,0],[106.87204886872216,-6.108496511527317,0],[106.86492302046013,-6.112332834461736,0],[106.86471852527391,-6.113029939208068,0],[106.864807908543,-6.113304737334122,0],[106.86461756272078,-6.113551800793894,0],[106.86464440797475,-6.113711989337978,0],[106.8653870730679,-6.113674208533366,0],[106.86984471203539,-6.111049069000103,0],[106.86992204350662,-6.111185888187426,0],[106.87133353936309,-6.110420177557727,0],[106.87173138613444,-6.110486802848149,0],[106.87171996495391,-6.110753302127536,0],[106.87155957255656,-6.110715414110879,0],[106.87144919745593,-6.111137577116422,0],[106.87165738471798,-6.111210952324335,0],[106.87158457446758,-6.111476499925563,0],[106.87171591984018,-6.111520757546399,0],[106.87095797979397,-6.114243325562764,0],[106.8702211851912,-6.114737498244211,0],[106.87054949966456,-6.115335612769973,0],[106.87109013005707,-6.115000264782497,0],[106.87166630768368,-6.115166805417855,0],[106.87145368364247,-6.115482304462882,0],[106.8715141465493,-6.115583934994506,0],[106.87279619517331,-6.114499485347008,0],[106.87290088124325,-6.114127039415273,0],[106.87286221505849,-6.113987246578315,0],[106.872710523743,-6.114014015384038,0],[106.87277001107941,-6.113716583134026,0],[106.87266058370142,-6.113693693279187,0],[106.87467011229703,-6.103586012093638,0],[106.87608117426724,-6.102152927813387,0],[106.87673240972906,-6.101802586660505,0],[106.87751124189388,-6.101903415958588,0],[106.87741436308208,-6.105241124179365,0],[106.8768525117876,-6.106710995005792,0],[106.87665868319709,-6.106658907912527,0],[106.8759603625396,-6.110525983877623,0],[106.87621317990158,-6.110650905478504,0],[106.87648681751693,-6.110439728961711,0],[106.8771164835305,-6.107187335228062,0],[106.87737634637925,-6.106759426071104,0],[106.8777109526529,-6.106855585937268,0],[106.87762070520452,-6.107296891728017,0],[106.87796951294449,-6.107502399346679,0],[106.87745248937935,-6.110442831973714,0],[106.87856888507173,-6.109932191580199,0],[106.87865086173133,-6.106494545081419,0],[106.87895493876006,-6.105967190683132,0],[106.878656716052,-6.105979715232567,0],[106.87879418164668,-6.102336830210146,0],[106.88021979542617,-6.102429921990292,0],[106.88023851452006,-6.102089366768127,0],[106.87915860300463,-6.101987036778177,0],[106.87875594575493,-6.101464619769097,0],[106.87907045042749,-6.095002016855611,0],[106.87915018219718,-6.095250532065906,0],[106.87942445671803,-6.095088098947383,0],[106.87952423169831,-6.095258795612543,0],[106.87953366221217,-6.094306105847348,0],[106.87964119594156,-6.094302740176999,0],[106.87949149888597,-6.098498643562354,0],[106.87961657581457,-6.098564532125484,0],[106.88002593629292,-6.09841006049633,0],[106.88014258522752,-6.096735090087182,0],[106.88042342822972,-6.096743079358797,0],[106.8804377096461,-6.096989382653498,0],[106.88076742099977,-6.09699870811166,0],[106.88083889994695,-6.096807417044034,0],[106.8810851155899,-6.096715319674205,0],[106.88114065303402,-6.095354668929511,0],[106.88178119405244,-6.095394703510972,0],[106.88174604836526,-6.096035145802473,0],[106.88202278696492,-6.096031308968781,0],[106.88227181613135,-6.095075786348794,0],[106.88211696633932,-6.09504215127373,0],[106.88214139692178,-6.094789228137471,0],[106.88268668058744,-6.094812233007787,0],[106.88228229497916,-6.106380977217554,0],[106.88378061121122,-6.106428670094552,0],[106.88419502471304,-6.096026683547467,0],[106.88644610579698,-6.096105993691453,0],[106.88644034579939,-6.096336914888481,0],[106.8861232423007,-6.096338866124556,0],[106.88700943392176,-6.097409499281844,0],[106.88668880902718,-6.106547670732003,0],[106.8879631150718,-6.106572041829065,0],[106.8882972901541,-6.097210541905899,0],[106.89100934442106,-6.097307725881865,0],[106.89070906097777,-6.106783815141794,0],[106.89146030228697,-6.10674327249232,0],[106.89149505900359,-6.106879771791256,0],[106.89162773478117,-6.106869405269323,0],[106.89166327842203,-6.106597511710376,0],[106.8920375758582,-6.106598996239542,0],[106.89203988991837,-6.106837405633819,0],[106.89236727194051,-6.106850589253705,0],[106.89273429302287,-6.097365129880017,0],[106.90514637369405,-6.097861713768376,0],[106.9051144493655,-6.09850246329369,0],[106.90549832913078,-6.098511986545549,0],[106.90521979030727,-6.107017780759684,0],[106.90572899403789,-6.107688788779244,0],[106.9063260718679,-6.107778976204563,0],[106.90651606195722,-6.108455654300919,0],[106.90697535978222,-6.108480592684037,0],[106.90741288693629,-6.105695809187699,0],[106.9072275608999,-6.104678261091025,0],[106.9072964140715,-6.104319195131666,0],[106.90766358517251,-6.104276347711117,0],[106.90764916182229,-6.103915176511909,0],[106.90778731462817,-6.103842980007798,0],[106.91046074852441,-6.103852873623362,0],[106.91039383751047,-6.101668205413562,0],[106.90900764809385,-6.101468906152613,0],[106.90899666439287,-6.101714019433632,0],[106.90794581517352,-6.101709617058154,0],[106.90796806644312,-6.099957920094026,0],[106.90815604430621,-6.099710455539235,0],[106.9094552300909,-6.09890619740966,0],[106.9112240272584,-6.098963353060053,0],[106.91127093189266,-6.098518606333986,0],[106.91408714491845,-6.098646248103518,0],[106.91403836999179,-6.10005482032357,0],[106.9143669539598,-6.100047671836015,0],[106.91439230801038,-6.099447023197675,0],[106.91456080410988,-6.09945176368438,0],[106.91497815689934,-6.09890575231419,0],[106.91885955445981,-6.099101721069721,0],[106.91883968552234,-6.100235087163702,0],[106.91895475611697,-6.100500689733579,0],[106.91882348620283,-6.100719561803875,0],[106.91909679413648,-6.101167128303526,0],[106.91914763159502,-6.102075687582807,0],[106.91901628532408,-6.104048737141198,0],[106.91911622289943,-6.104285730587989,0],[106.91962447621245,-6.1043656806047,0],[106.92131198842313,-6.103757490997023,0],[106.92132341050196,-6.103531917734095,0],[106.92117493246025,-6.103429124948054,0],[106.9199899611757,-6.103389149420829,0],[106.91976438791964,-6.102818080278267,0],[106.92002707956323,-6.101230502430425,0],[106.92040684145128,-6.100713683866252,0],[106.92068095607202,-6.100625167710326,0],[106.92068952150824,-6.10027648453358,0],[106.92247772587912,-6.100162695035072,0],[106.9241488034117,-6.099648388640202,0],[106.92517419168092,-6.099016778894915,0],[106.92558475320683,-6.098542858209614,0],[106.92571696186045,-6.098757680270223,0],[106.92554491472059,-6.099099179980145,0],[106.92607825528457,-6.099545804608844,0],[106.92613029648558,-6.099061203008441,0],[106.92599207001788,-6.098834441720742,0],[106.92635837424467,-6.097678910418508,0],[106.92671620825662,-6.097498216493931,0],[106.93455601235364,-6.096136489635472,0],[106.93925771819393,-6.0960538030466,0],[106.93947952661061,-6.096262317419547,0],[106.93940387498898,-6.097084976909485,0],[106.93952752179965,-6.097738355525816,0],[106.94001530879555,-6.097660273912918,0],[106.94047990308744,-6.098102657405173,0],[106.94106662603717,-6.098311826476079,0],[106.9426605841009,-6.098197197616511,0],[106.94550689967191,-6.097698195235716,0],[106.94647417143385,-6.097359861552839,0],[106.94739620583474,-6.096818652377174,0],[106.94873315589567,-6.096569317844564,0],[106.94919810681874,-6.096679420551588,0],[106.95239482733429,-6.096600514228323,0],[106.95240196444922,-6.096500576812376,0],[106.9484591975818,-6.096433951558175,0],[106.94643665688926,-6.096576719050555,0],[106.94635908556783,-6.094740885895338,0],[106.94701105854655,-6.095002625606821,0],[106.94726566086099,-6.094774198180399,0],[106.94717524093609,-6.094191229742228,0],[106.94651851047965,-6.094057980442774,0],[106.94637336249268,-6.093855725372032,0],[106.94734180386111,-6.093341762635808,0],[106.94752502155151,-6.093065744722277,0],[106.94746077673736,-6.092896804373396,0],[106.94714668798478,-6.092851593847935,0],[106.94709195992272,-6.092513710262114,0],[106.94760116455161,-6.092180585895668,0],[106.94739891156034,-6.091759421154009,0],[106.94746315547621,-6.091502439280969,0],[106.94780103880403,-6.091214524947689,0],[106.94786290487934,-6.090476891616304,0],[106.94808181622926,-6.090607761642406,0],[106.94861481453508,-6.095511830923118,0],[106.95073253442692,-6.095466620620914,0],[106.95032558502677,-6.090023361592579,0],[106.953957116191,-6.08976143598464,0],[106.95395673620362,-6.089656424000687,0],[106.95468301422937,-6.089600287037094,0],[106.95510864050257,-6.095010615803781,0],[106.95640484837209,-6.094935590133747,0],[106.95647854436137,-6.095848959975973,0],[106.95694330573991,-6.095840025644319,0],[106.9568691408301,-6.096780755269413,0],[106.95662656695727,-6.097303814425008,0],[106.95753925079435,-6.097498354069245,0],[106.9577715757881,-6.096900761569077,0],[106.95871109499765,-6.096208880516412,0],[106.95876381083347,-6.093797945131405,0],[106.95891371719652,-6.093659935412266,0],[106.95902793079836,-6.093786047929274,0],[106.95918041442796,-6.093647235228858,0],[106.95925318425418,-6.093755262310223,0],[106.96164226722703,-6.092651869545964,0],[106.96358360740436,-6.092639940846327,0],[106.96306310107087,-6.092758914012153,0],[106.9632415594869,-6.093029577392808,0],[106.96364606906272,-6.092845169113562,0],[106.96402380794473,-6.092871938090329,0],[106.96429744556006,-6.093407316442026,0],[106.96423201137644,-6.093553059277027,0],[106.96450564899179,-6.093383522019986,0],[106.96464841644327,-6.093443008972309,0],[106.9645001827433,-6.093697928057689,0],[106.96553625287957,-6.093829572391093,0],[106.96649279606213,-6.093486930005988,0],[106.96731320764816,-6.092945511856136,0],[106.9678419515328,-6.092204399254835,0],[106.96787216996066,-6.091436191060165,0],[106.96658154961219,-6.091921600821226,0],[106.96633979679955,-6.091919698125404,0],[106.96753333531697,-6.091538984376702,0],[106.96788739730303,-6.091272483510831,0],[106.96772774152421,-6.090507279081557,0],[106.9678580780888,-6.08875626262186,0],[106.96781382528127,-6.090485231669176,0],[106.96806115932675,-6.091172553182338,0],[106.96972056504885,-6.091155303007913,0],[106.97003579286518,-6.090717923137233,0]]],[[[106.79301017983398,-6.103906066977481,0],[106.79295151625267,-6.103582149238622,0],[106.79284146724049,-6.103811244546375,0],[106.79245335012196,-6.103773292190669,0],[106.79245777881633,-6.103576201197157,0],[106.79230013885702,-6.103647584883764,0],[106.792288442792,-6.103843379241213,0],[106.79210178904563,-6.103837106600732,0],[106.79196701480356,-6.103608919470703,0],[106.79192445532034,-6.103844961788104,0],[106.79135759681648,-6.103773422570965,0],[106.79125683907928,-6.100936808067434,0],[106.79139199241041,-6.100826401424269,0],[106.79125024903837,-6.100751683198858,0],[106.79124360689512,-6.100510344229775,0],[106.79136080739531,-6.100338688933545,0],[106.79268122306514,-6.100295173099512,0],[106.79303302309336,-6.1001484232399,0],[106.79337566479721,-6.100403500948842,0],[106.79345342656148,-6.103633004765656,0],[106.79317007995454,-6.10391368208429,0],[106.79301017983398,-6.103906066977481,0]]],[[[106.79390599869991,-6.096391348077949,0],[106.79353472768797,-6.096534828636929,0],[106.79194532408272,-6.096058224352054,0],[106.79153883551831,-6.095682505871205,0],[106.79133182325266,-6.095810997158071,0],[106.79146362317285,-6.096391567479583,0],[106.79121892658104,-6.096836559672298,0],[106.79091263700177,-6.099727352955863,0],[106.79098878000188,-6.10428164114631,0],[106.79315979963445,-6.104215650789454,0],[106.79341108716548,-6.104565797021563,0],[106.79270986045809,-6.105332413507859,0],[106.7923437421826,-6.105200859255717,0],[106.79231657084017,-6.104782528277567,0],[106.79194023602496,-6.104786531394762,0],[106.79201749922422,-6.105560797711782,0],[106.79176009236946,-6.10575290835579,0],[106.79129798730919,-6.105530896663378,0],[106.79126760359132,-6.104825243478713,0],[106.7908619711214,-6.104825220100226,0],[106.79089195149571,-6.105566183748766,0],[106.79127299887293,-6.106229483225778,0],[106.79038222764056,-6.106650747049285,0],[106.79032879405082,-6.104291711890887,0],[106.79019108231779,-6.103952076823642,0],[106.7903433674197,-6.103948269720105,0],[106.79033004181075,-6.103497124159979,0],[106.7899743520774,-6.103500890803875,0],[106.78995744578376,-6.100506862604661,0],[106.79029294947436,-6.100499724913389,0],[106.79093540480264,-6.09405852355412,0],[106.79130660035614,-6.093454140969739,0],[106.79190146563559,-6.093080565215911,0],[106.7929531880174,-6.092840239737179,0],[106.79399730885528,-6.092919562947057,0],[106.79473541140513,-6.093209977007945,0],[106.7949210024445,-6.093458899493917,0],[106.7943594484924,-6.09513641957725,0],[106.79408819051426,-6.095357709986052,0],[106.79411198508951,-6.095562342836618,0],[106.79390497192556,-6.095643244613444,0],[106.79425250405785,-6.095799163843525,0],[106.79415346300112,-6.096105813853952,0],[106.79390599869991,-6.096391348077949,0]]],[[[106.79303562012282,-6.096787467695689,0],[106.79302990953258,-6.096900255327266,0],[106.79322264577172,-6.096865990937737,0],[106.79356612919703,-6.097210556292878,0],[106.79338669790553,-6.099541911152166,0],[106.79306467792733,-6.099781605960374,0],[106.79134496650359,-6.099726839523284,0],[106.79124645545292,-6.099334228915348,0],[106.7915776768746,-6.096931448993954,0],[106.79193031323432,-6.096932876901534,0],[106.79183394466556,-6.096711587151098,0],[106.79214874757879,-6.096581669073437,0],[106.79233434490638,-6.096812951535881,0],[106.79263461307832,-6.096582141146482,0],[106.79303562012282,-6.096787467695689,0]]],[[[106.87809804928524,-6.094719674006515,0],[106.87808892958849,-6.094926438182817,0],[106.87827098036733,-6.09486543086743,0],[106.87832223105093,-6.095031374489485,0],[106.87827717604783,-6.096644497943178,0],[106.87814157625404,-6.096784958965695,0],[106.87814251229855,-6.09906375668673,0],[106.87795612894507,-6.099138655886161,0],[106.87766202680929,-6.09992004748894,0],[106.87701615249303,-6.100318719037142,0],[106.87706722531021,-6.099386499263964,0],[106.87698613618612,-6.099479366767786,0],[106.87652936891531,-6.099392964382165,0],[106.876395004305,-6.100237566204354,0],[106.87603598541519,-6.100424454545177,0],[106.87704539175722,-6.094541785444552,0],[106.8776685476799,-6.09481809842231,0],[106.87771854251874,-6.094645703944376,0],[106.87809804928524,-6.094719674006515,0]]],[[[106.7346982134951,-6.082510882606598,0],[106.73595100039704,-6.083396042290352,0],[106.73643640955241,-6.084134865232897,0],[106.73840303461009,-6.086240688006866,0],[106.74023049086728,-6.087636331219235,0],[106.74056807685274,-6.087297554997289,0],[106.74063494025596,-6.087363465635273,0],[106.74035511504496,-6.087757504955629,0],[106.74045534996267,-6.087939711961805,0],[106.73974151090869,-6.08932098869489,0],[106.73901559670064,-6.091689286644465,0],[106.73794959919063,-6.094011640632432,0],[106.73727383163667,-6.095020532064226,0],[106.73631490881698,-6.095372691370351,0],[106.73594371236516,-6.095336999869288,0],[106.73547971814787,-6.095022912218472,0],[106.72932702651121,-6.088968372169619,0],[106.72899390245776,-6.088899963754232,0],[106.72873147312227,-6.087900187563488,0],[106.72875551024264,-6.087048395824651,0],[106.72942294861723,-6.085777763960992,0],[106.73406608699595,-6.081795753432683,0],[106.73423065027117,-6.081875566566771,0],[106.73453760101047,-6.08168996924687,0],[106.73429489508536,-6.081907688204861,0],[106.73433415685317,-6.082064733690808,0],[106.7346982134951,-6.082510882606598,0]]],[[[106.74908101105002,-6.098180658026253,0],[106.7479752747668,-6.098082569631281,0],[106.74694783474543,-6.098175618999073,0],[106.74596318776925,-6.098567577659479,0],[106.74556025114352,-6.098483103873564,0],[106.74428574657124,-6.099208396466424,0],[106.74258925390265,-6.099357434105753,0],[106.74171627739776,-6.099134173462006,0],[106.73824971734389,-6.097394787710791,0],[106.73780713896296,-6.096595289054455,0],[106.7378894659655,-6.095885429240063,0],[106.73866807265318,-6.094644678867771,0],[106.73944759472413,-6.093016209094035,0],[106.74077075654377,-6.089452146750016,0],[106.74128558282975,-6.088542107308418,0],[106.74282071831033,-6.0863497776587,0],[106.74587235282266,-6.083544937806197,0],[106.74788410295199,-6.081122097695276,0],[106.74962068653338,-6.078321385496921,0],[106.75062762969492,-6.076004377925635,0],[106.75079099012598,-6.075188728449408,0],[106.75141204848248,-6.074315557032755,0],[106.7521524327531,-6.074100222404102,0],[106.7529662084842,-6.074285819678856,0],[106.75687804276312,-6.076251253765135,0],[106.75769657687023,-6.077079307246228,0],[106.75791548822015,-6.077774109642482,0],[106.75398937701637,-6.08897661153584,0],[106.75170509419952,-6.096414806968112,0],[106.75115305879619,-6.097556947668567,0],[106.75050108671579,-6.09803759873158,0],[106.74971110645832,-6.097961456703563,0],[106.74908101105002,-6.098180658026253,0]]],[[[106.92332304415474,-6.089931272934408,0],[106.92324214547354,-6.089415847890854,0],[106.922954996298,-6.08931161634323,0],[106.92082448798979,-6.089654112161401,0],[106.91943799584092,-6.089544223801854,0],[106.91856096074758,-6.090226724139227,0],[106.91524424686965,-6.090334199810854,0],[106.91347531315824,-6.09020651737251,0],[106.91302656963951,-6.090361209000127,0],[106.91189803591102,-6.090212110381184,0],[106.91051224804134,-6.090303140635256,0],[106.9076438896099,-6.090150625048957,0],[106.90581864051336,-6.09031974791129,0],[106.90138318993338,-6.090354541452301,0],[106.89983414314227,-6.090235604613696,0],[106.89959425074059,-6.089978092374096,0],[106.89905859342153,-6.089884289836506,0],[106.89902742816939,-6.082314452715032,0],[106.92336712718067,-6.08216850446811,0],[106.92339065136304,-6.088782788121983,0],[106.92344019165432,-6.089273007431889,0],[106.9238824322687,-6.089307311877318,0],[106.92388315451416,-6.08951064502515,0],[106.92344065967657,-6.089404574634378,0],[106.92332304415474,-6.089931272934408,0]]]]}},{"type":"Feature","properties":{"fid":19984,"ID_PROV":"31","PROVINSI":"DKI JAKARTA","ID_KABKOT":"31.73","KABKOT":"KOTA ADM. JAKARTA BARAT","AHH_LAKI":"72,55","AHH_PEREMPUAN":"76,28"},"geometry":{"type":"MultiPolygon","coordinates":[[[[106.71050724225717,-6.096408220423312,0],[106.71078872665649,-6.096851043764778,0],[106.71146590097217,-6.096474402381576,0],[106.71261139309664,-6.097518944509827,0],[106.71291389448035,-6.097316609834384,0],[106.71366497409277,-6.098275063346043,0],[106.71444461743627,-6.098975949709928,0],[106.71458763282277,-6.099585928791472,0],[106.71542610503761,-6.101254990665761,0],[106.71738643021017,-6.104793901913947,0],[106.71896698630817,-6.106566202620777,0],[106.71979955928654,-6.107817639514281,0],[106.72352235030047,-6.112613682495462,0],[106.72612564912922,-6.115722187157542,0],[106.7272152202289,-6.117286767020962,0],[106.73138102800162,-6.12127751083715,0],[106.73212509626326,-6.121774280850184,0],[106.73356015133636,-6.123106876874929,0],[106.73869716818693,-6.126894713811198,0],[106.74452551859865,-6.129788448116464,0],[106.74670884515062,-6.131368114945053,0],[106.74727621928746,-6.131633768381958,0],[106.74894920394334,-6.13289840968639,0],[106.74960031094611,-6.133600341604669,0],[106.75068798570223,-6.134298508860032,0],[106.75230752868356,-6.13479241098159,0],[106.7530776705463,-6.135245605844052,0],[106.7558694673627,-6.136407053799371,0],[106.7682018962143,-6.140645618772643,0],[106.77274810817045,-6.141457409832698,0],[106.77460574871954,-6.141296867384725,0],[106.77565627634203,-6.141641207709839,0],[106.77545604545847,-6.142147294852986,0],[106.77542253380678,-6.14365448625644,0],[106.77507338919857,-6.145225580736621,0],[106.77533459772361,-6.145197672554823,0],[106.77683185484196,-6.144221564982066,0],[106.77752756140197,-6.144013457984295,0],[106.78805880882004,-6.143111668433033,0],[106.78938819596462,-6.14242943699189,0],[106.79062072226367,-6.142356673929621,0],[106.79216207228941,-6.142782222795005,0],[106.79742435561307,-6.142319219757975,0],[106.80056177743839,-6.141863558441385,0],[106.80021600959732,-6.135840395523426,0],[106.80048584464406,-6.134740742056239,0],[106.80051915147985,-6.134605011525348,0],[106.80058869725251,-6.134503902556524,0],[106.80094863062729,-6.133980614127825,0],[106.80116920386047,-6.133659934617917,0],[106.80138118021637,-6.133498302748754,0],[106.80158145781236,-6.133345591040106,0],[106.80180102852567,-6.133178168713441,0],[106.80260634841494,-6.132850755167933,0],[106.81324503523935,-6.130112547576707,0],[106.81406201795595,-6.130051948035698,0],[106.81432504736608,-6.130101310254737,0],[106.81505096157413,-6.130237542762178,0],[106.81663919557286,-6.13600004411447,0],[106.81677625063745,-6.137123675315895,0],[106.81942798033812,-6.136400141373544,0],[106.81971800502085,-6.136368896092833,0],[106.81999973286364,-6.136338545433648,0],[106.8201387965612,-6.136323564313093,0],[106.8202809657347,-6.136375262753866,0],[106.82088839305509,-6.136596147452059,0],[106.82109365270762,-6.13667078867089,0],[106.82119431791837,-6.136784643123145,0],[106.82132250571279,-6.136863627055574,0],[106.82157201457956,-6.13721182839752,0],[106.82172473805932,-6.137424961455745,0],[106.82194048105124,-6.138086557488035,0],[106.82239105174324,-6.139699292163811,0],[106.82282332465121,-6.140793876861244,0],[106.82289172417357,-6.14096707535025,0],[106.82291820920311,-6.141034139140704,0],[106.8248928301651,-6.144316817108049,0],[106.8258671519054,-6.1459477709581,0],[106.82616195921872,-6.146663400343314,0],[106.82658991841672,-6.147774326947029,0],[106.82732057213619,-6.152212762749545,0],[106.82752935767621,-6.159939982677749,0],[106.82753283235972,-6.160068584160621,0],[106.82779985208636,-6.161178061828456,0],[106.82833552108356,-6.162290665026698,0],[106.82053294496853,-6.159525402109689,0],[106.81489617646079,-6.160419313600682,0],[106.81097912746161,-6.16077436287153,0],[106.80971426810054,-6.161142970874368,0],[106.80450893437263,-6.161796583787723,0],[106.803560741929,-6.161644447626943,0],[106.8027909387311,-6.161188128787097,0],[106.80199112551452,-6.160130939734487,0],[106.80164046544843,-6.160143044923543,0],[106.80156746116191,-6.159037377163549,0],[106.80127831233659,-6.159034289722499,0],[106.80099788705097,-6.159732816058057,0],[106.80042330393397,-6.160374963892646,0],[106.79818156892225,-6.161401721426889,0],[106.79951303297175,-6.16448339259472,0],[106.80036570575461,-6.166000420346609,0],[106.8098416231567,-6.179652710639534,0],[106.81064920051227,-6.188933196552796,0],[106.80943073644069,-6.188695542761748,0],[106.80682818680688,-6.189025514203824,0],[106.80636928154566,-6.190756596144676,0],[106.8055447017767,-6.192740574511958,0],[106.80504748516525,-6.195813165923727,0],[106.80429707120445,-6.197338517427022,0],[106.80358617143806,-6.197883380868544,0],[106.80310777363353,-6.19872777477366,0],[106.80277244421603,-6.199035378756154,0],[106.80007140778605,-6.200422608804878,0],[106.79942379343312,-6.201506933720956,0],[106.79932984492575,-6.201900133155237,0],[106.7985693356978,-6.202331602960391,0],[106.79781631302943,-6.203062005805918,0],[106.79688687201902,-6.204719209704475,0],[106.79608718276995,-6.207550804784399,0],[106.79245497158105,-6.207791210786562,0],[106.79243701695347,-6.207792399259422,0],[106.79058064752051,-6.207490144989593,0],[106.79052509570334,-6.207481100184317,0],[106.78952178802378,-6.208303378513039,0],[106.78941768945202,-6.208383328850108,0],[106.78906987435042,-6.208471041097268,0],[106.78846435325504,-6.20817060768784,0],[106.78751842276931,-6.207117489172401,0],[106.78747836868743,-6.207072896208119,0],[106.78741657717228,-6.207064274823351,0],[106.78648605099701,-6.20693445239386,0],[106.7857343784965,-6.206829581616021,0],[106.78321219304634,-6.206702763579282,0],[106.78359001008177,-6.21187948834412,0],[106.78334688823666,-6.212695386790024,0],[106.78314621807692,-6.212942484271,0],[106.78305994028379,-6.213032986204412,0],[106.78250832080042,-6.213294441239948,0],[106.77800704077812,-6.213511467347629,0],[106.77768187220484,-6.213737160487083,0],[106.77768097748279,-6.213756795236318,0],[106.77761739293037,-6.215152885942784,0],[106.77714409306505,-6.216112231577342,0],[106.77707712905051,-6.216561881363141,0],[106.77728263214648,-6.216973291737823,0],[106.77837243770645,-6.217485238252126,0],[106.77849667830351,-6.217910989300877,0],[106.77843346834855,-6.226905574347515,0],[106.77752150496029,-6.226844077182911,0],[106.77717294695195,-6.22700272886738,0],[106.77635069741285,-6.227053252374871,0],[106.77457153548362,-6.227001607860688,0],[106.77447468451957,-6.227097427402975,0],[106.76776512095009,-6.227310997519461,0],[106.76751035783721,-6.227477643530325,0],[106.76581092677934,-6.227430780637926,0],[106.76478562205338,-6.227085872136523,0],[106.76593544226085,-6.226896902051208,0],[106.76623101134554,-6.22590262191539,0],[106.76677650970855,-6.225542003876216,0],[106.7668860736305,-6.225321922720842,0],[106.76680958298239,-6.225020616278657,0],[106.76556187246007,-6.223178756045445,0],[106.76556577923324,-6.222774745519966,0],[106.76591941541788,-6.222470047579082,0],[106.76451610950187,-6.222374581376076,0],[106.7583991824916,-6.222561978113393,0],[106.7584011273442,-6.222896057036548,0],[106.75076835617408,-6.222907688808821,0],[106.75067688072868,-6.222734182185961,0],[106.7499179561289,-6.222717969257262,0],[106.74937621182544,-6.222784663857833,0],[106.74937834083265,-6.222894755328033,0],[106.74506078874387,-6.223267362964544,0],[106.74438047571456,-6.222919779954475,0],[106.74245034741027,-6.223316051140865,0],[106.73859664670664,-6.223606629381864,0],[106.73743564786378,-6.223878311147446,0],[106.7374127983162,-6.223770744189476,0],[106.73418485415797,-6.223987622081126,0],[106.732083815981,-6.223916766311516,0],[106.72860368687475,-6.224294897369199,0],[106.72753091786414,-6.224314910184291,0],[106.72016728015655,-6.224233848479758,0],[106.72018709968663,-6.223895852714908,0],[106.7200645775667,-6.223896252755779,0],[106.71986771985704,-6.2230924387869,0],[106.71808948768413,-6.223044397847747,0],[106.71817817026732,-6.221826959495522,0],[106.71794449869897,-6.221648286118292,0],[106.7178291909491,-6.220189277468815,0],[106.7182991859125,-6.218602762766243,0],[106.71883696415395,-6.218565126176712,0],[106.71894017339358,-6.217219046804223,0],[106.71874267338848,-6.217135954094238,0],[106.71881252818162,-6.216561543346312,0],[106.7192062687538,-6.214499780397463,0],[106.71968919496568,-6.214136354992998,0],[106.71963703428871,-6.213717849372038,0],[106.71995404166763,-6.21287348609913,0],[106.71982389554591,-6.21236551755589,0],[106.7199129212855,-6.212173833456978,0],[106.7230869278991,-6.21230704825859,0],[106.723379001639,-6.211148759865049,0],[106.72356772420545,-6.208534418439032,0],[106.72382770114028,-6.208533572484906,0],[106.72387628472578,-6.207851572079568,0],[106.72437834595155,-6.207861897947712,0],[106.72452750311965,-6.202269115777355,0],[106.7242342265356,-6.201217402148755,0],[106.72392451796833,-6.200626284615236,0],[106.72354684915491,-6.200271639124932,0],[106.72338755000725,-6.199066971808596,0],[106.723942136626,-6.198302123986187,0],[106.72349741216988,-6.197930211365135,0],[106.7244732924872,-6.196620174034634,0],[106.72386529563491,-6.196191514315371,0],[106.72446210127538,-6.195014293576227,0],[106.72471264949296,-6.193951839086017,0],[106.72412891972978,-6.191791580286973,0],[106.72354082595093,-6.191969932184632,0],[106.7219763380184,-6.191454657541438,0],[106.72098100019201,-6.191782000289809,0],[106.72023399982929,-6.192463000460815,0],[106.71987899910373,-6.192507000422753,0],[106.71962908330013,-6.191904868954817,0],[106.71802718951918,-6.192759373064074,0],[106.71783524110252,-6.192541683811356,0],[106.71693874490686,-6.192529634213189,0],[106.7167502585973,-6.192458470285917,0],[106.71678272191505,-6.192332762637363,0],[106.71630442382352,-6.192274498763213,0],[106.71621592808991,-6.192630660056504,0],[106.71593481828805,-6.192562787464112,0],[106.71589330354551,-6.192661609797474,0],[106.71344009433612,-6.191766391438884,0],[106.71387716514603,-6.191086123063088,0],[106.71461995600333,-6.191619033326647,0],[106.71482913770038,-6.191621347414536,0],[106.7149381356837,-6.191136526895558,0],[106.71489539294417,-6.189928482386633,0],[106.71511043345352,-6.189894892041005,0],[106.7159093312868,-6.190221269315372,0],[106.71631455143003,-6.189858104752942,0],[106.71677436848124,-6.18974596729425,0],[106.71684137741153,-6.189213433606901,0],[106.71724417749334,-6.189026716204975,0],[106.71747202348708,-6.188332172157929,0],[106.71794530089451,-6.187762437834876,0],[106.7188710255746,-6.187815499523126,0],[106.7209010133008,-6.18683999016555,0],[106.72137147898141,-6.187064549503583,0],[106.72225538079681,-6.186512621838981,0],[106.72270062358085,-6.185592483377158,0],[106.72366907393246,-6.185682646634271,0],[106.72413949290065,-6.185892847999905,0],[106.72441017056713,-6.185324964822608,0],[106.72436955324157,-6.184962643742437,0],[106.72309566491356,-6.184672507816207,0],[106.72152184258691,-6.184774505241316,0],[106.72063060692554,-6.184167322147625,0],[106.71985605433477,-6.184159064493654,0],[106.71988050468018,-6.18395802002318,0],[106.718689043966,-6.18365324990065,0],[106.71540368039317,-6.182293001268789,0],[106.71546021945882,-6.182034435467144,0],[106.71436909427369,-6.181707798642573,0],[106.71363274793028,-6.181315420084696,0],[106.71261015970971,-6.181114163244081,0],[106.70760899867287,-6.179185191019189,0],[106.70247591374832,-6.177482672122757,0],[106.7012489327495,-6.177278455035798,0],[106.70125538175492,-6.177027319191136,0],[106.70024644253682,-6.176632107807073,0],[106.69605747080622,-6.175253066880037,0],[106.69559813435366,-6.175139692783963,0],[106.69451718618241,-6.175753216594766,0],[106.69372445618183,-6.175666022089356,0],[106.69342572412903,-6.175315281291423,0],[106.69273997269902,-6.175041133252323,0],[106.69117615311309,-6.174906145880477,0],[106.69100300014713,-6.174316000072237,0],[106.69123268139897,-6.173509961709622,0],[106.68954634777792,-6.173185156326284,0],[106.68916927993743,-6.173006917584954,0],[106.68904656917128,-6.172756097054727,0],[106.68855843452737,-6.172606920178749,0],[106.68681143048867,-6.172372014567387,0],[106.68691688821147,-6.169436113475737,0],[106.68707105079231,-6.169428448070992,0],[106.6870111358578,-6.168624766712419,0],[106.68811491561036,-6.168427479746919,0],[106.68815709241125,-6.168158191136441,0],[106.68837553394226,-6.168067780309594,0],[106.68866248997999,-6.166965138458482,0],[106.68930227551523,-6.166976268002426,0],[106.6893110017499,-6.163959000325675,0],[106.68968500004709,-6.163686999612848,0],[106.69023986065201,-6.162603884512968,0],[106.69029136016894,-6.161803407769687,0],[106.69091873278357,-6.161010706816741,0],[106.6909856671537,-6.160633680659529,0],[106.69093326482992,-6.159937636981822,0],[106.6880360318503,-6.159932461885618,0],[106.68776003166579,-6.154284700431337,0],[106.68734388711042,-6.154217829839357,0],[106.68772465780651,-6.15330150425044,0],[106.68729731125958,-6.143993728005273,0],[106.6864511503642,-6.144003575911879,0],[106.68659261076694,-6.141538205669032,0],[106.68642293967103,-6.141172691219713,0],[106.68661279591139,-6.139977048845803,0],[106.68676115357886,-6.136987180250566,0],[106.68666493952038,-6.136036473740099,0],[106.68640315517523,-6.136022943789848,0],[106.68618946573204,-6.131918122617802,0],[106.68580472358408,-6.128427216336484,0],[106.6866332909746,-6.124821828377151,0],[106.68794490315462,-6.124613145450058,0],[106.68957362422321,-6.121489424811241,0],[106.6899775085716,-6.121086216870898,0],[106.68962482280453,-6.120667448006491,0],[106.69025491911113,-6.116947557516101,0],[106.6906916602393,-6.115199792720121,0],[106.69125349536408,-6.113719473925615,0],[106.69305642312247,-6.113559482299386,0],[106.69393169033133,-6.113700271516253,0],[106.69398818537955,-6.113423763397378,0],[106.69562816233866,-6.113892299175312,0],[106.69579834727091,-6.113285271456288,0],[106.69589161036374,-6.113299331594548,0],[106.6958588470087,-6.112003913564408,0],[106.69613010858008,-6.111615476988908,0],[106.69628469426745,-6.111747771451749,0],[106.69656314954761,-6.111366490215721,0],[106.69644812566537,-6.111273546572965,0],[106.69688696885136,-6.110590308196855,0],[106.6964252572532,-6.110842973809618,0],[106.69527757503612,-6.109583371574534,0],[106.69548146116458,-6.109432002585574,0],[106.69489697771482,-6.108267515360182,0],[106.69475381051309,-6.107205709739909,0],[106.6930120149064,-6.106274542446819,0],[106.69294106416861,-6.106515208004559,0],[106.69143364890107,-6.107151564498098,0],[106.69125264555782,-6.108881892333459,0],[106.68928386274686,-6.108740944478097,0],[106.6890134024727,-6.10824296270957,0],[106.68874044847529,-6.108093093147428,0],[106.68867940615509,-6.106919774928785,0],[106.68842152498986,-6.107003124305134,0],[106.68840192375038,-6.105323665464924,0],[106.68877710512878,-6.104916962683471,0],[106.688775453127,-6.104389425977625,0],[106.68850190534317,-6.104049356672106,0],[106.68861828568147,-6.103431731656616,0],[106.68818732521216,-6.10319981726934,0],[106.68826202012802,-6.103009381761384,0],[106.68865227344027,-6.102835898351926,0],[106.6887696527052,-6.102537665836902,0],[106.68944502769537,-6.101821392065612,0],[106.6891026878254,-6.101266215114318,0],[106.68914610519971,-6.100246883512688,0],[106.68852203928363,-6.100173477109954,0],[106.6880140222275,-6.098229984560678,0],[106.68830615795119,-6.097636930173623,0],[106.68799279234241,-6.097068797858024,0],[106.68808533947795,-6.096959354335344,0],[106.69092686792679,-6.096458788900026,0],[106.69142678307735,-6.09581484028768,0],[106.69345528229516,-6.095578791690617,0],[106.69477875852513,-6.095746889543922,0],[106.69606745198735,-6.096256020411129,0],[106.69754872178855,-6.096437967327169,0],[106.6984950978387,-6.096399098170973,0],[106.70011796638322,-6.096006401470254,0],[106.70073522845932,-6.096198242230768,0],[106.70161291752622,-6.096072777703268,0],[106.70172518986871,-6.096338664706646,0],[106.70249515476338,-6.09606708045072,0],[106.70265758543809,-6.096414670291686,0],[106.70293333858594,-6.096316904377684,0],[106.70312862514217,-6.096851002402213,0],[106.70387680589116,-6.09649335634189,0],[106.70615086228683,-6.095954157763477,0],[106.70616245774052,-6.095951408946416,0],[106.70688299732822,-6.0959240061979,0],[106.71050595946294,-6.096408048678565,0],[106.71050724225717,-6.096408220423312,0]]]]}},{"type":"Feature","properties":{"fid":19985,"ID_PROV":"31","PROVINSI":"DKI JAKARTA","ID_KABKOT":"31.75","KABKOT":"KOTA ADM. JAKARTA TIMUR","AHH_LAKI":"73,73","AHH_PEREMPUAN":"77,11"},"geometry":{"type":"MultiPolygon","coordinates":[[[[106.97150866791007,-6.154332759393402,0],[106.97148499999727,-6.160467999556483,0],[106.97178899977088,-6.160451999570459,0],[106.97183200032691,-6.162155000059079,0],[106.97203900001614,-6.162181999273084,0],[106.97175299978586,-6.16534399949289,0],[106.97214399959815,-6.165401999347562,0],[106.97204499986393,-6.165950999467366,0],[106.97153500022598,-6.166966999526095,0],[106.97178999959581,-6.1670989995518,0],[106.97161399986872,-6.167771999662311,0],[106.97205899920932,-6.167980999890567,0],[106.97158099935842,-6.168940999664317,0],[106.97214600014628,-6.169351999902712,0],[106.97262499982209,-6.169387999258515,0],[106.97242799928024,-6.169769999912408,0],[106.97243300020146,-6.17012299927547,0],[106.97211600000905,-6.170403000080571,0],[106.97201800009977,-6.170737000080703,0],[106.97211199981108,-6.171373000137172,0],[106.97233299974403,-6.17164499955202,0],[106.97214799979608,-6.171925999294732,0],[106.97249699977557,-6.172042000235511,0],[106.9723870001707,-6.172427999755032,0],[106.97261099957835,-6.172481000067403,0],[106.9723810003229,-6.172882000017761,0],[106.97302499985514,-6.17321699998259,0],[106.97257399976844,-6.173676999852946,0],[106.97281399996797,-6.173725999244588,0],[106.97270999931258,-6.173974999623278,0],[106.97300420924621,-6.17497172818465,0],[106.9730219994821,-6.175031999776817,0],[106.97276200008943,-6.175629000045046,0],[106.97293100014383,-6.175704999567959,0],[106.97315799992454,-6.176780999434531,0],[106.97290846500663,-6.179037597399898,0],[106.97339099955306,-6.179231000081246,0],[106.97298399984729,-6.180225999644214,0],[106.97315299990167,-6.180329999209003,0],[106.97326400022975,-6.181601999471515,0],[106.97319899993244,-6.182832999550315,0],[106.97247199966121,-6.185359999312462,0],[106.97321065557324,-6.185583296144118,0],[106.97296416684243,-6.186862582846508,0],[106.97311689481376,-6.187228267682552,0],[106.97300405922758,-6.189441713898123,0],[106.9719531390413,-6.18956066605148,0],[106.97223323105193,-6.189907207812086,0],[106.97203585501434,-6.190067821658404,0],[106.9721396185145,-6.190970390666895,0],[106.97181788420056,-6.191913387202967,0],[106.9714062967986,-6.192461158363514,0],[106.97125859579961,-6.192618659007621,0],[106.97063703438654,-6.192121590225546,0],[106.9705867511885,-6.195211759288735,0],[106.97001806012148,-6.195337871699696,0],[106.9705184612606,-6.197898731519386,0],[106.9697595124063,-6.197939250043345,0],[106.96870550021882,-6.198605028185489,0],[106.96756380078149,-6.198645536765353,0],[106.96606418468724,-6.201124540960584,0],[106.96615706869096,-6.201766220755128,0],[106.966461163686,-6.202213082549195,0],[106.96623153094319,-6.202879376647277,0],[106.9665246808648,-6.203078299359531,0],[106.96637334707877,-6.203527541486969,0],[106.9661487260369,-6.203730271229684,0],[106.96615158178122,-6.204411749326043,0],[106.96569472467887,-6.204868605740909,0],[106.96587366010031,-6.205147478527103,0],[106.96631148100347,-6.205272162716009,0],[106.96624485565381,-6.205488217657459,0],[106.96585272037105,-6.205808017067492,0],[106.9661211244015,-6.206166840027858,0],[106.96633337204864,-6.206224898274443,0],[106.96623819374767,-6.206929219328789,0],[106.96511929175561,-6.207897152973574,0],[106.96406043225886,-6.209779306339238,0],[106.96297896755632,-6.211115374060729,0],[106.96282073291226,-6.212170664522374,0],[106.96184515353056,-6.212035035001947,0],[106.9613371391694,-6.211693582769573,0],[106.96032079603674,-6.211778045511005,0],[106.96027953551743,-6.212334839582395,0],[106.95902318050713,-6.212338408565776,0],[106.95906985517269,-6.212884197533041,0],[106.95863560417443,-6.213662280355686,0],[106.95830366949045,-6.215074490989951,0],[106.95823823351022,-6.216578212250716,0],[106.95766240442991,-6.217725111956037,0],[106.95761794590818,-6.217755228648238,0],[106.95703541539591,-6.218149846063656,0],[106.95632990552122,-6.217848843805067,0],[106.95584092735925,-6.217940452424871,0],[106.95541976211975,-6.217535944280558,0],[106.95498432085375,-6.217412212356937,0],[106.95406465890356,-6.217481216218527,0],[106.95362802826811,-6.217953539754521,0],[106.95359709478129,-6.218695930978509,0],[106.95367811563341,-6.218991638671831,0],[106.95381371273228,-6.219009262211436,0],[106.95378991905537,-6.21920556812126,0],[106.9515980001177,-6.218946999980187,0],[106.95149289363623,-6.219443848044627,0],[106.95079819318933,-6.219349158000072,0],[106.95060392801756,-6.219761743823059,0],[106.94975017725638,-6.220619301818993,0],[106.94926999988924,-6.221609582669707,0],[106.94874581225972,-6.222179548709692,0],[106.94866339991722,-6.222320314996532,0],[106.94721670088138,-6.226499994438692,0],[106.94687772430386,-6.228263217979415,0],[106.94708235693233,-6.229286385226396,0],[106.94703286515008,-6.230062090874097,0],[106.94584354691786,-6.235047477730754,0],[106.94553471600466,-6.236871988361147,0],[106.9445165349189,-6.23668001577132,0],[106.94266341109909,-6.2375880179042,0],[106.94280208582612,-6.238690850794686,0],[106.9432289607576,-6.238697988398517,0],[106.94326322519744,-6.239183398265516,0],[106.94361871640314,-6.239167694652756,0],[106.94358902079479,-6.240308543035175,0],[106.94373607141355,-6.241003821219048,0],[106.9435040743049,-6.241984158606767,0],[106.9437206051193,-6.242945758529344,0],[106.94370763703986,-6.243834177179739,0],[106.94491449936957,-6.243798961454275,0],[106.94485739167033,-6.244903983480416,0],[106.94498913499662,-6.245498452099288,0],[106.9446310261002,-6.245525815549594,0],[106.94460128288114,-6.245348545492197,0],[106.9440089463592,-6.245314489490972,0],[106.94405999941341,-6.246591527323002,0],[106.94442721543021,-6.246670425400186,0],[106.94413882478298,-6.24783921653883,0],[106.94396274510582,-6.247969135693599,0],[106.94373288868252,-6.249356837104385,0],[106.94378123241783,-6.250964369608811,0],[106.9440025216083,-6.252396328425339,0],[106.94348998602632,-6.252389380682579,0],[106.94343049868986,-6.252765811749446,0],[106.94176583333183,-6.252671499954052,0],[106.94160635991099,-6.253290051510518,0],[106.9414267103289,-6.253133007963143,0],[106.94108406772672,-6.25321985776195,0],[106.94083422378833,-6.253585104801306,0],[106.93585658962876,-6.253127702552467,0],[106.93581569382543,-6.253501582853891,0],[106.93538664676761,-6.253457259063161,0],[106.93538900035368,-6.253271777423364,0],[106.93516297704168,-6.253241917191427,0],[106.93513977804945,-6.253370407506444,0],[106.93478404789188,-6.25334185430565,0],[106.93478301752428,-6.25366141562703,0],[106.9321610346359,-6.253776851775143,0],[106.93111124363195,-6.25361075898265,0],[106.93095761734533,-6.254275416585945,0],[106.92997249965194,-6.254131805835742,0],[106.92988174375708,-6.254395281552076,0],[106.92972113037418,-6.254358994140859,0],[106.92973540729898,-6.254178155724317,0],[106.92872445944792,-6.253977584241744,0],[106.92814910557645,-6.254302738221017,0],[106.92721254990899,-6.254085731910126,0],[106.92716543686558,-6.254323439343117,0],[106.92683399984826,-6.254303999399324,0],[106.92681095626457,-6.254515283125411,0],[106.92574154695313,-6.254279083262016,0],[106.92568265609806,-6.254750810492551,0],[106.92539138904527,-6.254778471892143,0],[106.92531931182016,-6.25431762965313,0],[106.92505078022887,-6.254327791891214,0],[106.92408019188692,-6.25466527336695,0],[106.92234953988132,-6.254748674671448,0],[106.92235239562564,-6.254954259998028,0],[106.9217644437806,-6.255102805557156,0],[106.92157264628091,-6.254436345795893,0],[106.92132708640811,-6.254312613705391,0],[106.92108533359547,-6.253643033683057,0],[106.92068161723205,-6.253681620572971,0],[106.92038805588206,-6.252981666202931,0],[106.92048555003983,-6.252878314928903,0],[106.92040547152048,-6.252450917058946,0],[106.92063498029577,-6.252383386692506,0],[106.92051795586539,-6.251219143591425,0],[106.91971773301702,-6.251387126684392,0],[106.91924364083764,-6.251178346071075,0],[106.91782105797391,-6.251779189798595,0],[106.9176054551192,-6.252311039011051,0],[106.91857706304906,-6.252578234482395,0],[106.91847950600919,-6.253006537456978,0],[106.9187471949807,-6.253158823972085,0],[106.91870079519965,-6.253813176082886,0],[106.91831651298911,-6.253792949568106,0],[106.9182677344692,-6.254869893292698,0],[106.91712918991513,-6.254838336002757,0],[106.9169611384817,-6.256283222108961,0],[106.9165720754372,-6.256120181031455,0],[106.91654629828012,-6.256384699368835,0],[106.91561164524441,-6.256962433230155,0],[106.91477407493812,-6.256932690070236,0],[106.91475917997242,-6.256210391359649,0],[106.9130374653056,-6.256098954117784,0],[106.91304745906315,-6.255901934985642,0],[106.91196166268428,-6.255350803284126,0],[106.91197559285939,-6.255090672914815,0],[106.91171181964421,-6.255097628711435,0],[106.91143989511612,-6.255470633841663,0],[106.91009000033193,-6.255396999348997,0],[106.91003305612605,-6.255678721454322,0],[106.91040949245092,-6.258042787989227,0],[106.90999267865068,-6.25805875350947,0],[106.90535653724973,-6.260236435587775,0],[106.90522043260269,-6.260707569485724,0],[106.90434954917241,-6.262052440815392,0],[106.90475500916578,-6.26256925969751,0],[106.90532179670274,-6.262881920734324,0],[106.90555879113933,-6.263327355369969,0],[106.90505053872461,-6.263377325199377,0],[106.90502198487496,-6.26415969173271,0],[106.90529895434169,-6.264526604769645,0],[106.90477071441191,-6.264657950765923,0],[106.90471503503399,-6.265039139725042,0],[106.90500056993693,-6.265543109491446,0],[106.90463651149837,-6.265891462054452,0],[106.90456655609394,-6.266165576471434,0],[106.90465649991175,-6.26635403061031,0],[106.90507623682994,-6.266462533442043,0],[106.90490634295182,-6.267670347376644,0],[106.90514333828673,-6.267885927719184,0],[106.90538033182499,-6.267671775716153,0],[106.90553737620125,-6.26776885694982,0],[106.90542459002238,-6.268384186742764,0],[106.90562874744207,-6.268829622012884,0],[106.90492490304392,-6.269176546713708,0],[106.90482496636686,-6.269500629515894,0],[106.90429386979447,-6.269994605572917,0],[106.90424104616083,-6.270335820654537,0],[106.90436382609725,-6.270398637600367,0],[106.90466792109228,-6.270188769842476,0],[106.90513477105384,-6.270361518946381,0],[106.90549740117112,-6.270307266595899,0],[106.90569156483326,-6.27131235034823,0],[106.90612986184354,-6.271754930922176,0],[106.90656244826354,-6.271602168999046,0],[106.90667380701943,-6.271969083024088,0],[106.90707783869149,-6.272270321626869,0],[106.90755611163021,-6.27204903250803,0],[106.90838844565673,-6.272007629889591,0],[106.90840557922414,-6.272622959109022,0],[106.90855691211186,-6.2728313984478,0],[106.9094049522828,-6.272662932453425,0],[106.90964622988663,-6.272233202208997,0],[106.91006311106055,-6.272701480165808,0],[106.90969334293001,-6.272962745920641,0],[106.90963909097508,-6.273381055258679,0],[106.90929644927118,-6.27361947648973,0],[106.90913797657362,-6.274387566720229,0],[106.90938924793501,-6.275028593848035,0],[106.90924790790649,-6.275422631786074,0],[106.90934356141625,-6.275932312740436,0],[106.9091298189725,-6.277106278859304,0],[106.90880811609959,-6.277485090061738,0],[106.90890139087048,-6.278236998388517,0],[106.90860253125693,-6.278992715934976,0],[106.90869390159943,-6.280247643490912,0],[106.90900941777497,-6.280534606789936,0],[106.90895088355107,-6.280872965463062,0],[106.9087467261314,-6.281601080298875,0],[106.9080143278836,-6.282197849921968,0],[106.90793437782334,-6.2824391263571,0],[106.90851686970808,-6.282820316520851,0],[106.90898800283694,-6.285537185423297,0],[106.91008731436925,-6.285904098488711,0],[106.91002449607973,-6.286153942012561,0],[106.90949911099592,-6.286517999860588,0],[106.91052846622547,-6.286973427305996,0],[106.9099816662036,-6.28736318381224,0],[106.91015156008173,-6.287657284554946,0],[106.91012300623208,-6.288027053569595,0],[106.90969898614665,-6.288585274598949,0],[106.91001735806648,-6.288979313823099,0],[106.91008933737524,-6.289596307168628,0],[106.90994085843519,-6.289934667959514,0],[106.90949970568064,-6.290320140083427,0],[106.90943403344346,-6.290727027959876,0],[106.90957822831795,-6.290808405496444,0],[106.90980665731827,-6.290699901512275,0],[106.91029349389662,-6.28996893134109,0],[106.91059901721295,-6.289794754258915,0],[106.9107631996025,-6.289874704564403,0],[106.91057474742894,-6.290520015169694,0],[106.91084743283007,-6.290816971552188,0],[106.91101732670815,-6.290779851676699,0],[106.91137424623514,-6.290213065171677,0],[106.91181254234712,-6.290253038945115,0],[106.91127002459419,-6.290988292636725,0],[106.91045196659418,-6.291396607357912,0],[106.910747496153,-6.292204672489254,0],[106.91127573608277,-6.292281767674653,0],[106.91110869794896,-6.291862030176688,0],[106.91132998803774,-6.291386614835989,0],[106.91173544803114,-6.291913426403325,0],[106.91099162860282,-6.293089833208969,0],[106.91039771463925,-6.292955630749422,0],[106.91030245998145,-6.293952787307243,0],[106.91032705495562,-6.294132738061426,0],[106.91057046426164,-6.294112048428858,0],[106.91093166605759,-6.294440414676882,0],[106.91139137800596,-6.294600314725789,0],[106.91208094637759,-6.294389018703534,0],[106.91244154360737,-6.294603208107728,0],[106.91246070826564,-6.294614591978943,0],[106.91239075106458,-6.294960088979393,0],[106.91184823420997,-6.295091434387715,0],[106.91114427123422,-6.295832813047306,0],[106.91113695715119,-6.295902290894364,0],[106.91122862303939,-6.29621073405884,0],[106.9118625111348,-6.29643059529214,0],[106.91174258604435,-6.2972914845233,0],[106.91186964914804,-6.29818378312543,0],[106.91241359342561,-6.298249455870121,0],[106.9130591353652,-6.298907357634417,0],[106.91313870723475,-6.298930993462263,0],[106.91349660682376,-6.298915654802418,0],[106.9136061419996,-6.298884952313945,0],[106.91366037778485,-6.298818078803733,0],[106.9136369344509,-6.298326739801244,0],[106.91360284877577,-6.298180927514933,0],[106.91362982608203,-6.298177745626013,0],[106.9144137687625,-6.298085272194935,0],[106.91457366888308,-6.297865410772753,0],[106.91464933577609,-6.297220100424206,0],[106.91466894779539,-6.297212070184304,0],[106.91479507485452,-6.297160428206576,0],[106.91501196589337,-6.297071622760518,0],[106.91517208430454,-6.297099291770728,0],[106.91531216220007,-6.297123497546885,0],[106.91551593514079,-6.297158710522458,0],[106.91590383037543,-6.297510435666965,0],[106.91600268907413,-6.297575086517186,0],[106.91651388077644,-6.297739775503606,0],[106.91700214657439,-6.298202342346021,0],[106.91764745674863,-6.298016744716675,0],[106.91764987411506,-6.298040752704928,0],[106.91778075326206,-6.299340819991766,0],[106.91779500683069,-6.299482402922719,0],[106.91801579655785,-6.299727101185826,0],[106.918206193584,-6.299692960698161,0],[106.91833131453002,-6.299391597068948,0],[106.91869625691086,-6.299122193211637,0],[106.91893664877583,-6.29894473398883,0],[106.9190608139144,-6.298985889951265,0],[106.91916194445244,-6.299019410288361,0],[106.91919077498318,-6.299028967624327,0],[106.91919327948618,-6.299095619993064,0],[106.91922876743149,-6.300040126108461,0],[106.91900345199191,-6.300409146451329,0],[106.9190145542705,-6.300460772821392,0],[106.91917443732311,-6.300604181874344,0],[106.9193916149245,-6.3007186942664,0],[106.91948367966471,-6.300719605684296,0],[106.92034235499028,-6.300036319540474,0],[106.92035629145361,-6.300041424925657,0],[106.92052999418853,-6.30010504808768,0],[106.92066976935176,-6.300156244845157,0],[106.92068939933738,-6.300210710660839,0],[106.92107522844685,-6.301281253626398,0],[106.92099337485647,-6.301422117853385,0],[106.92066120301725,-6.301476845993636,0],[106.92061266255085,-6.301663871513077,0],[106.92097957493708,-6.302015079432278,0],[106.92136932968435,-6.303282856060778,0],[106.921779072845,-6.303389932735906,0],[106.92164487172808,-6.303666901589875,0],[106.9216877025025,-6.304242256123183,0],[106.921393601265,-6.304576331521414,0],[106.92176765166447,-6.304928967476076,0],[106.92175578851284,-6.3049495784738,0],[106.92142500996061,-6.305524308678959,0],[106.92160775154389,-6.305801277276744,0],[106.92155921107752,-6.307425973337638,0],[106.92095815910072,-6.307254652357339,0],[106.92117659434349,-6.307825723566562,0],[106.92066349911109,-6.308228177136797,0],[106.92121371273103,-6.309377607963937,0],[106.92062846391669,-6.312016187751168,0],[106.92085964984665,-6.312327187319311,0],[106.92139931095694,-6.312224394464854,0],[106.92183617964591,-6.312542766873167,0],[106.92215883473305,-6.312971069281335,0],[106.9223258737652,-6.313969015556018,0],[106.92279623164795,-6.314178972357246,0],[106.92281842183208,-6.3141888772497,0],[106.92280516898671,-6.314210894512743,0],[106.92192041287348,-6.315680800833951,0],[106.9222444962819,-6.316397493600932,0],[106.92195896137896,-6.316915740772919,0],[106.92202606103912,-6.31757675446059,0],[106.92140787818983,-6.318119271730318,0],[106.92097529176979,-6.31794795073871,0],[106.92071688149684,-6.318363404718157,0],[106.92118658810105,-6.319294249420293,0],[106.92088963111924,-6.319669728135239,0],[106.92089391428654,-6.320325032677347,0],[106.92060552274098,-6.320539183360379,0],[106.9205555548516,-6.32126587023589,0],[106.92106951785657,-6.321572821381367,0],[106.92135362623485,-6.321962577606693,0],[106.92129509111263,-6.322530793082573,0],[106.92165629290858,-6.322857730877653,0],[106.92161917362274,-6.323635814682192,0],[106.92154341420327,-6.323961976110644,0],[106.92149336726214,-6.324177441100572,0],[106.92148354418451,-6.324219733802464,0],[106.9214328630328,-6.324244118952146,0],[106.9209909961176,-6.324456728359217,0],[106.92056269286488,-6.32503922015794,0],[106.91940979682586,-6.325102727859821,0],[106.91903830303167,-6.325262807067877,0],[106.91893717608689,-6.325644709540708,0],[106.9192298499014,-6.325933814376883,0],[106.91923460917579,-6.326339512689944,0],[106.91831938400473,-6.327251688508516,0],[106.91924175617218,-6.327267904433464,0],[106.92003697181113,-6.327679075297012,0],[106.91998243059867,-6.328464334840613,0],[106.92034294159018,-6.328664648007643,0],[106.92050355407476,-6.328958750171512,0],[106.92029725507143,-6.329262130313257,0],[106.92056116123729,-6.330040987187468,0],[106.92052118620715,-6.330426460537732,0],[106.92094455950563,-6.330772603824645,0],[106.92095424783595,-6.330780524784652,0],[106.92095097706999,-6.330857923333957,0],[106.92091427280582,-6.331726599121904,0],[106.9206087503878,-6.333008651886737,0],[106.91971312106637,-6.333660624603827,0],[106.91983494968689,-6.333949014861173,0],[106.91974649707245,-6.334642357866842,0],[106.91948761248904,-6.335089696627875,0],[106.91969986013613,-6.335962482475996,0],[106.91966749922634,-6.336741994198375,0],[106.91908024806725,-6.337176959545434,0],[106.9191108716353,-6.33783361939918,0],[106.91958343308542,-6.338657389859066,0],[106.91828567562202,-6.339166355316044,0],[106.91819342043897,-6.33956800493842,0],[106.91845040328893,-6.339949671099647,0],[106.91879590163542,-6.339869720539735,0],[106.91905478621885,-6.340043897630395,0],[106.91970770961511,-6.341302156281892,0],[106.91958492967869,-6.341604823543062,0],[106.91889393388404,-6.341550571555225,0],[106.91854843643588,-6.342373865946922,0],[106.9187026259662,-6.342768855921006,0],[106.91926798608013,-6.342908768595459,0],[106.91949208070922,-6.343482826014173,0],[106.91947464979948,-6.343512604592581,0],[106.91938928918623,-6.343658431792923,0],[106.91894956385465,-6.343579909044663,0],[106.91822144877413,-6.343902564231723,0],[106.91728489310671,-6.343806909389801,0],[106.91716782376056,-6.345317391881649,0],[106.91696223801956,-6.345749977185496,0],[106.91726633301461,-6.346041224024264,0],[106.91721493680396,-6.346289639679325,0],[106.91614418001957,-6.346225394045992,0],[106.91590432983871,-6.346329614456351,0],[106.91622413007987,-6.346907823846829,0],[106.91646112451642,-6.34676933859378,0],[106.91666242619183,-6.346845005511363,0],[106.91724063490928,-6.347877215966974,0],[106.91718495642965,-6.348138480163654,0],[106.91676807435744,-6.348177027579328,0],[106.91623254549745,-6.348461769671818,0],[106.91611690267597,-6.34888950174975,0],[106.91693924474157,-6.349199307750657,0],[106.91716553215828,-6.349643790972652,0],[106.91775801690224,-6.350185118305763,0],[106.9178246422519,-6.350444479568133,0],[106.9176414236632,-6.350722876141329,0],[106.91698195604008,-6.350881824760298,0],[106.91684632660183,-6.351254447344706,0],[106.91649716492563,-6.351398762432699,0],[106.91652381524517,-6.35162719098633,0],[106.9168283863473,-6.351756633548141,0],[106.91670846125689,-6.352679864187459,0],[106.91729856726195,-6.352875932050368,0],[106.91731163415608,-6.352988436600381,0],[106.91698455396786,-6.353171893199565,0],[106.91681222116375,-6.353652216533201,0],[106.91614882790284,-6.353784181344082,0],[106.91610103213985,-6.354185977596543,0],[106.91585356783862,-6.35427401725986,0],[106.91603559705791,-6.354408457936752,0],[106.9160177511265,-6.354557174153848,0],[106.91581677014966,-6.354555054926508,0],[106.91542106496196,-6.354969557834294,0],[106.9161406137079,-6.355542056699532,0],[106.91676593636707,-6.355674830781631,0],[106.91711568464316,-6.356488166767361,0],[106.91712999390731,-6.356521442463612,0],[106.91682018832202,-6.356647077632438,0],[106.91609778383177,-6.356350121810458,0],[106.9154124986274,-6.35674558803592,0],[106.91515723066134,-6.357300668323076,0],[106.91472226550245,-6.357603335043205,0],[106.91481173321317,-6.358267681434993,0],[106.91447575341543,-6.358478977957982,0],[106.91421686793372,-6.358412353123944,0],[106.91374668612072,-6.358594143311075,0],[106.91360391866924,-6.358836848576599,0],[106.91417498937346,-6.358913942679683,0],[106.91445386237025,-6.359158551304919,0],[106.91449003034022,-6.359377461504335,0],[106.91420259100887,-6.359919978264616,0],[106.91427873400902,-6.360186478553954,0],[106.91485104169337,-6.360479295282123,0],[106.91527091425715,-6.360368047018099,0],[106.91529647671688,-6.360361274195952,0],[106.91534991569652,-6.360400839842468,0],[106.9154560453591,-6.360479416610497,0],[106.91549444743919,-6.360507848795563,0],[106.91545407535371,-6.360684255747031,0],[106.91541335202692,-6.360862202158524,0],[106.91540688415688,-6.360890465361235,0],[106.91473873072329,-6.361227397522899,0],[106.91472540601268,-6.361697580089676,0],[106.915467798018,-6.362377153618651,0],[106.91615308232403,-6.362613195724079,0],[106.91612673563506,-6.362989799134026,0],[106.91612072231256,-6.363075763014338,0],[106.9159151374699,-6.363201399256293,0],[106.91489101762183,-6.363231856113874,0],[106.91502997711481,-6.36397805439467,0],[106.91456736540475,-6.36461928091556,0],[106.91453885647087,-6.365200145865225,0],[106.91426656273521,-6.36554481044527,0],[106.91356053632924,-6.365207482120476,0],[106.91306180156498,-6.364661158640109,0],[106.91146222184418,-6.364214998970736,0],[106.91038935761215,-6.363723533380555,0],[106.91016092861182,-6.363146752339005,0],[106.9086666278491,-6.362231136769208,0],[106.90851944338135,-6.361974999867283,0],[106.90920111107009,-6.361754999734683,0],[106.90859472130387,-6.361178610995657,0],[106.90758730383183,-6.361140391703893,0],[106.9068872215781,-6.36073277809565,0],[106.90701138851331,-6.360226110720025,0],[106.90722562592879,-6.360249520820227,0],[106.90733222541029,-6.360112463691494,0],[106.90730176892889,-6.359708907922943,0],[106.90683158711593,-6.359617536710119,0],[106.90672308320602,-6.359971599506508,0],[106.90645468097217,-6.359922107355583,0],[106.90649084804382,-6.359689871917946,0],[106.90602447329104,-6.359665125379989,0],[106.90570277041812,-6.360664498998344,0],[106.90570277041812,-6.360959552384581,0],[106.90582269550853,-6.36100333481582,0],[106.90519832506357,-6.362920227974724,0],[106.90476431122057,-6.363165789113003,0],[106.90456062990799,-6.363485588295545,0],[106.90464438702847,-6.363548405470937,0],[106.90333663490921,-6.365153114022784,0],[106.90335376667998,-6.36535489292655,0],[106.90303206380707,-6.365882181684096,0],[106.90283218955466,-6.36588598865895,0],[106.90253903963306,-6.366550334087126,0],[106.90202500027127,-6.36714299967481,0],[106.90129305567271,-6.367561666833557,0],[106.90141214892321,-6.367670054703237,0],[106.89995629964788,-6.369193017620119,0],[106.90058911784978,-6.369617453718855,0],[106.90065473079814,-6.36925359988682,0],[106.9010434524828,-6.369363165607447,0],[106.90113056481087,-6.369123626156255,0],[106.90163192624902,-6.369274201091233,0],[106.90127564003433,-6.370207186817655,0],[106.89759823640011,-6.368820857567968,0],[106.89715349128274,-6.369603303487999,0],[106.89681027735203,-6.369847499839204,0],[106.89646005925704,-6.369341754666102,0],[106.89613502453273,-6.369317380666534,0],[106.89634556538083,-6.371762114573419,0],[106.89495144563686,-6.371087856018172,0],[106.89331799942988,-6.370061999937639,0],[106.8897420227778,-6.368714765260649,0],[106.88942765914074,-6.368407321313691,0],[106.88926354232821,-6.36799167903144,0],[106.88904335896389,-6.367937464912785,0],[106.88823937756436,-6.369746518724481,0],[106.8874188887232,-6.372612221426627,0],[106.88467710201701,-6.372512970875125,0],[106.88478499956406,-6.372007221174059,0],[106.88422977064991,-6.371960290618862,0],[106.88388111113196,-6.372110000153229,0],[106.88311236614946,-6.371595372600906,0],[106.88363050901545,-6.370340314747128,0],[106.88342140816677,-6.370046835073482,0],[106.88266067885156,-6.3699527273483,0],[106.88309952652911,-6.368332797181322,0],[106.88327801009797,-6.368098906567612,0],[106.88363655916889,-6.368065302701174,0],[106.88390097737444,-6.367791626711965,0],[106.88374243191332,-6.367591259762857,0],[106.88375288021838,-6.366521904038314,0],[106.88332134392896,-6.366211296169846,0],[106.88321958367189,-6.365845659528973,0],[106.88367281247879,-6.365219640010841,0],[106.88361369165501,-6.364975180800381,0],[106.88310075722103,-6.364733715112746,0],[106.88290379261184,-6.364816964559507,0],[106.8828258017772,-6.365068431171696,0],[106.88238037753345,-6.364883462731322,0],[106.88206240805887,-6.365225511351477,0],[106.88220254254826,-6.366279965462832,0],[106.88100938761146,-6.366614438745573,0],[106.88064919282692,-6.366195917295412,0],[106.88088983532187,-6.365301551183252,0],[106.88066474535943,-6.364556001031243,0],[106.88008629050361,-6.36428180548319,0],[106.8799369698421,-6.364644769555724,0],[106.87951754014776,-6.364703709503511,0],[106.87887622029,-6.363909435118383,0],[106.87829053399611,-6.363995816748809,0],[106.87792640998053,-6.363152688411772,0],[106.878068448,-6.362638738388568,0],[106.87840532611301,-6.362351044743894,0],[106.87834426762316,-6.361965172296209,0],[106.87904505235946,-6.361725253681162,0],[106.87898218017104,-6.361531712862095,0],[106.87868769355629,-6.361427526128302,0],[106.87895733097365,-6.361273443825438,0],[106.8789901886518,-6.361103478260667,0],[106.87825365545876,-6.361084625648457,0],[106.87802760609563,-6.361389259222745,0],[106.87736265785094,-6.361329476782169,0],[106.87718648924059,-6.361543025138503,0],[106.87680149825927,-6.361537246324097,0],[106.87663558930777,-6.361942133449121,0],[106.87584741017243,-6.361528749759215,0],[106.87516161741989,-6.361655634715865,0],[106.87401268744287,-6.361327284786166,0],[106.87367645252361,-6.360919434063898,0],[106.87296442716817,-6.361065548353572,0],[106.87277865916067,-6.361269561322874,0],[106.8727261400559,-6.361242898774968,0],[106.8724792174388,-6.361117544248369,0],[106.87242803412884,-6.36084980060834,0],[106.87134539802318,-6.360012084583868,0],[106.87132023351712,-6.359992612706325,0],[106.8723008776004,-6.358749889980448,0],[106.87205366213252,-6.358492424791844,0],[106.87199418916914,-6.357916114130991,0],[106.87201034177625,-6.357910728920505,0],[106.87294470465609,-6.357599289841703,0],[106.87303658883495,-6.357220985619194,0],[106.87309271737051,-6.357173736441861,0],[106.8731079914253,-6.357129822464855,0],[106.87405040949828,-6.356236651863677,0],[106.8742303312699,-6.355950379985583,0],[106.87420148546781,-6.355890186181457,0],[106.87404854639237,-6.355848757101404,0],[106.87323885440263,-6.355629424770834,0],[106.87304502491374,-6.354926813824401,0],[106.8724741742968,-6.355098729023978,0],[106.87235394647414,-6.354912570613602,0],[106.8724410138864,-6.35452471438424,0],[106.87205083333768,-6.353743869226974,0],[106.87139125432348,-6.353844337650772,0],[106.87109105532183,-6.353653393883834,0],[106.87105093745954,-6.353627876830553,0],[106.87104979659912,-6.353312106785187,0],[106.87144851293968,-6.353326349142153,0],[106.87149546069304,-6.353286006431473,0],[106.87156834640194,-6.353135446522584,0],[106.87109590532604,-6.35275339750892,0],[106.87102532289755,-6.352706468766924,0],[106.8702805844927,-6.352831373303391,0],[106.87019722173265,-6.353230555870131,0],[106.86938105738126,-6.353975523203836,0],[106.86945443087535,-6.354429781432029,0],[106.86930626185409,-6.354451846386511,0],[106.86920111045683,-6.354089443924764,0],[106.86837090543753,-6.353005535168771,0],[106.86822898689401,-6.353434257429293,0],[106.86795167427084,-6.353449611525821,0],[106.8678021425053,-6.353756358128606,0],[106.86796805594837,-6.353885832502438,0],[106.86784772751437,-6.354461900585424,0],[106.86683004409531,-6.355381799179224,0],[106.86640961188111,-6.355493359499493,0],[106.86608400942153,-6.356042355809754,0],[106.8627638882337,-6.356273610597778,0],[106.86226499985753,-6.357206666979047,0],[106.86089275768401,-6.355891612477039,0],[106.8605610466805,-6.355408377553732,0],[106.86065262273722,-6.354941561227218,0],[106.8621277777063,-6.354078888221437,0],[106.86195410012421,-6.353810133379988,0],[106.86112829056161,-6.352567944650689,0],[106.86061616730633,-6.352781499389506,0],[106.86049271453179,-6.35236210553269,0],[106.86013194392719,-6.351888888247093,0],[106.85959757569051,-6.35178759798425,0],[106.85927696337234,-6.351397618330427,0],[106.85911599964649,-6.350991999304496,0],[106.85913314579032,-6.350300095005569,0],[106.8582974430815,-6.35029592122509,0],[106.8583074997211,-6.350810556007762,0],[106.85747426288775,-6.350783305130596,0],[106.85715789690592,-6.350576314894131,0],[106.85753777737159,-6.350180277654001,0],[106.85780531452782,-6.348083665356077,0],[106.85674006172118,-6.347075567054178,0],[106.85645141685073,-6.34758594411619,0],[106.85590234498952,-6.347509174540445,0],[106.85452770790747,-6.346894342553653,0],[106.85414812388584,-6.346506170133352,0],[106.85423255833602,-6.34604655543531,0],[106.85396215196077,-6.345317887994777,0],[106.85470609625492,-6.344738692657705,0],[106.85484810373163,-6.344331501783934,0],[106.85473452703532,-6.343996994048443,0],[106.85398647025382,-6.343425531927323,0],[106.85397984158534,-6.342908828812354,0],[106.85240906724248,-6.342952722448116,0],[106.852071563902,-6.342851062811851,0],[106.85172726300982,-6.342184854701415,0],[106.85172903358922,-6.341597500428281,0],[106.8515629764157,-6.341296671132689,0],[106.85059334118623,-6.340944883574343,0],[106.85004588359759,-6.340300929973661,0],[106.84987194370744,-6.339786111093102,0],[106.84929627632391,-6.339291679307497,0],[106.84921993659275,-6.339004881095588,0],[106.84944417495227,-6.338523238015377,0],[106.84798027767033,-6.33801749939338,0],[106.84805945967106,-6.337768633011172,0],[106.84863667664845,-6.337874227573854,0],[106.84897676893354,-6.337696586783323,0],[106.84909264891026,-6.337504793008033,0],[106.84901293870014,-6.33694289640101,0],[106.84375295326697,-6.337033389097645,0],[106.84368925462849,-6.336770468156045,0],[106.84178557362448,-6.336825075667765,0],[106.84178336646382,-6.336203094522284,0],[106.84113962474807,-6.33587943412045,0],[106.84008907287108,-6.33589366528158,0],[106.8399922973655,-6.335798361253286,0],[106.83976818297347,-6.335387408152021,0],[106.83971078332178,-6.335175568160055,0],[106.83985463414147,-6.332834269265955,0],[106.84014759451856,-6.332261165128698,0],[106.84035840396291,-6.332189409326155,0],[106.84243835688358,-6.332222574264893,0],[106.84327320439623,-6.331898747756223,0],[106.8434747108875,-6.331589331180334,0],[106.8431220457817,-6.331229559340012,0],[106.84192013586417,-6.330941768828082,0],[106.84032282079622,-6.329522001961724,0],[106.84025076243567,-6.329381052007968,0],[106.84130732404196,-6.326775173590155,0],[106.84155931225892,-6.326851335116063,0],[106.8418471172046,-6.327516307676301,0],[106.84201984706405,-6.327653020365559,0],[106.84212077368456,-6.327642578259767,0],[106.84230498940323,-6.327623519483747,0],[106.84243726992209,-6.327609834554131,0],[106.84298422535248,-6.327091734856168,0],[106.84315001662469,-6.326514957204474,0],[106.84317230831847,-6.326437406100529,0],[106.84315030947549,-6.326344857789117,0],[106.84304290151023,-6.325892996731432,0],[106.84299955869608,-6.325710654686428,0],[106.84285856272234,-6.325515776244848,0],[106.8414377639128,-6.323552011129001,0],[106.84005400893057,-6.322761005214358,0],[106.84002520984089,-6.32231487889806,0],[106.84015474870151,-6.322077419567489,0],[106.84062254369074,-6.321947886771477,0],[106.8409535935342,-6.321660054171679,0],[106.84082404209718,-6.321336255110759,0],[106.84065851223474,-6.321264302732008,0],[106.83929042836267,-6.321644662265739,0],[106.83902722647602,-6.321626520039097,0],[106.83883604072902,-6.321567708121986,0],[106.83835550403579,-6.321113245306616,0],[106.83832671123429,-6.320818226339075,0],[106.83939900862937,-6.31916321042508,0],[106.84007791759186,-6.318553117774115,0],[106.84231612312286,-6.317991801583802,0],[106.84366194674217,-6.318488261052837,0],[106.84386345592841,-6.318387516012646,0],[106.8440937408481,-6.317955772130604,0],[106.84407931839623,-6.317013144344183,0],[106.84428325033878,-6.316646489054667,0],[106.84506906959983,-6.316678778667692,0],[106.84582030821409,-6.317011460881337,0],[106.8463303958869,-6.3169544100918,0],[106.84713725908185,-6.315699127527446,0],[106.8480756661771,-6.315152652928472,0],[106.84869923622314,-6.315279837063484,0],[106.84889786900385,-6.315655416699586,0],[106.84853395070243,-6.317094719034419,0],[106.84805244472699,-6.317513288066214,0],[106.84700395089031,-6.317662857237623,0],[106.84684106476975,-6.31776929994095,0],[106.84684127677214,-6.318088302550975,0],[106.84718858881719,-6.318300740154113,0],[106.8482797319686,-6.318356722116222,0],[106.84889643888589,-6.318810000965957,0],[106.84925780776851,-6.318852292314934,0],[106.84942766481568,-6.318575710082848,0],[106.84931388060853,-6.317944869638781,0],[106.84951040414491,-6.317512700247926,0],[106.8505861573589,-6.316811572769546,0],[106.85139308074096,-6.316480066064677,0],[106.85178781035829,-6.31598415651158,0],[106.8517800480159,-6.315763115455713,0],[106.85121758137548,-6.314957081968912,0],[106.85123500689537,-6.314627457966099,0],[106.85172910635276,-6.313258531074094,0],[106.85222711258335,-6.312630286129417,0],[106.85226387613636,-6.311432009302216,0],[106.8524382678791,-6.311051964839643,0],[106.85284134554034,-6.311017044935082,0],[106.85464363998643,-6.312381980805334,0],[106.85479481297402,-6.31273486304633,0],[106.85473478036022,-6.313525959989827,0],[106.85500222588831,-6.313867203634676,0],[106.85523477366424,-6.313867191950136,0],[106.85532871588336,-6.313818040461347,0],[106.85599827787534,-6.313467725075959,0],[106.85779267074021,-6.311893191280027,0],[106.8582150999093,-6.311396794612135,0],[106.85824407866203,-6.311313818657641,0],[106.8583300519263,-6.311067658168085,0],[106.85835460378135,-6.31099736086128,0],[106.85833196354123,-6.310964040845879,0],[106.85812010037304,-6.31065223960276,0],[106.85723759184467,-6.310692593778089,0],[106.8568294404987,-6.310024091224162,0],[106.85714330467243,-6.308767628567001,0],[106.85770910945247,-6.307860164617058,0],[106.85740284502604,-6.306398208383752,0],[106.85851513990914,-6.305785432784063,0],[106.85851705781228,-6.305440298122034,0],[106.85802481157931,-6.304916809045319,0],[106.85618962442075,-6.30419561952935,0],[106.85524586246807,-6.303676028299975,0],[106.85462765895754,-6.303082740571687,0],[106.8544299694079,-6.302512696826876,0],[106.85504420505984,-6.301333778741674,0],[106.85485420778397,-6.299631384134824,0],[106.85442012477071,-6.299468532978115,0],[106.85358299733385,-6.299813709416883,0],[106.85249587683828,-6.299922343600699,0],[106.85230597837709,-6.300116248474278,0],[106.8520230917076,-6.300950013696414,0],[106.8515870862996,-6.30110515149145,0],[106.85090494699537,-6.300674733181334,0],[106.84977514304904,-6.299619987791337,0],[106.84959877321604,-6.298968505539405,0],[106.84972278564102,-6.298782360795476,0],[106.8507847209693,-6.298863750535864,0],[106.85160057180867,-6.299371721095817,0],[106.85206951664149,-6.299142902416354,0],[106.85218189498522,-6.298805518447503,0],[106.85209852593697,-6.297898089869682,0],[106.85072456708293,-6.297013987298714,0],[106.85040867900486,-6.296482725414427,0],[106.85049004570836,-6.295997982575556,0],[106.8509725515087,-6.295722629289964,0],[106.85157714823762,-6.295648922361688,0],[106.85307896969591,-6.295881526729283,0],[106.85398007155406,-6.296176203239384,0],[106.85428236452861,-6.296036583365589,0],[106.8543307280269,-6.294431122414728,0],[106.85407103406142,-6.293888227682443,0],[106.85383461454661,-6.293764146442729,0],[106.85346256020372,-6.293876624476627,0],[106.85306725835956,-6.294128707636921,0],[106.852561519431,-6.294764711644773,0],[106.85232897794332,-6.294702675179506,0],[106.85231346403835,-6.294466124346627,0],[106.85255372205435,-6.293818499683155,0],[106.85416975352125,-6.291728222889828,0],[106.85448944506622,-6.290832407530334,0],[106.85439447247946,-6.290429108854579,0],[106.85404953737665,-6.290305032171053,0],[106.8532628027323,-6.290553258315103,0],[106.85256715276618,-6.290991497041562,0],[106.8518191678499,-6.29113113716507,0],[106.85167190433042,-6.291336673795799,0],[106.85152274177244,-6.292414741584252,0],[106.85108288349021,-6.292934402659469,0],[106.85067594037827,-6.292860739373925,0],[106.8501023256452,-6.292352757866768,0],[106.84938721906833,-6.29099551580566,0],[106.84935812982279,-6.290444853150675,0],[106.84957515291396,-6.290200535165591,0],[106.85040839783217,-6.290006603170971,0],[106.85079788398316,-6.289739010964568,0],[106.8512415807666,-6.288428255305256,0],[106.850677663347,-6.287993953178741,0],[106.85029785294995,-6.287904776715163,0],[106.84989093948242,-6.288451580612121,0],[106.84936967676745,-6.288533038507737,0],[106.8483930077293,-6.287997926124597,0],[106.84809457840878,-6.287726482167279,0],[106.84765466802425,-6.286912137748698,0],[106.84733100682404,-6.285551000015359,0],[106.84796462183155,-6.284523327822473,0],[106.84841998773057,-6.284224710294799,0],[106.84883077473357,-6.283685662688036,0],[106.84848971586122,-6.283418099545459,0],[106.84812929470124,-6.283546084358165,0],[106.84760803018963,-6.283445279410945,0],[106.8475072589777,-6.28327077652379,0],[106.8476273870874,-6.282906246266728,0],[106.84921627146639,-6.280738428126493,0],[106.85012505751347,-6.280137311669167,0],[106.85040407963058,-6.279757264676241,0],[106.85018703947144,-6.279509086346064,0],[106.85000488987791,-6.279520727629271,0],[106.8477706728668,-6.280044337012452,0],[106.84702794399325,-6.279610845768024,0],[106.84672234971,-6.279043655924017,0],[106.84828215472494,-6.27779900136012,0],[106.84919478735807,-6.276585177045123,0],[106.84975285674516,-6.276561887154443,0],[106.85040976506802,-6.276806166684211,0],[106.85161114497957,-6.276247692853267,0],[106.85193469838197,-6.275150226574462,0],[106.85128937652964,-6.273979124319316,0],[106.85132811727456,-6.273637865810911,0],[106.85160519903069,-6.273327619411638,0],[106.85204312234181,-6.273207382218584,0],[106.8529538667162,-6.273389602728506,0],[106.85339760392384,-6.273292634016527,0],[106.85347118672539,-6.272237835956564,0],[106.85363200402587,-6.271946983946486,0],[106.85438384630797,-6.271981847184782,0],[106.85492643323114,-6.272412268880776,0],[106.85548257393533,-6.272625524522308,0],[106.8564165685059,-6.272749568621756,0],[106.85675178922723,-6.27259055525939,0],[106.85679052727723,-6.272291952371992,0],[106.85656959561625,-6.271768446556007,0],[106.85502129352851,-6.270713734361033,0],[106.85487546641518,-6.270471748594661,0],[106.85489093989597,-6.269936594932553,0],[106.85514282660333,-6.269606958171631,0],[106.85566605123886,-6.270339857557921,0],[106.85626288293048,-6.270545355764249,0],[106.85657678034191,-6.270297151415107,0],[106.85590430511347,-6.268730507689537,0],[106.85530659397116,-6.26612688354751,0],[106.85409904622692,-6.265406122249413,0],[106.85395110627601,-6.265091006060217,0],[106.854094014763,-6.264779354027767,0],[106.85440617842593,-6.26461605046279,0],[106.85674052704853,-6.264297098192666,0],[106.85706191910434,-6.264149047878989,0],[106.8571551615359,-6.263871238814082,0],[106.85694535281475,-6.263673690504111,0],[106.85607394387002,-6.263474328139409,0],[106.85465314775543,-6.262827299046608,0],[106.85426612747986,-6.262321589047052,0],[106.85466470637817,-6.261946004529514,0],[106.85524257104088,-6.261752580544577,0],[106.8561906386187,-6.262565675779308,0],[106.85679708228385,-6.262838979359953,0],[106.85893157462033,-6.26298362231925,0],[106.85921745357805,-6.262828123338413,0],[106.85965910220264,-6.261562840190465,0],[106.86048631942529,-6.257581216055244,0],[106.86030802719756,-6.257150779269488,0],[106.85942056266379,-6.257022861603183,0],[106.85932753762454,-6.256755289992041,0],[106.85955810012366,-6.256410140368868,0],[106.86009288158536,-6.256134775770082,0],[106.8605850209188,-6.255657760600759,0],[106.86074970007671,-6.255285469343283,0],[106.86040475688905,-6.254676657223335,0],[106.8596199850636,-6.254401372601627,0],[106.85809121145182,-6.255219704814469,0],[106.85769592487904,-6.255188704872499,0],[106.85754474111165,-6.254378227332055,0],[106.8578372469412,-6.252947256531502,0],[106.85803292606126,-6.252509040234412,0],[106.85902688407533,-6.251461942930588,0],[106.86025216635997,-6.250996747850639,0],[106.86051520385493,-6.251173796632738,0],[106.86077827997747,-6.251953823814596,0],[106.86105577765358,-6.253889556990321,0],[106.86123273588308,-6.254069002188515,0],[106.8617014004415,-6.254013939098445,0],[106.86270088309462,-6.253583174827289,0],[106.8628777919168,-6.253032826302904,0],[106.86219618441518,-6.251128226737726,0],[106.86217223982128,-6.250608997169127,0],[106.86243763808882,-6.250300312716499,0],[106.86384120271966,-6.249692454766307,0],[106.864042042661,-6.249445986086777,0],[106.86239917582162,-6.24721125027451,0],[106.86204044079943,-6.246218273066514,0],[106.86208821769779,-6.245524366473336,0],[106.86254720740065,-6.243870930978088,0],[106.86258367450962,-6.240917567160617,0],[106.8630820804905,-6.238810698701074,0],[106.86372758290422,-6.23741806343468,0],[106.86398221665969,-6.237145269584104,0],[106.86492548004738,-6.236822179574579,0],[106.86541327692476,-6.237012370401721,0],[106.86588681394531,-6.238415696990846,0],[106.86634236669389,-6.239068890160386,0],[106.86678353382149,-6.239183711097231,0],[106.86691979208038,-6.238713520327525,0],[106.86689105856773,-6.238171560186625,0],[106.8664031718588,-6.236779005003841,0],[106.86547056608369,-6.235666431534659,0],[106.86527685337579,-6.23516755211716,0],[106.8652732493349,-6.234923491090011,0],[106.86626673663179,-6.234826512452103,0],[106.86643170864043,-6.234643453986641,0],[106.86642810190459,-6.234356320419848,0],[106.86539143888018,-6.232565406490326,0],[106.86351914321556,-6.231305741401313,0],[106.86327522276817,-6.230824812634685,0],[106.86360155825301,-6.230160795503569,0],[106.86463085239713,-6.229328040282613,0],[106.86490338598297,-6.228660437978449,0],[106.86478131481732,-6.226829976946132,0],[106.86358715197079,-6.225067932467939,0],[106.863536524718,-6.22477635000112,0],[106.86384472501388,-6.224477230429141,0],[106.86465264103431,-6.224575316734007,0],[106.86528774904188,-6.224411703804818,0],[106.86550253622632,-6.223963044293365,0],[106.86543711731406,-6.223406915347842,0],[106.86465717752652,-6.222668576232016,0],[106.86419012634232,-6.221906847519252,0],[106.86373244189159,-6.221490946194083,0],[106.86297579541933,-6.219789886247202,0],[106.86225579302418,-6.219697363695778,0],[106.86175129736398,-6.219843355500401,0],[106.8614548398455,-6.220286036799303,0],[106.86176573778216,-6.221295766662881,0],[106.86161296759,-6.22165733067685,0],[106.86131529824421,-6.221851163412289,0],[106.86078628037339,-6.221797358150522,0],[106.86025545778716,-6.221546152086491,0],[106.8600976336732,-6.221294919830555,0],[106.86141410214566,-6.218852769222209,0],[106.8624804023879,-6.217464891652225,0],[106.86349891495199,-6.216617781793143,0],[106.86359454151231,-6.216445496580282,0],[106.86356498154956,-6.216396040029267,0],[106.86351512325469,-6.216312620857273,0],[106.86344867397479,-6.216201442020794,0],[106.86329359601066,-6.216202379658566,0],[106.86264769025338,-6.216206283935506,0],[106.86084015683254,-6.217208971038477,0],[106.860240020239,-6.217302326488729,0],[106.85986964394903,-6.21716188157427,0],[106.85914598361406,-6.216432726552976,0],[106.85864041356876,-6.216299046238324,0],[106.85788552599784,-6.217544528633405,0],[106.85761297085244,-6.217621412029339,0],[106.85717181001303,-6.217526622764547,0],[106.85635224014841,-6.216550415760088,0],[106.85632653305994,-6.216266085084332,0],[106.85669002825482,-6.215034008861555,0],[106.85680690536148,-6.214803397045327,0],[106.85741844516923,-6.21389996769499,0],[106.85815246846936,-6.213718075916494,0],[106.85830787252193,-6.213550571448915,0],[106.85750994576746,-6.212300028957833,0],[106.85696477708615,-6.211851414713356,0],[106.8546299541531,-6.211237793161042,0],[106.85419596546292,-6.210706618261298,0],[106.85302314748584,-6.209762726216923,0],[106.85096089676618,-6.208897833378148,0],[106.84937962920249,-6.207672917267563,0],[106.84932542485826,-6.207630927844524,0],[106.84925050805849,-6.207632479512315,0],[106.84909589093012,-6.207584056867227,0],[106.84947599238133,-6.20608758247824,0],[106.85012870018193,-6.205567126486464,0],[106.85043713224316,-6.205552758668803,0],[106.85145210903829,-6.205958288416485,0],[106.852732464338,-6.205911571017293,0],[106.85329197013125,-6.206417615718651,0],[106.85333652567103,-6.206436323877007,0],[106.8535346589884,-6.20651952168314,0],[106.85369365899706,-6.206586287587034,0],[106.85373194699112,-6.206573512822399,0],[106.85448983403677,-6.206320648832881,0],[106.85501343326978,-6.205911457743362,0],[106.8556876233821,-6.204802372724272,0],[106.85569410293022,-6.204770154315097,0],[106.85570939495132,-6.204694123967938,0],[106.85579518765421,-6.204267581755276,0],[106.85571623741885,-6.203337992859387,0],[106.85532169195615,-6.202562754318975,0],[106.85271792780007,-6.2018845317996,0],[106.85176755604355,-6.202433717395604,0],[106.85150574924052,-6.202448086198401,0],[106.85107257532232,-6.2016153647398,0],[106.85187508887464,-6.201134435438609,0],[106.85448871024434,-6.19884872780479,0],[106.86178994198919,-6.193886564833921,0],[106.86315983416993,-6.193165078197748,0],[106.86542277481223,-6.192558354384539,0],[106.87241809606688,-6.191962120569849,0],[106.87241947408249,-6.191962024374353,0],[106.87512766200047,-6.192299025905929,0],[106.87539491349246,-6.190155608014624,0],[106.875969749036,-6.178105098246405,0],[106.87610780123057,-6.176230044459776,0],[106.87623337133425,-6.175357435147107,0],[106.87695791111992,-6.172563259281938,0],[106.87823350085706,-6.168044227513892,0],[106.87874537797393,-6.166802762530106,0],[106.8789426578918,-6.166427228500013,0],[106.88022137376615,-6.1666789978833,0],[106.8813501123105,-6.167258837325001,0],[106.89100384852814,-6.173132130911704,0],[106.89649205275587,-6.178011062382086,0],[106.89747790706781,-6.178120599620294,0],[106.89858696442263,-6.178174120802776,0],[106.90131319590141,-6.178546737081396,0],[106.90690531993613,-6.180646862500554,0],[106.90985796818899,-6.182236539747917,0],[106.91113285364693,-6.182324704119723,0],[106.91203486010856,-6.182701423349659,0],[106.9138189879247,-6.182449896333353,0],[106.92250370605547,-6.183116056569443,0],[106.92215869818912,-6.181569137712378,0],[106.92182512857129,-6.181307188457831,0],[106.92191291194085,-6.18085134978134,0],[106.92163670783876,-6.180496070498604,0],[106.92201321602886,-6.180226816874923,0],[106.92211893336474,-6.179785330500002,0],[106.92181037194614,-6.178967057368235,0],[106.92192496553534,-6.178033855932754,0],[106.92121810279785,-6.175898428656396,0],[106.92069218501307,-6.172826199185264,0],[106.9203850680854,-6.16996569053774,0],[106.92068426097394,-6.168512028615477,0],[106.9211413345703,-6.167567999053615,0],[106.92105690820495,-6.166710204497259,0],[106.9218845665004,-6.162489204917236,0],[106.92205190377318,-6.162243120165958,0],[106.92199595130741,-6.161622425668106,0],[106.92216745676316,-6.161582026600698,0],[106.92215610385456,-6.161228192529427,0],[106.92423814895152,-6.161206465450146,0],[106.92793568293291,-6.160540047138556,0],[106.92861273238279,-6.160386892856815,0],[106.92845114971767,-6.160132961761405,0],[106.92976417315104,-6.159615426009375,0],[106.9312199613409,-6.159450599608803,0],[106.93114458999361,-6.159289954775938,0],[106.9317315330306,-6.159174431117819,0],[106.9331303536584,-6.159104717359593,0],[106.9330960748455,-6.158471135311927,0],[106.93354055765478,-6.158333365504979,0],[106.93352830373603,-6.157995482549066,0],[106.93379718207697,-6.157997862418808,0],[106.93378810100775,-6.158321393338162,0],[106.93490463683732,-6.158322883115917,0],[106.93576587595473,-6.158525132320083,0],[106.93871365444042,-6.152853398533901,0],[106.9391962922931,-6.15212849086815,0],[106.94015621044618,-6.151346374696145,0],[106.9403840788978,-6.155225240302391,0],[106.94433113252575,-6.155017812882169,0],[106.94447606671369,-6.157594478387857,0],[106.94467050795522,-6.157558835157041,0],[106.94471309079465,-6.158230952042365,0],[106.94464856750275,-6.160505319369093,0],[106.94438206879897,-6.162936176755522,0],[106.94867445817836,-6.163139771889177,0],[106.94879224527841,-6.162303389628142,0],[106.95087221077547,-6.162201609890144,0],[106.95108996150203,-6.161483675798026,0],[106.95152968593531,-6.161493193415408,0],[106.95177098240376,-6.161094447714163,0],[106.95219914731594,-6.159890737445985,0],[106.95269199182691,-6.160063618550994,0],[106.9532358732224,-6.158318808479323,0],[106.95427096868664,-6.157656026880064,0],[106.95474291119758,-6.157673492455825,0],[106.95699452857575,-6.158375166490546,0],[106.95798818924749,-6.158900552438914,0],[106.95860361606549,-6.159515060000836,0],[106.95862521785313,-6.158883806168354,0],[106.95945576063896,-6.158880754689585,0],[106.95992140506142,-6.15876541795003,0],[106.95992639340619,-6.158496287104279,0],[106.9609994552676,-6.158333630733966,0],[106.96086097008508,-6.156933080461572,0],[106.96098282565505,-6.155731909543438,0],[106.9626992887707,-6.156293402691057,0],[106.96347523195354,-6.156291974944396,0],[106.9639418267936,-6.156191414996131,0],[106.96398495401208,-6.155864784513366,0],[106.96854667448329,-6.154520123040584,0],[106.96975107183587,-6.154460911808915,0],[106.97012981503438,-6.154269410536338,0],[106.971504824019,-6.154332583172119,0],[106.97150866791007,-6.154332759393402,0]]]]}},{"type":"Feature","properties":{"fid":19988,"ID_PROV":"31","PROVINSI":"DKI JAKARTA","ID_KABKOT":"31.74","KABKOT":"KOTA ADM. JAKARTA SELATAN","AHH_LAKI":"73,38","AHH_PEREMPUAN":"76,86"},"geometry":{"type":"MultiPolygon","coordinates":[[[[106.84909589093012,-6.207584056867227,0],[106.84925050805849,-6.207632479512315,0],[106.84932542485826,-6.207630927844524,0],[106.84937962920249,-6.207672917267563,0],[106.85096089676618,-6.208897833378148,0],[106.85302314748584,-6.209762726216923,0],[106.85419596546292,-6.210706618261298,0],[106.8546299541531,-6.211237793161042,0],[106.85696477708615,-6.211851414713356,0],[106.85750994576746,-6.212300028957833,0],[106.85830787252193,-6.213550571448915,0],[106.85815246846936,-6.213718075916494,0],[106.85741844516923,-6.21389996769499,0],[106.85680690536148,-6.214803397045327,0],[106.85669002825482,-6.215034008861555,0],[106.85632653305994,-6.216266085084332,0],[106.85635224014841,-6.216550415760088,0],[106.85717181001303,-6.217526622764547,0],[106.85761297085244,-6.217621412029339,0],[106.85788552599784,-6.217544528633405,0],[106.85864041356876,-6.216299046238324,0],[106.85914598361406,-6.216432726552976,0],[106.85986964394903,-6.21716188157427,0],[106.860240020239,-6.217302326488729,0],[106.86084015683254,-6.217208971038477,0],[106.86264769025338,-6.216206283935506,0],[106.86329359601066,-6.216202379658566,0],[106.86344867397479,-6.216201442020794,0],[106.86351512325469,-6.216312620857273,0],[106.86356498154956,-6.216396040029267,0],[106.86359454151231,-6.216445496580282,0],[106.86349891495199,-6.216617781793143,0],[106.8624804023879,-6.217464891652225,0],[106.86141410214566,-6.218852769222209,0],[106.8600976336732,-6.221294919830555,0],[106.86025545778716,-6.221546152086491,0],[106.86078628037339,-6.221797358150522,0],[106.86131529824421,-6.221851163412289,0],[106.86161296759,-6.22165733067685,0],[106.86176573778216,-6.221295766662881,0],[106.8614548398455,-6.220286036799303,0],[106.86175129736398,-6.219843355500401,0],[106.86225579302418,-6.219697363695778,0],[106.86297579541933,-6.219789886247202,0],[106.86373244189159,-6.221490946194083,0],[106.86419012634232,-6.221906847519252,0],[106.86465717752652,-6.222668576232016,0],[106.86543711731406,-6.223406915347842,0],[106.86550253622632,-6.223963044293365,0],[106.86528774904188,-6.224411703804818,0],[106.86465264103431,-6.224575316734007,0],[106.86384472501388,-6.224477230429141,0],[106.863536524718,-6.22477635000112,0],[106.86358715197079,-6.225067932467939,0],[106.86478131481732,-6.226829976946132,0],[106.86490338598297,-6.228660437978449,0],[106.86463085239713,-6.229328040282613,0],[106.86360155825301,-6.230160795503569,0],[106.86327522276817,-6.230824812634685,0],[106.86351914321556,-6.231305741401313,0],[106.86539143888018,-6.232565406490326,0],[106.86642810190459,-6.234356320419848,0],[106.86643170864043,-6.234643453986641,0],[106.86626673663179,-6.234826512452103,0],[106.8652732493349,-6.234923491090011,0],[106.86527685337579,-6.23516755211716,0],[106.86547056608369,-6.235666431534659,0],[106.8664031718588,-6.236779005003841,0],[106.86689105856773,-6.238171560186625,0],[106.86691979208038,-6.238713520327525,0],[106.86678353382149,-6.239183711097231,0],[106.86634236669389,-6.239068890160386,0],[106.86588681394531,-6.238415696990846,0],[106.86541327692476,-6.237012370401721,0],[106.86492548004738,-6.236822179574579,0],[106.86398221665969,-6.237145269584104,0],[106.86372758290422,-6.23741806343468,0],[106.8630820804905,-6.238810698701074,0],[106.86258367450962,-6.240917567160617,0],[106.86254720740065,-6.243870930978088,0],[106.86208821769779,-6.245524366473336,0],[106.86204044079943,-6.246218273066514,0],[106.86239917582162,-6.24721125027451,0],[106.864042042661,-6.249445986086777,0],[106.86384120271966,-6.249692454766307,0],[106.86243763808882,-6.250300312716499,0],[106.86217223982128,-6.250608997169127,0],[106.86219618441518,-6.251128226737726,0],[106.8628777919168,-6.253032826302904,0],[106.86270088309462,-6.253583174827289,0],[106.8617014004415,-6.254013939098445,0],[106.86123273588308,-6.254069002188515,0],[106.86105577765358,-6.253889556990321,0],[106.86077827997747,-6.251953823814596,0],[106.86051520385493,-6.251173796632738,0],[106.86025216635997,-6.250996747850639,0],[106.85902688407533,-6.251461942930588,0],[106.85803292606126,-6.252509040234412,0],[106.8578372469412,-6.252947256531502,0],[106.85754474111165,-6.254378227332055,0],[106.85769592487904,-6.255188704872499,0],[106.85809121145182,-6.255219704814469,0],[106.8596199850636,-6.254401372601627,0],[106.86040475688905,-6.254676657223335,0],[106.86074970007671,-6.255285469343283,0],[106.8605850209188,-6.255657760600759,0],[106.86009288158536,-6.256134775770082,0],[106.85955810012366,-6.256410140368868,0],[106.85932753762454,-6.256755289992041,0],[106.85942056266379,-6.257022861603183,0],[106.86030802719756,-6.257150779269488,0],[106.86048631942529,-6.257581216055244,0],[106.85965910220264,-6.261562840190465,0],[106.85921745357805,-6.262828123338413,0],[106.85893157462033,-6.26298362231925,0],[106.85679708228385,-6.262838979359953,0],[106.8561906386187,-6.262565675779308,0],[106.85524257104088,-6.261752580544577,0],[106.85466470637817,-6.261946004529514,0],[106.85426612747986,-6.262321589047052,0],[106.85465314775543,-6.262827299046608,0],[106.85607394387002,-6.263474328139409,0],[106.85694535281475,-6.263673690504111,0],[106.8571551615359,-6.263871238814082,0],[106.85706191910434,-6.264149047878989,0],[106.85674052704853,-6.264297098192666,0],[106.85440617842593,-6.26461605046279,0],[106.854094014763,-6.264779354027767,0],[106.85395110627601,-6.265091006060217,0],[106.85409904622692,-6.265406122249413,0],[106.85530659397116,-6.26612688354751,0],[106.85590430511347,-6.268730507689537,0],[106.85657678034191,-6.270297151415107,0],[106.85626288293048,-6.270545355764249,0],[106.85566605123886,-6.270339857557921,0],[106.85514282660333,-6.269606958171631,0],[106.85489093989597,-6.269936594932553,0],[106.85487546641518,-6.270471748594661,0],[106.85502129352851,-6.270713734361033,0],[106.85656959561625,-6.271768446556007,0],[106.85679052727723,-6.272291952371992,0],[106.85675178922723,-6.27259055525939,0],[106.8564165685059,-6.272749568621756,0],[106.85548257393533,-6.272625524522308,0],[106.85492643323114,-6.272412268880776,0],[106.85438384630797,-6.271981847184782,0],[106.85363200402587,-6.271946983946486,0],[106.85347118672539,-6.272237835956564,0],[106.85339760392384,-6.273292634016527,0],[106.8529538667162,-6.273389602728506,0],[106.85204312234181,-6.273207382218584,0],[106.85160519903069,-6.273327619411638,0],[106.85132811727456,-6.273637865810911,0],[106.85128937652964,-6.273979124319316,0],[106.85193469838197,-6.275150226574462,0],[106.85161114497957,-6.276247692853267,0],[106.85040976506802,-6.276806166684211,0],[106.84975285674516,-6.276561887154443,0],[106.84919478735807,-6.276585177045123,0],[106.84828215472494,-6.27779900136012,0],[106.84672234971,-6.279043655924017,0],[106.84702794399325,-6.279610845768024,0],[106.8477706728668,-6.280044337012452,0],[106.85000488987791,-6.279520727629271,0],[106.85018703947144,-6.279509086346064,0],[106.85040407963058,-6.279757264676241,0],[106.85012505751347,-6.280137311669167,0],[106.84921627146639,-6.280738428126493,0],[106.8476273870874,-6.282906246266728,0],[106.8475072589777,-6.28327077652379,0],[106.84760803018963,-6.283445279410945,0],[106.84812929470124,-6.283546084358165,0],[106.84848971586122,-6.283418099545459,0],[106.84883077473357,-6.283685662688036,0],[106.84841998773057,-6.284224710294799,0],[106.84796462183155,-6.284523327822473,0],[106.84733100682404,-6.285551000015359,0],[106.84765466802425,-6.286912137748698,0],[106.84809457840878,-6.287726482167279,0],[106.8483930077293,-6.287997926124597,0],[106.84936967676745,-6.288533038507737,0],[106.84989093948242,-6.288451580612121,0],[106.85029785294995,-6.287904776715163,0],[106.850677663347,-6.287993953178741,0],[106.8512415807666,-6.288428255305256,0],[106.85079788398316,-6.289739010964568,0],[106.85040839783217,-6.290006603170971,0],[106.84957515291396,-6.290200535165591,0],[106.84935812982279,-6.290444853150675,0],[106.84938721906833,-6.29099551580566,0],[106.8501023256452,-6.292352757866768,0],[106.85067594037827,-6.292860739373925,0],[106.85108288349021,-6.292934402659469,0],[106.85152274177244,-6.292414741584252,0],[106.85167190433042,-6.291336673795799,0],[106.8518191678499,-6.29113113716507,0],[106.85256715276618,-6.290991497041562,0],[106.8532628027323,-6.290553258315103,0],[106.85404953737665,-6.290305032171053,0],[106.85439447247946,-6.290429108854579,0],[106.85448944506622,-6.290832407530334,0],[106.85416975352125,-6.291728222889828,0],[106.85255372205435,-6.293818499683155,0],[106.85231346403835,-6.294466124346627,0],[106.85232897794332,-6.294702675179506,0],[106.852561519431,-6.294764711644773,0],[106.85306725835956,-6.294128707636921,0],[106.85346256020372,-6.293876624476627,0],[106.85383461454661,-6.293764146442729,0],[106.85407103406142,-6.293888227682443,0],[106.8543307280269,-6.294431122414728,0],[106.85428236452861,-6.296036583365589,0],[106.85398007155406,-6.296176203239384,0],[106.85307896969591,-6.295881526729283,0],[106.85157714823762,-6.295648922361688,0],[106.8509725515087,-6.295722629289964,0],[106.85049004570836,-6.295997982575556,0],[106.85040867900486,-6.296482725414427,0],[106.85072456708293,-6.297013987298714,0],[106.85209852593697,-6.297898089869682,0],[106.85218189498522,-6.298805518447503,0],[106.85206951664149,-6.299142902416354,0],[106.85160057180867,-6.299371721095817,0],[106.8507847209693,-6.298863750535864,0],[106.84972278564102,-6.298782360795476,0],[106.84959877321604,-6.298968505539405,0],[106.84977514304904,-6.299619987791337,0],[106.85090494699537,-6.300674733181334,0],[106.8515870862996,-6.30110515149145,0],[106.8520230917076,-6.300950013696414,0],[106.85230597837709,-6.300116248474278,0],[106.85249587683828,-6.299922343600699,0],[106.85358299733385,-6.299813709416883,0],[106.85442012477071,-6.299468532978115,0],[106.85485420778397,-6.299631384134824,0],[106.85504420505984,-6.301333778741674,0],[106.8544299694079,-6.302512696826876,0],[106.85462765895754,-6.303082740571687,0],[106.85524586246807,-6.303676028299975,0],[106.85618962442075,-6.30419561952935,0],[106.85802481157931,-6.304916809045319,0],[106.85851705781228,-6.305440298122034,0],[106.85851513990914,-6.305785432784063,0],[106.85740284502604,-6.306398208383752,0],[106.85770910945247,-6.307860164617058,0],[106.85714330467243,-6.308767628567001,0],[106.8568294404987,-6.310024091224162,0],[106.85723759184467,-6.310692593778089,0],[106.85812010037304,-6.31065223960276,0],[106.85833196354123,-6.310964040845879,0],[106.85835460378135,-6.31099736086128,0],[106.8583300519263,-6.311067658168085,0],[106.85824407866203,-6.311313818657641,0],[106.8582150999093,-6.311396794612135,0],[106.85779267074021,-6.311893191280027,0],[106.85599827787534,-6.313467725075959,0],[106.85532871588336,-6.313818040461347,0],[106.85523477366424,-6.313867191950136,0],[106.85500222588831,-6.313867203634676,0],[106.85473478036022,-6.313525959989827,0],[106.85479481297402,-6.31273486304633,0],[106.85464363998643,-6.312381980805334,0],[106.85284134554034,-6.311017044935082,0],[106.8524382678791,-6.311051964839643,0],[106.85226387613636,-6.311432009302216,0],[106.85222711258335,-6.312630286129417,0],[106.85172910635276,-6.313258531074094,0],[106.85123500689537,-6.314627457966099,0],[106.85121758137548,-6.314957081968912,0],[106.8517800480159,-6.315763115455713,0],[106.85178781035829,-6.31598415651158,0],[106.85139308074096,-6.316480066064677,0],[106.8505861573589,-6.316811572769546,0],[106.84951040414491,-6.317512700247926,0],[106.84931388060853,-6.317944869638781,0],[106.84942766481568,-6.318575710082848,0],[106.84925780776851,-6.318852292314934,0],[106.84889643888589,-6.318810000965957,0],[106.8482797319686,-6.318356722116222,0],[106.84718858881719,-6.318300740154113,0],[106.84684127677214,-6.318088302550975,0],[106.84684106476975,-6.31776929994095,0],[106.84700395089031,-6.317662857237623,0],[106.84805244472699,-6.317513288066214,0],[106.84853395070243,-6.317094719034419,0],[106.84889786900385,-6.315655416699586,0],[106.84869923622314,-6.315279837063484,0],[106.8480756661771,-6.315152652928472,0],[106.84713725908185,-6.315699127527446,0],[106.8463303958869,-6.3169544100918,0],[106.84582030821409,-6.317011460881337,0],[106.84506906959983,-6.316678778667692,0],[106.84428325033878,-6.316646489054667,0],[106.84407931839623,-6.317013144344183,0],[106.8440937408481,-6.317955772130604,0],[106.84386345592841,-6.318387516012646,0],[106.84366194674217,-6.318488261052837,0],[106.84231612312286,-6.317991801583802,0],[106.84007791759186,-6.318553117774115,0],[106.83939900862937,-6.31916321042508,0],[106.83832671123429,-6.320818226339075,0],[106.83835550403579,-6.321113245306616,0],[106.83883604072902,-6.321567708121986,0],[106.83902722647602,-6.321626520039097,0],[106.83929042836267,-6.321644662265739,0],[106.84065851223474,-6.321264302732008,0],[106.84082404209718,-6.321336255110759,0],[106.8409535935342,-6.321660054171679,0],[106.84062254369074,-6.321947886771477,0],[106.84015474870151,-6.322077419567489,0],[106.84002520984089,-6.32231487889806,0],[106.84005400893057,-6.322761005214358,0],[106.8414377639128,-6.323552011129001,0],[106.84285856272234,-6.325515776244848,0],[106.84299955869608,-6.325710654686428,0],[106.84304290151023,-6.325892996731432,0],[106.84315030947549,-6.326344857789117,0],[106.84317230831847,-6.326437406100529,0],[106.84315001662469,-6.326514957204474,0],[106.84298422535248,-6.327091734856168,0],[106.84243726992209,-6.327609834554131,0],[106.84230498940323,-6.327623519483747,0],[106.84212077368456,-6.327642578259767,0],[106.84201984706405,-6.327653020365559,0],[106.8418471172046,-6.327516307676301,0],[106.84155931225892,-6.326851335116063,0],[106.84130732404196,-6.326775173590155,0],[106.84025076243567,-6.329381052007968,0],[106.84032282079622,-6.329522001961724,0],[106.84192013586417,-6.330941768828082,0],[106.8431220457817,-6.331229559340012,0],[106.8434747108875,-6.331589331180334,0],[106.84327320439623,-6.331898747756223,0],[106.84243835688358,-6.332222574264893,0],[106.84035840396291,-6.332189409326155,0],[106.84014759451856,-6.332261165128698,0],[106.83985463414147,-6.332834269265955,0],[106.83971078332178,-6.335175568160055,0],[106.83976818297347,-6.335387408152021,0],[106.8399922973655,-6.335798361253286,0],[106.84008907287108,-6.33589366528158,0],[106.84016573599574,-6.335969160353404,0],[106.84041479121332,-6.336214427135489,0],[106.84044152327955,-6.336240751260739,0],[106.84043403402501,-6.336275702693733,0],[106.8402357111631,-6.337201378228523,0],[106.8403596193835,-6.338429966593346,0],[106.84033845866865,-6.338503381540646,0],[106.84028863361144,-6.338676257683649,0],[106.84022675585804,-6.338890949804526,0],[106.8401703075222,-6.338956418687099,0],[106.84014352604864,-6.339019829385289,0],[106.83953382868553,-6.339756118390405,0],[106.8392605378199,-6.340344691716026,0],[106.83946568518304,-6.340882223583544,0],[106.8402333836282,-6.340759885676855,0],[106.84063471137127,-6.340991706449202,0],[106.8409366899355,-6.341863811702269,0],[106.84087258076691,-6.342327541112819,0],[106.84044910326388,-6.342592194690333,0],[106.83963284908099,-6.342508372684768,0],[106.83895876407156,-6.342059224944776,0],[106.83840901398231,-6.341271725072295,0],[106.83811898211304,-6.341239860334055,0],[106.83681902557383,-6.342138581978266,0],[106.83549572092203,-6.344042136863852,0],[106.83564938134464,-6.344492767599784,0],[106.83573045160409,-6.344573305220287,0],[106.8361766205512,-6.344704031205596,0],[106.83657847380871,-6.344767370185701,0],[106.83669280598819,-6.344732344739074,0],[106.83691175596564,-6.344609195282003,0],[106.83733921480201,-6.343862162353713,0],[106.83752800294549,-6.343719451207527,0],[106.8380307774336,-6.343339391260398,0],[106.83913067646412,-6.343338479019828,0],[106.8396147588078,-6.343701551532896,0],[106.83970606716653,-6.343770035131024,0],[106.8397254851497,-6.344018135532699,0],[106.83975684892953,-6.344418878074039,0],[106.83977181396386,-6.344610085051357,0],[106.8396759673163,-6.344917864268191,0],[106.83938441190432,-6.345854099729053,0],[106.83931966852516,-6.346062003225523,0],[106.8392685310293,-6.346107961027725,0],[106.83876848292806,-6.346557365830757,0],[106.83789011293821,-6.346659164931696,0],[106.8376555430546,-6.347096586180101,0],[106.83812218640365,-6.348045857605277,0],[106.83805183394387,-6.349278127116838,0],[106.83907238748029,-6.35049754965408,0],[106.83929767237711,-6.351654008623361,0],[106.83910732924988,-6.351920824217446,0],[106.83867746203025,-6.352071868909241,0],[106.83565175649026,-6.351810490796943,0],[106.83551158606828,-6.351897707622451,0],[106.83548624369578,-6.352337377511149,0],[106.83593378167542,-6.352954790390848,0],[106.83582746516319,-6.354160274530832,0],[106.8360080498915,-6.354512494224552,0],[106.83626335289189,-6.354650166704408,0],[106.83629065359169,-6.355077422632815,0],[106.8353248487786,-6.354970208521044,0],[106.83409305640312,-6.355372499039595,0],[106.8330991675593,-6.355276388899025,0],[106.83173583308015,-6.355516388753262,0],[106.8307277778043,-6.355510832757152,0],[106.82998888922859,-6.355703332438618,0],[106.82907742530365,-6.355662178356957,0],[106.82811194388405,-6.356026387954428,0],[106.82406999941598,-6.355645999286389,0],[106.82392453162878,-6.356103492370519,0],[106.82316020725578,-6.355919310651071,0],[106.82322638883771,-6.355772499257052,0],[106.82297120980486,-6.355722613948452,0],[106.82285666741961,-6.355972777406614,0],[106.8215630484947,-6.355619922419806,0],[106.82114558880579,-6.355902486295557,0],[106.82100700031701,-6.356186999373419,0],[106.82024873238569,-6.355854807399184,0],[106.82008803456112,-6.356055728113033,0],[106.81995917482688,-6.355960488977793,0],[106.81980792099093,-6.35609854842048,0],[106.81934253079169,-6.355699507412627,0],[106.8183891936964,-6.356591000120611,0],[106.8176647697934,-6.356279558434532,0],[106.81598139252799,-6.356112030368125,0],[106.81543310040442,-6.356960053233801,0],[106.81539635212278,-6.357561246432192,0],[106.81502339587134,-6.358603205227669,0],[106.81503824771792,-6.359428496829029,0],[106.81358725114177,-6.359047831205351,0],[106.8134674814599,-6.359840702197997,0],[106.81356126108398,-6.360160342604533,0],[106.81299118750971,-6.360395593062617,0],[106.81261055605246,-6.360737500014621,0],[106.81247799525926,-6.361509813581188,0],[106.81182853576672,-6.36212212851446,0],[106.81176722395196,-6.362538005683155,0],[106.8113888894869,-6.362206666264028,0],[106.81120117572848,-6.362217029470973,0],[106.81136063926785,-6.362515508793441,0],[106.81114580986257,-6.362623915716576,0],[106.8109054934561,-6.36313611324273,0],[106.81053505787735,-6.363194228337258,0],[106.81035844190593,-6.363972346607098,0],[106.81032961586678,-6.3639701168762,0],[106.80980082706638,-6.363929232183162,0],[106.80719527795785,-6.363727777151004,0],[106.80716055627546,-6.363514443610841,0],[106.80331200381673,-6.363602265962019,0],[106.80071724976294,-6.364382839812733,0],[106.80076910501273,-6.364681698019425,0],[106.8003478625181,-6.364742975537034,0],[106.80023315574115,-6.364420412679115,0],[106.79457796278696,-6.364594415986883,0],[106.79437825023132,-6.364182602729501,0],[106.79380753346334,-6.3643052046115,0],[106.79371243062081,-6.363837834768927,0],[106.792965900077,-6.363306347743459,0],[106.79319818284989,-6.363057336470765,0],[106.79314019929325,-6.362713641721317,0],[106.79368025476397,-6.3624366483436,0],[106.79352261839792,-6.361800239831662,0],[106.79361590125365,-6.361118102358287,0],[106.79350478953445,-6.360495219858327,0],[106.79349701820894,-6.360451653078171,0],[106.79361271223438,-6.360086601850756,0],[106.7932846052718,-6.359662492998964,0],[106.79252591333567,-6.359231235285842,0],[106.79252382565095,-6.359197007112256,0],[106.79249416238196,-6.358710476989634,0],[106.79248621768157,-6.358580173417747,0],[106.7924989369277,-6.358333194555735,0],[106.79251373487536,-6.358045880430935,0],[106.79251702540425,-6.357981984094242,0],[106.79257120639228,-6.357960509761002,0],[106.7929737181149,-6.357800976484771,0],[106.79295578504687,-6.357117951975735,0],[106.79321984482468,-6.356874801014243,0],[106.79321712921755,-6.356364058511906,0],[106.7930381219309,-6.356082431376625,0],[106.79309277633108,-6.355067329800319,0],[106.79342933733882,-6.354722265353058,0],[106.79391316635758,-6.354609942732475,0],[106.79402307433426,-6.35441219489597,0],[106.79380057511311,-6.354033183686159,0],[106.79325325406839,-6.353936398338039,0],[106.79328364766772,-6.353218594516905,0],[106.7929273497749,-6.35304339557629,0],[106.7924915608609,-6.352354120199137,0],[106.79294135990006,-6.351909981769707,0],[106.79306258215777,-6.351526788631068,0],[106.79377919520935,-6.351421314638596,0],[106.79403672243839,-6.350965225671068,0],[106.79398663237815,-6.350580912880613,0],[106.79373933157034,-6.35044906137836,0],[106.79350758598996,-6.349668033801401,0],[106.79324466437765,-6.349694888390492,0],[106.79301437496638,-6.349543818725834,0],[106.79280152634631,-6.348880497179817,0],[106.792433439862,-6.348574440569241,0],[106.79240761868749,-6.34838241722008,0],[106.79253405656372,-6.34803626703482,0],[106.79338906855956,-6.347524694186336,0],[106.79353399735761,-6.347224478649444,0],[106.79413153243009,-6.346882807958934,0],[106.79428212959759,-6.346555069515597,0],[106.79468150889483,-6.346534550973002,0],[106.79539544317022,-6.345973577472442,0],[106.79575448900952,-6.346048718737146,0],[106.79622820120154,-6.346585381773674,0],[106.7966895947961,-6.346533297211836,0],[106.7973068137531,-6.345738481211261,0],[106.7974214190204,-6.344893904321191,0],[106.79762710447439,-6.344734699481672,0],[106.79822182153181,-6.344711702993282,0],[106.7983039868376,-6.344271828781491,0],[106.79894851996912,-6.343961579386526,0],[106.79899087373812,-6.343246726484917,0],[106.79948587959565,-6.343049601561358,0],[106.79929847306109,-6.342679419388721,0],[106.79981502590901,-6.342002421421396,0],[106.79961935487384,-6.341751005402456,0],[106.79959360286959,-6.341350003713376,0],[106.79968149224035,-6.341201235997731,0],[106.80009844258453,-6.341126604514399,0],[106.8001717612814,-6.34093715151272,0],[106.79994160482076,-6.340751548744428,0],[106.8001268122795,-6.340234672148661,0],[106.79986499828995,-6.339891579410158,0],[106.79980553341142,-6.339519261269805,0],[106.79900077407088,-6.338751109724291,0],[106.7986939266378,-6.338217470867607,0],[106.79892894118747,-6.337450736514946,0],[106.79894618434936,-6.336920116164178,0],[106.79871728822509,-6.336522764174272,0],[106.7989300173692,-6.336022448553646,0],[106.79898426303596,-6.334730812552026,0],[106.79884527300025,-6.3344062713139,0],[106.7990835592142,-6.333114922417995,0],[106.80099262202509,-6.333629305845264,0],[106.8017964390329,-6.3334089905567,0],[106.80186010173877,-6.332284334745049,0],[106.80136205149071,-6.331955640487095,0],[106.80130967342146,-6.331595104043681,0],[106.80154608754636,-6.331300562099685,0],[106.80193043802888,-6.331370878181312,0],[106.8022844676756,-6.331136135587267,0],[106.80251344464824,-6.330800416612899,0],[106.80310108926948,-6.330466441953098,0],[106.80360767710599,-6.329761134057211,0],[106.80337593961045,-6.328720859820496,0],[106.80341098378797,-6.327656719772218,0],[106.80357708587728,-6.327355391505677,0],[106.80423066684033,-6.326850003111868,0],[106.8040872561951,-6.325245013700791,0],[106.80450994677396,-6.325049426833671,0],[106.80454171389735,-6.324438782169316,0],[106.80499203216276,-6.324153131446323,0],[106.80494567639917,-6.323713705057258,0],[106.80541422687156,-6.323514710274501,0],[106.8060819356391,-6.323862266662113,0],[106.80632367318039,-6.323759753856501,0],[106.80632300752875,-6.32345178569246,0],[106.80596051395538,-6.323116101206531,0],[106.80603318227199,-6.322734976096761,0],[106.80719649248007,-6.322516752093136,0],[106.80723006252225,-6.32189709575581,0],[106.80687019831778,-6.321642944663851,0],[106.80653840377093,-6.321649455552472,0],[106.80646498715772,-6.321392823655054,0],[106.806631471031,-6.321163024353385,0],[106.80722286881347,-6.321053314326237,0],[106.80736865280765,-6.320861423510922,0],[106.80756589769123,-6.319996514966712,0],[106.80730686308917,-6.319420269475117,0],[106.80763485416905,-6.318990575735021,0],[106.80815498590509,-6.318841182218902,0],[106.80804442664981,-6.318569569461778,0],[106.80778986835283,-6.318409539386333,0],[106.80771542855848,-6.317570626410785,0],[106.80829836151604,-6.316866270501304,0],[106.80878923063166,-6.316709497165591,0],[106.80882823188804,-6.316496722747015,0],[106.80856289919753,-6.316185719424642,0],[106.80910021121335,-6.316025899822052,0],[106.80924333978759,-6.314835277127979,0],[106.80388222201974,-6.314989443593452,0],[106.80388520891805,-6.315248584587259,0],[106.80124041780462,-6.315323534441353,0],[106.80124269413554,-6.315117188625876,0],[106.80098553880907,-6.315082193499085,0],[106.79670029373112,-6.315267458670724,0],[106.79575844159677,-6.315154083832197,0],[106.79544510922565,-6.315295714517919,0],[106.79312568341659,-6.315433482984808,0],[106.79314552181133,-6.315809022960394,0],[106.79271222212896,-6.315823889239702,0],[106.79213496832065,-6.315707839672367,0],[106.79113100487092,-6.314915845499529,0],[106.79054470772265,-6.314771332226367,0],[106.79018333255182,-6.314937221880228,0],[106.78963534226219,-6.316284621446176,0],[106.78870722177528,-6.315874999936129,0],[106.78581447049062,-6.315639980571095,0],[106.78547560799915,-6.315854765979148,0],[106.78477159741264,-6.315527785950391,0],[106.78436363291625,-6.316434306024596,0],[106.78327032033343,-6.316605516970679,0],[106.78285361073775,-6.315875832231954,0],[106.7820524473533,-6.315957987733395,0],[106.7816809113383,-6.316027231854527,0],[106.78097125663689,-6.316407052409819,0],[106.78087203681545,-6.316424778674416,0],[106.7806474975203,-6.31646489600786,0],[106.77999875308672,-6.316580802493011,0],[106.77995684308543,-6.316514283628124,0],[106.77986321527666,-6.316520979736287,0],[106.77969824326797,-6.316103839893647,0],[106.77918250249704,-6.315755364137272,0],[106.7767903266247,-6.315211368513026,0],[106.77642400263497,-6.3132065572562,0],[106.77642399724509,-6.313206525797774,0],[106.77660162921103,-6.311891421514091,0],[106.77633321709574,-6.311710517966278,0],[106.77554888095317,-6.311627568128376,0],[106.77469011759268,-6.312216621521173,0],[106.77446766777888,-6.311840583658947,0],[106.77445089263928,-6.311302360556052,0],[106.77529738321634,-6.310620646192005,0],[106.77533250464901,-6.31040222376767,0],[106.77372007901968,-6.309968121831519,0],[106.77328550193297,-6.309613739350372,0],[106.77368448686978,-6.309169795571599,0],[106.77460395927548,-6.308855657201499,0],[106.77497879749747,-6.308343014095121,0],[106.77490909092637,-6.308059159205424,0],[106.77407501147326,-6.307117020105324,0],[106.77390926871009,-6.306716863953163,0],[106.77403687888777,-6.306450279966598,0],[106.77435019598751,-6.306302682231945,0],[106.77549141662277,-6.306161234213146,0],[106.77479666048033,-6.304880700472776,0],[106.77489145520072,-6.304632171173924,0],[106.77551555525275,-6.304471552497923,0],[106.77557659936957,-6.303965959005445,0],[106.77496176903293,-6.30333706897278,0],[106.77451320966887,-6.303263835025783,0],[106.77420319926767,-6.303504126319374,0],[106.7735734155748,-6.304630676424041,0],[106.77303589335318,-6.304764083958491,0],[106.77292721337348,-6.304444476213435,0],[106.77350967741044,-6.303464619173199,0],[106.77348444732739,-6.303075947213913,0],[106.77299674117987,-6.302916120817988,0],[106.77153622066504,-6.303202187884273,0],[106.7711674433763,-6.302859538544306,0],[106.77089581349564,-6.302097728821144,0],[106.77095458217985,-6.301941985514016,0],[106.77104736377566,-6.301814994906796,0],[106.77120543133303,-6.301727517843212,0],[106.77141000646932,-6.301652931821769,0],[106.77315035848335,-6.301507098011533,0],[106.77307996290439,-6.301019895324674,0],[106.77239827275777,-6.300062277906858,0],[106.7714847256397,-6.299476262072447,0],[106.77183175381712,-6.299235468236714,0],[106.77229421820348,-6.299180069324614,0],[106.77369762742576,-6.299505446390894,0],[106.77395092179317,-6.299109844988417,0],[106.77376966422673,-6.298539885806442,0],[106.77341703864677,-6.298200172549538,0],[106.77308340524857,-6.298172597976827,0],[106.77161225227408,-6.299020901459316,0],[106.77124126512972,-6.298996248151841,0],[106.77086187244927,-6.298240329962133,0],[106.77084734309784,-6.297480805410298,0],[106.77073021715786,-6.297313737110644,0],[106.77023245616734,-6.29771315637251,0],[106.76977150184896,-6.29750837822256,0],[106.76976590983632,-6.296739850691141,0],[106.77020270127018,-6.295987766331481,0],[106.77014766957757,-6.29562311657506,0],[106.76983645363727,-6.295507545105496,0],[106.76881383128077,-6.295916252617434,0],[106.7684481217387,-6.295924932740852,0],[106.76784400740509,-6.29580736141402,0],[106.76721165902208,-6.295295142980501,0],[106.7670913539443,-6.295071266123455,0],[106.76714721927348,-6.294798945041736,0],[106.76828841924748,-6.29338901364885,0],[106.76752274380833,-6.292335974559831,0],[106.7680925541762,-6.292032008929928,0],[106.76815773772987,-6.291864323142422,0],[106.76784280815417,-6.29153344835116,0],[106.7674425727625,-6.291606574314976,0],[106.76696833146276,-6.291359372471515,0],[106.76654201169018,-6.29043496847247,0],[106.76642721148843,-6.289362380432263,0],[106.76607155589103,-6.289184153804881,0],[106.7662067110188,-6.288849962307612,0],[106.76613100998979,-6.28873538434443,0],[106.76481166690843,-6.288869028820291,0],[106.76309714505211,-6.288803046566809,0],[106.76296872908561,-6.286880012547366,0],[106.76174216131183,-6.2868733825671,0],[106.76011069050016,-6.286440475053258,0],[106.76147288142394,-6.281809634647879,0],[106.76219773921322,-6.277844824176152,0],[106.76047358292547,-6.277925387576585,0],[106.75995731214854,-6.278151408534871,0],[106.75947315254977,-6.27815004584225,0],[106.75833397109018,-6.277995379306937,0],[106.75831100027007,-6.277682000262232,0],[106.75717015962218,-6.277625477227611,0],[106.75720409078707,-6.275265879031411,0],[106.75716418762217,-6.274952012928144,0],[106.75697591780659,-6.274955635411943,0],[106.75691094445872,-6.274294958665747,0],[106.75674694442719,-6.274406156464267,0],[106.75152629801696,-6.274537278814975,0],[106.75152819256387,-6.272420010067965,0],[106.75128911762911,-6.272423799761961,0],[106.75125899981259,-6.271937000035059,0],[106.75062039735857,-6.271510503373905,0],[106.75318022401578,-6.268856923100817,0],[106.7523054616601,-6.268015418445579,0],[106.75260053846802,-6.267778185649906,0],[106.75262351198307,-6.266602848108461,0],[106.75278392324503,-6.266184128758883,0],[106.75264800005772,-6.266057000766621,0],[106.75278467064336,-6.26575924893864,0],[106.75245059617237,-6.264937727091782,0],[106.752479563247,-6.264662506377622,0],[106.752989460477,-6.264319887053335,0],[106.75344367563412,-6.264306407179919,0],[106.75487547251771,-6.263497179959423,0],[106.75568253783356,-6.262651164851424,0],[106.75651866724213,-6.262453986420955,0],[106.75632361065459,-6.261607221713234,0],[106.75532167021089,-6.261979514698509,0],[106.75427279818348,-6.262009936238241,0],[106.75351461828703,-6.262281614000863,0],[106.75148371158429,-6.261774032849983,0],[106.75160148790454,-6.261244323796232,0],[106.75145270263899,-6.260852862950837,0],[106.75157238967587,-6.260583524283294,0],[106.75249899739987,-6.259737114267144,0],[106.7540500806717,-6.259749876933191,0],[106.75437810588758,-6.259536455954592,0],[106.75449803816453,-6.256967232514654,0],[106.7548687782722,-6.257016831710507,0],[106.75494198288301,-6.25656502463234,0],[106.75482895505733,-6.255829744208341,0],[106.75464871977367,-6.255552231796082,0],[106.75439162283766,-6.255526175897041,0],[106.754388056526,-6.255352740442826,0],[106.7541639205744,-6.255353488338911,0],[106.75424941683325,-6.254106172355379,0],[106.75412082389865,-6.25407968670156,0],[106.75380370692525,-6.253081924281047,0],[106.75358460423419,-6.252798560232504,0],[106.75366961450449,-6.252301856554838,0],[106.7535657962071,-6.251638314666353,0],[106.75298646729047,-6.251768838737153,0],[106.75256477833315,-6.251674549232564,0],[106.75232703919322,-6.251178921380435,0],[106.75195612391408,-6.251075489741492,0],[106.75183694442536,-6.250035277975491,0],[106.74819883938989,-6.250081244391919,0],[106.7481953736895,-6.249560332783225,0],[106.74817546522621,-6.24953439973424,0],[106.7478862247727,-6.249157645395144,0],[106.74722738956352,-6.248744156209497,0],[106.74711723724508,-6.247969984280136,0],[106.7466580562011,-6.247311666785459,0],[106.74677082980355,-6.247145757991155,0],[106.74698584965164,-6.244190748962298,0],[106.74728770604497,-6.242601481531352,0],[106.74765624528018,-6.241990196765422,0],[106.74843421236736,-6.241383534514231,0],[106.74860777586343,-6.240776243192936,0],[106.74862327719197,-6.240722008406601,0],[106.74822286662881,-6.23983217127375,0],[106.74777009596265,-6.239373137854961,0],[106.74745440461562,-6.238797020394154,0],[106.74683081660326,-6.2363887499782,0],[106.74400115220439,-6.23649381884076,0],[106.74433303388778,-6.234964013915937,0],[106.74478710800939,-6.233830307601301,0],[106.74471810302252,-6.232843671983043,0],[106.74447719732122,-6.232288235773656,0],[106.74459019101091,-6.232117403982739,0],[106.7454019823635,-6.231800714986996,0],[106.74544957151397,-6.230828644884989,0],[106.74390349634986,-6.230498824039652,0],[106.74442161496133,-6.229031765847064,0],[106.74417301249466,-6.228859139557659,0],[106.74325528012565,-6.228766475690003,0],[106.74330809208121,-6.227564120073911,0],[106.7426617084202,-6.227291128654041,0],[106.74155758640957,-6.227767274629959,0],[106.74032903246068,-6.227663670203286,0],[106.74040200081458,-6.226227985925132,0],[106.73977733392559,-6.226197150553482,0],[106.73975413313674,-6.225503429270312,0],[106.73955945923151,-6.225372488643536,0],[106.73776707140637,-6.22536659142868,0],[106.73750609195169,-6.22422225719076,0],[106.73743505228072,-6.22387845048751,0],[106.73743564786378,-6.223878311147446,0],[106.73859664670664,-6.223606629381864,0],[106.74245034741027,-6.223316051140865,0],[106.74438047571456,-6.222919779954475,0],[106.74506078874387,-6.223267362964544,0],[106.74937834083265,-6.222894755328033,0],[106.74937621182544,-6.222784663857833,0],[106.7499179561289,-6.222717969257262,0],[106.75067688072868,-6.222734182185961,0],[106.75076835617408,-6.222907688808821,0],[106.7584011273442,-6.222896057036548,0],[106.7583991824916,-6.222561978113393,0],[106.76451610950187,-6.222374581376076,0],[106.76591941541788,-6.222470047579082,0],[106.76556577923324,-6.222774745519966,0],[106.76556187246007,-6.223178756045445,0],[106.76680958298239,-6.225020616278657,0],[106.7668860736305,-6.225321922720842,0],[106.76677650970855,-6.225542003876216,0],[106.76623101134554,-6.22590262191539,0],[106.76593544226085,-6.226896902051208,0],[106.76478562205338,-6.227085872136523,0],[106.76581092677934,-6.227430780637926,0],[106.76751035783721,-6.227477643530325,0],[106.76776512095009,-6.227310997519461,0],[106.77447468451957,-6.227097427402975,0],[106.77457153548362,-6.227001607860688,0],[106.77635069741285,-6.227053252374871,0],[106.77717294695195,-6.22700272886738,0],[106.77752150496029,-6.226844077182911,0],[106.77843346834855,-6.226905574347515,0],[106.77849667830351,-6.217910989300877,0],[106.77837243770645,-6.217485238252126,0],[106.77728263214648,-6.216973291737823,0],[106.77707712905051,-6.216561881363141,0],[106.77714409306505,-6.216112231577342,0],[106.77761739293037,-6.215152885942784,0],[106.77768097748279,-6.213756795236318,0],[106.77768187220484,-6.213737160487083,0],[106.77800704077812,-6.213511467347629,0],[106.78250832080042,-6.213294441239948,0],[106.78305994028379,-6.213032986204412,0],[106.78314621807692,-6.212942484271,0],[106.78334688823666,-6.212695386790024,0],[106.78359001008177,-6.21187948834412,0],[106.78321219304634,-6.206702763579282,0],[106.7857343784965,-6.206829581616021,0],[106.78648605099701,-6.20693445239386,0],[106.78741657717228,-6.207064274823351,0],[106.78747836868743,-6.207072896208119,0],[106.78751842276931,-6.207117489172401,0],[106.78846435325504,-6.20817060768784,0],[106.78906987435042,-6.208471041097268,0],[106.78941768945202,-6.208383328850108,0],[106.78952178802378,-6.208303378513039,0],[106.79052509570334,-6.207481100184317,0],[106.79058064752051,-6.207490144989593,0],[106.79243701695347,-6.207792399259422,0],[106.79187530849114,-6.208718955975094,0],[106.79190244749418,-6.208782340478572,0],[106.7919426965105,-6.208876342022203,0],[106.79198284132224,-6.208970101719385,0],[106.7925673741793,-6.209282245855731,0],[106.79273266329324,-6.210276211720706,0],[106.79365965819112,-6.210844178261858,0],[106.79376224310163,-6.211386197536259,0],[106.79343816957467,-6.211708805356366,0],[106.79393409530705,-6.211696879363593,0],[106.79419100539349,-6.211948033557559,0],[106.7946032862948,-6.211852389217522,0],[106.7957936438778,-6.212460097399612,0],[106.79578187055768,-6.212600138142213,0],[106.79576190639881,-6.21266017164514,0],[106.79548149368962,-6.212829032072846,0],[106.79534496144454,-6.213538758770692,0],[106.79625919397716,-6.215623240128424,0],[106.79612077077842,-6.216455434816751,0],[106.79683937180172,-6.218043092392294,0],[106.79690864358822,-6.218724757582096,0],[106.7960560300942,-6.223535496677784,0],[106.7964126792283,-6.226443624915632,0],[106.7956968432194,-6.228287692182826,0],[106.7956813077549,-6.228327713907998,0],[106.79568920484455,-6.228339993708954,0],[106.79590345034487,-6.228673142080596,0],[106.79577638544457,-6.229022321380254,0],[106.79578694424241,-6.2290533885153,0],[106.79585823634,-6.229263134553277,0],[106.79753012235629,-6.229318786400489,0],[106.79852609529158,-6.22879547523296,0],[106.79946505215578,-6.229224928797523,0],[106.80038175415716,-6.228313794402676,0],[106.80454632494971,-6.225139041588696,0],[106.80510168771288,-6.224722198041697,0],[106.808797625388,-6.222251969825328,0],[106.81790040777389,-6.215054256668538,0],[106.81901348868287,-6.213939466421667,0],[106.81978407700834,-6.212899653821644,0],[106.81988957964688,-6.212694860882262,0],[106.82049375416763,-6.211522078044182,0],[106.8214205604193,-6.209723024000338,0],[106.82155808350613,-6.209346936527981,0],[106.82176128422005,-6.208791237826142,0],[106.82181907733384,-6.208633190992188,0],[106.82183043203902,-6.208560195317303,0],[106.82215548293301,-6.20647070247609,0],[106.82274688610536,-6.20266902301082,0],[106.83081543990129,-6.204468524892915,0],[106.83731943030621,-6.205387272522191,0],[106.84612959906474,-6.208588572986073,0],[106.8462203630444,-6.208594269915739,0],[106.84667829093858,-6.20862301617048,0],[106.84698676162735,-6.208642379616584,0],[106.8470723099885,-6.208609043994936,0],[106.84725940031609,-6.208536140014145,0],[106.84765921080464,-6.20838034508537,0],[106.84871660425085,-6.207643535369869,0],[106.84909589093012,-6.207584056867227,0]]]]}},{"type":"Feature","properties":{"fid":19991,"ID_PROV":"31","PROVINSI":"DKI JAKARTA","ID_KABKOT":"31.71","KABKOT":"KOTA ADM. JAKARTA PUSAT","AHH_LAKI":"73,65","AHH_PEREMPUAN":"76,94"},"geometry":{"type":"MultiPolygon","coordinates":[[[[106.8789426578918,-6.166427228500013,0],[106.87874537797393,-6.166802762530106,0],[106.87823350085706,-6.168044227513892,0],[106.87695791111992,-6.172563259281938,0],[106.87623337133425,-6.175357435147107,0],[106.87610780123057,-6.176230044459776,0],[106.875969749036,-6.178105098246405,0],[106.87539491349246,-6.190155608014624,0],[106.87512766200047,-6.192299025905929,0],[106.87241947408249,-6.191962024374353,0],[106.87241809606688,-6.191962120569849,0],[106.86542277481223,-6.192558354384539,0],[106.86315983416993,-6.193165078197748,0],[106.86178994198919,-6.193886564833921,0],[106.85448871024434,-6.19884872780479,0],[106.85187508887464,-6.201134435438609,0],[106.85107257532232,-6.2016153647398,0],[106.85150574924052,-6.202448086198401,0],[106.85176755604355,-6.202433717395604,0],[106.85271792780007,-6.2018845317996,0],[106.85532169195615,-6.202562754318975,0],[106.85571623741885,-6.203337992859387,0],[106.85579518765421,-6.204267581755276,0],[106.85570939495132,-6.204694123967938,0],[106.85569410293022,-6.204770154315097,0],[106.8556876233821,-6.204802372724272,0],[106.85501343326978,-6.205911457743362,0],[106.85448983403677,-6.206320648832881,0],[106.85373194699112,-6.206573512822399,0],[106.85369365899706,-6.206586287587034,0],[106.8535346589884,-6.20651952168314,0],[106.85333652567103,-6.206436323877007,0],[106.85329197013125,-6.206417615718651,0],[106.852732464338,-6.205911571017293,0],[106.85145210903829,-6.205958288416485,0],[106.85043713224316,-6.205552758668803,0],[106.85012870018193,-6.205567126486464,0],[106.84947599238133,-6.20608758247824,0],[106.84909589093012,-6.207584056867227,0],[106.84871660425085,-6.207643535369869,0],[106.84765921080464,-6.20838034508537,0],[106.84725940031609,-6.208536140014145,0],[106.8470723099885,-6.208609043994936,0],[106.84698676162735,-6.208642379616584,0],[106.84667829093858,-6.20862301617048,0],[106.8462203630444,-6.208594269915739,0],[106.84612959906474,-6.208588572986073,0],[106.83731943030621,-6.205387272522191,0],[106.83081543990129,-6.204468524892915,0],[106.82274688610536,-6.20266902301082,0],[106.82215548293301,-6.20647070247609,0],[106.82183043203902,-6.208560195317303,0],[106.82181907733384,-6.208633190992188,0],[106.82176128422005,-6.208791237826142,0],[106.82155808350613,-6.209346936527981,0],[106.8214205604193,-6.209723024000338,0],[106.82049375416763,-6.211522078044182,0],[106.81988957964688,-6.212694860882262,0],[106.81978407700834,-6.212899653821644,0],[106.81901348868287,-6.213939466421667,0],[106.81790040777389,-6.215054256668538,0],[106.808797625388,-6.222251969825328,0],[106.80510168771288,-6.224722198041697,0],[106.80454632494971,-6.225139041588696,0],[106.80038175415716,-6.228313794402676,0],[106.79946505215578,-6.229224928797523,0],[106.79852609529158,-6.22879547523296,0],[106.79753012235629,-6.229318786400489,0],[106.79585823634,-6.229263134553277,0],[106.79578694424241,-6.2290533885153,0],[106.79577638544457,-6.229022321380254,0],[106.79590345034487,-6.228673142080596,0],[106.79568920484455,-6.228339993708954,0],[106.7956813077549,-6.228327713907998,0],[106.7956968432194,-6.228287692182826,0],[106.7964126792283,-6.226443624915632,0],[106.7960560300942,-6.223535496677784,0],[106.79690864358822,-6.218724757582096,0],[106.79683937180172,-6.218043092392294,0],[106.79612077077842,-6.216455434816751,0],[106.79625919397716,-6.215623240128424,0],[106.79534496144454,-6.213538758770692,0],[106.79548149368962,-6.212829032072846,0],[106.79576190639881,-6.21266017164514,0],[106.79578187055768,-6.212600138142213,0],[106.7957936438778,-6.212460097399612,0],[106.7946032862948,-6.211852389217522,0],[106.79419100539349,-6.211948033557559,0],[106.79393409530705,-6.211696879363593,0],[106.79343816957467,-6.211708805356366,0],[106.79376224310163,-6.211386197536259,0],[106.79365965819112,-6.210844178261858,0],[106.79273266329324,-6.210276211720706,0],[106.7925673741793,-6.209282245855731,0],[106.79198284132224,-6.208970101719385,0],[106.7919426965105,-6.208876342022203,0],[106.79190244749418,-6.208782340478572,0],[106.79187530849114,-6.208718955975094,0],[106.79243701695347,-6.207792399259422,0],[106.79245497158105,-6.207791210786562,0],[106.79608718276995,-6.207550804784399,0],[106.79688687201902,-6.204719209704475,0],[106.79781631302943,-6.203062005805918,0],[106.7985693356978,-6.202331602960391,0],[106.79932984492575,-6.201900133155237,0],[106.79942379343312,-6.201506933720956,0],[106.80007140778605,-6.200422608804878,0],[106.80277244421603,-6.199035378756154,0],[106.80310777363353,-6.19872777477366,0],[106.80358617143806,-6.197883380868544,0],[106.80429707120445,-6.197338517427022,0],[106.80504748516525,-6.195813165923727,0],[106.8055447017767,-6.192740574511958,0],[106.80636928154566,-6.190756596144676,0],[106.80682818680688,-6.189025514203824,0],[106.80943073644069,-6.188695542761748,0],[106.81064920051227,-6.188933196552796,0],[106.8098416231567,-6.179652710639534,0],[106.80036570575461,-6.166000420346609,0],[106.79951303297175,-6.16448339259472,0],[106.79818156892225,-6.161401721426889,0],[106.80042330393397,-6.160374963892646,0],[106.80099788705097,-6.159732816058057,0],[106.80127831233659,-6.159034289722499,0],[106.80156746116191,-6.159037377163549,0],[106.80164046544843,-6.160143044923543,0],[106.80199112551452,-6.160130939734487,0],[106.8027909387311,-6.161188128787097,0],[106.803560741929,-6.161644447626943,0],[106.80450893437263,-6.161796583787723,0],[106.80971426810054,-6.161142970874368,0],[106.81097912746161,-6.16077436287153,0],[106.81489617646079,-6.160419313600682,0],[106.82053294496853,-6.159525402109689,0],[106.82833552108356,-6.162290665026698,0],[106.82779985208636,-6.161178061828456,0],[106.82753283235972,-6.160068584160621,0],[106.82752935767621,-6.159939982677749,0],[106.82732057213619,-6.152212762749545,0],[106.82658991841672,-6.147774326947029,0],[106.82616195921872,-6.146663400343314,0],[106.8258671519054,-6.1459477709581,0],[106.8248928301651,-6.144316817108049,0],[106.82291820920311,-6.141034139140704,0],[106.82289172417357,-6.14096707535025,0],[106.82282332465121,-6.140793876861244,0],[106.82239105174324,-6.139699292163811,0],[106.82194048105124,-6.138086557488035,0],[106.82172473805932,-6.137424961455745,0],[106.82157201457956,-6.13721182839752,0],[106.82132250571279,-6.136863627055574,0],[106.82774889066027,-6.135884744606933,0],[106.83069953567005,-6.135136714206773,0],[106.83067018321816,-6.138945193671085,0],[106.83100568241719,-6.140077495914634,0],[106.83196998075559,-6.141107247644664,0],[106.83418950312529,-6.141968390105929,0],[106.8354404421927,-6.142829147236958,0],[106.83655145517992,-6.144301435213907,0],[106.83715277934627,-6.146050000704493,0],[106.83730695001196,-6.14454254644276,0],[106.8384178417266,-6.141760427871474,0],[106.84408337518806,-6.144958000193507,0],[106.84329210674646,-6.146093254719016,0],[106.84311652293933,-6.146573858836341,0],[106.84347156947895,-6.147248732052038,0],[106.84240680355921,-6.14839328549462,0],[106.84187534676242,-6.149847649680064,0],[106.8412744501941,-6.150736656926539,0],[106.84518437914636,-6.153436608679566,0],[106.84577545892519,-6.153482264452792,0],[106.85668035160259,-6.15183481858522,0],[106.86034293303459,-6.153767262300567,0],[106.86220563648861,-6.154826006123292,0],[106.86220003369617,-6.154934686888483,0],[106.87246459286598,-6.160630055579628,0],[106.8769296096969,-6.163488105941873,0],[106.87750733422241,-6.163488051997516,0],[106.88140471281179,-6.162516112408475,0],[106.8798311456067,-6.164945854605407,0],[106.87916503763701,-6.166003915024455,0],[106.8789426578918,-6.166427228500013,0]]]]}},{"type":"Feature","properties":{"fid":20184,"ID_PROV":"31","PROVINSI":"DKI JAKARTA","ID_KABKOT":"31.01","KABKOT":"ADM. KEP. SERIBU","AHH_LAKI":"67,85","AHH_PEREMPUAN":"71,8"},"geometry":{"type":"MultiPolygon","coordinates":[[[[106.51965346410384,-5.958813560398626,0],[106.51973674511721,-5.957790392226141,0],[106.51937982559022,-5.956933785957924,0],[106.51997469086965,-5.956279434159517,0],[106.51980812884293,-5.95512539499803,0],[106.5207905399124,-5.954212744003253,0],[106.52138755575864,-5.954228605375392,0],[106.52264514235918,-5.954904568324983,0],[106.52270512287068,-5.955987950208414,0],[106.52236010063132,-5.956701788306336,0],[106.52272826976063,-5.958111777300519,0],[106.52273608510357,-5.958730339036824,0],[106.5224493311868,-5.959247811861865,0],[106.5217635096882,-5.959800869604956,0],[106.52170574891372,-5.959640422683673,0],[106.51973966374358,-5.960208314989588,0],[106.51944934082015,-5.959818812962511,0],[106.51942741474069,-5.959289452185406,0],[106.51965346410384,-5.958813560398626,0]]],[[[106.5219399280302,-5.804025800394176,0],[106.52209411666222,-5.804254227898358,0],[106.52236823128294,-5.804299914107674,0],[106.52226543796331,-5.805330697130859,0],[106.52205699737634,-5.805347828639417,0],[106.52190851933462,-5.805716169440997,0],[106.52197419157176,-5.805162231270681,0],[106.52216264464366,-5.805159374818786,0],[106.52225116103848,-5.80441412826507,0],[106.52148878241644,-5.804325612317638,0],[106.5214259641269,-5.80508513585357,0],[106.52166010281921,-5.805122256237102,0],[106.52160014117233,-5.805633363900753,0],[106.52152304595799,-5.805242181329286,0],[106.52125464282582,-5.805202206301421,0],[106.52138884484108,-5.804182845269259,0],[106.52167723459,-5.804208542584943,0],[106.52188853181954,-5.804022944836099,0],[106.51715620330953,-5.803287376340916,0],[106.51614176999517,-5.802496995125096,0],[106.51675425033902,-5.802754470125492,0],[106.51774886502162,-5.802378515217889,0],[106.5206422891444,-5.802545077310901,0],[106.52334535666526,-5.802483211216528,0],[106.52692882526685,-5.803139942421478,0],[106.53008874899172,-5.804139315563028,0],[106.52825656400286,-5.804362984659761,0],[106.5260246673401,-5.80437651031612,0],[106.5219399280302,-5.804025800394176,0]]],[[[106.53580142963253,-5.804473186271528,0],[106.53573747138091,-5.804284351593588,0],[106.53593924916342,-5.80397445072832,0],[106.53576373991648,-5.803605920741807,0],[106.53597351270497,-5.803395767124527,0],[106.53595067034395,-5.804407703713689,0],[106.53580142963253,-5.804473186271528,0]]],[[[106.49884692624155,-5.799756024766953,0],[106.49904918013115,-5.799751266366684,0],[106.50069338725692,-5.800783951636006,0],[106.49872081355548,-5.800089148673413,0],[106.49884692624155,-5.799756024766953,0]]],[[[106.49862206714617,-5.796431037441136,0],[106.49884288112786,-5.795922784124496,0],[106.49907511629004,-5.79577049805259,0],[106.49947105773465,-5.795781919554398,0],[106.49990887863784,-5.796162632848991,0],[106.50039238605974,-5.795778112087254,0],[106.49981370123517,-5.796337761794794,0],[106.49923501641062,-5.795896133660083,0],[106.49867917394711,-5.796505275761251,0],[106.49940252975321,-5.797015432275741,0],[106.50054086410147,-5.796174055242459,0],[106.49958527313315,-5.797004010799193,0],[106.50032385717998,-5.797715945756376,0],[106.50068172802285,-5.797380916702013,0],[106.50061700710158,-5.796688017721893,0],[106.50119569192616,-5.796071261789967,0],[106.50089112082402,-5.796642332687194,0],[106.50084162814343,-5.797757824149096,0],[106.50046472110135,-5.797940566598466,0],[106.50070076422205,-5.798195645156441,0],[106.50067633723285,-5.798354904891621,0],[106.50227999530499,-5.799130103597733,0],[106.50253457965314,-5.79942364919423,0],[106.50369577432876,-5.800135427212847,0],[106.50681128085442,-5.801509330113739,0],[106.50766528134726,-5.801766329642823,0],[106.50808569020528,-5.801714510137881,0],[106.51085428084295,-5.802115329807505,0],[106.51146471392627,-5.802504179923195,0],[106.51144091935102,-5.80278852637581,0],[106.51159870214248,-5.803026759028169,0],[106.51033922907986,-5.802734987689388,0],[106.50959807315637,-5.802788646932086,0],[106.50580159693294,-5.801649953921205,0],[106.504478616573,-5.800975574700148,0],[106.50365206500197,-5.800799507950247,0],[106.50356549795131,-5.800636500859136,0],[106.50256909921458,-5.800291479941601,0],[106.50172736521694,-5.800223070239579,0],[106.50138531729947,-5.800868498772675,0],[106.50109680807462,-5.799940509237448,0],[106.49994871802238,-5.799541948894941,0],[106.49972564298113,-5.799631179048585,0],[106.4991426749893,-5.799446770948335,0],[106.49913077770167,-5.79924451674558,0],[106.49883631983302,-5.799149337848431,0],[106.49829499234785,-5.799280208827817,0],[106.49759532870902,-5.799143336985407,0],[106.49745732143023,-5.799702510080154,0],[106.49780710114736,-5.799823862330863,0],[106.49814736411237,-5.799712027781212,0],[106.4984376582897,-5.799857174726388,0],[106.49840672480289,-5.800014218978561,0],[106.49794035094843,-5.799957111901109,0],[106.49734786530612,-5.799709648131048,0],[106.4974859758912,-5.799000621688742,0],[106.49686731603647,-5.798655599757359,0],[106.49616834859201,-5.798619907635085,0],[106.49459492960891,-5.798001248317194,0],[106.49456221296629,-5.798114272589108,0],[106.49434508656886,-5.797998273970288,0],[106.49432631357604,-5.798097773333854,0],[106.49422016504882,-5.797971504847189,0],[106.49418447318594,-5.798096427410621,0],[106.49399709090589,-5.79791796659713,0],[106.49395842472109,-5.798042889172572,0],[106.49391380989252,-5.797912018802042,0],[106.49381565726962,-5.797995299623334,0],[106.49367586414007,-5.797790071445006,0],[106.49285792381936,-5.797421254863626,0],[106.49102276540691,-5.796862081277482,0],[106.4904576433465,-5.796894799159619,0],[106.48952667789504,-5.796445676199314,0],[106.48398848332008,-5.795856758950537,0],[106.48187968639398,-5.795080459870757,0],[106.47878638622215,-5.793655758195832,0],[106.47844217965304,-5.79337606926798,0],[106.47986890015696,-5.79312669343342,0],[106.48260094463392,-5.793355092120401,0],[106.48506728092457,-5.794217329968478,0],[106.48830228134933,-5.795012330230743,0],[106.48871428107797,-5.795276329615415,0],[106.49199428081027,-5.79624533003675,0],[106.4941511411973,-5.795922803917562,0],[106.49535928093135,-5.795390329699552,0],[106.49616828121835,-5.795366329683763,0],[106.49697628078214,-5.795596329792384,0],[106.49819517514672,-5.796546543359673,0],[106.49862206714617,-5.796431037441136,0]]],[[[106.5409354982123,-5.701817515107665,0],[106.5399242242728,-5.701879922300525,0],[106.5347023866965,-5.701233170583898,0],[106.53391931089028,-5.700562397865286,0],[106.53386372673374,-5.700171978906988,0],[106.53417897431305,-5.699607935755263,0],[106.53480773123154,-5.699295111111108,0],[106.53515278401365,-5.699280635391614,0],[106.5371780421099,-5.699655580433014,0],[106.53912186972228,-5.699780175727541,0],[106.54303113302286,-5.69972678468913,0],[106.5434980925789,-5.700067748840578,0],[106.54335532602578,-5.700629301684233,0],[106.54277420497016,-5.701152144800414,0],[106.54212186188553,-5.701507653944057,0],[106.5409354982123,-5.701817515107665,0]]],[[[106.53267283375487,-5.690144999608697,0],[106.53238016083867,-5.690366289886001,0],[106.53176626025834,-5.690401981683975,0],[106.53135937194367,-5.690666102178899,0],[106.53118805064256,-5.690616133324444,0],[106.53101673023978,-5.690202107046526,0],[106.53166632178464,-5.689445439102755,0],[106.53236588391385,-5.68938119303666,0],[106.53265855772837,-5.689516822812281,0],[106.53267283375487,-5.690144999608697,0]]],[[[106.54496885837955,-5.606052265211708,0],[106.54503429256316,-5.60616528999989,0],[106.54425501932553,-5.606403236423608,0],[106.54408250775667,-5.606022521558487,0],[106.54348764337554,-5.606254520032794,0],[106.54295526400894,-5.605985535711927,0],[106.54283153185833,-5.60579517862281,0],[106.54288863865925,-5.605566751112807,0],[106.54322176271269,-5.605138447937482,0],[106.5443067982185,-5.604291359817576,0],[106.54501111782544,-5.604120038746459,0],[106.54600987194486,-5.603637113191307,0],[106.5466582750186,-5.603809623292772,0],[106.54671237785323,-5.604508057378417,0],[106.54559346597974,-5.605171865386653,0],[106.54554411702959,-5.605281215697969,0],[106.54579158133082,-5.605566751112807,0],[106.54531982836438,-5.605903548730286,0],[106.54509972764505,-5.605546630098264,0],[106.54447512004485,-5.605844063206957,0],[106.54457029834583,-5.606218828381298,0],[106.54496885837955,-5.606052265211708,0]]],[[[106.54418627574842,-5.591962770866038,0],[106.5442237148345,-5.592233121638547,0],[106.54349093839599,-5.592656094652995,0],[106.54245206192273,-5.592701119319475,0],[106.54168601907263,-5.592400874109131,0],[106.54167320011352,-5.59196626919885,0],[106.54235653866868,-5.591289880062607,0],[106.5430884733858,-5.591091213733562,0],[106.54359553732935,-5.591169502880712,0],[106.54418627574842,-5.591962770866038,0]]],[[[106.54284314707493,-5.570761551161785,0],[106.54336067998486,-5.571398057403447,0],[106.54318477278424,-5.572672097434031,0],[106.54151659770835,-5.574312895810413,0],[106.5405053273621,-5.57466386740479,0],[106.53945416283409,-5.574755142683386,0],[106.53911929065909,-5.574455663988018,0],[106.54013650964914,-5.573313522982463,0],[106.54053718611365,-5.572043086319698,0],[106.54115967907968,-5.571160110065883,0],[106.54200438739922,-5.570791293929745,0],[106.54284314707493,-5.570761551161785,0]]],[[[106.52757546943927,-5.57073501704011,0],[106.52714655712876,-5.570530694992145,0],[106.52561003375102,-5.568964697589037,0],[106.52526123140095,-5.568367764562119,0],[106.52522456127272,-5.567779726075975,0],[106.52500089244508,-5.567447791699148,0],[106.52548630160045,-5.567626251103859,0],[106.5260645112162,-5.567539713447199,0],[106.52933355958686,-5.567947059912673,0],[106.52956091689705,-5.56834278110874,0],[106.5293338910652,-5.569235957349154,0],[106.52845280007837,-5.570433469771129,0],[106.52757546943927,-5.57073501704011,0]]],[[[106.5280018682636,-5.557070962231964,0],[106.52786861756425,-5.557575408423968,0],[106.5258150903843,-5.558050184563718,0],[106.52551527765823,-5.557836032979514,0],[106.52592573497952,-5.556961581208459,0],[106.52622197780067,-5.55667961486132,0],[106.5267169594037,-5.556623623723803,0],[106.52762115505966,-5.556628382358642,0],[106.5280018682636,-5.557070962231964,0]]],[[[106.53137483374631,-5.554640343372414,0],[106.53204213917029,-5.554227579970645,0],[106.53256264730042,-5.554136864005804,0],[106.53275895164788,-5.554435783443203,0],[106.53269332073324,-5.555252478215836,0],[106.53236349978509,-5.555821745040543,0],[106.53156493881998,-5.556382125878837,0],[106.5306681336039,-5.556325000632258,0],[106.53034379866719,-5.555328081009599,0],[106.5311795849193,-5.554590448188793,0],[106.53137483374631,-5.554640343372414,0]]],[[[106.5405560094121,-5.554905250857961,0],[106.54082684608036,-5.552738162411275,0],[106.54138839913418,-5.552571600053041,0],[106.54157507803335,-5.552288460585884,0],[106.54240921318201,-5.551865885644418,0],[106.54319443506341,-5.551604145024752,0],[106.54479236098577,-5.551623137424924,0],[106.54568570499312,-5.551952939576342,0],[106.54529071486436,-5.553318750958506,0],[106.54463874188565,-5.553856509209823,0],[106.5446815726601,-5.554051624036439,0],[106.54448169840767,-5.554032589412387,0],[106.54412477888069,-5.554280052977185,0],[106.5434561673063,-5.555036898996579,0],[106.54264953857164,-5.555351399002047,0],[106.54131624824717,-5.555469183336644,0],[106.5405560094121,-5.554905250857961,0]]],[[[106.52053972040358,-5.548771401932102,0],[106.52085548002259,-5.548923861199112,0],[106.5210125252972,-5.549323609684651,0],[106.52088052056112,-5.549958557990021,0],[106.5205142127411,-5.550711820143371,0],[106.51983623622988,-5.551369860068176,0],[106.51948491141044,-5.551446089816308,0],[106.51818881223707,-5.551060444216249,0],[106.51805080405995,-5.550808220599256,0],[106.51823164301149,-5.550156249233887,0],[106.51929455391017,-5.54923794957516,0],[106.52053972040358,-5.548771401932102,0]]],[[[106.5297539450887,-5.549172460131296,0],[106.53003777768417,-5.549670390337386,0],[106.5300075224254,-5.550089796814762,0],[106.52928654535815,-5.550558550379227,0],[106.52745062697099,-5.550720353730588,0],[106.52676193715163,-5.550553791694721,0],[106.52644784839909,-5.550234944441614,0],[106.52643832985035,-5.550025551368372,0],[106.52728541870539,-5.549359302143285,0],[106.52947860516592,-5.549089800849611,0],[106.5297539450887,-5.549172460131296,0]]],[[[106.53266980104247,-5.535905353961992,0],[106.53341338331552,-5.535703099798488,0],[106.53456742201156,-5.534989261384569,0],[106.53581069036477,-5.534560958277085,0],[106.53634606920615,-5.534685880086772,0],[106.5363613908716,-5.535373173235738,0],[106.53619006957052,-5.535653949171965,0],[106.53589025684445,-5.536029903744486,0],[106.5349392131481,-5.536726268258802,0],[106.53384392067838,-5.537276742146231,0],[106.5307900269031,-5.537987382433855,0],[106.52978940608452,-5.537596220255839,0],[106.53051638928777,-5.537279492831176,0],[106.53077218097167,-5.536886881927405,0],[106.53155145510759,-5.536452629688136,0],[106.53208683305063,-5.536321760430878,0],[106.53266980104247,-5.535905353961992,0]]],[[[106.53931920533567,-5.531172982590485,0],[106.53967408928024,-5.530369690818402,0],[106.54052559155829,-5.529202788656544,0],[106.54075387592985,-5.529123122096003,0],[106.5409503258044,-5.528830238389834,0],[106.54125356290834,-5.528766203025929,0],[106.54099182168233,-5.52842356033345,0],[106.54111079455853,-5.528337899853962,0],[106.54135114330438,-5.52865283911807,0],[106.54336156213046,-5.528026553649233,0],[106.5441947208104,-5.528310490694134,0],[106.54437675002968,-5.528888700289247,0],[106.5442089977352,-5.529402664293413,0],[106.54229576584308,-5.530408030742751,0],[106.54023991202658,-5.531788117825869,0],[106.53955938609657,-5.531968957233028,0],[106.53929987179416,-5.531716095282738,0],[106.53931920533567,-5.531172982590485,0]]],[[[106.52625053434522,-5.521212991718603,0],[106.52662793366409,-5.52194173579928,0],[106.52652655069943,-5.522602597638293,0],[106.52626956964613,-5.522935722323028,0],[106.52550814233994,-5.523259329003645,0],[106.52431841088269,-5.522754882820522,0],[106.52407094837812,-5.52218381318274,0],[106.52425178732965,-5.521850688069725,0],[106.52542248079106,-5.521032152583593,0],[106.52595548089354,-5.521051189184738,0],[106.52625053434522,-5.521212991718603,0]]],[[[106.52090436005213,-5.51613188005379,0],[106.52066641519802,-5.516905204635073,0],[106.52051730743727,-5.516918491374516,0],[106.52048795498534,-5.516441210008883,0],[106.52090436005213,-5.51613188005379,0]]],[[[106.5264408909472,-5.512612430647089,0],[106.52779718263453,-5.512445867641278,0],[106.52839733988932,-5.512729766340991,0],[106.5290609298813,-5.513366797735858,0],[106.52895836024214,-5.514104353045507,0],[106.52872993214012,-5.514318503580687,0],[106.52814458540944,-5.514525516920475,0],[106.52744502328022,-5.514554070789211,0],[106.52680970686353,-5.514375611337015,0],[106.52610300672109,-5.513875923681385,0],[106.52579605688007,-5.513533282168565,0],[106.52580319489333,-5.513333407410133,0],[106.52602448498209,-5.512886068675158,0],[106.5264408909472,-5.512612430647089,0]]],[[[106.53323663080022,-5.512612430647089,0],[106.5335487351743,-5.512571920239962,0],[106.53578957187077,-5.51135166679224,0],[106.5375940770708,-5.511078830066642,0],[106.53828925092982,-5.51124242572148,0],[106.53850107008054,-5.511608292899997,0],[106.53856082601324,-5.512222046305424,0],[106.53812642409807,-5.512969349671337,0],[106.536710644176,-5.513921133573,0],[106.53535435159034,-5.514206669792146,0],[106.53279643115819,-5.515789011228746,0],[106.53242761524186,-5.515777114258729,0],[106.5323701006058,-5.515291141235541,0],[106.53320819193493,-5.514013191580705,0],[106.5333675018624,-5.512838478757615,0],[106.53323663080022,-5.512612430647089,0]]],[[[106.53451047690739,-5.501999304079168,0],[106.53486263716003,-5.502265802591819,0],[106.53504347611155,-5.502893980714927,0],[106.53481127598366,-5.503362749634091,0],[106.53431104462612,-5.503592230863082,0],[106.53255283590089,-5.503480493144336,0],[106.53169428005124,-5.502838900769923,0],[106.5316830169742,-5.50195035405534,0],[106.53209615666495,-5.501522250907073,0],[106.5330066566976,-5.501399678607836,0],[106.53451047690739,-5.501999304079168,0]]],[[[106.39274905590605,-5.48091810586891,0],[106.39205235041945,-5.481003766070169,0],[106.39177252520847,-5.480581173882829,0],[106.3908245483605,-5.479941574733838,0],[106.39042479805906,-5.479410479248005,0],[106.3905904087699,-5.478713773013143,0],[106.39151200030133,-5.477677999773062,0],[106.39209803514157,-5.477485971435953,0],[106.39449653156025,-5.477417443047037,0],[106.39517201434826,-5.477705342883485,0],[106.39533029480639,-5.478022777623712,0],[106.39524591874668,-5.478404380885449,0],[106.39419799983177,-5.479587999628445,0],[106.39358994728396,-5.479865206050546,0],[106.39378935620904,-5.48031086678245,0],[106.39366086478404,-5.48031086678245,0],[106.39340388373074,-5.479877804989082,0],[106.39313738412866,-5.480106234068264,0],[106.39338900044311,-5.480494999617141,0],[106.39273152079171,-5.480795359141982,0],[106.39274905590605,-5.48091810586891,0]]],[[[106.52722744772515,-5.476049268094494,0],[106.52744477893847,-5.476055193126689,0],[106.52688242638409,-5.476548954602594,0],[106.52597823072811,-5.478166988014971,0],[106.52472901373109,-5.479422153709294,0],[106.52430071137667,-5.479600613876022,0],[106.52318236364518,-5.479618459979722,0],[106.52255775604498,-5.479487588839969,0],[106.52239714176373,-5.479303181134991,0],[106.52234360396943,-5.478845134924382,0],[106.52274216400313,-5.478381139944352,0],[106.52363446237146,-5.47773273730316,0],[106.52722744772515,-5.476049268094494,0]]],[[[106.43806190601033,-5.465018087279345,0],[106.43801907523589,-5.464661167976182,0],[106.4385330391392,-5.464447015570673,0],[106.43900417226806,-5.465089470754053,0],[106.4383902707894,-5.465360729139502,0],[106.43806190601033,-5.465018087279345,0]]],[[[106.49127703444637,-5.41860232983969,0],[106.49231527760737,-5.418459985632404,0],[106.49350810555738,-5.418604320346434,0],[106.49427905141232,-5.418946962893381,0],[106.49457886324006,-5.419161113710024,0],[106.49452120038197,-5.419676622744896,0],[106.49390785496048,-5.42120269212839,0],[106.49162138564422,-5.423032713275324,0],[106.49038149405818,-5.422159235068147,0],[106.49006757508718,-5.420855435188802,0],[106.49012082901385,-5.420194822246972,0],[106.49023199463197,-5.419783142113396,0],[106.49095033604216,-5.418778750291215,0],[106.49127703444637,-5.41860232983969,0]]],[[[106.47193591201889,-5.412132186280469,0],[106.47255457187359,-5.412227365218043,0],[106.47330410279045,-5.412846024791365,0],[106.47298287512635,-5.413107764944631,0],[106.4722095496342,-5.414475956338099,0],[106.47151950695206,-5.415273075102503,0],[106.47099602539836,-5.415677583127905,0],[106.47043685198176,-5.415320663872559,0],[106.47017511075575,-5.414392674069552,0],[106.47022270080454,-5.413702630957661,0],[106.47053203028277,-5.412893613755011,0],[106.47138863588992,-5.412322543240171,0],[106.47193591201889,-5.412132186280469,0]]],[[[106.46152858270264,-5.205472952441804,0],[106.46168995426368,-5.205587431828381,0],[106.46126130965114,-5.206137527158814,0],[106.46121249070701,-5.206675721628678,0],[106.46091386824868,-5.207300330595178,0],[106.4608781763858,-5.208323498733356,0],[106.46074730622196,-5.207996323011622,0],[106.46083653587912,-5.206848232885226,0],[106.46112802032421,-5.206586493140204,0],[106.46109827710514,-5.206360443616053,0],[106.46096145829749,-5.206187933124503,0],[106.46036659211973,-5.206431827874821,0],[106.46040228398256,-5.206842285402092,0],[106.46062833334574,-5.207038590140261,0],[106.46054505233236,-5.207996323011622,0],[106.4603606443742,-5.2083770367588,0],[106.46047366770831,-5.20735981708772,0],[106.45960516481354,-5.206473468388437,0],[106.45934937312963,-5.205878603257092,0],[106.45925419393032,-5.204903023711718,0],[106.45952188380016,-5.203790626447374,0],[106.46076875799095,-5.202955982038603,0],[106.4611933718628,-5.202943338604339,0],[106.46131821163617,-5.202742054087691,0],[106.46182695183609,-5.202898798842741,0],[106.46241307021961,-5.202455966844317,0],[106.46311612230367,-5.202448421664674,0],[106.46312709432655,-5.203139847209074,0],[106.46285810459452,-5.20293229822659,0],[106.4620013660367,-5.204011048206715,0],[106.46161580911674,-5.204986304941305,0],[106.46173107464581,-5.20510157063316,0],[106.46152858270264,-5.205472952441804,0]]],[[[106.55680993572014,-5.823208215875683,0],[106.5559167282567,-5.82353645057045,0],[106.55577990944906,-5.824244340943719,0],[106.55597026605102,-5.824247315150125,0],[106.55598513676223,-5.824428748909471,0],[106.55546760475065,-5.824515003559744,0],[106.5550958136141,-5.824794591353103,0],[106.55519396713532,-5.824223519698944,0],[106.55553898757806,-5.82428003321913,0],[106.55578288287265,-5.823598911680841,0],[106.55467940764899,-5.823438298025339,0],[106.55448310330154,-5.824479312199116,0],[106.55469725358041,-5.824571517050216,0],[106.55463181939682,-5.824717259358072,0],[106.55403695411735,-5.824143214316951,0],[106.55418269589074,-5.823926088168252,0],[106.55446525737008,-5.823905266911559,0],[106.55461099914348,-5.823429375392949,0],[106.55441171867747,-5.823185481056268,0],[106.54927981593585,-5.820393778312512,0],[106.5484374872535,-5.820215318360733,0],[106.54834111868477,-5.819986890222403,0],[106.55005226107899,-5.819914805192086,0],[106.55582928265372,-5.820111812336101,0],[106.55750323389685,-5.820736419783581,0],[106.5580076792514,-5.820629344965107,0],[106.55762934478633,-5.820938674261251,0],[106.55781970228661,-5.821340803437772,0],[106.55787319786009,-5.822033962268466,0],[106.55747634282883,-5.822681035198777,0],[106.55680993572014,-5.823208215875683,0]]],[[[106.55021191506115,-5.814113512927599,0],[106.55026900838736,-5.81418394514496,0],[106.55001627367037,-5.814379533767945,0],[106.54891098923976,-5.814205904830342,0],[106.55021191506115,-5.814113512927599,0]]],[[[106.55378673019162,-5.771934752898579,0],[106.55303291700577,-5.771360827092019,0],[106.55306718144564,-5.771089568215405,0],[106.55332701824325,-5.771083857661802,0],[106.55312714309254,-5.771226625083282,0],[106.55319281622803,-5.771446488046676,0],[106.55396661692892,-5.77191476464133,0],[106.55431782496736,-5.771577834278551,0],[106.55345265302564,-5.769890320089383,0],[106.55326134510779,-5.769727564891309,0],[106.55299294197562,-5.769773251228695,0],[106.55251324161392,-5.770224395737324,0],[106.55273310427968,-5.770658410008016,0],[106.55293297943041,-5.770704096269368,0],[106.5531014449872,-5.770564182644492,0],[106.55301292859238,-5.770898259689533,0],[106.55244185788816,-5.77050136559295,0],[106.5524704117378,-5.769955992941936,0],[106.5528416081896,-5.769539111634365,0],[106.55323564700245,-5.769476293568045,0],[106.55360113196569,-5.769601928793925,0],[106.55405005424916,-5.769967895425867,0],[106.55413892098694,-5.770468315064883,0],[106.55448629142246,-5.771066726000674,0],[106.55477753691568,-5.771295154404316,0],[106.5547604051449,-5.771472185970648,0],[106.55401515829361,-5.772008991777387,0],[106.55378673019162,-5.771934752898579,0]]],[[[106.56054866105057,-5.769480285658671,0],[106.56134966094166,-5.769482285752713,0],[106.5612956614133,-5.77010628596303,0],[106.56011786317629,-5.771792032443463,0],[106.55980066086293,-5.771965285913875,0],[106.5592999228556,-5.771933312441298,0],[106.55894776260297,-5.77151452699116,0],[106.55895252187733,-5.771195679054061,0],[106.55920741973752,-5.770963776771402,0],[106.55946566112718,-5.770304286022774,0],[106.56054866105057,-5.769480285658671,0]]],[[[106.56595774166809,-5.711001858019549,0],[106.56532480488856,-5.710873367169999,0],[106.56539143023824,-5.7106877691247,0],[106.5656626891147,-5.710640180264737,0],[106.56603864394255,-5.710678250813145,0],[106.56613382224354,-5.710821019171044,0],[106.56595774166809,-5.711001858019549,0]]],[[[106.561572149383,-5.686129599752897,0],[106.56242068093242,-5.684997209716565,0],[106.56283960667189,-5.684769534621091,0],[106.5627926750882,-5.685190294928224,0],[106.56176950655599,-5.686142079917541,0],[106.561572149383,-5.686129599752897,0]]],[[[106.56095944356203,-5.669116909902363,0],[106.56034259381259,-5.66949466270207,0],[106.55979531768362,-5.669518458407796,0],[106.5595097827807,-5.669280511204478,0],[106.55960173433319,-5.66899634477807,0],[106.55992823959957,-5.668850740250782,0],[106.56081651800703,-5.668951318901662,0],[106.56095944356203,-5.669116909902363,0]]],[[[106.56757172677274,-5.650211852432027,0],[106.56804856779691,-5.650195652122409,0],[106.56780015577309,-5.650316547889231,0],[106.56749320503374,-5.650235647142137,0],[106.5672134939088,-5.649678158988758,0],[106.56696978187054,-5.649610528344396,0],[106.56501267625995,-5.649414221966592,0],[106.56453664910941,-5.64970468317238,0],[106.5641739156859,-5.649360684915402,0],[106.5640787373849,-5.648795562792144,0],[106.56449514335002,-5.648646845687996,0],[106.56475093503393,-5.648718230010797,0],[106.56476878096537,-5.649039457103401,0],[106.56509000773119,-5.649164379351697,0],[106.5664760444342,-5.649408274405499,0],[106.56713634479556,-5.649313095421308,0],[106.5674159310547,-5.648991867582565,0],[106.56805243684084,-5.648658744425635,0],[106.56810597463516,-5.648777717389637,0],[106.56856402110694,-5.64881935666131,0],[106.5685461751755,-5.649003765413122,0],[106.56865325076411,-5.649003765413122,0],[106.56891499199014,-5.648652795056848,0],[106.56944442218767,-5.648629000280814,0],[106.56954554913246,-5.649402325044513,0],[106.5692124241807,-5.649586732708329,0],[106.56865920030623,-5.649562938871137,0],[106.56847479234807,-5.649913908668609,0],[106.56815108084218,-5.649723171987293,0],[106.56767880325967,-5.64973358043842,0],[106.56757172677274,-5.650211852432027,0]]],[[[106.55795559133797,-5.646581078174081,0],[106.55760937883082,-5.646456156261297,0],[106.55414271367405,-5.647443146979091,0],[106.554038050062,-5.647058433984359,0],[106.55324663788997,-5.64726398336837,0],[106.55311338808892,-5.646716707339931,0],[106.55385458713153,-5.646493827941301,0],[106.55377011944368,-5.646126599824307,0],[106.5586957519281,-5.644684554986596,0],[106.55856825583645,-5.644250442268731,0],[106.55963015074053,-5.643912339753173,0],[106.55949629188174,-5.643427102449085,0],[106.56070981701592,-5.643084460208144,0],[106.5608525853657,-5.643565110871537,0],[106.56198278187581,-5.643215376379073,0],[106.56214701187604,-5.643693601627998,0],[106.56225170782746,-5.643693601627998,0],[106.56698401298127,-5.642351234964955,0],[106.56709822658313,-5.642750985338203,0],[106.56782158328755,-5.642522556330567,0],[106.56799096782089,-5.643065424022119,0],[106.56756266456816,-5.643189156070231,0],[106.56730762028259,-5.643702769188904,0],[106.55878914886986,-5.646148854935156,0],[106.55795559133797,-5.646581078174081,0]]],[[[106.55569819509753,-5.642472334874054,0],[106.55528209186468,-5.641669285932515,0],[106.55531774330336,-5.641353520883059,0],[106.55553805872006,-5.64131711506779,0],[106.55575721261508,-5.641505636222431,0],[106.55598718222613,-5.642319462950742,0],[106.55569819509753,-5.642472334874054,0]]],[[[106.54431251240203,-5.624961100195896,0],[106.54378245068885,-5.624615916235995,0],[106.54362064703818,-5.624092435071922,0],[106.54399176982815,-5.62372572537557,0],[106.54480450171683,-5.623550240581761,0],[106.54664732186036,-5.623849729785747,0],[106.54758958811807,-5.623783104946074,0],[106.5481031908986,-5.624203192920437,0],[106.54811306967179,-5.62453025468368,0],[106.54761702356515,-5.624858945182854,0],[106.54478831856699,-5.625007301279706,0],[106.54431251240203,-5.624961100195896,0]]],[[[106.56149515837328,-5.620711220856793,0],[106.56113823884628,-5.620711220856793,0],[106.56076704329278,-5.620311471318759,0],[106.56080630416227,-5.62014728813505,0],[106.56116679269589,-5.619829630309462,0],[106.56159866495527,-5.619851044974043,0],[106.56175570933154,-5.620443531143332,0],[106.56149515837328,-5.620711220856793,0]]],[[[106.55360216233335,-5.614448803142308,0],[106.5542891929643,-5.61423906071961,0],[106.55540849740159,-5.614642405372508,0],[106.5564019218164,-5.615891622375874,0],[106.55656253609764,-5.616593563385013,0],[106.55620561567231,-5.617140839365415,0],[106.55545013790824,-5.617610783246951,0],[106.5538796932471,-5.618318671840828,0],[106.55302308674162,-5.618449543266853,0],[106.55161487961738,-5.619032672133092,0],[106.5511552098899,-5.619520299688125,0],[106.55068137373034,-5.620552119882806,0],[106.54922514356933,-5.620837655818746,0],[106.54913353427499,-5.620459321010556,0],[106.55022382402689,-5.618716284444339,0],[106.55056121058637,-5.616818745728008,0],[106.55130836186603,-5.616418997082665,0],[106.55175570041965,-5.615905032844634,0],[106.55360216233335,-5.614448803142308,0]]],[[[106.56778582315273,-5.606928515659996,0],[106.5677744019722,-5.607362529705465,0],[106.56753455179134,-5.607743242784873,0],[106.56710053884666,-5.607960250441486,0],[106.56693302460575,-5.607587151370733,0],[106.56695586696678,-5.607092222924314,0],[106.56798760183354,-5.606186123781929,0],[106.56819699373636,-5.606460237928333,0],[106.56778582315273,-5.606928515659996,0]]],[[[106.54986705721346,-5.598846511891898,0],[106.54895334390707,-5.59894644942869,0],[106.54861070220322,-5.598694225959632,0],[106.54861070220322,-5.59840393244933,0],[106.5488581656061,-5.598275440563685,0],[106.5497433259612,-5.598237369721685,0],[106.54990304372376,-5.598463325140566,0],[106.54986705721346,-5.598846511891898,0]]],[[[106.55253919214583,-5.598675191002789,0],[106.55233217898189,-5.598286148746896,0],[106.55257131500207,-5.5979149532123,0],[106.55278189717266,-5.597882830441331,0],[106.55288897276125,-5.598332548171947,0],[106.55276762024786,-5.598582392204109,0],[106.55253919214583,-5.598675191002789,0]]],[[[106.55684096442837,-5.595717700976572,0],[106.55663543438294,-5.595540251038972,0],[106.55737366898512,-5.595157518393745,0],[106.55765265427132,-5.594749079578255,0],[106.55846167072798,-5.594404058403922,0],[106.5593501943755,-5.593310636335549,0],[106.56051395643621,-5.592542130309631,0],[106.5619118886302,-5.593154840716871,0],[106.56192378591783,-5.593470120137174,0],[106.56223311629432,-5.593755655099462,0],[106.56187024902185,-5.59369022018516,0],[106.56127698543854,-5.594398581875679,0],[106.55980071925345,-5.595324080210367,0],[106.55713572233434,-5.596061713363374,0],[106.55686148284778,-5.595998297415321,0],[106.55684096442837,-5.595717700976572,0]]],[[[106.55866532958271,-5.590619158400663,0],[106.55839763971287,-5.59090469297249,0],[106.55820847337864,-5.591008200423697,0],[106.55768737056378,-5.590808325284045,0],[106.55730189898378,-5.590426421112379,0],[106.55771949431836,-5.590180146594856,0],[106.5577373402498,-5.590044517588233,0],[106.55858680694539,-5.590094487120702,0],[106.55866532958271,-5.590619158400663,0]]],[[[106.55115313298494,-5.589726621763347,0],[106.5514136839432,-5.589919358385104,0],[106.55461168006644,-5.588930692068534,0],[106.55525770440136,-5.589030630421809,0],[106.55564317598134,-5.589373271573154,0],[106.55557893116716,-5.58974803664671,0],[106.5553183802089,-5.589912220392864,0],[106.55405131728044,-5.590201323858459,0],[106.55338077432819,-5.590505830862956,0],[106.55128684901162,-5.590877025761647,0],[106.5510103664318,-5.590665319039157,0],[106.55111744112206,-5.59025843136545,0],[106.55089972093823,-5.589851544305158,0],[106.55115313298494,-5.589726621763347,0]]],[[[106.54492301196068,-5.586514886080616,0],[106.54789684069131,-5.586818801916742,0],[106.54823591428689,-5.58718464408938,0],[106.54822104267734,-5.587598075238267,0],[106.54760284814996,-5.588279546576604,0],[106.5473257699871,-5.588481450322296,0],[106.54645094205442,-5.588684884020531,0],[106.5458325292364,-5.588536529368208,0],[106.54456903531455,-5.587708477397309,0],[106.54428898282978,-5.58737202556613,0],[106.5441997531726,-5.586982389784345,0],[106.54439010977457,-5.586696854174412,0],[106.54492301196068,-5.586514886080616,0]]],[[[106.55196805676293,-5.583885188141516,0],[106.5522571615708,-5.584106477167512,0],[106.55157187726473,-5.584716808766629,0],[106.55123280366917,-5.584434843317867,0],[106.55196805676293,-5.583885188141516,0]]],[[[106.5483274984284,-5.57873091490158,0],[106.54926269494483,-5.57801301799507,0],[106.55031917570274,-5.577499053747707,0],[106.55098542470792,-5.577378176878105,0],[106.55119957588514,-5.57820147077812,0],[106.55106632698241,-5.57838231014964,0],[106.55102825458403,-5.579010488153907,0],[106.55031441732667,-5.579648183268578,0],[106.55031441732667,-5.580362021727762,0],[106.55005743537501,-5.581104412611297,0],[106.55002911957894,-5.582486879593064,0],[106.54971503082639,-5.583029397120927,0],[106.54897263882106,-5.583724199559149,0],[106.54765917611155,-5.583324451373377,0],[106.54709262662817,-5.581824913953596,0],[106.54707834970334,-5.580896924330759,0],[106.54720684112833,-5.580440068420576,0],[106.54774935798291,-5.579754783429062,0],[106.5483274984284,-5.57873091490158,0]]],[[[106.55715457437891,-5.570990118435057,0],[106.55792552023382,-5.571066261004002,0],[106.55923898204503,-5.571418419917798,0],[106.55968632059864,-5.571675402995655,0],[106.5598112960176,-5.572143141894276,0],[106.55946389503936,-5.572580963133378,0],[106.55904862544307,-5.572798507820813,0],[106.55678838064487,-5.572606194814748,0],[106.55586110816759,-5.572353720444679,0],[106.55556509441683,-5.572122740703709,0],[106.55554605911597,-5.571722991708646,0],[106.55584111166937,-5.571285170721525,0],[106.55715457437891,-5.570990118435057,0]]],[[[106.55083121002477,-5.569127176246777,0],[106.55128330785276,-5.569227112618782,0],[106.55159263822927,-5.569631620963023,0],[106.55149745902999,-5.570040889350091,0],[106.55106439829947,-5.570640512679129,0],[106.55015544336914,-5.571064056803728,0],[106.54964619831605,-5.570920544356627,0],[106.54947391222433,-5.57069910988495,0],[106.54942732828864,-5.570307388283982,0],[106.54964623874022,-5.569650656875829,0],[106.55007930126735,-5.569284220395098,0],[106.55083121002477,-5.569127176246777,0]]],[[[106.56646714392636,-5.566800062928957,0],[106.56613877914727,-5.56699993735768,0],[106.56609594837286,-5.56726643678889,0],[106.56570571662017,-5.567366374381533,0],[106.56536307401798,-5.567114152443232,0],[106.5655581898943,-5.566652536113575,0],[106.565529636943,-5.566295616650231,0],[106.56580565419551,-5.566100501436155,0],[106.56631010044838,-5.566443143556368,0],[106.56646714392636,-5.566800062928957,0]]],[[[106.55341295377829,-5.500101518207884,0],[106.55449711791829,-5.500053821035315,0],[106.55471966475014,-5.500403383574826,0],[106.55490349598989,-5.500454296954564,0],[106.55677649503538,-5.500385548003218,0],[106.55723207742835,-5.500900688312924,0],[106.55718004071888,-5.501411230212579,0],[106.55650995680573,-5.502072380750267,0],[106.55597482320447,-5.502054403906234,0],[106.55446845896579,-5.502876833830824,0],[106.55423254699915,-5.502865758432266,0],[106.55407931327629,-5.503075615775928,0],[106.55285612137133,-5.502174432252657,0],[106.54950584014617,-5.502539917124654,0],[106.5480895850153,-5.502981545124801,0],[106.54439084998639,-5.504963633581729,0],[106.54295771012144,-5.505177768553155,0],[106.5426682208346,-5.504946027685181,0],[106.54272545429801,-5.504480943418812,0],[106.5441593451545,-5.502708538878472,0],[106.54654968037885,-5.500399332899997,0],[106.54674268970585,-5.500115082574472,0],[106.54664563572257,-5.499677425684975,0],[106.54674537117698,-5.499569915231488,0],[106.5473908735907,-5.499953219307036,0],[106.5478462170318,-5.499473986106203,0],[106.5489721932567,-5.499288986964332,0],[106.55073688781826,-5.499488661274056,0],[106.55103609507982,-5.499718674206302,0],[106.55081756731053,-5.500199002690346,0],[106.55090628672464,-5.50026409975427,0],[106.55182739855574,-5.500483081946801,0],[106.55239064673046,-5.500418095625592,0],[106.5528613621427,-5.500770216172862,0],[106.5530887661653,-5.500640757572244,0],[106.55341295377829,-5.500101518207884,0]]],[[[106.54616605393845,-5.463076684274712,0],[106.54608342330538,-5.463488386595158,0],[106.54563148268255,-5.46381145976703,0],[106.54488114507856,-5.463719139146991,0],[106.54464488187061,-5.463524486669516,0],[106.54496836161118,-5.462850845703987,0],[106.545669982679,-5.462553462137502,0],[106.54595142575585,-5.462677773617668,0],[106.54616605393845,-5.463076684274712,0]]],[[[106.55727149640131,-5.464084482241477,0],[106.556973090437,-5.464407754933034,0],[106.5563306351087,-5.464966927781878,0],[106.5551409054481,-5.465585588230515,0],[106.55363505504576,-5.465335344300234,0],[106.55295240190517,-5.464667543224942,0],[106.55287775280338,-5.464358900807861,0],[106.5532144620331,-5.463163675770485,0],[106.55318345308783,-5.46263752263412,0],[106.5535182192616,-5.461994579573714,0],[106.55341125955567,-5.461726825957946,0],[106.5538013826122,-5.461274153867587,0],[106.55412813311871,-5.461180795809676,0],[106.55461239602373,-5.461478121552823,0],[106.55494714063794,-5.461339130102188,0],[106.55502665232041,-5.461058675126118,0],[106.55545736126147,-5.461245558704794,0],[106.55607934308608,-5.461207196264037,0],[106.55625697684866,-5.460784852767853,0],[106.55641907514674,-5.460770091116315,0],[106.55686354897294,-5.46096512168856,0],[106.55715826375975,-5.460879180414835,0],[106.55755928068577,-5.461246785690726,0],[106.55830902989324,-5.461479040666639,0],[106.55828179297382,-5.461766553081842,0],[106.55777020870774,-5.462123472332113,0],[106.55727149640131,-5.464084482241477,0]]],[[[106.56483958797268,-5.452462860627588,0],[106.56448742772005,-5.452872128028251,0],[106.56427803491889,-5.452843574770016,0],[106.56428755256934,-5.452586592683183,0],[106.56457308837061,-5.45239623601011,0],[106.56480151737092,-5.45235816466815,0],[106.56483958797268,-5.452462860627588,0]]],[[[106.59624239331332,-5.938118109763251,0],[106.59710981912808,-5.938861464366028,0],[106.5973720840719,-5.939405095062646,0],[106.59795005743075,-5.938855946233218,0],[106.59831173533384,-5.938732214121035,0],[106.59751223562927,-5.939436534445507,0],[106.59732444461575,-5.939903901155702,0],[106.59716998469256,-5.939794043292281,0],[106.59701956898472,-5.939057005009075,0],[106.59617222590649,-5.938309938635099,0],[106.59531361436127,-5.938732214121035,0],[106.59546590036152,-5.939074856409188,0],[106.5956231800964,-5.939043399915819,0],[106.5964730582204,-5.940019666579476,0],[106.59668865388858,-5.939342794638044,0],[106.5967889310271,-5.939392933595786,0],[106.59675884824487,-5.940300443074324,0],[106.5952660252108,-5.940730961354676,0],[106.59503759710879,-5.940578675784323,0],[106.59439990105487,-5.938913053283255,0],[106.59365750994787,-5.939017749376151,0],[106.5932463312794,-5.93887858092096,0],[106.59163663473188,-5.935514289651137,0],[106.59069745957709,-5.935972039152542,0],[106.59068794192666,-5.935686504096854,0],[106.59153948642549,-5.935257153814485,0],[106.59150393290317,-5.934972336150695,0],[106.59197299900858,-5.934714791703899,0],[106.59336351111831,-5.934897199956974,0],[106.59500837042101,-5.935727942051351,0],[106.59580430381386,-5.936457694763864,0],[106.59679897239535,-5.936705592633094,0],[106.59760655064926,-5.9374542082716,0],[106.59744618969293,-5.938072109968112,0],[106.59684174208438,-5.93825713719913,0],[106.59624239331332,-5.938118109763251,0]]],[[[106.58780883694946,-5.930842595041304,0],[106.58815976112025,-5.932152813575576,0],[106.58892664030189,-5.932596483036775,0],[106.58940303306676,-5.932387619041114,0],[106.5896600150184,-5.932507544276106,0],[106.58880912000149,-5.933472653178029,0],[106.58882625177226,-5.933638264436451,0],[106.58775019672434,-5.934034031093312,0],[106.5878268778153,-5.93447773679778,0],[106.58818094159803,-5.934689033924532,0],[106.58819236367688,-5.934831801283195,0],[106.58774692775503,-5.935048808028311,0],[106.5875813179425,-5.934848933255779,0],[106.5876047747512,-5.933956400569484,0],[106.58730014795353,-5.934009641359077,0],[106.58699292322802,-5.93370629867056,0],[106.58675116412721,-5.931738810738962,0],[106.5855584601447,-5.930019651052311,0],[106.5853417469723,-5.930034215201711,0],[106.58474349414588,-5.92933853017855,0],[106.58421703827025,-5.929442631767637,0],[106.58389878492802,-5.929249300357702,0],[106.58349130282694,-5.929671654833813,0],[106.5838933923414,-5.929170086988677,0],[106.58335745834121,-5.928583051226066,0],[106.58280720789033,-5.928312387705116,0],[106.58265551657483,-5.928913200904728,0],[106.58315223012968,-5.929466426259606,0],[106.58232536684328,-5.928710946585094,0],[106.58285063334948,-5.927861181696797,0],[106.58229026966514,-5.927111651592084,0],[106.58246159096622,-5.92693676210527,0],[106.58240091515867,-5.926754732560362,0],[106.5818726743306,-5.926247908212857,0],[106.5819012281802,-5.926126555036216,0],[106.58219747100135,-5.92591954237153,0],[106.58335032481953,-5.925821964883993,0],[106.58391932670366,-5.925445366330401,0],[106.58490577659862,-5.926078292054715,0],[106.58505421241954,-5.926431046975735,0],[106.58607262077902,-5.927211509905548,0],[106.58625921074503,-5.927736973963292,0],[106.58601531634874,-5.928183123260956,0],[106.58621459591642,-5.92841512139893,0],[106.58658341183273,-5.928156354169507,0],[106.58687787059971,-5.928492453190152,0],[106.58663397620346,-5.928641170356477,0],[106.58665479555849,-5.928840449262883,0],[106.58722673403527,-5.929501980377167,0],[106.58780883694946,-5.930842595041304,0]]],[[[106.58367833566236,-5.8622477044128,0],[106.58405265196316,-5.862375492023387,0],[106.58411068133391,-5.862549666273877,0],[106.58362122886145,-5.86269028357282,0],[106.58220068966502,-5.862583207886143,0],[106.58179380314694,-5.862233427224509,0],[106.58181610562052,-5.86207768341557,0],[106.5821725122095,-5.861992078726318,0],[106.58280485340596,-5.862214815873141,0],[106.58367833566236,-5.8622477044128,0]]],[[[106.58349404538352,-5.761882108838172,0],[106.5835891473277,-5.760534186573324,0],[106.58409366903904,-5.760444915084489,0],[106.58392234773792,-5.761111163700891,0],[106.58400959840655,-5.762022579771613,0],[106.58437544000094,-5.762447908023638,0],[106.58400662408462,-5.762888108622517,0],[106.58373893421484,-5.763619793098577,0],[106.58360211540713,-5.765074238316118,0],[106.58331021504209,-5.765243795058402,0],[106.58344447634614,-5.765401414078941,0],[106.58303718917946,-5.76548937206638,0],[106.58235051877294,-5.764920167757406,0],[106.58197408783796,-5.764056780718667,0],[106.58197789489812,-5.763742691739912,0],[106.58231447027887,-5.763271478764691,0],[106.58254587270282,-5.762514216064774,0],[106.58349404538352,-5.761882108838172,0]]],[[[106.58272570733787,-5.760100303017123,0],[106.58289911901862,-5.760009034030531,0],[106.58286261058716,-5.761286804788694,0],[106.58207769503124,-5.762354656394879,0],[106.58205944126468,-5.762938780066114,0],[106.58151182467421,-5.764499484916853,0],[106.58144793738953,-5.764170914936192,0],[106.58194991776692,-5.761633627687568,0],[106.58219634541229,-5.76141458233412,0],[106.58231499489501,-5.761031251409929,0],[106.58264356538828,-5.760666173281487,0],[106.58272570733787,-5.760100303017123,0]]],[[[106.58718598016573,-5.75815819287681,0],[106.58671606335578,-5.759441446392085,0],[106.58637772637876,-5.759589600845429,0],[106.58683965626751,-5.758535253643153,0],[106.58718598016573,-5.75815819287681,0]]],[[[106.58362718379347,-5.75993482505186,0],[106.58364928055283,-5.758336915617833,0],[106.58395945265075,-5.757588455669862,0],[106.58413730829724,-5.75768168559784,0],[106.58387032270659,-5.758432691700222,0],[106.58412701809566,-5.75884771430349,0],[106.58410206110042,-5.759479115954231,0],[106.58421614803984,-5.759628097261658,0],[106.58514309802193,-5.759645833900183,0],[106.58589866561752,-5.759461683423762,0],[106.58563865993662,-5.759699041113082,0],[106.58436945093295,-5.759734512585566,0],[106.58412345088566,-5.759929609243034,0],[106.58362718379347,-5.75993482505186,0]]],[[[106.58285258988016,-5.757713042657969,0],[106.58329110877433,-5.757517946129008,0],[106.58305580586541,-5.758447315258313,0],[106.58295241426778,-5.758433126277124,0],[106.58285258988016,-5.757713042657969,0]]],[[[106.57118493679673,-5.730233243071637,0],[106.57028106363596,-5.730220763879667,0],[106.57071929866247,-5.729812549553678,0],[106.57161233364936,-5.729362383945024,0],[106.5719764271222,-5.729379940680447,0],[106.57201983461505,-5.729710344986015,0],[106.57118493679673,-5.730233243071637,0]]],[[[106.57634944478994,-5.709040289898381,0],[106.57605144755904,-5.708699719875519,0],[106.57599321067751,-5.708084375366851,0],[106.57606866826302,-5.707722068567532,0],[106.57631771809073,-5.70779821095443,0],[106.57645527621186,-5.708471113982907,0],[106.57634944478994,-5.709040289898381,0]]],[[[106.58798028401469,-5.678636108998734,0],[106.58855811004985,-5.678713263147191,0],[106.58878153633236,-5.678958669943683,0],[106.58843048280416,-5.679344571743663,0],[106.58779613027978,-5.679496804735439,0],[106.58735338571054,-5.67942296311876,0],[106.58722013590948,-5.679684704061573,0],[106.58668237832927,-5.67925164203634,0],[106.58643015475369,-5.679242124096923,0],[106.58696077521897,-5.678936363920563,0],[106.58798028401469,-5.678636108998734,0]]],[[[106.58414447685321,-5.668940088303777,0],[106.58454422715465,-5.668982917555491,0],[106.58494215567266,-5.669257903339855,0],[106.5849011457833,-5.669625372142348,0],[106.58423463896163,-5.670082851797474,0],[106.58183359312414,-5.670534209166563,0],[106.57922613240068,-5.671359998966557,0],[106.5788566175951,-5.671216345992183,0],[106.57877715442166,-5.67102341711545,0],[106.57954503971642,-5.669849672427188,0],[106.58014897528531,-5.66935142590484,0],[106.58128912423044,-5.669082854563292,0],[106.58414447685321,-5.668940088303777,0]]],[[[106.56764370787816,-5.667607657282863,0],[106.56751645073838,-5.667467152977115,0],[106.56800930782573,-5.66682517559835,0],[106.5686466957575,-5.666759263078216,0],[106.56880682584678,-5.667168456015073,0],[106.5685098769498,-5.667496896140173,0],[106.56764370787816,-5.667607657282863,0]]],[[[106.56661145288685,-5.662125612258178,0],[106.56720145199243,-5.661932473327136,0],[106.56716872277335,-5.661744898406343,0],[106.56870299856624,-5.660621792727728,0],[106.56916958711805,-5.660438548599857,0],[106.56987390762332,-5.660457585107006,0],[106.57033076472567,-5.660790708580766,0],[106.57039054491288,-5.661043489682282,0],[106.56837264401882,-5.662661288239129,0],[106.56641891697201,-5.663810773945901,0],[106.56599109341963,-5.663995258846001,0],[106.56588255717038,-5.663756343748275,0],[106.56528650162316,-5.663661166256252,0],[106.56559434708451,-5.662953161843338,0],[106.5664846682609,-5.662358813686565,0],[106.56661145288685,-5.662125612258178,0]]],[[[106.57166047526374,-5.654807017244758,0],[106.57208687408807,-5.654746102336368,0],[106.57186606010642,-5.655804487371137,0],[106.57172138912486,-5.655758800820314,0],[106.57166047526374,-5.654807017244758,0]]],[[[106.58001027001555,-5.652534885864107,0],[106.58067651902076,-5.652784728805255,0],[106.58109887273137,-5.653218980828538,0],[106.58093231070464,-5.65346882437042,0],[106.57931179844111,-5.65410857060105,0],[106.57941283824935,-5.656071859089414,0],[106.57918155530135,-5.655269504183095,0],[106.5793214670085,-5.654963982217967,0],[106.57920725340668,-5.654555666038505,0],[106.57871363993783,-5.654557914914498,0],[106.57871327701847,-5.655269504183095,0],[106.57897025807176,-5.655332322343468,0],[106.57910160524104,-5.656311707909474,0],[106.57893885027451,-5.655580737705558,0],[106.57864474813869,-5.655386574262775,0],[106.57856940643582,-5.654346516934678,0],[106.57836001363466,-5.654317963667827,0],[106.57836001363466,-5.654206202843484,0],[106.57766584858368,-5.654307867569265,0],[106.57557905139889,-5.653364269877089,0],[106.57431127430978,-5.653139649040027,0],[106.57385528228502,-5.653326283680602,0],[106.57414081718798,-5.655996039138529,0],[106.57389335288678,-5.656395788069026,0],[106.57403136196221,-5.656714635990229,0],[106.57327945230647,-5.656738431329345,0],[106.57325565683288,-5.656329163416684,0],[106.57384100536024,-5.656310127671751,0],[106.57407895111267,-5.655943690582909,0],[106.57379888964478,-5.653589282987405,0],[106.57329384511392,-5.653673458038522,0],[106.57322721976426,-5.653207083085777,0],[106.57296072016219,-5.653183289399302,0],[106.57141882935062,-5.653644903838132,0],[106.57146641760279,-5.653925679847313,0],[106.57092182204664,-5.65438329718308,0],[106.5703100001679,-5.654520546135926,0],[106.57034807166795,-5.654668072030089,0],[106.56939152758711,-5.654791804266709,0],[106.5690346089584,-5.655267696265451,0],[106.56922972483478,-5.655467570570701,0],[106.56893467228139,-5.655757864915498,0],[106.56905364515761,-5.655895873960432,0],[106.56892515373265,-5.655986294033801,0],[106.56883949398038,-5.655886355630861,0],[106.56822805478394,-5.656373083403465,0],[106.56814025793965,-5.656220145904742,0],[106.56773066479766,-5.656376524649722,0],[106.56664563019015,-5.657071328397916,0],[106.56545589963122,-5.656785793428318,0],[106.56441845507254,-5.656742962360641,0],[106.56424237539537,-5.656571640757564,0],[106.5643019435802,-5.656299785033744,0],[106.56492765970144,-5.655467570570701,0],[106.56482296285171,-5.655253420105212,0],[106.56525126610444,-5.655086856776701,0],[106.56575162592107,-5.654401621162952,0],[106.56570604001367,-5.654294169127737,0],[106.5661057894168,-5.653980080385604,0],[106.56579645993861,-5.653447080694623,0],[106.56606295864235,-5.652994982673994,0],[106.56637228901887,-5.653699304403164,0],[106.56698298620688,-5.653349157650782,0],[106.56712628186774,-5.653602074334721,0],[106.5673344700281,-5.653510618985035,0],[106.567440369722,-5.653730564635204,0],[106.5675831380718,-5.653663939671909,0],[106.56751221608013,-5.653353234253268,0],[106.56778301322252,-5.653602074334721,0],[106.5679543336253,-5.653430752689194,0],[106.5678027537009,-5.653246930309064,0],[106.56802571824934,-5.653188048136669,0],[106.56808758432464,-5.653368887326752,0],[106.56836835995323,-5.653383162634203,0],[106.56883473470603,-5.653202324348568,0],[106.56923924338352,-5.652907270865016,0],[106.56953830511802,-5.652312417294963,0],[106.56965802808749,-5.652293369717273,0],[106.56966754573794,-5.652426619955754,0],[106.5699197693135,-5.652312405596086,0],[106.57005301911457,-5.652450414573639,0],[106.57076685727024,-5.65238379036097,0],[106.57104079222793,-5.65269041160048,0],[106.57097624917309,-5.652426619955754,0],[106.57115708902293,-5.652312405596086,0],[106.57141407007627,-5.652255298857638,0],[106.57172339955447,-5.652417101568363,0],[106.57215646208155,-5.652231504231627,0],[106.57289333124449,-5.652628546157827,0],[106.57322989584549,-5.652519090581468,0],[106.57317430899403,-5.652810918976934,0],[106.57327956818912,-5.652964378438222,0],[106.57351393056192,-5.6529318249894,0],[106.57350323701677,-5.65305003933731,0],[106.57450543797191,-5.653044469777405,0],[106.57561712200065,-5.653284319868961,0],[106.57605441559275,-5.651844841644894,0],[106.57708948141257,-5.6521958118408,0],[106.5780370450355,-5.652280566641808,0],[106.57816029029922,-5.651328878960983,0],[106.57754638882056,-5.651043343820316,0],[106.5776225318207,-5.649848853616783,0],[106.57764632639592,-5.651029066654575,0],[106.57823643329932,-5.651176594350309,0],[106.57821263782579,-5.651490681934055,0],[106.57883605695484,-5.651600137707395,0],[106.57901213663202,-5.650201014729105,0],[106.5791834579331,-5.650224809439667,0],[106.57894075290626,-5.651909468110177,0],[106.57816504867527,-5.65190470936216,0],[106.57810250886352,-5.65228395301795,0],[106.58001027001555,-5.652534885864107,0]]],[[[106.57912743270379,-5.635765760013182,0],[106.5785254365976,-5.635601649646738,0],[106.5761816233252,-5.636450665175173,0],[106.57562137732015,-5.636309863427011,0],[106.57519783334178,-5.635143927293297,0],[106.5753501184437,-5.63460141026968,0],[106.57601160907282,-5.634292080410511,0],[106.57700852973075,-5.634298894773047,0],[106.57795436589338,-5.634025257377061,0],[106.57781359270184,-5.634352823807903,0],[106.57805549283816,-5.634691506130297,0],[106.57891209934364,-5.634953245985778,0],[106.57951893377597,-5.634744177909917,0],[106.58012807598024,-5.634277802826878,0],[106.58107740838595,-5.634209664595267,0],[106.58165093059257,-5.633982750384435,0],[106.58282115243847,-5.634410736881105,0],[106.58458242711379,-5.63460141026968,0],[106.58551510295752,-5.634965144108117,0],[106.58547346334916,-5.635173347260229,0],[106.58350564173553,-5.635965633933454,0],[106.58232542882703,-5.636108402133741,0],[106.58048849175034,-5.635708725418336,0],[106.57971516715652,-5.635625444064403,0],[106.57912743270379,-5.635765760013182,0]]],[[[106.57339032237883,-5.627309227752629,0],[106.57324720727932,-5.627695057352551,0],[106.57221016786083,-5.628148492881349,0],[106.57143440523933,-5.628018306729114,0],[106.57130410730234,-5.627704871335331,0],[106.57144392288977,-5.627333023414307,0],[106.57273359102406,-5.626923755174976,0],[106.57316189337848,-5.626999897560217,0],[106.57339032237883,-5.627309227752629,0]]],[[[106.58154020694559,-5.620087331603003,0],[106.58210833926054,-5.619683197000782,0],[106.58185263740818,-5.619409655232325,0],[106.58214888022931,-5.619145535077613,0],[106.58231306261882,-5.619216918574662,0],[106.58344108879919,-5.618587581099184,0],[106.58496497198257,-5.618827876698306,0],[106.58538970622868,-5.619159812137704,0],[106.58549321191235,-5.619598822563136,0],[106.58529975522433,-5.62016347489469,0],[106.5837514468484,-5.62092299303511,0],[106.58215886680031,-5.621001045037728,0],[106.58178767124681,-5.62083924155415,0],[106.58144502774631,-5.620420456967286,0],[106.58154020694559,-5.620087331603003,0]]],[[[106.5729408422416,-5.617974127366749,0],[106.57328705295207,-5.61828464587716,0],[106.5720842357361,-5.618873562594676,0],[106.57180940785302,-5.618637996340063,0],[106.5729408422416,-5.617974127366749,0]]],[[[106.57271294234894,-5.612885134255065,0],[106.5728176248256,-5.61247174193343,0],[106.57339821407861,-5.611329601421175,0],[106.57401222694833,-5.611002391750823,0],[106.57549938969782,-5.610704958606535,0],[106.58009174990679,-5.610240964250528,0],[106.5823165462855,-5.610181478275244,0],[106.58296840607649,-5.610458717948782,0],[106.58286846760282,-5.610791841690572,0],[106.58178116744416,-5.611597256678279,0],[106.58064433957064,-5.611998049947972,0],[106.57916334106064,-5.612206808613021,0],[106.5774981367134,-5.613143906931748,0],[106.57698655334562,-5.613726873783039,0],[106.57577302821147,-5.614488302070439,0],[106.57483064876602,-5.614846443621134,0],[106.57419068626268,-5.614892810213165,0],[106.57320927771308,-5.614500206016747,0],[106.57291172604658,-5.614280098616995,0],[106.57264403707507,-5.613762565869023,0],[106.57267827726042,-5.613403326574034,0],[106.572855697224,-5.613223651943922,0],[106.57271294234894,-5.612885134255065,0]]],[[[106.56835392941649,-5.591431758441243,0],[106.56967690977645,-5.591488864926564,0],[106.57009569537877,-5.591812472136756,0],[106.57017132094929,-5.592179494658178,0],[106.56973888364959,-5.593018027099816,0],[106.56935365281808,-5.593289280984695,0],[106.56917246442192,-5.593611343675913,0],[106.56826826876593,-5.594030129756462,0],[106.56792562616376,-5.593925433039799,0],[106.56735652636327,-5.593431095871694,0],[106.56700890889105,-5.593078852256007,0],[106.56677396710491,-5.592526309976882,0],[106.56726889480902,-5.591898132256136,0],[106.56835392941649,-5.591431758441243,0]]],[[[106.5884607245882,-5.5875351812698,0],[106.58872484455313,-5.587363859724606,0],[106.58864632281413,-5.587267492345636,0],[106.58836078791118,-5.58747450493254,0],[106.58852497119902,-5.587281768395365,0],[106.5883592562836,-5.587126861266651,0],[106.58813235980915,-5.587331737266735,0],[106.58787180885089,-5.587271060908088,0],[106.58802528422054,-5.587081893766757,0],[106.58821445055476,-5.587163985124383,0],[106.58835721890455,-5.58704263326553,0],[106.58829381311685,-5.58665935317967,0],[106.58985830823589,-5.584850962091395,0],[106.59118044867105,-5.584233678875734,0],[106.59229403712817,-5.584201556243956,0],[106.5924832043607,-5.5849368104467,0],[106.59223547595481,-5.586346102281493,0],[106.59175218862016,-5.587028709116189,0],[106.59139900877969,-5.587278011729693,0],[106.59003746015132,-5.587801771151773,0],[106.58948151438153,-5.587660103385353,0],[106.58932826179408,-5.587767819887831,0],[106.58902507769074,-5.58760468675019,0],[106.58851426328081,-5.587681518345301,0],[106.5884607245882,-5.5875351812698,0]]],[[[106.57008265723073,-5.582861386323979,0],[106.56814815592764,-5.583411040673179,0],[106.56723467887814,-5.582906634059066,0],[106.56754519862409,-5.58263180671011,0],[106.56835183634189,-5.58235697923059,0],[106.57017545589453,-5.582097578928707,0],[106.57068366339345,-5.582190097768024,0],[106.57008265723073,-5.582861386323979,0]]],[[[106.5821294370933,-5.575113326887602,0],[106.58233605679517,-5.575840479733568,0],[106.58150443513269,-5.576689947856974,0],[106.58080130489518,-5.577132526826687,0],[106.58032303285478,-5.577228895893839,0],[106.57989274342692,-5.576778950235309,0],[106.57978566694003,-5.576088906035236,0],[106.58045334785979,-5.574459994959719,0],[106.58094104322753,-5.574244481377267,0],[106.58143939261454,-5.574470872790781,0],[106.5821294370933,-5.575113326887602,0]]],[[[106.58526338513344,-5.569301890053007,0],[106.5854852743985,-5.570136020238323,0],[106.5853817669182,-5.570960502583096,0],[106.58475358941307,-5.571417359670198,0],[106.58451802329778,-5.57180283244489,0],[106.58439666988605,-5.571488742769997,0],[106.58406175728689,-5.571300637019101,0],[106.58392286606585,-5.570861612357804,0],[106.58417537979729,-5.570082482114326,0],[106.58499701309212,-5.569307974348272,0],[106.58526338513344,-5.569301890053007,0]]],[[[106.57876032268818,-5.539822451419539,0],[106.5785271353118,-5.540198406005174,0],[106.57847002761257,-5.54016985338956,0],[106.57840816243558,-5.539841487408184,0],[106.57854141133828,-5.539603541555496,0],[106.5787888747412,-5.539517880016638,0],[106.57915055444087,-5.539627335425068,0],[106.57876032268818,-5.539822451419539,0]]],[[[106.5772951830362,-5.494835088935039,0],[106.57631933415993,-5.495094868317437,0],[106.57613391200381,-5.494559204694952,0],[106.57612900181248,-5.493644055621539,0],[106.5764572947263,-5.492627566709142,0],[106.57685049091944,-5.492097750095887,0],[106.57820963924937,-5.491606629232294,0],[106.57942388393406,-5.491875917563025,0],[106.58025533132337,-5.491838324053498,0],[106.5802456645526,-5.492567239657692,0],[106.57991167542156,-5.492997152354025,0],[106.57939377420237,-5.493179118133652,0],[106.57844198939593,-5.494202286175908,0],[106.5772951830362,-5.494835088935039,0]]],[[[106.57196567788154,-5.457691674676438,0],[106.57120893978113,-5.457757689252476,0],[106.5701148528505,-5.458604250009391,0],[106.56836357013614,-5.459613141253204,0],[106.56683119697502,-5.460174694293841,0],[106.566553015681,-5.460031140264438,0],[106.56617999205588,-5.458805849253292,0],[106.56639668277042,-5.457799614067776,0],[106.5662525498797,-5.457497061625359,0],[106.56652923188551,-5.457119711881681,0],[106.5674525418941,-5.456766900901907,0],[106.5681790930077,-5.456203481177363,0],[106.57042168680886,-5.455372884166256,0],[106.57077170637614,-5.455378190955507,0],[106.57213651229576,-5.456017951734128,0],[106.57296927122536,-5.45674155890419,0],[106.5728559918714,-5.456824413036305,0],[106.57209456456522,-5.456681644983561,0],[106.57199938626427,-5.457043871375109,0],[106.57228021579174,-5.457520235871941,0],[106.57196567788154,-5.457691674676438,0]]],[[[106.73562122616131,-6.038321705023902,0],[106.7358142696243,-6.038351583773688,0],[106.73647645375281,-6.039246108254756,0],[106.73620522541908,-6.039949929435008,0],[106.73542068715561,-6.040184090844767,0],[106.73528648603869,-6.039999444824081,0],[106.73546946567554,-6.039650378364773,0],[106.73537523958875,-6.039489050574427,0],[106.73547827006362,-6.039075976352792,0],[106.7353509689064,-6.039027197391805,0],[106.73562122616131,-6.038321705023902,0]]],[[[106.74585553456393,-6.036399526224627,0],[106.74579240635563,-6.035890908231564,0],[106.74556591142813,-6.035723597232582,0],[106.74557851568989,-6.035161085917593,0],[106.74594154735405,-6.034738142228405,0],[106.74581063137612,-6.034468099394693,0],[106.74600989926573,-6.034273235442918,0],[106.74625127658254,-6.034154795974958,0],[106.74658012196032,-6.034403671437193,0],[106.74762575735777,-6.034185307159965,0],[106.7476345347964,-6.034562107741164,0],[106.74795504740156,-6.035150396950464,0],[106.74789856223481,-6.036853444564451,0],[106.74638986507132,-6.037300832796716,0],[106.74585553456393,-6.036399526224627,0]]],[[[106.73351810568951,-6.034032966148402,0],[106.73336207371453,-6.033580505866933,0],[106.73349581938562,-6.033275112114694,0],[106.73342424072547,-6.03272126472722,0],[106.7344205280711,-6.032052629771654,0],[106.73578038427345,-6.032250445120439,0],[106.73664150481325,-6.033060085556274,0],[106.73625574487406,-6.034013286932248,0],[106.7360071082714,-6.034205741775126,0],[106.73596855168107,-6.034723541335891,0],[106.73520673809934,-6.034895376081243,0],[106.7352294241535,-6.034441921912627,0],[106.73494974806286,-6.034421282267949,0],[106.73492399965185,-6.034817000170623,0],[106.73459111724523,-6.034739894946983,0],[106.73351810568951,-6.034032966148402,0]]],[[[106.74551490418798,-6.025883795982629,0],[106.74535428990673,-6.026541121788614,0],[106.74494169190011,-6.026610067001627,0],[106.74483908363342,-6.026498873337619,0],[106.74524878367494,-6.025577974266273,0],[106.74493215897832,-6.025222943186508,0],[106.74512072703456,-6.024983570036992,0],[106.7454995016741,-6.02532029228358,0],[106.74551490418798,-6.025883795982629,0]]],[[[106.83167695210652,-6.006212759134607,0],[106.83192814172124,-6.006157451577724,0],[106.8320374738778,-6.006415101393599,0],[106.83188910004066,-6.006738663585804,0],[106.83165015087002,-6.006761909678812,0],[106.83167695210652,-6.006212759134607,0]]],[[[106.78038232113661,-6.002847233842126,0],[106.78222056795701,-6.00300068001274,0],[106.78219427337034,-6.003370684578492,0],[106.78248853360965,-6.003551145081119,0],[106.78274604826227,-6.004037067360975,0],[106.78189731638854,-6.005400613073052,0],[106.78148007499023,-6.005672973755843,0],[106.78097003762304,-6.005081082720173,0],[106.78051088532514,-6.004785576286238,0],[106.7796151733587,-6.003516587805182,0],[106.77952193002885,-6.003039813186041,0],[106.7796234558256,-6.00290280794558,0],[106.78038232113661,-6.002847233842126,0]]],[[[106.847847457264,-5.984325326623151,0],[106.84776500898892,-5.984604086228135,0],[106.84690841865313,-5.985404299289461,0],[106.84696733915261,-5.984656751836375,0],[106.84680899221914,-5.98417066187368,0],[106.84721406683526,-5.983916569239272,0],[106.84763018893277,-5.984004949143177,0],[106.847847457264,-5.984325326623151,0]]],[[[106.71092841917476,-5.97739521067887,0],[106.71101407982532,-5.977966281660278,0],[106.71138051700275,-5.978404102696786,0],[106.71121395497603,-5.978989450340655,0],[106.71091414314824,-5.979317816428494,0],[106.71131865092745,-5.97841838044132,0],[106.71072178240489,-5.978107140814194,0],[106.71027644709437,-5.978989450340655,0],[106.71059529512132,-5.979236914135881,0],[106.70949956786698,-5.979652438427652,0],[106.70859646815566,-5.980303990054209,0],[106.70836790620467,-5.98031443997739,0],[106.70756073758254,-5.979655945123568,0],[106.70645027436429,-5.979351127811031,0],[106.70591222572992,-5.979417063440803,0],[106.70498485264129,-5.978543927443458,0],[106.70480241199361,-5.978637352878247,0],[106.70311496086839,-5.977192279214208,0],[106.70247691087826,-5.976822074997847,0],[106.7025254603278,-5.976256939673855,0],[106.70320373687635,-5.9753472977011,0],[106.7042243946173,-5.975004154001502,0],[106.70533084416289,-5.975164768149766,0],[106.70587693002409,-5.9749042172445,0],[106.70751162039774,-5.975332519814181,0],[106.7081540748277,-5.975118367672411,0],[106.70904280329111,-5.975475288161347,0],[106.70988870187838,-5.97611774210881,0],[106.7102775133946,-5.976119161345129,0],[106.71063549203534,-5.977088721027829,0],[106.71092841917476,-5.97739521067887,0]]],[[[106.69355627988251,-5.971846926559019,0],[106.6941849811055,-5.971340869239337,0],[106.69410593475037,-5.971611360197319,0],[106.6947555280919,-5.972136031162276,0],[106.69509460078915,-5.972150308173052,0],[106.69508746277589,-5.972439412614046,0],[106.6954336743847,-5.972839162253865,0],[106.6954979200972,-5.973324571683598,0],[106.69503749398821,-5.973617246088494,0],[106.69486260368049,-5.974152624173669,0],[106.69503035597496,-5.9754625177173,0],[106.69524692002703,-5.976049825620756,0],[106.69531232187127,-5.977143607057928,0],[106.6949161423731,-5.978421378093105,0],[106.69417367131607,-5.978110948814458,0],[106.69371689326543,-5.977736092700959,0],[106.69211075674143,-5.977689693343891,0],[106.69168570539001,-5.977553435344537,0],[106.69121084515103,-5.97717963202682,0],[106.6913231552228,-5.977240545742337,0],[106.69134338079142,-5.977118622969372,0],[106.69110067576459,-5.976683180672325,0],[106.69030831497159,-5.976040727397361,0],[106.68987287370561,-5.975309043020573,0],[106.68924469620049,-5.97505919943564,0],[106.68929823399476,-5.97297122216911,0],[106.68908408281759,-5.971886187909121,0],[106.68984788976093,-5.970626262573097,0],[106.6901869633565,-5.970512048852318,0],[106.69112922871591,-5.970918936640206,0],[106.69134037233354,-5.970859183334977,0],[106.69153611703057,-5.971154504203042,0],[106.69195728227008,-5.971329393829675,0],[106.69254976791233,-5.971258009562868,0],[106.69287813269139,-5.971672036200435,0],[106.69355627988251,-5.971846926559019,0]]],[[[106.84128785126154,-5.956528128859665,0],[106.8413422325739,-5.956346020185578,0],[106.84168907659667,-5.955732121935157,0],[106.84261556664136,-5.954908044600906,0],[106.84371700628256,-5.954620377072223,0],[106.84403364535223,-5.954682243120086,0],[106.84601894728296,-5.955579717352963,0],[106.84712541659144,-5.956490545616279,0],[106.84727991424391,-5.956890665005948,0],[106.84720457793092,-5.957334658734732,0],[106.84653356695641,-5.95765430460115,0],[106.84636243699647,-5.959257066866327,0],[106.84610785803821,-5.960116374004877,0],[106.84586837796327,-5.960493433307112,0],[106.84511700639835,-5.960218958675561,0],[106.84337643789037,-5.958444905894193,0],[106.84282576343469,-5.958115276940763,0],[106.84231989964032,-5.958068517931744,0],[106.8415163647035,-5.957091762072052,0],[106.84128785126154,-5.956528128859665,0]]],[[[106.62853513624972,-5.942771638745461,0],[106.63012578312332,-5.942410864173111,0],[106.63217646264378,-5.942414579781502,0],[106.63272611840996,-5.942571624700244,0],[106.63360851285229,-5.943011196785957,0],[106.6337754611546,-5.943306878216926,0],[106.63348992535333,-5.944149207566396,0],[106.63287808281332,-5.945262651342057,0],[106.6324263056839,-5.945633990640476,0],[106.63221986834002,-5.945643721680954,0],[106.63133413396145,-5.945212826830836,0],[106.62994048134146,-5.944857224767598,0],[106.62899274434368,-5.944449020413889,0],[106.62795437811351,-5.943707768258257,0],[106.62794745300098,-5.943094239771019,0],[106.62853513624972,-5.942771638745461,0]]],[[[106.59782823060685,-5.863675029158752,0],[106.598560097052,-5.863542332869085,0],[106.59892163930945,-5.862621517251711,0],[106.59922858915046,-5.862500165269878,0],[106.59934518328782,-5.862533476593498,0],[106.59903585291131,-5.863877873335742,0],[106.5990742729577,-5.865790929292352,0],[106.59895358789255,-5.866184840632351,0],[106.59831725637956,-5.866247815972698,0],[106.59831963511844,-5.866064596807666,0],[106.59810548394123,-5.865886138112223,0],[106.59807875187501,-5.865271995146312,0],[106.59809972484193,-5.864702575572217,0],[106.59832145330857,-5.864274078158735,0],[106.59782823060685,-5.863675029158752,0]]],[[[106.62069088369543,-5.857714766246118,0],[106.62017987165615,-5.858152177340424,0],[106.61996001887182,-5.858613231828912,0],[106.61995407741455,-5.859411210877691,0],[106.61958567292665,-5.858613231828912,0],[106.61921727023535,-5.858784650047746,0],[106.61915785027257,-5.858701895625011,0],[106.61845075217644,-5.859162950553147,0],[106.61872408436459,-5.859375744866877,0],[106.61929126985522,-5.859452151740265,0],[106.61990550999872,-5.860881843327067,0],[106.61974151086551,-5.860938587888587,0],[106.61910437176707,-5.859600361397542,0],[106.6179694510169,-5.859346190006014,0],[106.61659685131391,-5.860215099014208,0],[106.61606207075054,-5.860339229403185,0],[106.61513511987013,-5.860865301862116,0],[106.61268107702415,-5.86284546137511,0],[106.61215818207032,-5.863111451576651,0],[106.61160771782038,-5.863034721363536,0],[106.61124561860746,-5.863489113110949,0],[106.61006659956,-5.86403946386766,0],[106.60982891970885,-5.863891691698455,0],[106.60935764644282,-5.863893908249789,0],[106.61008442572849,-5.863466107377647,0],[106.6104263586616,-5.862730536015787,0],[106.61211059112318,-5.861918254892631,0],[106.61326647316217,-5.860970656088222,0],[106.6142311281317,-5.859346941156862,0],[106.6144403700159,-5.858612902581513,0],[106.61467758723465,-5.858435903294317,0],[106.61464193489765,-5.85730099770271,0],[106.61492824774166,-5.856721671742931,0],[106.61621656301311,-5.856875408290558,0],[106.61795427308185,-5.856151486778027,0],[106.6216263838424,-5.855324854718654,0],[106.62165348691285,-5.854847940421694,0],[106.62188522530668,-5.85471198729187,0],[106.62465267957552,-5.854869209408198,0],[106.62585909903581,-5.854539991169597,0],[106.6281503914068,-5.854235004096005,0],[106.6308750679018,-5.854197390430252,0],[106.63133299399937,-5.854434169726758,0],[106.631154734111,-5.854635144360112,0],[106.63050705687598,-5.854871584323515,0],[106.62801736079471,-5.85498389261843,0],[106.62492255684306,-5.856033377282826,0],[106.62384013992629,-5.856272488419625,0],[106.62113653341628,-5.857945292821953,0],[106.62094638971506,-5.85770885507635,0],[106.62069088369543,-5.857714766246118,0]]],[[[106.60881274186619,-5.856054299882531,0],[106.60890982369725,-5.856191357374202,0],[106.60882987363698,-5.857841750679723,0],[106.60860144643328,-5.858681225009031,0],[106.6074364617655,-5.859143792152079,0],[106.60595738924343,-5.859349377224447,0],[106.60585459592379,-5.858989602847684,0],[106.60574609291221,-5.858989602847684,0],[106.60562045723152,-5.859543541133367,0],[106.60508936065912,-5.859789101643496,0],[106.60491232966609,-5.859680597757357,0],[106.602925003831,-5.860348750560101,0],[106.60285647495125,-5.860251668756076,0],[106.60133742739905,-5.860868425201616,0],[106.6009433885862,-5.859526408603176,0],[106.60102333774817,-5.859115239413402,0],[106.60118894935734,-5.859126659609459,0],[106.60131458503803,-5.858749753432511,0],[106.60174859798269,-5.858875389153349,0],[106.60174288739245,-5.85940077393037,0],[106.60154872283198,-5.859469302264399,0],[106.60177715183232,-5.860183141418952,0],[106.6030049538913,-5.859857629929228,0],[106.60299353181244,-5.859646333604564,0],[106.60278223637953,-5.859497855884292,0],[106.60228540514534,-5.859366509760141,0],[106.60227398306652,-5.858955338651923,0],[106.60255951886779,-5.85840711122979,0],[106.60343896683597,-5.857973097167291,0],[106.60332126327926,-5.857532579664571,0],[106.60374004798325,-5.857372680243066,0],[106.6046918327897,-5.856656938421558,0],[106.60551036689681,-5.856458967345076,0],[106.60549513865611,-5.855941195670797,0],[106.60514456482828,-5.855941513225158,0],[106.60511125170427,-5.854423416929143,0],[106.60493517202711,-5.854199748256259,0],[106.60506366255377,-5.854095052135714,0],[106.60482571680134,-5.853766686247207,0],[106.60556810880662,-5.853547776145996,0],[106.60554907260743,-5.85434727473778,0],[106.60529209155415,-5.854352032669245,0],[106.60529209155415,-5.855789228351569,0],[106.60622959943579,-5.855732120725984,0],[106.6062248401614,-5.856008137562981,0],[106.60575370703255,-5.855951030859674,0],[106.60572515318295,-5.856336503915929,0],[106.60881274186619,-5.856054299882531,0]]],[[[106.60128404680994,-5.857846890904355,0],[106.60066712968688,-5.856991389185609,0],[106.59966363425943,-5.856572688566823,0],[106.59964272327622,-5.855894803946976,0],[106.59978498677282,-5.85556974691524,0],[106.60024541198351,-5.85542697868296,0],[106.60052023986657,-5.855733928897338,0],[106.60066273872178,-5.855635544576761,0],[106.60106275672115,-5.855905250856183,0],[106.60144466109118,-5.856351399273099,0],[106.60159099665094,-5.857140191431908,0],[106.60194641060154,-5.857689325995894,0],[106.60128404680994,-5.857846890904355,0]]],[[[106.61458647560698,-5.855212944111367,0],[106.61390314693328,-5.854459290772796,0],[106.61409031990587,-5.853803170056163,0],[106.61433461135752,-5.853799292819473,0],[106.61476149706873,-5.854564145151968,0],[106.61477210168064,-5.855058518914722,0],[106.61458647560698,-5.855212944111367,0]]],[[[106.62258813006707,-5.854435401265267,0],[106.62269389770861,-5.854016902012943,0],[106.62282462144707,-5.853963702925079,0],[106.62258813006707,-5.854435401265267,0]]],[[[106.61937155319045,-5.854241894956704,0],[106.61947076672371,-5.853702954723357,0],[106.62022435263576,-5.852790149730512,0],[106.62084742411683,-5.852449661048451,0],[106.62091795444303,-5.852790226195898,0],[106.62058793856048,-5.853299239705127,0],[106.62018507559661,-5.853082951729229,0],[106.61984645565026,-5.853623459656213,0],[106.619719952197,-5.854067826931034,0],[106.61983644662136,-5.854710163824153,0],[106.61966719503866,-5.854733807731884,0],[106.61937155319045,-5.854241894956704,0]]],[[[106.62163622308971,-5.853295463219125,0],[106.62150113084402,-5.852995899098749,0],[106.6215678900427,-5.852716184327892,0],[106.62192188106185,-5.85255330585718,0],[106.62209078499653,-5.852627518669657,0],[106.62197491579958,-5.853265908032336,0],[106.62163622308971,-5.853295463219125,0]]],[[[106.60695272437488,-5.759845210665521,0],[106.60735961179124,-5.759243206759424,0],[106.60825904817283,-5.759350282568249,0],[106.60842798983673,-5.759659612567774,0],[106.60825666763733,-5.759942768880652,0],[106.60695272437488,-5.759845210665521,0]]],[[[106.61558842593215,-5.747914854562008,0],[106.61607859526019,-5.747148668876954,0],[106.61528385483001,-5.746729883808037,0],[106.61484603392687,-5.747529382877651,0],[106.61507922130323,-5.747676908842482,0],[106.61503163215276,-5.748119489203828,0],[106.61482699862599,-5.748124248043486,0],[106.61502211360403,-5.747729257917175,0],[106.61457144140239,-5.747443848734154,0],[106.61320087189193,-5.749052364966027,0],[106.61240613236005,-5.749647230318476,0],[106.61175415938139,-5.749494945143386,0],[106.61147338285447,-5.749228445312787,0],[106.61150669508017,-5.748652614857686,0],[106.61193499833291,-5.74745812616989,0],[106.611425793704,-5.746929885998658,0],[106.61170657023088,-5.746206528674889,0],[106.61180650780624,-5.746244601320082,0],[106.61160663265552,-5.746787117788879,0],[106.61213963185968,-5.74699650989112,0],[106.6125251052363,-5.746306467338597,0],[106.61254711396077,-5.746159738205576,0],[106.61215866805888,-5.746039966895176,0],[106.61251082831147,-5.744940656291418,0],[106.61289736978499,-5.745013669662976,0],[106.61379722927308,-5.743435233752505,0],[106.6141266486743,-5.742536174644526,0],[106.61502451929235,-5.742056736150499,0],[106.61578208474111,-5.74230294774644,0],[106.61610887207853,-5.743132810443514,0],[106.61587174469132,-5.744776006141564,0],[106.61503226815998,-5.746614390997579,0],[106.61618804958768,-5.747096320647942,0],[106.6162023274108,-5.747448480712947,0],[106.61603100610972,-5.747705462802037,0],[106.61542186390545,-5.748033829183498,0],[106.61539114691261,-5.747916585704171,0],[106.61558842593215,-5.747914854562008,0]]],[[[106.59991314582115,-5.739784055632812,0],[106.59968709735631,-5.739409291102365,0],[106.5992480870837,-5.739452121321341,0],[106.5983010606533,-5.738945296404537,0],[106.5978927368308,-5.738527540868961,0],[106.59846786971671,-5.737986519060437,0],[106.59960293509565,-5.737552404838054,0],[106.60202412475506,-5.737397853442918,0],[106.60234535241922,-5.737695286065183,0],[106.60268442511648,-5.738331791636641,0],[106.60394633261352,-5.74269294706087,0],[106.60341690241596,-5.742092133156763,0],[106.60314921344447,-5.74143778215528,0],[106.60116883697643,-5.739438221588036,0],[106.60029980856721,-5.739296266672793,0],[106.600044015985,-5.739801901770859,0],[106.59991314582115,-5.739784055632812,0]]],[[[106.61904835013101,-5.739508377987087,0],[106.6191425762178,-5.73964258038506,0],[106.61897982125123,-5.739751083375215,0],[106.6189598337362,-5.739514088862056,0],[106.61904835013101,-5.739508377987087,0]]],[[[106.60963478928437,-5.737995231609995,0],[106.6093206996335,-5.737761093153357,0],[106.60932641112208,-5.737121492595411,0],[106.60951486509227,-5.73669890118816,0],[106.61000598483787,-5.736875932871653,0],[106.60991857696409,-5.737599373279926,0],[106.60963478928437,-5.737995231609995,0]]],[[[106.59866361531209,-5.735427273995834,0],[106.6000833765675,-5.734348871622312,0],[106.60059733957246,-5.734077612853872,0],[106.60101136679869,-5.734034783125732,0],[106.60253897978711,-5.734334594753571,0],[106.60329564871724,-5.734241796447598,0],[106.60327695297954,-5.734851980075607,0],[106.60265638420488,-5.735434192419692,0],[106.6013444288684,-5.736014097123053,0],[106.59975393021683,-5.736113569711786,0],[106.59866361531209,-5.735427273995834,0]]],[[[106.71115928081288,-5.696647370155908,0],[106.71112358895,-5.695904977852168,0],[106.71198733257043,-5.694127521211469,0],[106.71258695802258,-5.693763463378317,0],[106.71342214779338,-5.693634972216728,0],[106.7133079341915,-5.694056137182233,0],[106.71340073285529,-5.694491577911083,0],[106.71315088981524,-5.695069787035623,0],[106.7136148849308,-5.695904977852168,0],[106.7135292242803,-5.696526018110148,0],[106.71342214779338,-5.69654029413465,0],[106.71337217990398,-5.69577648717581,0],[106.71309378301429,-5.695391014972078,0],[106.71138057090164,-5.696718753858903,0],[106.71115928081288,-5.696647370155908,0]]],[[[106.60312481969291,-5.605453521910051,0],[106.60281429994696,-5.605278630933396,0],[106.60278217798906,-5.605110878607917,0],[106.6031376081093,-5.604711623124953,0],[106.60368644730687,-5.604643762184152,0],[106.60345675527523,-5.6053214622448,0],[106.60312481969291,-5.605453521910051,0]]],[[[106.59525596677457,-5.579006659432217,0],[106.59604118865597,-5.57948255116356,0],[106.5965051837716,-5.580089313633619,0],[106.59652897834684,-5.580410541254362,0],[106.59607262070777,-5.580861387716153,0],[106.59606905170114,-5.58107553889741,0],[106.59422804615451,-5.580927013088132,0],[106.59324990567592,-5.581080210029185,0],[106.59266047430559,-5.580747174440413,0],[106.5926176444295,-5.579908413593521,0],[106.59418808819235,-5.57908036097024,0],[106.59525596677457,-5.579006659432217,0]]]]}}],"__v":0}