{"type":"FeatureCollection", "features": [
{"type":"Feature","geometry":{"type":"LineString","coordinates":[[107.6044417,-6.9072201],[107.6044917,-6.9087943],[107.60413,-6.9100304],[107.6039561,-6.9125447]]},"properties":{"name":"Jalan Cicendo","ref":"369"}},
{"type":"Feature","geometry":{"type":"LineString","coordinates":[[107.6073865,-6.9076628],[107.6065225,-6.9072053],[107.6055894,-6.9071347]]},"properties":{"name":"Jalan Pajajaran","ref":""}},
{"type":"Feature","geometry":{"type":"LineString","coordinates":[[107.5981394,-6.9147779],[107.5982691,-6.91619]]},"properties":{"name":"Jalan HOS. Cokroaminoto","ref":""}},
{"type":"Feature","geometry":{"type":"LineString","coordinates":[[107.6019305,-6.9125353],[107.601745,-6.9125245]]},"properties":{"name":"Jalan Kebon Kawung","ref":"370"}},
{"type":"Feature","geometry":{"type":"LineString","coordinates":[[107.5984551,-6.9163007],[107.6022008,-6.9161702]]},"properties":{"name":"Jalan Kebon Jati","ref":""}},
{"type":"Feature","geometry":{"type":"LineString","coordinates":[[107.5981313,-6.9141206],[107.5981201,-6.9145111]]},"properties":{"name":"Jalan HOS. Cokroaminoto","ref":""}},
{"type":"Feature","geometry":{"type":"LineString","coordinates":[[107.5666744,-6.889252],[107.5698608,-6.8896958],[107.571799,-6.8901058],[107.5720632,-6.8902745]]},"properties":{"name":"Jalan Gunung Batu","ref":""}},
{"type":"Feature","geometry":{"type":"LineString","coordinates":[[107.5726332,-6.8935801],[107.5743913,-6.8937881]]},"properties":{"name":"Jalan Sukaraja II","ref":""}},
{"type":"Feature","geometry":{"type":"LineString","coordinates":[[107.5720632,-6.8902745],[107.5726332,-6.8935801]]},"properties":{"name":"Jalan Dakota","ref":""}},
{"type":"Feature","geometry":{"type":"LineString","coordinates":[[107.5668171,-6.8885326],[107.5672467,-6.8875315]]},"properties":{"name":"Overpass Gunung Batu","ref":""}},
{"type":"Feature","geometry":{"type":"LineString","coordinates":[[107.5807947,-6.892408],[107.5794555,-6.8918038]]},"properties":{"name":"Jalan Sukaraja","ref":""}},
{"type":"Feature","geometry":{"type":"LineString","coordinates":[[107.6055894,-6.9071347],[107.6053829,-6.907135]]},"properties":{"name":"Jalan Pajajaran","ref":""}},
{"type":"Feature","geometry":{"type":"LineString","coordinates":[[107.6042016,-6.9003842],[107.604264,-6.9008715]]},"properties":{"name":"Jalan Cihampelas","ref":""}},
{"type":"Feature","geometry":{"type":"LineString","coordinates":[[107.6041803,-6.900144],[107.6041813,-6.9001579],[107.604189,-6.9002755],[107.6041992,-6.9003596],[107.6042016,-6.9003842]]},"properties":{"name":"Jalan Cihampelas","ref":""}},
{"type":"Feature","geometry":{"type":"LineString","coordinates":[[107.5810582,-6.8921467],[107.5811571,-6.8921678]]},"properties":{"name":"Jalan Dr. Djunjunan","ref":""}},
{"type":"Feature","geometry":{"type":"LineString","coordinates":[[107.5936018,-6.898303],[107.595629,-6.8999074]]},"properties":{"name":"Jalan Dr. Djunjunan","ref":""}},
{"type":"Feature","geometry":{"type":"LineString","coordinates":[[107.5807947,-6.892408],[107.581013,-6.8922632]]},"properties":{"name":"Jalan Sukaraja","ref":""}},
{"type":"Feature","geometry":{"type":"LineString","coordinates":[[107.5993001,-6.900202],[107.6010655,-6.9002051]]},"properties":{"name":"Jalan Pasteur","ref":""}},
{"type":"Feature","geometry":{"type":"LineString","coordinates":[[107.604369,-6.9041823],[107.604454,-6.9042842]]},"properties":{"name":"Jalan Cihampelas","ref":""}},
{"type":"Feature","geometry":{"type":"LineString","coordinates":[[107.604454,-6.9042842],[107.6045194,-6.9042857]]},"properties":{"name":"Jalan Wastukencana","ref":""}},
{"type":"Feature","geometry":{"type":"LineString","coordinates":[[107.6075644,-6.9054686],[107.6076853,-6.905845]]},"properties":{"name":"Jalan Wastukancana","ref":""}},
{"type":"Feature","geometry":{"type":"LineString","coordinates":[[107.595629,-6.8999074],[107.5970495,-6.9002074]]},"properties":{"name":"Jalan Dr. Djunjunan","ref":""}},
{"type":"Feature","geometry":{"type":"LineString","coordinates":[[107.5668171,-6.8885326],[107.5667162,-6.8890247]]},"properties":{"name":"Overpass Gunung Batu","ref":""}},
{"type":"Feature","geometry":{"type":"LineString","coordinates":[[107.5819472,-6.8922747],[107.5836678,-6.892264],[107.5845652,-6.8924203],[107.5858569,-6.8930235],[107.5871385,-6.8939896]]},"properties":{"name":"Jalan Dr. Djunjunan","ref":""}},
{"type":"Feature","geometry":{"type":"LineString","coordinates":[[107.5985704,-6.900207],[107.5988968,-6.9002096]]},"properties":{"name":"Jalan Pasteur","ref":""}},
{"type":"Feature","geometry":{"type":"LineString","coordinates":[[107.604907,-6.904268],[107.6052645,-6.9040341],[107.6056396,-6.9039773],[107.6065841,-6.9042698]]},"properties":{"name":"Jalan Wastukancana","ref":""}},
{"type":"Feature","geometry":{"type":"LineString","coordinates":[[107.604264,-6.9008715],[107.604369,-6.9041823]]},"properties":{"name":"Jalan Cihampelas","ref":""}},
{"type":"Feature","geometry":{"type":"LineString","coordinates":[[107.5811571,-6.8921678],[107.5819472,-6.8922747]]},"properties":{"name":"Jalan Dr. Djunjunan","ref":""}},
{"type":"Feature","geometry":{"type":"LineString","coordinates":[[107.5977317,-6.9002067],[107.5979866,-6.900214]]},"properties":{"name":"Jalan Pasteur","ref":""}},
{"type":"Feature","geometry":{"type":"LineString","coordinates":[[107.6076516,-6.9060628],[107.6075667,-6.9075563],[107.6073865,-6.9076628]]},"properties":{"name":"Jalan Wastukancana","ref":""}},
{"type":"Feature","geometry":{"type":"LineString","coordinates":[[107.6053829,-6.907135],[107.6045,-6.907158]]},"properties":{"name":"Jalan Pajajaran","ref":""}},
{"type":"Feature","geometry":{"type":"LineString","coordinates":[[107.5871385,-6.8939896],[107.5895178,-6.8957186],[107.5924064,-6.8973127],[107.5936018,-6.898303]]},"properties":{"name":"Jalan Dr. Djunjunan","ref":""}},
{"type":"Feature","geometry":{"type":"LineString","coordinates":[[107.5763426,-6.8911426],[107.576486,-6.8911581]]},"properties":{"name":"Jalan Sukaraja","ref":""}},
{"type":"Feature","geometry":{"type":"LineString","coordinates":[[107.5761887,-6.89111],[107.5763426,-6.8911426]]},"properties":{"name":"Jalan Sukaraja","ref":""}},
{"type":"Feature","geometry":{"type":"LineString","coordinates":[[107.5667162,-6.8890247],[107.5666744,-6.889252]]},"properties":{"name":"Overpass Gunung Batu","ref":""}},
{"type":"Feature","geometry":{"type":"LineString","coordinates":[[107.6077246,-6.9060495],[107.6076516,-6.9060628]]},"properties":{"name":"","ref":""}},
{"type":"Feature","geometry":{"type":"LineString","coordinates":[[107.6039561,-6.9125447],[107.603885,-6.9126611]]},"properties":{"name":"Jalan Cicendo","ref":"369"}},
{"type":"Feature","geometry":{"type":"LineString","coordinates":[[107.5982527,-6.912368],[107.5980631,-6.9124827],[107.5980724,-6.9134153]]},"properties":{"name":"Jalan HOS. Cokroaminoto","ref":""}},
{"type":"Feature","geometry":{"type":"LineString","coordinates":[[107.5981201,-6.9145111],[107.5981205,-6.9145443]]},"properties":{"name":"Jalan HOS. Cokroaminoto","ref":""}},
{"type":"Feature","geometry":{"type":"LineString","coordinates":[[107.5981205,-6.9145443],[107.5981394,-6.9147779]]},"properties":{"name":"Jalan HOS. Cokroaminoto","ref":""}},
{"type":"Feature","geometry":{"type":"LineString","coordinates":[[107.6045,-6.907158],[107.6044417,-6.9072201]]},"properties":{"name":"Jalan Pajajaran","ref":"369;371"}},
{"type":"Feature","geometry":{"type":"LineString","coordinates":[[107.607556,-6.9054463],[107.6075644,-6.9054686]]},"properties":{"name":"Jalan Wastukancana","ref":""}},
{"type":"Feature","geometry":{"type":"LineString","coordinates":[[107.5973566,-6.9002078],[107.5974384,-6.9002085]]},"properties":{"name":"Jalan Dokter Djundjunan Setiakusumah","ref":""}},
{"type":"Feature","geometry":{"type":"LineString","coordinates":[[107.5743913,-6.8937881],[107.5754545,-6.8918515],[107.5755656,-6.8913711],[107.5761887,-6.89111]]},"properties":{"name":"Jalan Sukaraja II","ref":""}},
{"type":"Feature","geometry":{"type":"LineString","coordinates":[[107.6035214,-6.9002184],[107.6041803,-6.900144]]},"properties":{"name":"Jalan Pasteur","ref":""}},
{"type":"Feature","geometry":{"type":"LineString","coordinates":[[107.6031071,-6.9002112],[107.6035214,-6.9002184]]},"properties":{"name":"Jalan Pasteur","ref":""}},
{"type":"Feature","geometry":{"type":"LineString","coordinates":[[107.6047378,-6.9043028],[107.604907,-6.904268]]},"properties":{"name":"Jalan Wastukancana","ref":""}},
{"type":"Feature","geometry":{"type":"LineString","coordinates":[[107.6045194,-6.9042857],[107.6047378,-6.9043028]]},"properties":{"name":"Jalan Wastukancana","ref":""}},
{"type":"Feature","geometry":{"type":"LineString","coordinates":[[107.5974384,-6.9002085],[107.5977317,-6.9002067]]},"properties":{"name":"Jalan Pasteur","ref":""}},
{"type":"Feature","geometry":{"type":"LineString","coordinates":[[107.6074587,-6.9052269],[107.607556,-6.9054463]]},"properties":{"name":"Jalan Wastukancana","ref":""}},
{"type":"Feature","geometry":{"type":"LineString","coordinates":[[107.603885,-6.9126611],[107.6020122,-6.91254]]},"properties":{"name":"Jalan Kebon Kawung","ref":"370"}},
{"type":"Feature","geometry":{"type":"LineString","coordinates":[[107.6020122,-6.91254],[107.6019305,-6.9125353]]},"properties":{"name":"Jalan Kebon Kawung","ref":"370"}},
{"type":"Feature","geometry":{"type":"LineString","coordinates":[[107.5980758,-6.9134531],[107.5981313,-6.9141206]]},"properties":{"name":"Jalan HOS. Cokroaminoto","ref":""}},
{"type":"Feature","geometry":{"type":"LineString","coordinates":[[107.5980724,-6.9134153],[107.5980758,-6.9134531]]},"properties":{"name":"Jalan HOS. Cokroaminoto","ref":""}},
{"type":"Feature","geometry":{"type":"LineString","coordinates":[[107.581013,-6.8922632],[107.5810582,-6.8921467]]},"properties":{"name":"Jalan Prof. Dr. Surya Soemantri","ref":"1367"}},
{"type":"Feature","geometry":{"type":"LineString","coordinates":[[107.5979866,-6.900214],[107.5985704,-6.900207]]},"properties":{"name":"Jalan Pasteur","ref":""}},
{"type":"Feature","geometry":{"type":"LineString","coordinates":[[107.6022753,-6.900203],[107.6031071,-6.9002112]]},"properties":{"name":"Jalan Pasteur","ref":""}},
{"type":"Feature","geometry":{"type":"LineString","coordinates":[[107.5970495,-6.9002074],[107.5973566,-6.9002078]]},"properties":{"name":"Jalan Dr. Djunjunan","ref":""}},
{"type":"Feature","geometry":{"type":"LineString","coordinates":[[107.5988968,-6.9002096],[107.5993001,-6.900202]]},"properties":{"name":"Jalan Pasteur","ref":""}},
{"type":"Feature","geometry":{"type":"LineString","coordinates":[[107.6022008,-6.9161702],[107.6024325,-6.9161432]]},"properties":{"name":"Jalan Suniaraja","ref":""}},
{"type":"Feature","geometry":{"type":"LineString","coordinates":[[107.6076853,-6.905845],[107.6077246,-6.9060495]]},"properties":{"name":"Jalan Wastukancana","ref":""}},
{"type":"Feature","geometry":{"type":"LineString","coordinates":[[107.6070138,-6.9046],[107.6071411,-6.9047305]]},"properties":{"name":"Jalan Wastukancana","ref":""}},
{"type":"Feature","geometry":{"type":"LineString","coordinates":[[107.6071411,-6.9047305],[107.6074587,-6.9052269]]},"properties":{"name":"Jalan Wastukancana","ref":""}},
{"type":"Feature","geometry":{"type":"LineString","coordinates":[[107.6069187,-6.9045127],[107.6070138,-6.9046]]},"properties":{"name":"Jalan Wastukancana","ref":""}},
{"type":"Feature","geometry":{"type":"LineString","coordinates":[[107.6065841,-6.9042698],[107.6069187,-6.9045127]]},"properties":{"name":"Jalan Wastukancana","ref":""}},
{"type":"Feature","geometry":{"type":"LineString","coordinates":[[107.6010655,-6.9002051],[107.6022753,-6.900203]]},"properties":{"name":"Jalan Pasteur","ref":""}},
{"type":"Feature","geometry":{"type":"LineString","coordinates":[[107.5794007,-6.8917752],[107.5772675,-6.8911676],[107.576486,-6.8911581]]},"properties":{"name":"Jalan Sukaraja","ref":""}},
{"type":"Feature","geometry":{"type":"LineString","coordinates":[[107.5794555,-6.8918038],[107.5794007,-6.8917752]]},"properties":{"name":"Jalan Sukaraja","ref":""}},
{"type":"Feature","geometry":{"type":"LineString","coordinates":[[107.5982691,-6.91619],[107.5982729,-6.9163191]]},"properties":{"name":"Jalan HOS. Cokroaminoto","ref":""}},
{"type":"Feature","geometry":{"type":"LineString","coordinates":[[107.5982729,-6.9163191],[107.5984551,-6.9163007]]},"properties":{"name":"Jalan Kebon Jati","ref":""}},
{"type":"Feature","geometry":{"type":"LineString","coordinates":[[107.6006435,-6.9124749],[107.6002224,-6.9124495]]},"properties":{"name":"Jalan Kebon Kawung","ref":"370"}},
{"type":"Feature","geometry":{"type":"LineString","coordinates":[[107.6002224,-6.9124495],[107.6000202,-6.912439]]},"properties":{"name":"Jalan Kebon Kawung","ref":"370"}},
{"type":"Feature","geometry":{"type":"LineString","coordinates":[[107.6000202,-6.912439],[107.5993874,-6.9123994]]},"properties":{"name":"Jalan Kebon Kawung","ref":"370"}},
{"type":"Feature","geometry":{"type":"LineString","coordinates":[[107.5993874,-6.9123994],[107.5990132,-6.912372]]},"properties":{"name":"Jalan Kebon Kawung","ref":"370"}},
{"type":"Feature","geometry":{"type":"LineString","coordinates":[[107.5990132,-6.912372],[107.5982527,-6.912368]]},"properties":{"name":"Jalan Kebon Kawung","ref":"370"}},
{"type":"Feature","geometry":{"type":"LineString","coordinates":[[107.601745,-6.9125245],[107.601624,-6.9125174]]},"properties":{"name":"Jalan Kebon Kawung","ref":"370"}},
{"type":"Feature","geometry":{"type":"LineString","coordinates":[[107.601624,-6.9125174],[107.6015636,-6.9125139]]},"properties":{"name":"Jalan Kebon Kawung","ref":"370"}},
{"type":"Feature","geometry":{"type":"LineString","coordinates":[[107.6015636,-6.9125139],[107.6010547,-6.9124917]]},"properties":{"name":"Jalan Kebon Kawung","ref":"370"}},
{"type":"Feature","geometry":{"type":"LineString","coordinates":[[107.6010547,-6.9124917],[107.6009674,-6.9124878]]},"properties":{"name":"Jalan Kebon Kawung","ref":"370"}},
{"type":"Feature","geometry":{"type":"LineString","coordinates":[[107.6009674,-6.9124878],[107.6006435,-6.9124749]]},"properties":{"name":"Jalan Kebon Kawung","ref":"370"}},
{"type":"Feature","geometry":{"type":"LineString","coordinates":[[107.6159798,-6.9013693],[107.6151341,-6.9021756],[107.6143729,-6.9022742],[107.6137283,-6.9028378]]},"properties":{"name":"Jalan Trunojoyo","ref":"2409"}},
{"type":"Feature","geometry":{"type":"LineString","coordinates":[[107.6102982,-6.9141706],[107.6106029,-6.9145006]]},"properties":{"name":"Jalan Jawa","ref":""}},
{"type":"Feature","geometry":{"type":"LineString","coordinates":[[107.6193443,-6.8992829],[107.6193457,-6.8993497]]},"properties":{"name":"Jalan Sentot Alibasyah","ref":"387"}},
{"type":"Feature","geometry":{"type":"LineString","coordinates":[[107.6099747,-6.9197157],[107.6096319,-6.9185764]]},"properties":{"name":"Jalan Braga","ref":""}},
{"type":"Feature","geometry":{"type":"LineString","coordinates":[[107.6075641,-6.9142136],[107.6081711,-6.9139136],[107.6089516,-6.913844]]},"properties":{"name":"Jalan Perintis Kemerdekaan","ref":""}},
{"type":"Feature","geometry":{"type":"LineString","coordinates":[[107.6054461,-6.9186544],[107.6066712,-6.9189713]]},"properties":{"name":"Jalan ABC","ref":""}},
{"type":"Feature","geometry":{"type":"LineString","coordinates":[[107.6066712,-6.9189713],[107.6076219,-6.919072],[107.6085661,-6.9196522]]},"properties":{"name":"Jalan ABC","ref":""}},
{"type":"Feature","geometry":{"type":"LineString","coordinates":[[107.6132841,-6.8988423],[107.6160286,-6.8989397]]},"properties":{"name":"Jalan Surapati","ref":""}},
{"type":"Feature","geometry":{"type":"LineString","coordinates":[[107.6262668,-6.9294503],[107.6230712,-6.9286235]]},"properties":{"name":"Jalan Talaga Bodas","ref":""}},
{"type":"Feature","geometry":{"type":"LineString","coordinates":[[107.6148175,-6.9100394],[107.6148475,-6.9098612],[107.6138097,-6.9090016]]},"properties":{"name":"Jalan Seram","ref":"2337"}},
{"type":"Feature","geometry":{"type":"LineString","coordinates":[[107.6238958,-6.925325],[107.6236147,-6.9265547]]},"properties":{"name":"Jalan Malabar","ref":""}},
{"type":"Feature","geometry":{"type":"LineString","coordinates":[[107.6167125,-6.8991863],[107.6166576,-6.8991786]]},"properties":{"name":"Jalan Surapati","ref":""}},
{"type":"Feature","geometry":{"type":"LineString","coordinates":[[107.6180078,-6.8994561],[107.6167125,-6.8991863]]},"properties":{"name":"Jalan Surapati","ref":""}},
{"type":"Feature","geometry":{"type":"LineString","coordinates":[[107.6164572,-6.8990452],[107.6184347,-6.8992984]]},"properties":{"name":"Jalan Surapati","ref":""}},
{"type":"Feature","geometry":{"type":"LineString","coordinates":[[107.6161849,-6.8991228],[107.6158534,-6.8991356]]},"properties":{"name":"Jalan Prabudimuntur","ref":""}},
{"type":"Feature","geometry":{"type":"LineString","coordinates":[[107.6238524,-6.9251131],[107.6240605,-6.9244408]]},"properties":{"name":"Jalan Malabar","ref":""}},
{"type":"Feature","geometry":{"type":"LineString","coordinates":[[107.6088022,-6.9196932],[107.6099747,-6.9197157]]},"properties":{"name":"Jalan ABC","ref":""}},
{"type":"Feature","geometry":{"type":"LineString","coordinates":[[107.6085661,-6.9196522],[107.6088022,-6.9196932]]},"properties":{"name":"Jalan ABC","ref":""}},
{"type":"Feature","geometry":{"type":"LineString","coordinates":[[107.6203568,-6.9126014],[107.6196923,-6.9153016]]},"properties":{"name":"Jalan Menado","ref":"2243"}},
{"type":"Feature","geometry":{"type":"LineString","coordinates":[[107.6157093,-6.9194533],[107.6153363,-6.92071]]},"properties":{"name":"Jalan Embong","ref":""}},
{"type":"Feature","geometry":{"type":"LineString","coordinates":[[107.6188506,-6.915098],[107.6191903,-6.9151802]]},"properties":{"name":"Jalan Gudang Utara","ref":""}},
{"type":"Feature","geometry":{"type":"LineString","coordinates":[[107.6206308,-6.9114044],[107.6211274,-6.9093568]]},"properties":{"name":"Jalan Menado","ref":"2243"}},
{"type":"Feature","geometry":{"type":"LineString","coordinates":[[107.6135654,-6.9171914],[107.6133877,-6.9176597],[107.6127815,-6.9179662]]},"properties":{"name":"Jalan Sumatra","ref":"2359"}},
{"type":"Feature","geometry":{"type":"LineString","coordinates":[[107.6206308,-6.9114044],[107.6202457,-6.9116215],[107.6200763,-6.9119234]]},"properties":{"name":"Jalan Menado","ref":"2243"}},
{"type":"Feature","geometry":{"type":"LineString","coordinates":[[107.6139552,-6.9149332],[107.6139539,-6.914317],[107.6133515,-6.9133639]]},"properties":{"name":"Jalan Sumatra","ref":"2359"}},
{"type":"Feature","geometry":{"type":"LineString","coordinates":[[107.6235225,-6.903385],[107.6261391,-6.9040869],[107.6265589,-6.9043823],[107.6268835,-6.9048896]]},"properties":{"name":"Jalan Cisangkuy","ref":"385"}},
{"type":"Feature","geometry":{"type":"LineString","coordinates":[[107.624274,-6.9040642],[107.624283,-6.9043422],[107.6250442,-6.9059109]]},"properties":{"name":"Jalan Taman Cibeunying Utara","ref":""}},
{"type":"Feature","geometry":{"type":"LineString","coordinates":[[107.6279552,-6.9423722],[107.6284594,-6.9418079],[107.6286132,-6.9407778],[107.6292882,-6.938873]]},"properties":{"name":"Jalan Kliningan","ref":""}},
{"type":"Feature","geometry":{"type":"LineString","coordinates":[[107.6236147,-6.9265547],[107.6230712,-6.9286235]]},"properties":{"name":"Jalan Palasari","ref":""}},
{"type":"Feature","geometry":{"type":"LineString","coordinates":[[107.6074143,-6.9150198],[107.6075641,-6.9142136]]},"properties":{"name":"Jalan Perintis Kemerdekaan","ref":""}},
{"type":"Feature","geometry":{"type":"LineString","coordinates":[[107.6264291,-6.9295004],[107.6265152,-6.9295231]]},"properties":{"name":"Jalan Talaga Bodas","ref":""}},
{"type":"Feature","geometry":{"type":"LineString","coordinates":[[107.6088792,-6.9162786],[107.6083144,-6.9162523],[107.6079775,-6.9160775]]},"properties":{"name":"Jalan Suniaraja","ref":""}},
{"type":"Feature","geometry":{"type":"LineString","coordinates":[[107.609044,-6.9105515],[107.6092148,-6.9103044]]},"properties":{"name":"","ref":""}},
{"type":"Feature","geometry":{"type":"LineString","coordinates":[[107.6126957,-6.9070364],[107.6126058,-6.9065756],[107.6135246,-6.9053818]]},"properties":{"name":"Jalan Trunojoyo","ref":"2409"}},
{"type":"Feature","geometry":{"type":"LineString","coordinates":[[107.6336406,-6.9478818],[107.6400988,-6.945893]]},"properties":{"name":"Jalan Soekarno-Hatta","ref":"11"}},
{"type":"Feature","geometry":{"type":"LineString","coordinates":[[107.6332291,-6.9477884],[107.6336406,-6.9478818]]},"properties":{"name":"","ref":""}},
{"type":"Feature","geometry":{"type":"LineString","coordinates":[[107.6195437,-6.9226161],[107.6180808,-6.9224786]]},"properties":{"name":"Jalan Jenderal Gatot Subroto","ref":""}},
{"type":"Feature","geometry":{"type":"LineString","coordinates":[[107.6211862,-6.9092178],[107.6215234,-6.9083284],[107.6219509,-6.9080809],[107.6226557,-6.9079997]]},"properties":{"name":"Jalan Cihapit","ref":""}},
{"type":"Feature","geometry":{"type":"LineString","coordinates":[[107.6317661,-6.9379183],[107.6317421,-6.9379689]]},"properties":{"name":"Jalan Reog","ref":"2322"}},
{"type":"Feature","geometry":{"type":"LineString","coordinates":[[107.6325931,-6.9343034],[107.632262,-6.9365411],[107.6317661,-6.9379183]]},"properties":{"name":"Jalan Reog","ref":"2322"}},
{"type":"Feature","geometry":{"type":"LineString","coordinates":[[107.6303401,-6.9393626],[107.6309641,-6.9396275]]},"properties":{"name":"Jalan Karawitan","ref":""}},
{"type":"Feature","geometry":{"type":"LineString","coordinates":[[107.6106164,-6.9099691],[107.6103525,-6.9136021]]},"properties":{"name":"Jalan Merdeka","ref":""}},
{"type":"Feature","geometry":{"type":"LineString","coordinates":[[107.6140557,-6.9103011],[107.6148175,-6.9100394]]},"properties":{"name":"Jalan Aceh","ref":""}},
{"type":"Feature","geometry":{"type":"LineString","coordinates":[[107.6130444,-6.9126174],[107.6125842,-6.9113906],[107.6124394,-6.910028]]},"properties":{"name":"Jalan Sumatra","ref":"2359"}},
{"type":"Feature","geometry":{"type":"LineString","coordinates":[[107.6126151,-6.9098105],[107.6137788,-6.9103556]]},"properties":{"name":"Jalan Aceh","ref":""}},
{"type":"Feature","geometry":{"type":"LineString","coordinates":[[107.6128139,-6.9070149],[107.6126957,-6.9070364]]},"properties":{"name":"Jalan L.L. RE. Martadinata","ref":"2318"}},
{"type":"Feature","geometry":{"type":"LineString","coordinates":[[107.6160286,-6.8989397],[107.6164572,-6.8990452]]},"properties":{"name":"Jalan Surapati","ref":""}},
{"type":"Feature","geometry":{"type":"LineString","coordinates":[[107.6158534,-6.8991356],[107.6130507,-6.8990822]]},"properties":{"name":"Jalan Prabu Dimuntur","ref":""}},
{"type":"Feature","geometry":{"type":"LineString","coordinates":[[107.6184347,-6.8992984],[107.6193443,-6.8992829]]},"properties":{"name":"Jalan Surapati","ref":""}},
{"type":"Feature","geometry":{"type":"LineString","coordinates":[[107.6092148,-6.9103044],[107.6105905,-6.9098058]]},"properties":{"name":"Jalan Aceh","ref":""}},
{"type":"Feature","geometry":{"type":"LineString","coordinates":[[107.6090309,-6.9137833],[107.609044,-6.9105515]]},"properties":{"name":"Jalan Wastukancana","ref":""}},
{"type":"Feature","geometry":{"type":"LineString","coordinates":[[107.6194592,-6.9213499],[107.6187221,-6.9217512]]},"properties":{"name":"Jalan Jenderal Ahmad Yani","ref":""}},
{"type":"Feature","geometry":{"type":"LineString","coordinates":[[107.6089516,-6.913844],[107.6090309,-6.9137833]]},"properties":{"name":"Jalan Perintis Kemerdekaan","ref":""}},
{"type":"Feature","geometry":{"type":"LineString","coordinates":[[107.623622,-6.9235764],[107.622352,-6.9230532],[107.6200822,-6.9226889]]},"properties":{"name":"Jalan Jenderal Gatot Subroto","ref":""}},
{"type":"Feature","geometry":{"type":"LineString","coordinates":[[107.6261515,-6.9309754],[107.6258213,-6.9323117]]},"properties":{"name":"Jalan Pelajar Pejuang 45","ref":"376"}},
{"type":"Feature","geometry":{"type":"LineString","coordinates":[[107.6272158,-6.9330278],[107.6325931,-6.9343034]]},"properties":{"name":"Jalan R.A.A. Martanegara","ref":"3395"}},
{"type":"Feature","geometry":{"type":"LineString","coordinates":[[107.6292882,-6.938873],[107.6303401,-6.9393626]]},"properties":{"name":"Jalan Karawitan","ref":""}},
{"type":"Feature","geometry":{"type":"LineString","coordinates":[[107.6159798,-6.9013693],[107.6163648,-6.901357]]},"properties":{"name":"Jalan Diponegoro","ref":"381"}},
{"type":"Feature","geometry":{"type":"LineString","coordinates":[[107.6245656,-6.9064723],[107.6233077,-6.9075143]]},"properties":{"name":"Jalan Cihapit","ref":""}},
{"type":"Feature","geometry":{"type":"LineString","coordinates":[[107.6208411,-6.9012258],[107.6212336,-6.9020291],[107.6219052,-6.9027577]]},"properties":{"name":"Jalan Cisangkuy","ref":"385"}},
{"type":"Feature","geometry":{"type":"LineString","coordinates":[[107.6400988,-6.945893],[107.6404015,-6.9458025]]},"properties":{"name":"Jalan Soekarno-Hatta","ref":"11"}},
{"type":"Feature","geometry":{"type":"LineString","coordinates":[[107.6188506,-6.915098],[107.6188743,-6.9158959],[107.6187726,-6.9159133]]},"properties":{"name":"Jalan Bangka","ref":""}},
{"type":"Feature","geometry":{"type":"LineString","coordinates":[[107.6199195,-6.9011743],[107.6208401,-6.9011493]]},"properties":{"name":"Jalan Diponegoro","ref":"381"}},
{"type":"Feature","geometry":{"type":"LineString","coordinates":[[107.6200763,-6.9119234],[107.6201243,-6.9123003],[107.6203568,-6.9126014]]},"properties":{"name":"Jalan Menado","ref":"2243"}},
{"type":"Feature","geometry":{"type":"LineString","coordinates":[[107.6193536,-6.8995642],[107.6193648,-6.89993]]},"properties":{"name":"Jalan Sentot Alibasyah","ref":"387"}},
{"type":"Feature","geometry":{"type":"LineString","coordinates":[[107.6193648,-6.89993],[107.619419,-6.9011883]]},"properties":{"name":"Jalan Sentot Alibasyah","ref":"387"}},
{"type":"Feature","geometry":{"type":"LineString","coordinates":[[107.6404015,-6.9458025],[107.6413988,-6.945524]]},"properties":{"name":"Jalan Soekarno-Hatta","ref":"11"}},
{"type":"Feature","geometry":{"type":"LineString","coordinates":[[107.6322352,-6.9468242],[107.6332291,-6.9477884]]},"properties":{"name":"Jalan Buah Batu","ref":"364"}},
{"type":"Feature","geometry":{"type":"LineString","coordinates":[[107.6106029,-6.9145006],[107.6110233,-6.914537]]},"properties":{"name":"Jalan Jawa","ref":""}},
{"type":"Feature","geometry":{"type":"LineString","coordinates":[[107.6138097,-6.9090016],[107.6128139,-6.9070149]]},"properties":{"name":"Jalan Seram","ref":"2337"}},
{"type":"Feature","geometry":{"type":"LineString","coordinates":[[107.6075959,-6.9156165],[107.6074058,-6.9153434],[107.6074143,-6.9150198]]},"properties":{"name":"Jalan Perintis Kemerdekaan","ref":""}},
{"type":"Feature","geometry":{"type":"LineString","coordinates":[[107.6124394,-6.910028],[107.6126151,-6.9098105]]},"properties":{"name":"Jalan Sumatra","ref":"2359"}},
{"type":"Feature","geometry":{"type":"LineString","coordinates":[[107.6090248,-6.9163578],[107.6088792,-6.9162786]]},"properties":{"name":"Jalan Braga","ref":""}},
{"type":"Feature","geometry":{"type":"LineString","coordinates":[[107.6137788,-6.9103556],[107.6140557,-6.9103011]]},"properties":{"name":"Jalan Aceh","ref":""}},
{"type":"Feature","geometry":{"type":"LineString","coordinates":[[107.6139552,-6.9149332],[107.6135654,-6.9171914]]},"properties":{"name":"Jalan Sumatra","ref":"2359"}},
{"type":"Feature","geometry":{"type":"LineString","coordinates":[[107.6187726,-6.9159133],[107.6185261,-6.915927]]},"properties":{"name":"Jalan Bangka","ref":""}},
{"type":"Feature","geometry":{"type":"LineString","coordinates":[[107.6185261,-6.915927],[107.6183708,-6.9159304]]},"properties":{"name":"Jalan Bangka","ref":""}},
{"type":"Feature","geometry":{"type":"LineString","coordinates":[[107.6233077,-6.9075143],[107.6226557,-6.9079997]]},"properties":{"name":"Jalan Cihapit","ref":""}},
{"type":"Feature","geometry":{"type":"LineString","coordinates":[[107.6236741,-6.9011631],[107.6236693,-6.901079]]},"properties":{"name":"Jalan Melania","ref":""}},
{"type":"Feature","geometry":{"type":"LineString","coordinates":[[107.6243612,-6.9238018],[107.6240605,-6.9244408]]},"properties":{"name":"Jalan Malabar","ref":""}},
{"type":"Feature","geometry":{"type":"LineString","coordinates":[[107.623622,-6.9235764],[107.6242815,-6.9236784]]},"properties":{"name":"Jalan Jenderal Gatot Subroto","ref":""}},
{"type":"Feature","geometry":{"type":"LineString","coordinates":[[107.6133515,-6.9133639],[107.61317,-6.9132928]]},"properties":{"name":"Jalan Sumatra","ref":"2359"}},
{"type":"Feature","geometry":{"type":"LineString","coordinates":[[107.61317,-6.9132928],[107.6130429,-6.9130986]]},"properties":{"name":"Jalan Sumatra","ref":"2359"}},
{"type":"Feature","geometry":{"type":"LineString","coordinates":[[107.6130429,-6.9130986],[107.6130444,-6.9126174]]},"properties":{"name":"Jalan Sumatra","ref":"2359"}},
{"type":"Feature","geometry":{"type":"LineString","coordinates":[[107.6200822,-6.9226889],[107.619593,-6.9226234]]},"properties":{"name":"Jalan Jenderal Gatot Subroto","ref":""}},
{"type":"Feature","geometry":{"type":"LineString","coordinates":[[107.6211274,-6.9093568],[107.6211862,-6.9092178]]},"properties":{"name":"Jalan Aceh","ref":""}},
{"type":"Feature","geometry":{"type":"LineString","coordinates":[[107.6179492,-6.9221334],[107.617859,-6.9223222],[107.6180808,-6.9224786]]},"properties":{"name":"","ref":""}},
{"type":"Feature","geometry":{"type":"LineString","coordinates":[[107.6187221,-6.9217512],[107.6179492,-6.9221334]]},"properties":{"name":"Jalan Jenderal Ahmad Yani","ref":"378"}},
{"type":"Feature","geometry":{"type":"LineString","coordinates":[[107.6169735,-6.9013373],[107.6180552,-6.9012929]]},"properties":{"name":"Jalan Diponegoro","ref":"381"}},
{"type":"Feature","geometry":{"type":"LineString","coordinates":[[107.6131694,-6.9036641],[107.6131403,-6.9040385]]},"properties":{"name":"Jalan Trunojoyo","ref":"2409"}},
{"type":"Feature","geometry":{"type":"LineString","coordinates":[[107.6279552,-6.9423722],[107.6320775,-6.9466684]]},"properties":{"name":"Jalan Buah Batu","ref":"364"}},
{"type":"Feature","geometry":{"type":"LineString","coordinates":[[107.6264291,-6.9295004],[107.6262668,-6.9294503]]},"properties":{"name":"Jalan Talaga Bodas","ref":""}},
{"type":"Feature","geometry":{"type":"LineString","coordinates":[[107.6414451,-6.9456922],[107.6408496,-6.9458361]]},"properties":{"name":"Jalan Soekarno-Hatta","ref":"11"}},
{"type":"Feature","geometry":{"type":"LineString","coordinates":[[107.6413988,-6.945524],[107.641837,-6.9453875]]},"properties":{"name":"Jalan Soekarno-Hatta","ref":"11"}},
{"type":"Feature","geometry":{"type":"LineString","coordinates":[[107.6419126,-6.9455527],[107.6418208,-6.9455841]]},"properties":{"name":"Jalan Soekarno-Hatta","ref":"11"}},
{"type":"Feature","geometry":{"type":"LineString","coordinates":[[107.6177628,-6.9211858],[107.6153363,-6.92071]]},"properties":{"name":"Jalan Naripan","ref":""}},
{"type":"Feature","geometry":{"type":"LineString","coordinates":[[107.6093197,-6.9174272],[107.6090248,-6.9163578]]},"properties":{"name":"Jalan Braga","ref":""}},
{"type":"Feature","geometry":{"type":"LineString","coordinates":[[107.6105905,-6.9098058],[107.6106164,-6.9099691]]},"properties":{"name":"Jalan Merdeka","ref":""}},
{"type":"Feature","geometry":{"type":"LineString","coordinates":[[107.6257675,-6.932523],[107.6262334,-6.9327732]]},"properties":{"name":"Jalan R.A.A. Martanegara","ref":"3395"}},
{"type":"Feature","geometry":{"type":"LineString","coordinates":[[107.6193457,-6.8993497],[107.6193483,-6.8994321]]},"properties":{"name":"Jalan Sentot Alibasyah","ref":"387"}},
{"type":"Feature","geometry":{"type":"LineString","coordinates":[[107.6135246,-6.9053818],[107.6132193,-6.9046741],[107.6131403,-6.9040385]]},"properties":{"name":"Jalan Trunojoyo","ref":"2409"}},
{"type":"Feature","geometry":{"type":"LineString","coordinates":[[107.6130507,-6.8990822],[107.6129556,-6.8989156],[107.6132841,-6.8988423]]},"properties":{"name":"","ref":""}},
{"type":"Feature","geometry":{"type":"LineString","coordinates":[[107.6250787,-6.9059782],[107.6245656,-6.9064723]]},"properties":{"name":"Jalan Cihapit","ref":""}},
{"type":"Feature","geometry":{"type":"LineString","coordinates":[[107.6079775,-6.9160775],[107.6077131,-6.915765]]},"properties":{"name":"Jalan Suniaraja","ref":""}},
{"type":"Feature","geometry":{"type":"LineString","coordinates":[[107.624396,-6.9237055],[107.6243612,-6.9238018]]},"properties":{"name":"Jalan Malabar","ref":""}},
{"type":"Feature","geometry":{"type":"LineString","coordinates":[[107.6242815,-6.9236784],[107.624396,-6.9237055]]},"properties":{"name":"Jalan Jenderal Gatot Subroto","ref":""}},
{"type":"Feature","geometry":{"type":"LineString","coordinates":[[107.6250442,-6.9059109],[107.6250787,-6.9059782]]},"properties":{"name":"Jalan Taman Cibeunying Utara","ref":""}},
{"type":"Feature","geometry":{"type":"LineString","coordinates":[[107.6077131,-6.915765],[107.6075959,-6.9156165]]},"properties":{"name":"Jalan Suniaraja","ref":""}},
{"type":"Feature","geometry":{"type":"LineString","coordinates":[[107.6137283,-6.9028378],[107.6131694,-6.9036641]]},"properties":{"name":"Jalan Trunojoyo","ref":"2409"}},
{"type":"Feature","geometry":{"type":"LineString","coordinates":[[107.6177628,-6.9211858],[107.6178524,-6.9204334]]},"properties":{"name":"Jalan Sunda","ref":"1269"}},
{"type":"Feature","geometry":{"type":"LineString","coordinates":[[107.6320775,-6.9466684],[107.6322352,-6.9468242]]},"properties":{"name":"Jalan Buah Batu","ref":"364"}},
{"type":"Feature","geometry":{"type":"LineString","coordinates":[[107.6265152,-6.9295231],[107.6261515,-6.9309754]]},"properties":{"name":"Jalan Pelajar Pejuang 45","ref":"376"}},
{"type":"Feature","geometry":{"type":"LineString","coordinates":[[107.6103525,-6.9136021],[107.6102982,-6.9141706]]},"properties":{"name":"Jalan Merdeka","ref":""}},
{"type":"Feature","geometry":{"type":"LineString","coordinates":[[107.6048398,-6.9184569],[107.6054461,-6.9186544]]},"properties":{"name":"Jalan ABC","ref":""}},
{"type":"Feature","geometry":{"type":"LineString","coordinates":[[107.619419,-6.9011883],[107.6199195,-6.9011743]]},"properties":{"name":"Jalan Diponegoro","ref":"381"}},
{"type":"Feature","geometry":{"type":"LineString","coordinates":[[107.6238524,-6.9251131],[107.6238958,-6.925325]]},"properties":{"name":"","ref":""}},
{"type":"Feature","geometry":{"type":"LineString","coordinates":[[107.6178524,-6.9204334],[107.6190743,-6.9209818],[107.6194592,-6.9213499]]},"properties":{"name":"Jalan Veteran","ref":""}},
{"type":"Feature","geometry":{"type":"LineString","coordinates":[[107.6262334,-6.9327732],[107.6272158,-6.9330278]]},"properties":{"name":"Jalan R.A.A. Martanegara","ref":"3395"}},
{"type":"Feature","geometry":{"type":"LineString","coordinates":[[107.6418208,-6.9455841],[107.6414451,-6.9456922]]},"properties":{"name":"Jalan Soekarno-Hatta","ref":"11"}},
{"type":"Feature","geometry":{"type":"LineString","coordinates":[[107.619593,-6.9226234],[107.6195437,-6.9226161]]},"properties":{"name":"Jalan Jenderal Gatot Subroto","ref":""}},
{"type":"Feature","geometry":{"type":"LineString","coordinates":[[107.641837,-6.9453875],[107.6419307,-6.9453525]]},"properties":{"name":"Jalan Soekarno-Hatta","ref":"11"}},
{"type":"Feature","geometry":{"type":"LineString","coordinates":[[107.6419307,-6.9453525],[107.6419126,-6.9455527]]},"properties":{"name":"Jalan Letnan Jenderal Ibrahim Adjie","ref":""}},
{"type":"Feature","geometry":{"type":"LineString","coordinates":[[107.6268835,-6.9048896],[107.6267079,-6.9050125]]},"properties":{"name":"","ref":""}},
{"type":"Feature","geometry":{"type":"LineString","coordinates":[[107.6219052,-6.9027577],[107.6235225,-6.903385]]},"properties":{"name":"Jalan Cisangkuy","ref":"385"}},
{"type":"Feature","geometry":{"type":"LineString","coordinates":[[107.6127815,-6.9179662],[107.6157093,-6.9194533]]},"properties":{"name":"Jalan Veteran","ref":""}},
{"type":"Feature","geometry":{"type":"LineString","coordinates":[[107.6164318,-6.9013546],[107.6168907,-6.9013406]]},"properties":{"name":"Jalan Diponegoro","ref":"381"}},
{"type":"Feature","geometry":{"type":"LineString","coordinates":[[107.6163648,-6.901357],[107.6164318,-6.9013546]]},"properties":{"name":"Jalan Diponegoro","ref":"381"}},
{"type":"Feature","geometry":{"type":"LineString","coordinates":[[107.6168907,-6.9013406],[107.6169735,-6.9013373]]},"properties":{"name":"Jalan Diponegoro","ref":"381"}},
{"type":"Feature","geometry":{"type":"LineString","coordinates":[[107.6193483,-6.8994321],[107.6193536,-6.8995642]]},"properties":{"name":"Jalan Sentot Alibasyah","ref":"387"}},
{"type":"Feature","geometry":{"type":"LineString","coordinates":[[107.6180552,-6.9012929],[107.6180078,-6.8994561]]},"properties":{"name":"Jalan Majapahit","ref":"387"}},
{"type":"Feature","geometry":{"type":"LineString","coordinates":[[107.6258213,-6.9323117],[107.6257675,-6.932523]]},"properties":{"name":"Jalan Pelajar Pejuang 45","ref":"376"}},
{"type":"Feature","geometry":{"type":"LineString","coordinates":[[107.6191903,-6.9151802],[107.6196923,-6.9153016]]},"properties":{"name":"Jalan Gudang Utara","ref":""}},
{"type":"Feature","geometry":{"type":"LineString","coordinates":[[107.6267079,-6.9050125],[107.6256387,-6.9044047]]},"properties":{"name":"Jalan Cilaki","ref":"385"}},
{"type":"Feature","geometry":{"type":"LineString","coordinates":[[107.6256387,-6.9044047],[107.624274,-6.9040642]]},"properties":{"name":"Jalan Cilaki","ref":"385"}},
{"type":"Feature","geometry":{"type":"LineString","coordinates":[[107.6236741,-6.9011631],[107.6234939,-6.9011666]]},"properties":{"name":"Jalan Diponegoro","ref":"381"}},
{"type":"Feature","geometry":{"type":"LineString","coordinates":[[107.6234939,-6.9011666],[107.6232646,-6.901171]]},"properties":{"name":"Jalan Diponegoro","ref":"381"}},
{"type":"Feature","geometry":{"type":"LineString","coordinates":[[107.6232646,-6.901171],[107.6231861,-6.9011725]]},"properties":{"name":"Jalan Diponegoro","ref":"381"}},
{"type":"Feature","geometry":{"type":"LineString","coordinates":[[107.6231861,-6.9011725],[107.6229595,-6.9011769]]},"properties":{"name":"Jalan Diponegoro","ref":"381"}},
{"type":"Feature","geometry":{"type":"LineString","coordinates":[[107.6229595,-6.9011769],[107.6229193,-6.9011777]]},"properties":{"name":"Jalan Diponegoro","ref":"381"}},
{"type":"Feature","geometry":{"type":"LineString","coordinates":[[107.6229193,-6.9011777],[107.6227,-6.901182]]},"properties":{"name":"Jalan Diponegoro","ref":"381"}},
{"type":"Feature","geometry":{"type":"LineString","coordinates":[[107.6227,-6.901182],[107.6226543,-6.9011828]]},"properties":{"name":"Jalan Diponegoro","ref":"381"}},
{"type":"Feature","geometry":{"type":"LineString","coordinates":[[107.6226543,-6.9011828],[107.6224364,-6.9011901]]},"properties":{"name":"Jalan Diponegoro","ref":"381"}},
{"type":"Feature","geometry":{"type":"LineString","coordinates":[[107.6224364,-6.9011901],[107.6223306,-6.9011924]]},"properties":{"name":"Jalan Diponegoro","ref":"381"}},
{"type":"Feature","geometry":{"type":"LineString","coordinates":[[107.6223306,-6.9011924],[107.6222064,-6.9011951]]},"properties":{"name":"Jalan Diponegoro","ref":"381"}},
{"type":"Feature","geometry":{"type":"LineString","coordinates":[[107.6222064,-6.9011951],[107.6216513,-6.9012073]]},"properties":{"name":"Jalan Diponegoro","ref":"381"}},
{"type":"Feature","geometry":{"type":"LineString","coordinates":[[107.6216513,-6.9012073],[107.6215707,-6.9012091]]},"properties":{"name":"Jalan Diponegoro","ref":"381"}},
{"type":"Feature","geometry":{"type":"LineString","coordinates":[[107.6215707,-6.9012091],[107.6210608,-6.9012202]]},"properties":{"name":"Jalan Diponegoro","ref":"381"}},
{"type":"Feature","geometry":{"type":"LineString","coordinates":[[107.6210608,-6.9012202],[107.6208411,-6.9012258]]},"properties":{"name":"Jalan Diponegoro","ref":"381"}},
{"type":"Feature","geometry":{"type":"LineString","coordinates":[[107.6208401,-6.9011493],[107.6213033,-6.9011378]]},"properties":{"name":"Jalan Diponegoro","ref":"381"}},
{"type":"Feature","geometry":{"type":"LineString","coordinates":[[107.6213033,-6.9011378],[107.6216766,-6.9011285]]},"properties":{"name":"Jalan Diponegoro","ref":"381"}},
{"type":"Feature","geometry":{"type":"LineString","coordinates":[[107.6216766,-6.9011285],[107.6221254,-6.9011174]]},"properties":{"name":"Jalan Diponegoro","ref":"381"}},
{"type":"Feature","geometry":{"type":"LineString","coordinates":[[107.6221254,-6.9011174],[107.6224081,-6.9011103]]},"properties":{"name":"Jalan Diponegoro","ref":"381"}},
{"type":"Feature","geometry":{"type":"LineString","coordinates":[[107.6224081,-6.9011103],[107.6234934,-6.9010834]]},"properties":{"name":"Jalan Diponegoro","ref":"381"}},
{"type":"Feature","geometry":{"type":"LineString","coordinates":[[107.6234934,-6.9010834],[107.6236693,-6.901079]]},"properties":{"name":"Jalan Diponegoro","ref":"381"}},
{"type":"Feature","geometry":{"type":"LineString","coordinates":[[107.6110233,-6.914537],[107.611206,-6.9145527]]},"properties":{"name":"Jalan Jawa","ref":""}},
{"type":"Feature","geometry":{"type":"LineString","coordinates":[[107.611206,-6.9145527],[107.6121127,-6.9146576]]},"properties":{"name":"Jalan Jawa","ref":""}},
{"type":"Feature","geometry":{"type":"LineString","coordinates":[[107.6121127,-6.9146576],[107.6124478,-6.9147158]]},"properties":{"name":"Jalan Jawa","ref":""}},
{"type":"Feature","geometry":{"type":"LineString","coordinates":[[107.6124478,-6.9147158],[107.6132899,-6.9148363]]},"properties":{"name":"Jalan Jawa","ref":""}},
{"type":"Feature","geometry":{"type":"LineString","coordinates":[[107.6132899,-6.9148363],[107.6134413,-6.9148584]]},"properties":{"name":"Jalan Jawa","ref":""}},
{"type":"Feature","geometry":{"type":"LineString","coordinates":[[107.6134413,-6.9148584],[107.6139552,-6.9149332]]},"properties":{"name":"Jalan Jawa","ref":""}},
{"type":"Feature","geometry":{"type":"LineString","coordinates":[[107.6178213,-6.9157925],[107.6183708,-6.9159304]]},"properties":{"name":"Jalan Jawa","ref":""}},
{"type":"Feature","geometry":{"type":"LineString","coordinates":[[107.6169023,-6.9155618],[107.6178213,-6.9157925]]},"properties":{"name":"Jalan Jawa","ref":""}},
{"type":"Feature","geometry":{"type":"LineString","coordinates":[[107.6155852,-6.9152856],[107.6169023,-6.9155618]]},"properties":{"name":"Jalan Jawa","ref":""}},
{"type":"Feature","geometry":{"type":"LineString","coordinates":[[107.6139552,-6.9149332],[107.6155852,-6.9152856]]},"properties":{"name":"Jalan Jawa","ref":""}},
{"type":"Feature","geometry":{"type":"LineString","coordinates":[[107.6096319,-6.9185764],[107.60945,-6.917904]]},"properties":{"name":"Jalan Braga","ref":""}},
{"type":"Feature","geometry":{"type":"LineString","coordinates":[[107.60945,-6.917904],[107.6094071,-6.9177472]]},"properties":{"name":"Jalan Braga","ref":""}},
{"type":"Feature","geometry":{"type":"LineString","coordinates":[[107.6094071,-6.9177472],[107.6093197,-6.9174272]]},"properties":{"name":"Jalan Braga","ref":""}},
{"type":"Feature","geometry":{"type":"LineString","coordinates":[[107.6317421,-6.9379689],[107.6315151,-6.9384406]]},"properties":{"name":"Jalan Reog","ref":"2322"}},
{"type":"Feature","geometry":{"type":"LineString","coordinates":[[107.6315151,-6.9384406],[107.6312907,-6.9389235]]},"properties":{"name":"Jalan Reog","ref":"2322"}},
{"type":"Feature","geometry":{"type":"LineString","coordinates":[[107.6312907,-6.9389235],[107.6309641,-6.9396275]]},"properties":{"name":"Jalan Reog","ref":"2322"}},
{"type":"Feature","geometry":{"type":"LineString","coordinates":[[107.6166576,-6.8991786],[107.6161849,-6.8991228]]},"properties":{"name":"Jalan Surapati","ref":""}},
{"type":"Feature","geometry":{"type":"LineString","coordinates":[[107.6159798,-6.9013693],[107.6151341,-6.9021756],[107.6143729,-6.9022742],[107.6137283,-6.9028378]]},"properties":{"name":"Jalan Trunojoyo","ref":"2409"}},
{"type":"Feature","geometry":{"type":"LineString","coordinates":[[107.6117292,-6.9070622],[107.6115775,-6.907378],[107.6116375,-6.9078428],[107.6123913,-6.909767]]},"properties":{"name":"Jalan Sumatra","ref":""}},
{"type":"Feature","geometry":{"type":"LineString","coordinates":[[107.6211646,-6.902749],[107.6199711,-6.9018372],[107.619705,-6.9012645]]},"properties":{"name":"Jalan Cilaki","ref":"385"}},
{"type":"Feature","geometry":{"type":"LineString","coordinates":[[107.6244904,-6.9059393],[107.6234661,-6.9039077]]},"properties":{"name":"Jalan Cibeunying Selatan","ref":""}},
{"type":"Feature","geometry":{"type":"LineString","coordinates":[[107.6247143,-6.9215815],[107.6242238,-6.9188675]]},"properties":{"name":"Jalan Malabar","ref":""}},
{"type":"Feature","geometry":{"type":"LineString","coordinates":[[107.6247143,-6.9215815],[107.6247096,-6.9222492]]},"properties":{"name":"Jalan Malabar","ref":""}},
{"type":"Feature","geometry":{"type":"LineString","coordinates":[[107.6045054,-6.9158364],[107.6043506,-6.917436]]},"properties":{"name":"Jalan Otto Iskandardinata","ref":""}},
{"type":"Feature","geometry":{"type":"LineString","coordinates":[[107.6262668,-6.9294503],[107.6230712,-6.9286235]]},"properties":{"name":"Jalan Talaga Bodas","ref":""}},
{"type":"Feature","geometry":{"type":"LineString","coordinates":[[107.6259726,-6.9327273],[107.625745,-6.9326113]]},"properties":{"name":"Jalan R.A.A. Martanegara","ref":"3395"}},
{"type":"Feature","geometry":{"type":"LineString","coordinates":[[107.6236147,-6.9265547],[107.6231899,-6.9264392]]},"properties":{"name":"Jalan Terusan Halimun","ref":""}},
{"type":"Feature","geometry":{"type":"LineString","coordinates":[[107.6231899,-6.9264392],[107.623714,-6.925252]]},"properties":{"name":"Jalan Malabar","ref":""}},
{"type":"Feature","geometry":{"type":"LineString","coordinates":[[107.6269247,-6.9376714],[107.6272124,-6.9378376]]},"properties":{"name":"Jalan Karawitan","ref":""}},
{"type":"Feature","geometry":{"type":"LineString","coordinates":[[107.6238524,-6.9251131],[107.6240605,-6.9244408]]},"properties":{"name":"Jalan Malabar","ref":""}},
{"type":"Feature","geometry":{"type":"LineString","coordinates":[[107.6115788,-6.9173248],[107.6115796,-6.9175824]]},"properties":{"name":"Jalan Markoni","ref":""}},
{"type":"Feature","geometry":{"type":"LineString","coordinates":[[107.6206308,-6.9114044],[107.6211274,-6.9093568]]},"properties":{"name":"Jalan Menado","ref":"2243"}},
{"type":"Feature","geometry":{"type":"LineString","coordinates":[[107.6114812,-6.9185116],[107.6108687,-6.9184205],[107.6096319,-6.9185764]]},"properties":{"name":"Jalan Kejaksaan","ref":""}},
{"type":"Feature","geometry":{"type":"LineString","coordinates":[[107.6206308,-6.9114044],[107.6202457,-6.9116215],[107.6200763,-6.9119234]]},"properties":{"name":"Jalan Menado","ref":"2243"}},
{"type":"Feature","geometry":{"type":"LineString","coordinates":[[107.6139552,-6.9149332],[107.6139539,-6.914317],[107.6133515,-6.9133639]]},"properties":{"name":"Jalan Sumatra","ref":"2359"}},
{"type":"Feature","geometry":{"type":"LineString","coordinates":[[107.6144696,-6.9121614],[107.6132624,-6.9126239]]},"properties":{"name":"Jalan Belitung","ref":"2046"}},
{"type":"Feature","geometry":{"type":"LineString","coordinates":[[107.6183708,-6.9159304],[107.6183514,-6.9154513],[107.6172878,-6.9135725]]},"properties":{"name":"Jalan Sumbawa","ref":"2360"}},
{"type":"Feature","geometry":{"type":"LineString","coordinates":[[107.6139066,-6.9105285],[107.6144696,-6.9121614]]},"properties":{"name":"Jalan Kalimantan","ref":"2192"}},
{"type":"Feature","geometry":{"type":"LineString","coordinates":[[107.6279552,-6.9423722],[107.6284594,-6.9418079],[107.6286132,-6.9407778],[107.6292882,-6.938873]]},"properties":{"name":"Jalan Kliningan","ref":""}},
{"type":"Feature","geometry":{"type":"LineString","coordinates":[[107.6255806,-6.936362],[107.6262684,-6.9354443]]},"properties":{"name":"Jalan Maskumambang","ref":""}},
{"type":"Feature","geometry":{"type":"LineString","coordinates":[[107.6269247,-6.9376714],[107.6255806,-6.936362]]},"properties":{"name":"Jalan Karawitan","ref":""}},
{"type":"Feature","geometry":{"type":"LineString","coordinates":[[107.6272124,-6.9378376],[107.628426,-6.9384481]]},"properties":{"name":"Jalan Karawitan","ref":""}},
{"type":"Feature","geometry":{"type":"LineString","coordinates":[[107.628426,-6.9384481],[107.6292882,-6.938873]]},"properties":{"name":"Jalan Karawitan","ref":""}},
{"type":"Feature","geometry":{"type":"LineString","coordinates":[[107.6236147,-6.9265547],[107.6230712,-6.9286235]]},"properties":{"name":"Jalan Palasari","ref":""}},
{"type":"Feature","geometry":{"type":"LineString","coordinates":[[107.6088792,-6.9162786],[107.6083144,-6.9162523],[107.6079775,-6.9160775]]},"properties":{"name":"Jalan Suniaraja","ref":""}},
{"type":"Feature","geometry":{"type":"LineString","coordinates":[[107.6109278,-6.9169939],[107.6113378,-6.917202]]},"properties":{"name":"Jalan Lembong","ref":""}},
{"type":"Feature","geometry":{"type":"LineString","coordinates":[[107.6211862,-6.9092178],[107.6215234,-6.9083284],[107.6219509,-6.9080809],[107.6226557,-6.9079997]]},"properties":{"name":"Jalan Cihapit","ref":""}},
{"type":"Feature","geometry":{"type":"LineString","coordinates":[[107.6247096,-6.9222492],[107.624678,-6.9223936]]},"properties":{"name":"Jalan Malabar","ref":""}},
{"type":"Feature","geometry":{"type":"LineString","coordinates":[[107.624678,-6.9223936],[107.6243769,-6.9235522]]},"properties":{"name":"Jalan Malabar","ref":""}},
{"type":"Feature","geometry":{"type":"LineString","coordinates":[[107.6132624,-6.9126239],[107.6131733,-6.9129717]]},"properties":{"name":"Jalan Sumatra","ref":"2359"}},
{"type":"Feature","geometry":{"type":"LineString","coordinates":[[107.6161546,-6.9116221],[107.6175732,-6.9115105]]},"properties":{"name":"Jalan Belitung","ref":"2046"}},
{"type":"Feature","geometry":{"type":"LineString","coordinates":[[107.6126151,-6.9098105],[107.6137788,-6.9103556]]},"properties":{"name":"Jalan Aceh","ref":""}},
{"type":"Feature","geometry":{"type":"LineString","coordinates":[[107.6192733,-6.8999367],[107.6192514,-6.8994349]]},"properties":{"name":"Jalan Sentot Alibasyah","ref":"387"}},
{"type":"Feature","geometry":{"type":"LineString","coordinates":[[107.6175732,-6.9115105],[107.6183415,-6.911498]]},"properties":{"name":"Jalan Belitung","ref":"2046"}},
{"type":"Feature","geometry":{"type":"LineString","coordinates":[[107.6172878,-6.9135725],[107.6161546,-6.9116221]]},"properties":{"name":"Jalan Sumbawa","ref":"2360"}},
{"type":"Feature","geometry":{"type":"LineString","coordinates":[[107.6183415,-6.911498],[107.6200763,-6.9119234]]},"properties":{"name":"Jalan Belitung","ref":"2046"}},
{"type":"Feature","geometry":{"type":"LineString","coordinates":[[107.6194592,-6.9213499],[107.6187221,-6.9217512]]},"properties":{"name":"Jalan Jenderal Ahmad Yani","ref":""}},
{"type":"Feature","geometry":{"type":"LineString","coordinates":[[107.6257279,-6.9322848],[107.6263851,-6.9296738]]},"properties":{"name":"Jalan Pelajar Pejuang 45","ref":"376"}},
{"type":"Feature","geometry":{"type":"LineString","coordinates":[[107.6228594,-6.9195533],[107.6194592,-6.9213499]]},"properties":{"name":"Jalan Jenderal Ahmad Yani","ref":""}},
{"type":"Feature","geometry":{"type":"LineString","coordinates":[[107.6159798,-6.9013693],[107.6163648,-6.901357]]},"properties":{"name":"Jalan Diponegoro","ref":"381"}},
{"type":"Feature","geometry":{"type":"LineString","coordinates":[[107.6245656,-6.9064723],[107.6233077,-6.9075143]]},"properties":{"name":"Jalan Cihapit","ref":""}},
{"type":"Feature","geometry":{"type":"LineString","coordinates":[[107.6193022,-6.9012716],[107.6193024,-6.9011929]]},"properties":{"name":"Jalan Sentot Alibasyah","ref":"387"}},
{"type":"Feature","geometry":{"type":"LineString","coordinates":[[107.6263851,-6.9296738],[107.6262668,-6.9294503]]},"properties":{"name":"","ref":""}},
{"type":"Feature","geometry":{"type":"LineString","coordinates":[[107.6246134,-6.9062344],[107.6244881,-6.906002]]},"properties":{"name":"Jalan Cibeunying Selatan","ref":""}},
{"type":"Feature","geometry":{"type":"LineString","coordinates":[[107.6059861,-6.9155367],[107.6045054,-6.9158364]]},"properties":{"name":"Jalan Suniaraja","ref":""}},
{"type":"Feature","geometry":{"type":"LineString","coordinates":[[107.6106029,-6.9145006],[107.6110233,-6.914537]]},"properties":{"name":"Jalan Jawa","ref":""}},
{"type":"Feature","geometry":{"type":"LineString","coordinates":[[107.6106029,-6.9145006],[107.6102674,-6.9146071]]},"properties":{"name":"Jalan Jawa","ref":""}},
{"type":"Feature","geometry":{"type":"LineString","coordinates":[[107.6073053,-6.9154939],[107.6071157,-6.9154839]]},"properties":{"name":"Jalan Suniaraja","ref":""}},
{"type":"Feature","geometry":{"type":"LineString","coordinates":[[107.6071157,-6.9154839],[107.6065499,-6.9154703]]},"properties":{"name":"Jalan Suniaraja","ref":""}},
{"type":"Feature","geometry":{"type":"LineString","coordinates":[[107.6109032,-6.9056145],[107.6106503,-6.9058775]]},"properties":{"name":"Jalan Sultan Agung","ref":"2356"}},
{"type":"Feature","geometry":{"type":"LineString","coordinates":[[107.6090248,-6.9163578],[107.6088792,-6.9162786]]},"properties":{"name":"Jalan Braga","ref":""}},
{"type":"Feature","geometry":{"type":"LineString","coordinates":[[107.6137788,-6.9103556],[107.6139066,-6.9105285]]},"properties":{"name":"Jalan Kalimantan","ref":"2192"}},
{"type":"Feature","geometry":{"type":"LineString","coordinates":[[107.6178524,-6.9204334],[107.6183708,-6.9159304]]},"properties":{"name":"Jalan Sunda","ref":"1269"}},
{"type":"Feature","geometry":{"type":"LineString","coordinates":[[107.6233077,-6.9075143],[107.6226557,-6.9079997]]},"properties":{"name":"Jalan Cihapit","ref":""}},
{"type":"Feature","geometry":{"type":"LineString","coordinates":[[107.6242815,-6.9236784],[107.6243769,-6.9235522]]},"properties":{"name":"Jalan Malabar","ref":""}},
{"type":"Feature","geometry":{"type":"LineString","coordinates":[[107.6242404,-6.9237756],[107.6242815,-6.9236784]]},"properties":{"name":"Jalan Malabar","ref":""}},
{"type":"Feature","geometry":{"type":"LineString","coordinates":[[107.6131733,-6.9129717],[107.6133515,-6.9133639]]},"properties":{"name":"Jalan Sumatra","ref":"2359"}},
{"type":"Feature","geometry":{"type":"LineString","coordinates":[[107.6065499,-6.9154703],[107.6059861,-6.9155367]]},"properties":{"name":"Jalan Suniaraja","ref":""}},
{"type":"Feature","geometry":{"type":"LineString","coordinates":[[107.6240605,-6.9244408],[107.6242404,-6.9237756]]},"properties":{"name":"Jalan Malabar","ref":""}},
{"type":"Feature","geometry":{"type":"LineString","coordinates":[[107.6211274,-6.9093568],[107.6211862,-6.9092178]]},"properties":{"name":"Jalan Aceh","ref":""}},
{"type":"Feature","geometry":{"type":"LineString","coordinates":[[107.6131694,-6.9036641],[107.6109032,-6.9056145]]},"properties":{"name":"Jalan Sultan Agung","ref":"2356"}},
{"type":"Feature","geometry":{"type":"LineString","coordinates":[[107.6176674,-6.9220018],[107.6177628,-6.9211858]]},"properties":{"name":"Jalan Sunda","ref":"1269"}},
{"type":"Feature","geometry":{"type":"LineString","coordinates":[[107.6179492,-6.9221334],[107.6176674,-6.9220018]]},"properties":{"name":"","ref":""}},
{"type":"Feature","geometry":{"type":"LineString","coordinates":[[107.6187221,-6.9217512],[107.6179492,-6.9221334]]},"properties":{"name":"Jalan Jenderal Ahmad Yani","ref":"378"}},
{"type":"Feature","geometry":{"type":"LineString","coordinates":[[107.619423,-6.9012693],[107.6193022,-6.9012716]]},"properties":{"name":"Jalan Diponegoro","ref":"381"}},
{"type":"Feature","geometry":{"type":"LineString","coordinates":[[107.6169735,-6.9013373],[107.6180552,-6.9012929]]},"properties":{"name":"Jalan Diponegoro","ref":"381"}},
{"type":"Feature","geometry":{"type":"LineString","coordinates":[[107.6101984,-6.9153866],[107.610072,-6.9165602]]},"properties":{"name":"Jalan Merdeka","ref":""}},
{"type":"Feature","geometry":{"type":"LineString","coordinates":[[107.6324353,-6.9471384],[107.6279626,-6.9424961]]},"properties":{"name":"Jalan Buah Batu","ref":"364"}},
{"type":"Feature","geometry":{"type":"LineString","coordinates":[[107.6404414,-6.9459162],[107.6401117,-6.9460015]]},"properties":{"name":"Jalan Soekarno-Hatta","ref":"11"}},
{"type":"Feature","geometry":{"type":"LineString","coordinates":[[107.63913,-6.9463163],[107.6379765,-6.9466862]]},"properties":{"name":"Jalan Soekarno-Hatta","ref":"11"}},
{"type":"Feature","geometry":{"type":"LineString","coordinates":[[107.6379765,-6.9466862],[107.6362655,-6.9471987]]},"properties":{"name":"Jalan Soekarno-Hatta","ref":"11"}},
{"type":"Feature","geometry":{"type":"LineString","coordinates":[[107.6362655,-6.9471987],[107.6356037,-6.9474143]]},"properties":{"name":"Jalan Soekarno-Hatta","ref":"11"}},
{"type":"Feature","geometry":{"type":"LineString","coordinates":[[107.6356037,-6.9474143],[107.6345119,-6.9477553]]},"properties":{"name":"Jalan Soekarno-Hatta","ref":"11"}},
{"type":"Feature","geometry":{"type":"LineString","coordinates":[[107.633797,-6.9479897],[107.6335261,-6.9480768]]},"properties":{"name":"Jalan Soekarno-Hatta","ref":"11"}},
{"type":"Feature","geometry":{"type":"LineString","coordinates":[[107.6345119,-6.9477553],[107.633797,-6.9479897]]},"properties":{"name":"Jalan Soekarno-Hatta","ref":"11"}},
{"type":"Feature","geometry":{"type":"LineString","coordinates":[[107.6335261,-6.9480768],[107.6334141,-6.9481055]]},"properties":{"name":"Jalan Soekarno-Hatta","ref":"11"}},
{"type":"Feature","geometry":{"type":"LineString","coordinates":[[107.6331466,-6.9478406],[107.6324353,-6.9471384]]},"properties":{"name":"Jalan Buah Batu","ref":"364"}},
{"type":"Feature","geometry":{"type":"LineString","coordinates":[[107.6332967,-6.9479888],[107.6331466,-6.9478406]]},"properties":{"name":"Jalan Buah Batu","ref":"364"}},
{"type":"Feature","geometry":{"type":"LineString","coordinates":[[107.6334141,-6.9481055],[107.6332967,-6.9479888]]},"properties":{"name":"Jalan Buah Batu","ref":"364"}},
{"type":"Feature","geometry":{"type":"LineString","coordinates":[[107.6093197,-6.9174272],[107.6090248,-6.9163578]]},"properties":{"name":"Jalan Braga","ref":""}},
{"type":"Feature","geometry":{"type":"LineString","coordinates":[[107.6270975,-6.9333963],[107.6272158,-6.9330278]]},"properties":{"name":"Jalan Maskumambang","ref":""}},
{"type":"Feature","geometry":{"type":"LineString","coordinates":[[107.625745,-6.9326113],[107.6256715,-6.9325087]]},"properties":{"name":"Jalan R.A.A. Martanegara","ref":"3395"}},
{"type":"Feature","geometry":{"type":"LineString","coordinates":[[107.6234661,-6.9039077],[107.6231942,-6.903766]]},"properties":{"name":"Jalan Cilaki","ref":"385"}},
{"type":"Feature","geometry":{"type":"LineString","coordinates":[[107.610072,-6.9165602],[107.6109278,-6.9169939]]},"properties":{"name":"Jalan Lembong","ref":""}},
{"type":"Feature","geometry":{"type":"LineString","coordinates":[[107.6245656,-6.9064723],[107.6246134,-6.9062344]]},"properties":{"name":"Jalan Cihapit","ref":""}},
{"type":"Feature","geometry":{"type":"LineString","coordinates":[[107.6193024,-6.9011929],[107.6192733,-6.8999367]]},"properties":{"name":"Jalan Sentot Alibasyah","ref":"387"}},
{"type":"Feature","geometry":{"type":"LineString","coordinates":[[107.6079775,-6.9160775],[107.6077131,-6.915765]]},"properties":{"name":"Jalan Suniaraja","ref":""}},
{"type":"Feature","geometry":{"type":"LineString","coordinates":[[107.6231942,-6.903766],[107.6219541,-6.903354],[107.6211646,-6.902749]]},"properties":{"name":"Jalan Cilaki","ref":"385"}},
{"type":"Feature","geometry":{"type":"LineString","coordinates":[[107.6244881,-6.906002],[107.6244904,-6.9059393]]},"properties":{"name":"Jalan Cibeunying Selatan","ref":""}},
{"type":"Feature","geometry":{"type":"LineString","coordinates":[[107.6043506,-6.917436],[107.6042904,-6.9182779]]},"properties":{"name":"Jalan Otto Iskandardinata","ref":""}},
{"type":"Feature","geometry":{"type":"LineString","coordinates":[[107.6073939,-6.915502],[107.6073053,-6.9154939]]},"properties":{"name":"Jalan Suniaraja","ref":""}},
{"type":"Feature","geometry":{"type":"LineString","coordinates":[[107.6077131,-6.915765],[107.6075959,-6.9156165]]},"properties":{"name":"Jalan Suniaraja","ref":""}},
{"type":"Feature","geometry":{"type":"LineString","coordinates":[[107.6075959,-6.9156165],[107.6073939,-6.915502]]},"properties":{"name":"Jalan Suniaraja","ref":""}},
{"type":"Feature","geometry":{"type":"LineString","coordinates":[[107.6137283,-6.9028378],[107.6131694,-6.9036641]]},"properties":{"name":"Jalan Trunojoyo","ref":"2409"}},
{"type":"Feature","geometry":{"type":"LineString","coordinates":[[107.6177628,-6.9211858],[107.6178524,-6.9204334]]},"properties":{"name":"Jalan Sunda","ref":"1269"}},
{"type":"Feature","geometry":{"type":"LineString","coordinates":[[107.6256715,-6.9325087],[107.6256947,-6.9324168]]},"properties":{"name":"Jalan Pelajar Pejuang 45","ref":"376"}},
{"type":"Feature","geometry":{"type":"LineString","coordinates":[[107.6181567,-6.899379],[107.618155,-6.9012865]]},"properties":{"name":"Jalan Majapahit","ref":"387"}},
{"type":"Feature","geometry":{"type":"LineString","coordinates":[[107.6262334,-6.9327732],[107.6259726,-6.9327273]]},"properties":{"name":"Jalan R.A.A. Martanegara","ref":"3395"}},
{"type":"Feature","geometry":{"type":"LineString","coordinates":[[107.6123913,-6.909767],[107.6126151,-6.9098105]]},"properties":{"name":"Jalan Aceh","ref":""}},
{"type":"Feature","geometry":{"type":"LineString","coordinates":[[107.623714,-6.925252],[107.6238524,-6.9251131]]},"properties":{"name":"","ref":""}},
{"type":"Feature","geometry":{"type":"LineString","coordinates":[[107.6242238,-6.9188675],[107.6241356,-6.9188768]]},"properties":{"name":"Jalan Jenderal Ahmad Yani","ref":""}},
{"type":"Feature","geometry":{"type":"LineString","coordinates":[[107.6262334,-6.9327732],[107.6272158,-6.9330278]]},"properties":{"name":"Jalan R.A.A. Martanegara","ref":"3395"}},
{"type":"Feature","geometry":{"type":"LineString","coordinates":[[107.6106398,-6.9067368],[107.6106377,-6.9069919]]},"properties":{"name":"Jalan Ir. H. Djuanda","ref":"2182"}},
{"type":"Feature","geometry":{"type":"LineString","coordinates":[[107.6401117,-6.9460015],[107.63913,-6.9463163]]},"properties":{"name":"Jalan Soekarno-Hatta","ref":"11"}},
{"type":"Feature","geometry":{"type":"LineString","coordinates":[[107.6241356,-6.9188768],[107.6228594,-6.9195533]]},"properties":{"name":"Jalan Jenderal Ahmad Yani","ref":""}},
{"type":"Feature","geometry":{"type":"LineString","coordinates":[[107.6164318,-6.9013546],[107.6168907,-6.9013406]]},"properties":{"name":"Jalan Diponegoro","ref":"381"}},
{"type":"Feature","geometry":{"type":"LineString","coordinates":[[107.6163648,-6.901357],[107.6164318,-6.9013546]]},"properties":{"name":"Jalan Diponegoro","ref":"381"}},
{"type":"Feature","geometry":{"type":"LineString","coordinates":[[107.6168907,-6.9013406],[107.6169735,-6.9013373]]},"properties":{"name":"Jalan Diponegoro","ref":"381"}},
{"type":"Feature","geometry":{"type":"LineString","coordinates":[[107.6192514,-6.8994349],[107.6191325,-6.8993561]]},"properties":{"name":"Jalan Sentot Alibasyah","ref":"387"}},
{"type":"Feature","geometry":{"type":"LineString","coordinates":[[107.6191325,-6.8993561],[107.6181567,-6.899379]]},"properties":{"name":"Jalan Surapati","ref":""}},
{"type":"Feature","geometry":{"type":"LineString","coordinates":[[107.610206,-6.915247],[107.6101984,-6.9153866]]},"properties":{"name":"Jalan Merdeka","ref":""}},
{"type":"Feature","geometry":{"type":"LineString","coordinates":[[107.6256947,-6.9324168],[107.6257279,-6.9322848]]},"properties":{"name":"Jalan Pelajar Pejuang 45","ref":"376"}},
{"type":"Feature","geometry":{"type":"LineString","coordinates":[[107.6042904,-6.9182779],[107.6048398,-6.9184569]]},"properties":{"name":"Jalan ABC","ref":""}},
{"type":"Feature","geometry":{"type":"LineString","coordinates":[[107.6408496,-6.9458361],[107.6404414,-6.9459162]]},"properties":{"name":"Jalan Soekarno-Hatta","ref":"11"}},
{"type":"Feature","geometry":{"type":"LineString","coordinates":[[107.6117292,-6.9070622],[107.6113975,-6.9070401]]},"properties":{"name":"Jalan L.L. RE. Martadinata","ref":"2318"}},
{"type":"Feature","geometry":{"type":"LineString","coordinates":[[107.6113975,-6.9070401],[107.6111706,-6.9070246]]},"properties":{"name":"Jalan L.L. RE. Martadinata","ref":"2318"}},
{"type":"Feature","geometry":{"type":"LineString","coordinates":[[107.6111706,-6.9070246],[107.6106377,-6.9069919]]},"properties":{"name":"Jalan L.L. RE. Martadinata","ref":"2318"}},
{"type":"Feature","geometry":{"type":"LineString","coordinates":[[107.619705,-6.9012645],[107.619423,-6.9012693]]},"properties":{"name":"Jalan Diponegoro","ref":"381"}},
{"type":"Feature","geometry":{"type":"LineString","coordinates":[[107.6110233,-6.914537],[107.611206,-6.9145527]]},"properties":{"name":"Jalan Jawa","ref":""}},
{"type":"Feature","geometry":{"type":"LineString","coordinates":[[107.611206,-6.9145527],[107.6121127,-6.9146576]]},"properties":{"name":"Jalan Jawa","ref":""}},
{"type":"Feature","geometry":{"type":"LineString","coordinates":[[107.6121127,-6.9146576],[107.6124478,-6.9147158]]},"properties":{"name":"Jalan Jawa","ref":""}},
{"type":"Feature","geometry":{"type":"LineString","coordinates":[[107.6124478,-6.9147158],[107.6132899,-6.9148363]]},"properties":{"name":"Jalan Jawa","ref":""}},
{"type":"Feature","geometry":{"type":"LineString","coordinates":[[107.6132899,-6.9148363],[107.6134413,-6.9148584]]},"properties":{"name":"Jalan Jawa","ref":""}},
{"type":"Feature","geometry":{"type":"LineString","coordinates":[[107.6134413,-6.9148584],[107.6139552,-6.9149332]]},"properties":{"name":"Jalan Jawa","ref":""}},
{"type":"Feature","geometry":{"type":"LineString","coordinates":[[107.6096319,-6.9185764],[107.60945,-6.917904]]},"properties":{"name":"Jalan Braga","ref":""}},
{"type":"Feature","geometry":{"type":"LineString","coordinates":[[107.60945,-6.917904],[107.6094071,-6.9177472]]},"properties":{"name":"Jalan Braga","ref":""}},
{"type":"Feature","geometry":{"type":"LineString","coordinates":[[107.6094071,-6.9177472],[107.6093197,-6.9174272]]},"properties":{"name":"Jalan Braga","ref":""}},
{"type":"Feature","geometry":{"type":"LineString","coordinates":[[107.6115796,-6.9175824],[107.6114812,-6.9185116]]},"properties":{"name":"Jalan Markoni","ref":""}},
{"type":"Feature","geometry":{"type":"LineString","coordinates":[[107.6113378,-6.917202],[107.6114765,-6.9172727]]},"properties":{"name":"Jalan Lembong","ref":""}},
{"type":"Feature","geometry":{"type":"LineString","coordinates":[[107.6114765,-6.9172727],[107.6115788,-6.9173248]]},"properties":{"name":"Jalan Lembong","ref":""}},
{"type":"Feature","geometry":{"type":"LineString","coordinates":[[107.6106503,-6.9058775],[107.6106398,-6.9067368]]},"properties":{"name":"Jalan Ir. H. Djuanda","ref":"2182"}},
{"type":"Feature","geometry":{"type":"LineString","coordinates":[[107.6102674,-6.9146071],[107.610206,-6.915247]]},"properties":{"name":"Jalan Merdeka","ref":""}},
{"type":"Feature","geometry":{"type":"LineString","coordinates":[[107.6279626,-6.9424961],[107.6279552,-6.9423722]]},"properties":{"name":"Jalan Kliningan","ref":""}},
{"type":"Feature","geometry":{"type":"LineString","coordinates":[[107.6262684,-6.9354443],[107.6265023,-6.9350074]]},"properties":{"name":"Jalan Maskumambang","ref":""}},
{"type":"Feature","geometry":{"type":"LineString","coordinates":[[107.6265023,-6.9350074],[107.6266495,-6.9347029]]},"properties":{"name":"Jalan Maskumambang","ref":""}},
{"type":"Feature","geometry":{"type":"LineString","coordinates":[[107.6266495,-6.9347029],[107.6266944,-6.9346057]]},"properties":{"name":"Jalan Maskumambang","ref":""}},
{"type":"Feature","geometry":{"type":"LineString","coordinates":[[107.6266944,-6.9346057],[107.6267245,-6.9345392]]},"properties":{"name":"Jalan Maskumambang","ref":""}},
{"type":"Feature","geometry":{"type":"LineString","coordinates":[[107.6267245,-6.9345392],[107.6267769,-6.9343907]]},"properties":{"name":"Jalan Maskumambang","ref":""}},
{"type":"Feature","geometry":{"type":"LineString","coordinates":[[107.6267769,-6.9343907],[107.6268716,-6.934109]]},"properties":{"name":"Jalan Maskumambang","ref":""}},
{"type":"Feature","geometry":{"type":"LineString","coordinates":[[107.6268716,-6.934109],[107.6269089,-6.9340019]]},"properties":{"name":"Jalan Maskumambang","ref":""}},
{"type":"Feature","geometry":{"type":"LineString","coordinates":[[107.6269089,-6.9340019],[107.6270113,-6.9336719]]},"properties":{"name":"Jalan Maskumambang","ref":""}},
{"type":"Feature","geometry":{"type":"LineString","coordinates":[[107.6270113,-6.9336719],[107.6270743,-6.9334709]]},"properties":{"name":"Jalan Maskumambang","ref":""}},
{"type":"Feature","geometry":{"type":"LineString","coordinates":[[107.6270743,-6.9334709],[107.6270975,-6.9333963]]},"properties":{"name":"Jalan Maskumambang","ref":""}},
{"type":"Feature","geometry":{"type":"LineString","coordinates":[[107.618155,-6.9012865],[107.6180552,-6.9012929]]},"properties":{"name":"Jalan Diponegoro","ref":"381"}},
{"type":"Feature","geometry":{"type":"LineString","coordinates":[[107.6073865,-6.9076628],[107.6065225,-6.9072053],[107.6055894,-6.9071347]]},"properties":{"name":"Jalan Pajajaran","ref":""}},
{"type":"Feature","geometry":{"type":"LineString","coordinates":[[107.6044282,-6.9071102],[107.6043867,-6.9048271]]},"properties":{"name":"Jalan Cihampelas","ref":""}},
{"type":"Feature","geometry":{"type":"LineString","coordinates":[[107.5996034,-6.9021781],[107.5995001,-6.9020788]]},"properties":{"name":"Jalan Doktor Louis Otten","ref":""}},
{"type":"Feature","geometry":{"type":"LineString","coordinates":[[107.6071931,-6.9145156],[107.6073185,-6.9143005]]},"properties":{"name":"Jalan Perintis Kemerdekaan","ref":""}},
{"type":"Feature","geometry":{"type":"LineString","coordinates":[[107.6075641,-6.9142136],[107.6081711,-6.9139136],[107.6089516,-6.913844]]},"properties":{"name":"Jalan Perintis Kemerdekaan","ref":""}},
{"type":"Feature","geometry":{"type":"LineString","coordinates":[[107.6045889,-6.9148224],[107.6047205,-6.914736],[107.6064066,-6.9149399]]},"properties":{"name":"Jalan Stasiun Timur","ref":""}},
{"type":"Feature","geometry":{"type":"LineString","coordinates":[[107.604546,-6.9153572],[107.6045889,-6.9148224]]},"properties":{"name":"Jalan Otto Iskandardinata","ref":""}},
{"type":"Feature","geometry":{"type":"LineString","coordinates":[[107.5666744,-6.889252],[107.5698608,-6.8896958],[107.571799,-6.8901058],[107.5720632,-6.8902745]]},"properties":{"name":"Jalan Gunung Batu","ref":""}},
{"type":"Feature","geometry":{"type":"LineString","coordinates":[[107.5726332,-6.8935801],[107.5743913,-6.8937881]]},"properties":{"name":"Jalan Sukaraja II","ref":""}},
{"type":"Feature","geometry":{"type":"LineString","coordinates":[[107.5720632,-6.8902745],[107.5726332,-6.8935801]]},"properties":{"name":"Jalan Dakota","ref":""}},
{"type":"Feature","geometry":{"type":"LineString","coordinates":[[107.5668171,-6.8885326],[107.5672467,-6.8875315]]},"properties":{"name":"Overpass Gunung Batu","ref":""}},
{"type":"Feature","geometry":{"type":"LineString","coordinates":[[107.5807947,-6.892408],[107.5794555,-6.8918038]]},"properties":{"name":"Jalan Sukaraja","ref":""}},
{"type":"Feature","geometry":{"type":"LineString","coordinates":[[107.5982442,-6.9003802],[107.5977337,-6.9003863]]},"properties":{"name":"Jalan Pasteur","ref":""}},
{"type":"Feature","geometry":{"type":"LineString","coordinates":[[107.5815675,-6.8923486],[107.5807947,-6.892408]]},"properties":{"name":"Jalan Sukaraja","ref":""}},
{"type":"Feature","geometry":{"type":"LineString","coordinates":[[107.6055894,-6.9071347],[107.6053829,-6.907135]]},"properties":{"name":"Jalan Pajajaran","ref":""}},
{"type":"Feature","geometry":{"type":"LineString","coordinates":[[107.6009396,-6.9034374],[107.5996034,-6.9021781]]},"properties":{"name":"Jalan Doktor Louis Otten","ref":""}},
{"type":"Feature","geometry":{"type":"LineString","coordinates":[[107.5995001,-6.9020788],[107.5985614,-6.9011751]]},"properties":{"name":"Jalan Doktor Louis Otten","ref":""}},
{"type":"Feature","geometry":{"type":"LineString","coordinates":[[107.6088855,-6.9102984],[107.6083912,-6.9093671]]},"properties":{"name":"Jalan Wastukancana","ref":""}},
{"type":"Feature","geometry":{"type":"LineString","coordinates":[[107.60248,-6.9044983],[107.6022483,-6.904811],[107.6015193,-6.9048777]]},"properties":{"name":"Jalan dr. Cipto","ref":"1066"}},
{"type":"Feature","geometry":{"type":"LineString","coordinates":[[107.6042585,-6.9043799],[107.6025713,-6.9045005]]},"properties":{"name":"Jalan Abdul Rivai","ref":"11111"}},
{"type":"Feature","geometry":{"type":"LineString","coordinates":[[107.5974469,-6.9003919],[107.5973654,-6.9003949]]},"properties":{"name":"Jalan Dokter Djunjunan","ref":""}},
{"type":"Feature","geometry":{"type":"LineString","coordinates":[[107.6043435,-6.9046277],[107.6042585,-6.9043799]]},"properties":{"name":"Jalan Cihampelas","ref":""}},
{"type":"Feature","geometry":{"type":"LineString","coordinates":[[107.6083912,-6.9093671],[107.608135,-6.9090242]]},"properties":{"name":"Jalan Wastukancana","ref":""}},
{"type":"Feature","geometry":{"type":"LineString","coordinates":[[107.6027081,-6.91612],[107.6031079,-6.9160834]]},"properties":{"name":"Jalan Suniaraja","ref":""}},
{"type":"Feature","geometry":{"type":"LineString","coordinates":[[107.6024325,-6.9161432],[107.6027081,-6.91612]]},"properties":{"name":"Jalan Suniaraja","ref":""}},
{"type":"Feature","geometry":{"type":"LineString","coordinates":[[107.608135,-6.9090242],[107.6076596,-6.9080052]]},"properties":{"name":"Jalan Wastukancana","ref":""}},
{"type":"Feature","geometry":{"type":"LineString","coordinates":[[107.6090309,-6.9137833],[107.609044,-6.9105515]]},"properties":{"name":"Jalan Wastukancana","ref":""}},
{"type":"Feature","geometry":{"type":"LineString","coordinates":[[107.5821877,-6.8923919],[107.5815675,-6.8923486]]},"properties":{"name":"Jalan Dr. Djunjunan","ref":""}},
{"type":"Feature","geometry":{"type":"LineString","coordinates":[[107.5950699,-6.8998783],[107.5934941,-6.8984211]]},"properties":{"name":"Jalan Dr. Djunjunan","ref":""}},
{"type":"Feature","geometry":{"type":"LineString","coordinates":[[107.5869781,-6.8940142],[107.5857839,-6.8931207],[107.5847557,-6.892607],[107.5833959,-6.8923362],[107.5821877,-6.8923919]]},"properties":{"name":"Jalan Dr. Djunjunan","ref":""}},
{"type":"Feature","geometry":{"type":"LineString","coordinates":[[107.5668171,-6.8885326],[107.5667162,-6.8890247]]},"properties":{"name":"Overpass Gunung Batu","ref":""}},
{"type":"Feature","geometry":{"type":"LineString","coordinates":[[107.597049,-6.9003916],[107.5962775,-6.9003643],[107.5955089,-6.9001209]]},"properties":{"name":"Jalan Dr. Djunjunan","ref":""}},
{"type":"Feature","geometry":{"type":"LineString","coordinates":[[107.6070945,-6.9151362],[107.6071931,-6.9145156]]},"properties":{"name":"Jalan Perintis Kemerdekaan","ref":""}},
{"type":"Feature","geometry":{"type":"LineString","coordinates":[[107.6089516,-6.913844],[107.6090309,-6.9137833]]},"properties":{"name":"Jalan Perintis Kemerdekaan","ref":""}},
{"type":"Feature","geometry":{"type":"LineString","coordinates":[[107.601339,-6.9048875],[107.6014033,-6.9046523]]},"properties":{"name":"Jalan Dokter Gunawan Mangunkusumo","ref":""}},
{"type":"Feature","geometry":{"type":"LineString","coordinates":[[107.6043867,-6.9048271],[107.6043435,-6.9046277]]},"properties":{"name":"Jalan Cihampelas","ref":""}},
{"type":"Feature","geometry":{"type":"LineString","coordinates":[[107.5984038,-6.9012736],[107.5982483,-6.9011405],[107.5982442,-6.9003802]]},"properties":{"name":"Jalan Doktor Louis Otten","ref":""}},
{"type":"Feature","geometry":{"type":"LineString","coordinates":[[107.6025713,-6.9045005],[107.60248,-6.9044983]]},"properties":{"name":"Jalan Abdul Rivai","ref":"11111"}},
{"type":"Feature","geometry":{"type":"LineString","coordinates":[[107.6076596,-6.9080052],[107.6073865,-6.9076628]]},"properties":{"name":"Jalan Pajajaran","ref":""}},
{"type":"Feature","geometry":{"type":"LineString","coordinates":[[107.6053829,-6.907135],[107.6045,-6.907158]]},"properties":{"name":"Jalan Pajajaran","ref":""}},
{"type":"Feature","geometry":{"type":"LineString","coordinates":[[107.5934941,-6.8984211],[107.5925774,-6.8975709],[107.5892547,-6.895687],[107.5869781,-6.8940142]]},"properties":{"name":"Jalan Dr. Djunjunan","ref":""}},
{"type":"Feature","geometry":{"type":"LineString","coordinates":[[107.5763426,-6.8911426],[107.576486,-6.8911581]]},"properties":{"name":"Jalan Sukaraja","ref":""}},
{"type":"Feature","geometry":{"type":"LineString","coordinates":[[107.5761887,-6.89111],[107.5763426,-6.8911426]]},"properties":{"name":"Jalan Sukaraja","ref":""}},
{"type":"Feature","geometry":{"type":"LineString","coordinates":[[107.5667162,-6.8890247],[107.5666744,-6.889252]]},"properties":{"name":"Overpass Gunung Batu","ref":""}},
{"type":"Feature","geometry":{"type":"LineString","coordinates":[[107.6045,-6.907158],[107.6044282,-6.9071102]]},"properties":{"name":"Jalan Pajajaran","ref":"369;371"}},
{"type":"Feature","geometry":{"type":"LineString","coordinates":[[107.606909,-6.9153005],[107.6070945,-6.9151362]]},"properties":{"name":"Jalan Stasiun Timur","ref":""}},
{"type":"Feature","geometry":{"type":"LineString","coordinates":[[107.5977337,-6.9003863],[107.5974469,-6.9003919]]},"properties":{"name":"Jalan Pasteur","ref":""}},
{"type":"Feature","geometry":{"type":"LineString","coordinates":[[107.609044,-6.9105515],[107.6088855,-6.9102984]]},"properties":{"name":"Jalan Wastukancana","ref":""}},
{"type":"Feature","geometry":{"type":"LineString","coordinates":[[107.6031079,-6.9160834],[107.6045054,-6.9158364]]},"properties":{"name":"Jalan Suniaraja","ref":""}},
{"type":"Feature","geometry":{"type":"LineString","coordinates":[[107.6045054,-6.9158364],[107.604546,-6.9153572]]},"properties":{"name":"Jalan Otto Iskandardinata","ref":""}},
{"type":"Feature","geometry":{"type":"LineString","coordinates":[[107.5973654,-6.9003949],[107.597049,-6.9003916]]},"properties":{"name":"Jalan Dr. Djunjunan","ref":""}},
{"type":"Feature","geometry":{"type":"LineString","coordinates":[[107.5743913,-6.8937881],[107.5754545,-6.8918515],[107.5755656,-6.8913711],[107.5761887,-6.89111]]},"properties":{"name":"Jalan Sukaraja II","ref":""}},
{"type":"Feature","geometry":{"type":"LineString","coordinates":[[107.6064066,-6.9149399],[107.606909,-6.9153005]]},"properties":{"name":"Jalan Stasiun Timur","ref":""}},
{"type":"Feature","geometry":{"type":"LineString","coordinates":[[107.5955089,-6.9001209],[107.5950699,-6.8998783]]},"properties":{"name":"Jalan Dr. Djunjunan","ref":""}},
{"type":"Feature","geometry":{"type":"LineString","coordinates":[[107.5985614,-6.9011751],[107.5984038,-6.9012736]]},"properties":{"name":"Jalan Doktor Louis Otten","ref":""}},
{"type":"Feature","geometry":{"type":"LineString","coordinates":[[107.6009997,-6.9036058],[107.6009396,-6.9034374]]},"properties":{"name":"Jalan Doktor Louis Otten","ref":""}},
{"type":"Feature","geometry":{"type":"LineString","coordinates":[[107.6013604,-6.9040126],[107.6010968,-6.90402],[107.6009509,-6.9038503]]},"properties":{"name":"Bundaran Rajiman","ref":"1256"}},
{"type":"Feature","geometry":{"type":"LineString","coordinates":[[107.6009509,-6.9038503],[107.6009997,-6.9036058]]},"properties":{"name":"Bundaran Rajiman","ref":"1256"}},
{"type":"Feature","geometry":{"type":"LineString","coordinates":[[107.6073185,-6.9143005],[107.6075641,-6.9142136]]},"properties":{"name":"Jalan Perintis Kemerdekaan","ref":""}},
{"type":"Feature","geometry":{"type":"LineString","coordinates":[[107.5794007,-6.8917752],[107.5772675,-6.8911676],[107.576486,-6.8911581]]},"properties":{"name":"Jalan Sukaraja","ref":""}},
{"type":"Feature","geometry":{"type":"LineString","coordinates":[[107.5794555,-6.8918038],[107.5794007,-6.8917752]]},"properties":{"name":"Jalan Sukaraja","ref":""}},
{"type":"Feature","geometry":{"type":"LineString","coordinates":[[107.6015193,-6.9048777],[107.601339,-6.9048875]]},"properties":{"name":"Jalan dr. Cipto","ref":"1066"}},
{"type":"Feature","geometry":{"type":"LineString","coordinates":[[107.6014033,-6.9046523],[107.6014361,-6.9042205]]},"properties":{"name":"Jalan Dokter Gunawan Mangunkusumo","ref":""}},
{"type":"Feature","geometry":{"type":"LineString","coordinates":[[107.6014361,-6.9042205],[107.6013604,-6.9040126]]},"properties":{"name":"Jalan Dokter Gunawan Mangunkusumo","ref":""}},
{"type":"Feature","geometry":{"type":"LineString","coordinates":[[107.5744266,-6.9194787],[107.575014,-6.9236585]]},"properties":{"name":"Jalan Soekarno-Hatta","ref":"11"}},
{"type":"Feature","geometry":{"type":"LineString","coordinates":[[107.5755571,-6.9135373],[107.5748897,-6.9155407]]},"properties":{"name":"Jalan Elang","ref":"11"}},
{"type":"Feature","geometry":{"type":"LineString","coordinates":[[107.6336406,-6.9478818],[107.6400988,-6.945893]]},"properties":{"name":"Jalan Soekarno-Hatta","ref":"11"}},
{"type":"Feature","geometry":{"type":"LineString","coordinates":[[107.621611,-6.9491677],[107.6219888,-6.9491964]]},"properties":{"name":"Jalan Soekarno-Hatta","ref":"11"}},
{"type":"Feature","geometry":{"type":"LineString","coordinates":[[107.6219888,-6.9491964],[107.6249026,-6.9494354]]},"properties":{"name":"Jalan Soekarno-Hatta","ref":"11"}},
{"type":"Feature","geometry":{"type":"LineString","coordinates":[[107.575014,-6.9236585],[107.5753412,-6.9258096]]},"properties":{"name":"Jalan Soekarno-Hatta","ref":"11"}},
{"type":"Feature","geometry":{"type":"LineString","coordinates":[[107.5863956,-6.9441848],[107.5888658,-6.9451811]]},"properties":{"name":"Jalan Soekarno-Hatta","ref":"11"}},
{"type":"Feature","geometry":{"type":"LineString","coordinates":[[107.5905372,-6.9458885],[107.5920057,-6.9464327]]},"properties":{"name":"Jalan Soekarno-Hatta","ref":"11"}},
{"type":"Feature","geometry":{"type":"LineString","coordinates":[[107.5760593,-6.9304537],[107.5761295,-6.9307327]]},"properties":{"name":"Jalan Soekarno-Hatta","ref":"11"}},
{"type":"Feature","geometry":{"type":"LineString","coordinates":[[107.6124767,-6.9485183],[107.6196694,-6.9490241]]},"properties":{"name":"Jalan Soekarno-Hatta","ref":"11"}},
{"type":"Feature","geometry":{"type":"LineString","coordinates":[[107.6215191,-6.9491613],[107.621611,-6.9491677]]},"properties":{"name":"Jalan Soekarno-Hatta","ref":"11"}},
{"type":"Feature","geometry":{"type":"LineString","coordinates":[[107.6094101,-6.9482727],[107.6097206,-6.9482923]]},"properties":{"name":"Jalan Soekarno-Hatta","ref":"11"}},
{"type":"Feature","geometry":{"type":"LineString","coordinates":[[107.6400988,-6.945893],[107.6404015,-6.9458025]]},"properties":{"name":"Jalan Soekarno-Hatta","ref":"11"}},
{"type":"Feature","geometry":{"type":"LineString","coordinates":[[107.6526343,-6.9418642],[107.6528244,-6.9418009]]},"properties":{"name":"Jalan Soekarno-Hatta","ref":""}},
{"type":"Feature","geometry":{"type":"LineString","coordinates":[[107.6608909,-6.9394147],[107.6638937,-6.9389862],[107.6690273,-6.9386024]]},"properties":{"name":"Jalan Soekarno-Hatta","ref":""}},
{"type":"Feature","geometry":{"type":"LineString","coordinates":[[107.6820516,-6.9376753],[107.6845012,-6.9375117]]},"properties":{"name":"Jalan Soekarno-Hatta","ref":""}},
{"type":"Feature","geometry":{"type":"LineString","coordinates":[[107.6811571,-6.9377409],[107.6820516,-6.9376753]]},"properties":{"name":"Jalan Soekarno-Hatta","ref":""}},
{"type":"Feature","geometry":{"type":"LineString","coordinates":[[107.6773491,-6.9380105],[107.6803968,-6.9378003]]},"properties":{"name":"Soekarno Hatta Frontage Boulevard","ref":""}},
{"type":"Feature","geometry":{"type":"LineString","coordinates":[[107.6881164,-6.9372393],[107.6919976,-6.9369777]]},"properties":{"name":"Soekarno Hatta Frontage Boulevard","ref":""}},
{"type":"Feature","geometry":{"type":"LineString","coordinates":[[107.5756277,-6.9276758],[107.5759894,-6.9300668]]},"properties":{"name":"Jalan Soekarno-Hatta","ref":"11"}},
{"type":"Feature","geometry":{"type":"LineString","coordinates":[[107.5761295,-6.9307327],[107.5766269,-6.9322818],[107.577519,-6.9342396],[107.5812002,-6.9397265],[107.5823106,-6.941111]]},"properties":{"name":"Jalan Soekarno-Hatta","ref":"11"}},
{"type":"Feature","geometry":{"type":"LineString","coordinates":[[107.6404015,-6.9458025],[107.6413988,-6.945524]]},"properties":{"name":"Jalan Soekarno-Hatta","ref":"11"}},
{"type":"Feature","geometry":{"type":"LineString","coordinates":[[107.5745791,-6.9171828],[107.5744512,-6.9169972]]},"properties":{"name":"Bunderan Cibeureum","ref":"11"}},
{"type":"Feature","geometry":{"type":"LineString","coordinates":[[107.6742862,-6.9382242],[107.6744202,-6.9382178]]},"properties":{"name":"Soekarno Hatta Frontage Boulevard","ref":""}},
{"type":"Feature","geometry":{"type":"LineString","coordinates":[[107.6728746,-6.9383241],[107.6742862,-6.9382242]]},"properties":{"name":"Jalan Soekarno-Hatta","ref":""}},
{"type":"Feature","geometry":{"type":"LineString","coordinates":[[107.6696795,-6.9385517],[107.6698031,-6.9385447]]},"properties":{"name":"Jalan Soekarno-Hatta","ref":""}},
{"type":"Feature","geometry":{"type":"LineString","coordinates":[[107.6698031,-6.9385447],[107.6725046,-6.9383493]]},"properties":{"name":"Jalan Soekarno-Hatta","ref":""}},
{"type":"Feature","geometry":{"type":"LineString","coordinates":[[107.6845012,-6.9375117],[107.6847668,-6.9374899]]},"properties":{"name":"Soekarno Hatta Frontage Boulevard","ref":""}},
{"type":"Feature","geometry":{"type":"LineString","coordinates":[[107.6865016,-6.9373601],[107.6881164,-6.9372393]]},"properties":{"name":"Jalan Soekarno-Hatta","ref":""}},
{"type":"Feature","geometry":{"type":"LineString","coordinates":[[107.6054387,-6.9480071],[107.6089854,-6.9482416]]},"properties":{"name":"Jalan Soekarno-Hatta","ref":"11"}},
{"type":"Feature","geometry":{"type":"LineString","coordinates":[[107.6039667,-6.9478945],[107.6041277,-6.947905]]},"properties":{"name":"Jalan Soekarno-Hatta","ref":"11"}},
{"type":"Feature","geometry":{"type":"LineString","coordinates":[[107.6944949,-6.9512773],[107.6951471,-6.95219],[107.6956918,-6.9537393],[107.6957347,-6.9546586],[107.6954029,-6.9562988]]},"properties":{"name":"Bulevar Utama","ref":"11113"}},
{"type":"Feature","geometry":{"type":"LineString","coordinates":[[107.5744159,-6.9173911],[107.5744266,-6.9194787]]},"properties":{"name":"Jalan Soekarno-Hatta","ref":"11"}},
{"type":"Feature","geometry":{"type":"LineString","coordinates":[[107.5831212,-6.9419015],[107.5844282,-6.9430135]]},"properties":{"name":"Jalan Soekarno-Hatta","ref":"11"}},
{"type":"Feature","geometry":{"type":"LineString","coordinates":[[107.6558473,-6.9408628],[107.6561907,-6.9407508]]},"properties":{"name":"Jalan Soekarno-Hatta","ref":""}},
{"type":"Feature","geometry":{"type":"LineString","coordinates":[[107.6528244,-6.9418009],[107.6558473,-6.9408628]]},"properties":{"name":"Jalan Soekarno-Hatta","ref":""}},
{"type":"Feature","geometry":{"type":"LineString","coordinates":[[107.6925641,-6.9376071],[107.6925095,-6.9377585]]},"properties":{"name":"Jalan Gedebage Selatan","ref":""}},
{"type":"Feature","geometry":{"type":"LineString","coordinates":[[107.6249026,-6.9494354],[107.6259741,-6.9494625]]},"properties":{"name":"Jalan Soekarno-Hatta","ref":"11"}},
{"type":"Feature","geometry":{"type":"LineString","coordinates":[[107.6954029,-6.9562988],[107.695518,-6.9565498]]},"properties":{"name":"","ref":""}},
{"type":"Feature","geometry":{"type":"LineString","coordinates":[[107.6956096,-6.9565743],[107.6967946,-6.9566328],[107.6985047,-6.9559695]]},"properties":{"name":"Grand Bulevar","ref":"11113"}},
{"type":"Feature","geometry":{"type":"LineString","coordinates":[[107.6262747,-6.9494594],[107.6285395,-6.9492726],[107.6309791,-6.9487354]]},"properties":{"name":"Jalan Soekarno-Hatta","ref":"11"}},
{"type":"Feature","geometry":{"type":"LineString","coordinates":[[107.6097206,-6.9482923],[107.6124767,-6.9485183]]},"properties":{"name":"Jalan Soekarno-Hatta","ref":"11"}},
{"type":"Feature","geometry":{"type":"LineString","coordinates":[[107.6309791,-6.9487354],[107.6330447,-6.9480758]]},"properties":{"name":"Jalan Soekarno-Hatta","ref":"11"}},
{"type":"Feature","geometry":{"type":"LineString","coordinates":[[107.6330447,-6.9480758],[107.6332967,-6.9479888]]},"properties":{"name":"Jalan Soekarno-Hatta","ref":"11"}},
{"type":"Feature","geometry":{"type":"LineString","coordinates":[[107.6332967,-6.9479888],[107.6333973,-6.9479551]]},"properties":{"name":"Jalan Soekarno-Hatta","ref":"11"}},
{"type":"Feature","geometry":{"type":"LineString","coordinates":[[107.6487109,-6.9431279],[107.6526343,-6.9418642]]},"properties":{"name":"Jalan Soekarno-Hatta","ref":""}},
{"type":"Feature","geometry":{"type":"LineString","coordinates":[[107.6413988,-6.945524],[107.641837,-6.9453875]]},"properties":{"name":"Jalan Soekarno-Hatta","ref":"11"}},
{"type":"Feature","geometry":{"type":"LineString","coordinates":[[107.6419307,-6.9453525],[107.6422973,-6.9452119]]},"properties":{"name":"Jalan Soekarno-Hatta","ref":"11"}},
{"type":"Feature","geometry":{"type":"LineString","coordinates":[[107.5753412,-6.9258096],[107.5755137,-6.9269292]]},"properties":{"name":"Jalan Soekarno-Hatta","ref":"11"}},
{"type":"Feature","geometry":{"type":"LineString","coordinates":[[107.5745601,-6.9172787],[107.5744159,-6.9173911]]},"properties":{"name":"Bunderan Cibeureum","ref":"11"}},
{"type":"Feature","geometry":{"type":"LineString","coordinates":[[107.5897693,-6.9455492],[107.5899638,-6.9456485]]},"properties":{"name":"Jalan Soekarno-Hatta","ref":"11"}},
{"type":"Feature","geometry":{"type":"LineString","coordinates":[[107.5760414,-6.9303848],[107.5760593,-6.9304537]]},"properties":{"name":"Jalan Soekarno-Hatta","ref":"11"}},
{"type":"Feature","geometry":{"type":"LineString","coordinates":[[107.5894219,-6.9454078],[107.5897088,-6.945521]]},"properties":{"name":"Jalan Soekarno-Hatta","ref":"11"}},
{"type":"Feature","geometry":{"type":"LineString","coordinates":[[107.6041277,-6.947905],[107.6054387,-6.9480071]]},"properties":{"name":"Jalan Soekarno-Hatta","ref":"11"}},
{"type":"Feature","geometry":{"type":"LineString","coordinates":[[107.6089854,-6.9482416],[107.6094101,-6.9482727]]},"properties":{"name":"Jalan Soekarno-Hatta","ref":"11"}},
{"type":"Feature","geometry":{"type":"LineString","coordinates":[[107.5952745,-6.9472037],[107.5955093,-6.9472465]]},"properties":{"name":"Jalan Soekarno-Hatta","ref":"11"}},
{"type":"Feature","geometry":{"type":"LineString","coordinates":[[107.6926303,-6.9369434],[107.6926097,-6.9371315]]},"properties":{"name":"","ref":""}},
{"type":"Feature","geometry":{"type":"LineString","coordinates":[[107.5849105,-6.9433545],[107.5863956,-6.9441848]]},"properties":{"name":"Jalan Soekarno-Hatta","ref":"11"}},
{"type":"Feature","geometry":{"type":"LineString","coordinates":[[107.5955093,-6.9472465],[107.598288,-6.947504]]},"properties":{"name":"Jalan Soekarno-Hatta","ref":"11"}},
{"type":"Feature","geometry":{"type":"LineString","coordinates":[[107.598288,-6.947504],[107.5999463,-6.9476316]]},"properties":{"name":"Jalan Soekarno-Hatta","ref":"11"}},
{"type":"Feature","geometry":{"type":"LineString","coordinates":[[107.6025818,-6.9478249],[107.6039667,-6.9478945]]},"properties":{"name":"Jalan Soekarno-Hatta","ref":"11"}},
{"type":"Feature","geometry":{"type":"LineString","coordinates":[[107.693647,-6.9493908],[107.693844,-6.9506455],[107.6944949,-6.9512773]]},"properties":{"name":"Bulevar Utama","ref":"11113"}},
{"type":"Feature","geometry":{"type":"LineString","coordinates":[[107.5748897,-6.9155407],[107.5743593,-6.9169831]]},"properties":{"name":"Jalan Elang","ref":"11"}},
{"type":"Feature","geometry":{"type":"LineString","coordinates":[[107.5745791,-6.9171828],[107.5745601,-6.9172787]]},"properties":{"name":"Bunderan Cibeureum","ref":"11"}},
{"type":"Feature","geometry":{"type":"LineString","coordinates":[[107.6000414,-6.9476386],[107.6016723,-6.9477582]]},"properties":{"name":"Jalan Soekarno-Hatta","ref":"11"}},
{"type":"Feature","geometry":{"type":"LineString","coordinates":[[107.5999463,-6.9476316],[107.6000414,-6.9476386]]},"properties":{"name":"Jalan Soekarno-Hatta","ref":"11"}},
{"type":"Feature","geometry":{"type":"LineString","coordinates":[[107.6936569,-6.9431563],[107.6936775,-6.9432507]]},"properties":{"name":"Bulevar Utama","ref":"11113"}},
{"type":"Feature","geometry":{"type":"LineString","coordinates":[[107.6936812,-6.9490793],[107.693647,-6.9493908]]},"properties":{"name":"Bulevar Utama","ref":"11113"}},
{"type":"Feature","geometry":{"type":"LineString","coordinates":[[107.6016723,-6.9477582],[107.6025818,-6.9478249]]},"properties":{"name":"Jalan Soekarno-Hatta","ref":"11"}},
{"type":"Feature","geometry":{"type":"LineString","coordinates":[[107.6926097,-6.9371315],[107.6925641,-6.9376071]]},"properties":{"name":"Jalan Gedebage Selatan","ref":""}},
{"type":"Feature","geometry":{"type":"LineString","coordinates":[[107.6922068,-6.9369654],[107.6925509,-6.9369475]]},"properties":{"name":"Jalan Soekarno-Hatta","ref":"11"}},
{"type":"Feature","geometry":{"type":"LineString","coordinates":[[107.5888658,-6.9451811],[107.5894219,-6.9454078]]},"properties":{"name":"Jalan Soekarno-Hatta","ref":"11"}},
{"type":"Feature","geometry":{"type":"LineString","coordinates":[[107.6744202,-6.9382178],[107.6773491,-6.9380105]]},"properties":{"name":"Jalan Soekarno-Hatta","ref":""}},
{"type":"Feature","geometry":{"type":"LineString","coordinates":[[107.6803968,-6.9378003],[107.6811571,-6.9377409]]},"properties":{"name":"Soekarno Hatta Frontage Boulevard","ref":""}},
{"type":"Feature","geometry":{"type":"LineString","coordinates":[[107.6859393,-6.9374022],[107.6865016,-6.9373601]]},"properties":{"name":"Soekarno Hatta Frontage Boulevard","ref":""}},
{"type":"Feature","geometry":{"type":"LineString","coordinates":[[107.6847668,-6.9374899],[107.6859393,-6.9374022]]},"properties":{"name":"Jalan Soekarno-Hatta","ref":""}},
{"type":"Feature","geometry":{"type":"LineString","coordinates":[[107.5951948,-6.9471897],[107.5952745,-6.9472037]]},"properties":{"name":"Jalan Soekarno-Hatta","ref":"11"}},
{"type":"Feature","geometry":{"type":"LineString","coordinates":[[107.5946801,-6.9470993],[107.5951948,-6.9471897]]},"properties":{"name":"Jalan Soekarno-Hatta","ref":"11"}},
{"type":"Feature","geometry":{"type":"LineString","coordinates":[[107.5920057,-6.9464327],[107.5934341,-6.9468277]]},"properties":{"name":"Jalan Soekarno-Hatta","ref":"11"}},
{"type":"Feature","geometry":{"type":"LineString","coordinates":[[107.5899638,-6.9456485],[107.5905372,-6.9458885]]},"properties":{"name":"Jalan Soekarno-Hatta","ref":"11"}},
{"type":"Feature","geometry":{"type":"LineString","coordinates":[[107.6333973,-6.9479551],[107.6336406,-6.9478818]]},"properties":{"name":"Jalan Soekarno-Hatta","ref":"11"}},
{"type":"Feature","geometry":{"type":"LineString","coordinates":[[107.6690273,-6.9386024],[107.6696795,-6.9385517]]},"properties":{"name":"Jalan Soekarno-Hatta","ref":""}},
{"type":"Feature","geometry":{"type":"LineString","coordinates":[[107.6422973,-6.9452119],[107.6425544,-6.9451302]]},"properties":{"name":"Jalan Soekarno-Hatta","ref":"11"}},
{"type":"Feature","geometry":{"type":"LineString","coordinates":[[107.6725046,-6.9383493],[107.6728746,-6.9383241]]},"properties":{"name":"Jalan Soekarno-Hatta","ref":""}},
{"type":"Feature","geometry":{"type":"LineString","coordinates":[[107.6214527,-6.9491566],[107.6215191,-6.9491613]]},"properties":{"name":"Jalan Soekarno-Hatta","ref":"11"}},
{"type":"Feature","geometry":{"type":"LineString","coordinates":[[107.6196694,-6.9490241],[107.6214527,-6.9491566]]},"properties":{"name":"Jalan Soekarno-Hatta","ref":"11"}},
{"type":"Feature","geometry":{"type":"LineString","coordinates":[[107.5744512,-6.9169972],[107.5743593,-6.9169831]]},"properties":{"name":"Bunderan Cibeureum","ref":"11"}},
{"type":"Feature","geometry":{"type":"LineString","coordinates":[[107.6469908,-6.9436739],[107.6487109,-6.9431279]]},"properties":{"name":"Jalan Soekarno-Hatta","ref":""}},
{"type":"Feature","geometry":{"type":"LineString","coordinates":[[107.6450949,-6.9442703],[107.6469908,-6.9436739]]},"properties":{"name":"Jalan Soekarno-Hatta","ref":""}},
{"type":"Feature","geometry":{"type":"LineString","coordinates":[[107.6425544,-6.9451302],[107.6450949,-6.9442703]]},"properties":{"name":"Jalan Soekarno-Hatta","ref":""}},
{"type":"Feature","geometry":{"type":"LineString","coordinates":[[107.641837,-6.9453875],[107.6419307,-6.9453525]]},"properties":{"name":"Jalan Soekarno-Hatta","ref":"11"}},
{"type":"Feature","geometry":{"type":"LineString","coordinates":[[107.5897088,-6.945521],[107.5897693,-6.9455492]]},"properties":{"name":"Jalan Soekarno-Hatta","ref":"11"}},
{"type":"Feature","geometry":{"type":"LineString","coordinates":[[107.6593041,-6.939778],[107.6608909,-6.9394147]]},"properties":{"name":"Jalan Soekarno-Hatta","ref":""}},
{"type":"Feature","geometry":{"type":"LineString","coordinates":[[107.6583101,-6.9400779],[107.6593041,-6.939778]]},"properties":{"name":"Jalan Soekarno-Hatta","ref":""}},
{"type":"Feature","geometry":{"type":"LineString","coordinates":[[107.5844282,-6.9430135],[107.5849105,-6.9433545]]},"properties":{"name":"Jalan Soekarno-Hatta","ref":"11"}},
{"type":"Feature","geometry":{"type":"LineString","coordinates":[[107.6561907,-6.9407508],[107.6567851,-6.9405596]]},"properties":{"name":"Jalan Soekarno-Hatta","ref":""}},
{"type":"Feature","geometry":{"type":"LineString","coordinates":[[107.6567851,-6.9405596],[107.6583101,-6.9400779]]},"properties":{"name":"Jalan Soekarno-Hatta","ref":""}},
{"type":"Feature","geometry":{"type":"LineString","coordinates":[[107.6259741,-6.9494625],[107.6262747,-6.9494594]]},"properties":{"name":"Jalan Soekarno-Hatta","ref":"11"}},
{"type":"Feature","geometry":{"type":"LineString","coordinates":[[107.5755137,-6.9269292],[107.5756277,-6.9276758]]},"properties":{"name":"Jalan Soekarno-Hatta","ref":"11"}},
{"type":"Feature","geometry":{"type":"LineString","coordinates":[[107.5759894,-6.9300668],[107.5760414,-6.9303848]]},"properties":{"name":"Jalan Soekarno-Hatta","ref":"11"}},
{"type":"Feature","geometry":{"type":"LineString","coordinates":[[107.5934341,-6.9468277],[107.5946801,-6.9470993]]},"properties":{"name":"Jalan Soekarno-Hatta","ref":"11"}},
{"type":"Feature","geometry":{"type":"LineString","coordinates":[[107.6922591,-6.9429349],[107.6934996,-6.9431345]]},"properties":{"name":"Jalan Gedebage Utama","ref":""}},
{"type":"Feature","geometry":{"type":"LineString","coordinates":[[107.6918707,-6.9411457],[107.6925095,-6.9377585]]},"properties":{"name":"Jalan Gedebage Selatan","ref":"400"}},
{"type":"Feature","geometry":{"type":"LineString","coordinates":[[107.6985047,-6.9559695],[107.6992029,-6.955658]]},"properties":{"name":"Grand Bulevar","ref":"11113"}},
{"type":"Feature","geometry":{"type":"LineString","coordinates":[[107.6913732,-6.9425918],[107.6918408,-6.9416411],[107.6918707,-6.9411457]]},"properties":{"name":"Jalan Gedebage Selatan","ref":"400"}},
{"type":"Feature","geometry":{"type":"LineString","coordinates":[[107.6939993,-6.9448711],[107.6940549,-6.9454198],[107.6936446,-6.9474447],[107.6936812,-6.9490793]]},"properties":{"name":"Bulevar Utama","ref":"11113"}},
{"type":"Feature","geometry":{"type":"LineString","coordinates":[[107.6934996,-6.9431345],[107.6936569,-6.9431563]]},"properties":{"name":"Jalan Gedebage Utama","ref":""}},
{"type":"Feature","geometry":{"type":"LineString","coordinates":[[107.6919976,-6.9369777],[107.6922068,-6.9369654]]},"properties":{"name":"Jalan Soekarno-Hatta","ref":"11"}},
{"type":"Feature","geometry":{"type":"LineString","coordinates":[[107.6925509,-6.9369475],[107.6926303,-6.9369434]]},"properties":{"name":"Jalan Soekarno-Hatta","ref":"11"}},
{"type":"Feature","geometry":{"type":"LineString","coordinates":[[107.6913732,-6.9425918],[107.6916465,-6.9428238],[107.6922591,-6.9429349]]},"properties":{"name":"Jalan Gedebage Utama","ref":""}},
{"type":"Feature","geometry":{"type":"LineString","coordinates":[[107.5823106,-6.941111],[107.5831212,-6.9419015]]},"properties":{"name":"Jalan Soekarno-Hatta","ref":"11"}},
{"type":"Feature","geometry":{"type":"LineString","coordinates":[[107.6936775,-6.9432507],[107.6939993,-6.9448711]]},"properties":{"name":"Bulevar Utama","ref":"11113"}},
{"type":"Feature","geometry":{"type":"LineString","coordinates":[[107.695518,-6.9565498],[107.6956096,-6.9565743]]},"properties":{"name":"Grand Bulevar","ref":"11113"}},
{"type":"Feature","geometry":{"type":"LineString","coordinates":[[107.5982527,-6.912368],[107.5979805,-6.912262]]},"properties":{"name":"Jalan Kebon Kawung","ref":"370"}},
{"type":"Feature","geometry":{"type":"LineString","coordinates":[[107.6019305,-6.9125353],[107.601745,-6.9125245]]},"properties":{"name":"Jalan Kebon Kawung","ref":"370"}},
{"type":"Feature","geometry":{"type":"LineString","coordinates":[[107.5894771,-6.9112533],[107.5914503,-6.90912]]},"properties":{"name":"Jalan Arjuna","ref":"1007"}},
{"type":"Feature","geometry":{"type":"LineString","coordinates":[[107.6071931,-6.9145156],[107.6073185,-6.9143005]]},"properties":{"name":"Jalan Perintis Kemerdekaan","ref":""}},
{"type":"Feature","geometry":{"type":"LineString","coordinates":[[107.6075641,-6.9142136],[107.6081711,-6.9139136],[107.6089516,-6.913844]]},"properties":{"name":"Jalan Perintis Kemerdekaan","ref":""}},
{"type":"Feature","geometry":{"type":"LineString","coordinates":[[107.5921094,-6.909176],[107.5918378,-6.9099515],[107.5924911,-6.910825],[107.5945449,-6.9111599],[107.5951832,-6.9114863]]},"properties":{"name":"Jalan Bima","ref":"1024"}},
{"type":"Feature","geometry":{"type":"LineString","coordinates":[[107.5736296,-6.9102877],[107.5729282,-6.9120185]]},"properties":{"name":"Jalan Kasuari","ref":""}},
{"type":"Feature","geometry":{"type":"LineString","coordinates":[[107.5780214,-6.9117553],[107.5737288,-6.9101067]]},"properties":{"name":"Jalan Dadali","ref":"1088"}},
{"type":"Feature","geometry":{"type":"LineString","coordinates":[[107.6045889,-6.9148224],[107.6047205,-6.914736],[107.6064066,-6.9149399]]},"properties":{"name":"Jalan Stasiun Timur","ref":""}},
{"type":"Feature","geometry":{"type":"LineString","coordinates":[[107.604546,-6.9153572],[107.6045889,-6.9148224]]},"properties":{"name":"Jalan Otto Iskandardinata","ref":""}},
{"type":"Feature","geometry":{"type":"LineString","coordinates":[[107.6064546,-6.9210818],[107.6066712,-6.9189713]]},"properties":{"name":"Jalan Banceuy","ref":"2020"}},
{"type":"Feature","geometry":{"type":"LineString","coordinates":[[107.6197363,-6.9253887],[107.6194626,-6.9274906]]},"properties":{"name":"Jalan Burangrang","ref":""}},
{"type":"Feature","geometry":{"type":"LineString","coordinates":[[107.6195718,-6.9286068],[107.6194542,-6.9280559]]},"properties":{"name":"Jalan Lodaya","ref":""}},
{"type":"Feature","geometry":{"type":"LineString","coordinates":[[107.6259726,-6.9327273],[107.625745,-6.9326113]]},"properties":{"name":"Jalan R.A.A. Martanegara","ref":"3395"}},
{"type":"Feature","geometry":{"type":"LineString","coordinates":[[107.6348227,-6.9321233],[107.6353583,-6.9300131]]},"properties":{"name":"Jalan Turangga","ref":"3686"}},
{"type":"Feature","geometry":{"type":"LineString","coordinates":[[107.6347468,-6.9393557],[107.6317661,-6.9379183]]},"properties":{"name":"Jalan Nayaga","ref":""}},
{"type":"Feature","geometry":{"type":"LineString","coordinates":[[107.6041426,-6.9127091],[107.603885,-6.9126611]]},"properties":{"name":"Jalan Kebon Kawung","ref":""}},
{"type":"Feature","geometry":{"type":"LineString","coordinates":[[107.6058701,-6.9103177],[107.6062769,-6.9101941],[107.6077829,-6.9104544],[107.6088855,-6.9102984]]},"properties":{"name":"Jalan Aceh","ref":""}},
{"type":"Feature","geometry":{"type":"LineString","coordinates":[[107.6057556,-6.9103716],[107.6058701,-6.9103177]]},"properties":{"name":"Jalan Aceh","ref":""}},
{"type":"Feature","geometry":{"type":"LineString","coordinates":[[107.6284645,-6.9246942],[107.6323215,-6.9256449],[107.633424,-6.926207]]},"properties":{"name":"Jalan Jenderal Gatot Subroto","ref":""}},
{"type":"Feature","geometry":{"type":"LineString","coordinates":[[107.634859,-6.9143394],[107.6346899,-6.914509]]},"properties":{"name":"Jalan Sukabumi","ref":"3624"}},
{"type":"Feature","geometry":{"type":"LineString","coordinates":[[107.6173532,-6.925034],[107.6173947,-6.9248147]]},"properties":{"name":"Jalan Karapitan","ref":"3278"}},
{"type":"Feature","geometry":{"type":"LineString","coordinates":[[107.622434,-6.9309756],[107.6252034,-6.9321877]]},"properties":{"name":"Jalan Lodaya","ref":""}},
{"type":"Feature","geometry":{"type":"LineString","coordinates":[[107.622434,-6.9309756],[107.6198226,-6.9298046]]},"properties":{"name":"Jalan Lodaya","ref":""}},
{"type":"Feature","geometry":{"type":"LineString","coordinates":[[107.5783486,-6.9103499],[107.5780214,-6.9117553]]},"properties":{"name":"Jalan Garuda","ref":""}},
{"type":"Feature","geometry":{"type":"LineString","coordinates":[[107.634419,-6.9161223],[107.6341961,-6.9170831]]},"properties":{"name":"Jalan Sukabumi","ref":"3624"}},
{"type":"Feature","geometry":{"type":"LineString","coordinates":[[107.6317661,-6.9379183],[107.6317421,-6.9379689]]},"properties":{"name":"Jalan Reog","ref":"2322"}},
{"type":"Feature","geometry":{"type":"LineString","coordinates":[[107.6298765,-6.9370465],[107.6279487,-6.9362548]]},"properties":{"name":"Jalan Asmarandana","ref":""}},
{"type":"Feature","geometry":{"type":"LineString","coordinates":[[107.5790983,-6.9081626],[107.5783486,-6.9103499]]},"properties":{"name":"Jalan Garuda","ref":""}},
{"type":"Feature","geometry":{"type":"LineString","coordinates":[[107.6057336,-6.910385],[107.6062013,-6.9115075],[107.606091,-6.912293],[107.6053922,-6.9123826],[107.6052721,-6.9127414],[107.604692,-6.9127619]]},"properties":{"name":"Jalan Aceh","ref":""}},
{"type":"Feature","geometry":{"type":"LineString","coordinates":[[107.6090309,-6.9137833],[107.609044,-6.9105515]]},"properties":{"name":"Jalan Wastukancana","ref":""}},
{"type":"Feature","geometry":{"type":"LineString","coordinates":[[107.6434964,-6.9113612],[107.643636,-6.9130175]]},"properties":{"name":"Jalan H. Ibrahim Adjie","ref":""}},
{"type":"Feature","geometry":{"type":"LineString","coordinates":[[107.6070945,-6.9151362],[107.6071931,-6.9145156]]},"properties":{"name":"Jalan Perintis Kemerdekaan","ref":""}},
{"type":"Feature","geometry":{"type":"LineString","coordinates":[[107.5834264,-6.911033],[107.5790983,-6.9081626]]},"properties":{"name":"Jalan Ciroyom","ref":"1082"}},
{"type":"Feature","geometry":{"type":"LineString","coordinates":[[107.5858255,-6.912692],[107.5834264,-6.911033]]},"properties":{"name":"Jalan Ciroyom","ref":"1082"}},
{"type":"Feature","geometry":{"type":"LineString","coordinates":[[107.6089516,-6.913844],[107.6090309,-6.9137833]]},"properties":{"name":"Jalan Perintis Kemerdekaan","ref":""}},
{"type":"Feature","geometry":{"type":"LineString","coordinates":[[107.6072035,-6.9211727],[107.6071455,-6.9211653]]},"properties":{"name":"Jalan Asia Afrika","ref":""}},
{"type":"Feature","geometry":{"type":"LineString","coordinates":[[107.6066712,-6.9189713],[107.6061407,-6.9166856],[107.6064947,-6.9161623],[107.6065499,-6.9154703]]},"properties":{"name":"Jalan Banceuy","ref":"2020"}},
{"type":"Feature","geometry":{"type":"LineString","coordinates":[[107.6374221,-6.9145133],[107.6374071,-6.9145151]]},"properties":{"name":"Jalan Jakarta","ref":""}},
{"type":"Feature","geometry":{"type":"LineString","coordinates":[[107.6375505,-6.9144979],[107.6374221,-6.9145133]]},"properties":{"name":"Jalan Jakarta","ref":""}},
{"type":"Feature","geometry":{"type":"LineString","coordinates":[[107.6166101,-6.923648],[107.6169174,-6.9223549]]},"properties":{"name":"Jalan Kaca Kaca Wetan","ref":""}},
{"type":"Feature","geometry":{"type":"LineString","coordinates":[[107.627857,-6.9243366],[107.6280091,-6.9245808]]},"properties":{"name":"","ref":""}},
{"type":"Feature","geometry":{"type":"LineString","coordinates":[[107.6417884,-6.9139622],[107.6376149,-6.9144902]]},"properties":{"name":"Jalan Jakarta","ref":""}},
{"type":"Feature","geometry":{"type":"LineString","coordinates":[[107.6373588,-6.9145209],[107.6362076,-6.9146671],[107.6356516,-6.9145514]]},"properties":{"name":"Jalan Jakarta","ref":""}},
{"type":"Feature","geometry":{"type":"LineString","coordinates":[[107.5979805,-6.912262],[107.5979469,-6.9117824]]},"properties":{"name":"Jalan HOS. Cokroaminoto","ref":"372"}},
{"type":"Feature","geometry":{"type":"LineString","coordinates":[[107.6433608,-6.9099796],[107.6434964,-6.9113612]]},"properties":{"name":"Jalan H. Ibrahim Adjie","ref":""}},
{"type":"Feature","geometry":{"type":"LineString","coordinates":[[107.5979469,-6.9117824],[107.5975417,-6.9117642]]},"properties":{"name":"Jalan Kesatriaan","ref":"10150"}},
{"type":"Feature","geometry":{"type":"LineString","coordinates":[[107.6059861,-6.9155367],[107.6045054,-6.9158364]]},"properties":{"name":"Jalan Suniaraja","ref":""}},
{"type":"Feature","geometry":{"type":"LineString","coordinates":[[107.6288628,-6.9229966],[107.6282195,-6.9235671],[107.627857,-6.9243366]]},"properties":{"name":"Jalan Laswi","ref":"377"}},
{"type":"Feature","geometry":{"type":"LineString","coordinates":[[107.6120118,-6.9217387],[107.6118192,-6.9217111]]},"properties":{"name":"Jalan Asia Afrika","ref":""}},
{"type":"Feature","geometry":{"type":"LineString","coordinates":[[107.6077991,-6.9212366],[107.6072035,-6.9211727]]},"properties":{"name":"Jalan Asia Afrika","ref":""}},
{"type":"Feature","geometry":{"type":"LineString","coordinates":[[107.591537,-6.9090238],[107.5917513,-6.9087742]]},"properties":{"name":"Jalan Arjuna","ref":"1007"}},
{"type":"Feature","geometry":{"type":"LineString","coordinates":[[107.5914503,-6.90912],[107.591537,-6.9090238]]},"properties":{"name":"Jalan Arjuna","ref":"1007"}},
{"type":"Feature","geometry":{"type":"LineString","coordinates":[[107.6422888,-6.9139602],[107.6417884,-6.9139622]]},"properties":{"name":"Jalan Jakarta","ref":""}},
{"type":"Feature","geometry":{"type":"LineString","coordinates":[[107.6306517,-6.921792],[107.6306076,-6.9219152]]},"properties":{"name":"Jalan Laswi","ref":"377"}},
{"type":"Feature","geometry":{"type":"LineString","coordinates":[[107.6314582,-6.9186505],[107.6306517,-6.921792]]},"properties":{"name":"Jalan Laswi","ref":"377"}},
{"type":"Feature","geometry":{"type":"LineString","coordinates":[[107.6347738,-6.9376191],[107.6348947,-6.9346432]]},"properties":{"name":"Jalan Salendro","ref":""}},
{"type":"Feature","geometry":{"type":"LineString","coordinates":[[107.6317421,-6.9379689],[107.6298765,-6.9370465]]},"properties":{"name":"Jalan Asmarandana","ref":""}},
{"type":"Feature","geometry":{"type":"LineString","coordinates":[[107.6198534,-6.9247649],[107.6195958,-6.9246102]]},"properties":{"name":"","ref":""}},
{"type":"Feature","geometry":{"type":"LineString","coordinates":[[107.6057556,-6.9103716],[107.6057336,-6.910385]]},"properties":{"name":"Jalan Aceh","ref":""}},
{"type":"Feature","geometry":{"type":"LineString","coordinates":[[107.6195718,-6.9286068],[107.619745,-6.9297243]]},"properties":{"name":"Jalan Lodaya","ref":""}},
{"type":"Feature","geometry":{"type":"LineString","coordinates":[[107.6194441,-6.9279633],[107.6194626,-6.9274906]]},"properties":{"name":"Jalan Burangrang","ref":""}},
{"type":"Feature","geometry":{"type":"LineString","coordinates":[[107.6065499,-6.9154703],[107.6059861,-6.9155367]]},"properties":{"name":"Jalan Suniaraja","ref":""}},
{"type":"Feature","geometry":{"type":"LineString","coordinates":[[107.6041426,-6.9127091],[107.604692,-6.9127619]]},"properties":{"name":"Jalan Aceh","ref":""}},
{"type":"Feature","geometry":{"type":"LineString","coordinates":[[107.606909,-6.9153005],[107.6070945,-6.9151362]]},"properties":{"name":"Jalan Stasiun Timur","ref":""}},
{"type":"Feature","geometry":{"type":"LineString","coordinates":[[107.6335757,-6.9262906],[107.6340089,-6.9265293]]},"properties":{"name":"Jalan Jenderal Gatot Subroto","ref":""}},
{"type":"Feature","geometry":{"type":"LineString","coordinates":[[107.6434893,-6.9136739],[107.6434317,-6.9138202]]},"properties":{"name":"","ref":""}},
{"type":"Feature","geometry":{"type":"LineString","coordinates":[[107.6364159,-6.9278948],[107.6364437,-6.927832]]},"properties":{"name":"","ref":""}},
{"type":"Feature","geometry":{"type":"LineString","coordinates":[[107.592034,-6.9089287],[107.5921094,-6.909176]]},"properties":{"name":"Jalan Bima","ref":"1024"}},
{"type":"Feature","geometry":{"type":"LineString","coordinates":[[107.5917888,-6.9087296],[107.592034,-6.9089287]]},"properties":{"name":"Jalan Bima","ref":"1024"}},
{"type":"Feature","geometry":{"type":"LineString","coordinates":[[107.643636,-6.9130175],[107.6436341,-6.913395]]},"properties":{"name":"Jalan H. Ibrahim Adjie","ref":""}},
{"type":"Feature","geometry":{"type":"LineString","coordinates":[[107.6436341,-6.913395],[107.6434893,-6.9136739]]},"properties":{"name":"","ref":""}},
{"type":"Feature","geometry":{"type":"LineString","coordinates":[[107.6429791,-6.9138756],[107.6422888,-6.9139602]]},"properties":{"name":"Jalan Jakarta","ref":""}},
{"type":"Feature","geometry":{"type":"LineString","coordinates":[[107.6356516,-6.9145514],[107.634859,-6.9143394]]},"properties":{"name":"Jalan Jakarta","ref":""}},
{"type":"Feature","geometry":{"type":"LineString","coordinates":[[107.6080507,-6.92126],[107.6077991,-6.9212366]]},"properties":{"name":"Jalan Asia Afrika","ref":""}},
{"type":"Feature","geometry":{"type":"LineString","coordinates":[[107.6256715,-6.9325087],[107.6252506,-6.9322109]]},"properties":{"name":"Jalan Lodaya","ref":""}},
{"type":"Feature","geometry":{"type":"LineString","coordinates":[[107.6270975,-6.9333963],[107.6272158,-6.9330278]]},"properties":{"name":"Jalan Maskumambang","ref":""}},
{"type":"Feature","geometry":{"type":"LineString","coordinates":[[107.6346899,-6.914509],[107.634447,-6.9159625]]},"properties":{"name":"Jalan Sukabumi","ref":"3624"}},
{"type":"Feature","geometry":{"type":"LineString","coordinates":[[107.625745,-6.9326113],[107.6256715,-6.9325087]]},"properties":{"name":"Jalan R.A.A. Martanegara","ref":"3395"}},
{"type":"Feature","geometry":{"type":"LineString","coordinates":[[107.6280091,-6.9245808],[107.6284645,-6.9246942]]},"properties":{"name":"Jalan Jenderal Gatot Subroto","ref":""}},
{"type":"Feature","geometry":{"type":"LineString","coordinates":[[107.6339445,-6.9173179],[107.6337948,-6.9174252]]},"properties":{"name":"Jalan Sukabumi","ref":"3624"}},
{"type":"Feature","geometry":{"type":"LineString","coordinates":[[107.634447,-6.9159625],[107.634419,-6.9161223]]},"properties":{"name":"Jalan Sukabumi","ref":"3624"}},
{"type":"Feature","geometry":{"type":"LineString","coordinates":[[107.609044,-6.9105515],[107.6088855,-6.9102984]]},"properties":{"name":"Jalan Wastukancana","ref":""}},
{"type":"Feature","geometry":{"type":"LineString","coordinates":[[107.6045054,-6.9158364],[107.604546,-6.9153572]]},"properties":{"name":"Jalan Otto Iskandardinata","ref":""}},
{"type":"Feature","geometry":{"type":"LineString","coordinates":[[107.6338825,-6.9343972],[107.6346375,-6.9328351],[107.6348227,-6.9321233]]},"properties":{"name":"Jalan Turangga","ref":"3686"}},
{"type":"Feature","geometry":{"type":"LineString","coordinates":[[107.633424,-6.926207],[107.6335757,-6.9262906]]},"properties":{"name":"Jalan Jenderal Gatot Subroto","ref":""}},
{"type":"Feature","geometry":{"type":"LineString","coordinates":[[107.6341961,-6.9170831],[107.6339445,-6.9173179]]},"properties":{"name":"Jalan Sukabumi","ref":"3624"}},
{"type":"Feature","geometry":{"type":"LineString","coordinates":[[107.6292933,-6.9227899],[107.6288628,-6.9229966]]},"properties":{"name":"Jalan Laswi","ref":"377"}},
{"type":"Feature","geometry":{"type":"LineString","coordinates":[[107.6306076,-6.9219152],[107.6302684,-6.9222995],[107.6292933,-6.9227899]]},"properties":{"name":"Jalan Laswi","ref":"377"}},
{"type":"Feature","geometry":{"type":"LineString","coordinates":[[107.6064066,-6.9149399],[107.606909,-6.9153005]]},"properties":{"name":"Jalan Stasiun Timur","ref":""}},
{"type":"Feature","geometry":{"type":"LineString","coordinates":[[107.5956225,-6.9121681],[107.5951832,-6.9114863]]},"properties":{"name":"Jalan Bima","ref":"1024"}},
{"type":"Feature","geometry":{"type":"LineString","coordinates":[[107.6069278,-6.9211397],[107.6064546,-6.9210818]]},"properties":{"name":"Jalan Asia Afrika","ref":""}},
{"type":"Feature","geometry":{"type":"LineString","coordinates":[[107.603885,-6.9126611],[107.6020122,-6.91254]]},"properties":{"name":"Jalan Kebon Kawung","ref":"370"}},
{"type":"Feature","geometry":{"type":"LineString","coordinates":[[107.6020122,-6.91254],[107.6019305,-6.9125353]]},"properties":{"name":"Jalan Kebon Kawung","ref":"370"}},
{"type":"Feature","geometry":{"type":"LineString","coordinates":[[107.6374071,-6.9145151],[107.6373588,-6.9145209]]},"properties":{"name":"Jalan Jakarta","ref":""}},
{"type":"Feature","geometry":{"type":"LineString","coordinates":[[107.6375655,-6.9144961],[107.6375505,-6.9144979]]},"properties":{"name":"Jalan Jakarta","ref":""}},
{"type":"Feature","geometry":{"type":"LineString","coordinates":[[107.6376149,-6.9144902],[107.6375655,-6.9144961]]},"properties":{"name":"Jalan Jakarta","ref":""}},
{"type":"Feature","geometry":{"type":"LineString","coordinates":[[107.6262334,-6.9327732],[107.6259726,-6.9327273]]},"properties":{"name":"Jalan R.A.A. Martanegara","ref":"3395"}},
{"type":"Feature","geometry":{"type":"LineString","coordinates":[[107.5894771,-6.9112533],[107.5894633,-6.9113314]]},"properties":{"name":"Jalan Arjuna","ref":"1007"}},
{"type":"Feature","geometry":{"type":"LineString","coordinates":[[107.6262334,-6.9327732],[107.6272158,-6.9330278]]},"properties":{"name":"Jalan R.A.A. Martanegara","ref":"3395"}},
{"type":"Feature","geometry":{"type":"LineString","coordinates":[[107.5869632,-6.9132874],[107.5872762,-6.9134317]]},"properties":{"name":"Jalan Layang Ciroyom","ref":""}},
{"type":"Feature","geometry":{"type":"LineString","coordinates":[[107.5893166,-6.9121005],[107.5893455,-6.911919]]},"properties":{"name":"Jalan Layang Ciroyom","ref":""}},
{"type":"Feature","geometry":{"type":"LineString","coordinates":[[107.5872762,-6.9134317],[107.588437,-6.9138722],[107.5888188,-6.9138239],[107.5890714,-6.9134484],[107.5893166,-6.9121005]]},"properties":{"name":"Jalan Layang Ciroyom","ref":""}},
{"type":"Feature","geometry":{"type":"LineString","coordinates":[[107.5729282,-6.9120185],[107.5753653,-6.9129722]]},"properties":{"name":"Jalan Rajawali Barat","ref":"11"}},
{"type":"Feature","geometry":{"type":"LineString","coordinates":[[107.6194542,-6.9280559],[107.6194441,-6.9279633]]},"properties":{"name":"Jalan Burangrang","ref":""}},
{"type":"Feature","geometry":{"type":"LineString","coordinates":[[107.6348947,-6.9346432],[107.6338825,-6.9343972]]},"properties":{"name":"Jalan R.A.A/ Martanegara","ref":""}},
{"type":"Feature","geometry":{"type":"LineString","coordinates":[[107.6279487,-6.9362548],[107.6262684,-6.9354443]]},"properties":{"name":"Jalan Asmarandana","ref":""}},
{"type":"Feature","geometry":{"type":"LineString","coordinates":[[107.6347726,-6.9376932],[107.6347738,-6.9376191]]},"properties":{"name":"Jalan Salendro","ref":""}},
{"type":"Feature","geometry":{"type":"LineString","coordinates":[[107.6347468,-6.9393557],[107.6347726,-6.9376932]]},"properties":{"name":"Jalan Salendro","ref":""}},
{"type":"Feature","geometry":{"type":"LineString","coordinates":[[107.6320827,-6.9183023],[107.6314582,-6.9186505]]},"properties":{"name":"Jalan Sukabumi","ref":"3624"}},
{"type":"Feature","geometry":{"type":"LineString","coordinates":[[107.6337948,-6.9174252],[107.6320827,-6.9183023]]},"properties":{"name":"Jalan Sukabumi","ref":"3624"}},
{"type":"Feature","geometry":{"type":"LineString","coordinates":[[107.5971556,-6.9118368],[107.5956225,-6.9121681]]},"properties":{"name":"Jalan Kesatriaan","ref":"10150"}},
{"type":"Feature","geometry":{"type":"LineString","coordinates":[[107.6158891,-6.9222189],[107.6137702,-6.9219439]]},"properties":{"name":"Jalan Asia Afrika","ref":""}},
{"type":"Feature","geometry":{"type":"LineString","coordinates":[[107.6137702,-6.9219439],[107.6120118,-6.9217387]]},"properties":{"name":"Jalan Asia Afrika","ref":""}},
{"type":"Feature","geometry":{"type":"LineString","coordinates":[[107.6073185,-6.9143005],[107.6075641,-6.9142136]]},"properties":{"name":"Jalan Perintis Kemerdekaan","ref":""}},
{"type":"Feature","geometry":{"type":"LineString","coordinates":[[107.5869632,-6.9132874],[107.5867121,-6.9132166]]},"properties":{"name":"Jalan Layang Ciroyom","ref":""}},
{"type":"Feature","geometry":{"type":"LineString","coordinates":[[107.5894064,-6.9117422],[107.5893455,-6.911919]]},"properties":{"name":"Jalan Layang Ciroyom","ref":""}},
{"type":"Feature","geometry":{"type":"LineString","coordinates":[[107.5894633,-6.9113314],[107.5894064,-6.9117422]]},"properties":{"name":"Jalan Arjuna","ref":"1007"}},
{"type":"Feature","geometry":{"type":"LineString","coordinates":[[107.6071455,-6.9211653],[107.6069278,-6.9211397]]},"properties":{"name":"Jalan Asia Afrika","ref":""}},
{"type":"Feature","geometry":{"type":"LineString","coordinates":[[107.6434317,-6.9138202],[107.6429791,-6.9138756]]},"properties":{"name":"Jalan Jakarta","ref":""}},
{"type":"Feature","geometry":{"type":"LineString","coordinates":[[107.5860843,-6.9128486],[107.5858255,-6.912692]]},"properties":{"name":"Jalan Ciroyom","ref":"1082"}},
{"type":"Feature","geometry":{"type":"LineString","coordinates":[[107.6174644,-6.9238804],[107.617347,-6.9237894]]},"properties":{"name":"Jalan Lengkong Kecil","ref":""}},
{"type":"Feature","geometry":{"type":"LineString","coordinates":[[107.5974648,-6.9117702],[107.5971556,-6.9118368]]},"properties":{"name":"Jalan Kesatriaan","ref":"10150"}},
{"type":"Feature","geometry":{"type":"LineString","coordinates":[[107.5975417,-6.9117642],[107.5974648,-6.9117702]]},"properties":{"name":"Jalan Kesatriaan","ref":"10150"}},
{"type":"Feature","geometry":{"type":"LineString","coordinates":[[107.6252034,-6.9321877],[107.6252506,-6.9322109]]},"properties":{"name":"Jalan Lodaya","ref":""}},
{"type":"Feature","geometry":{"type":"LineString","coordinates":[[107.6171175,-6.9237528],[107.617347,-6.9237894]]},"properties":{"name":"Jalan Lengkong Kecil","ref":""}},
{"type":"Feature","geometry":{"type":"LineString","coordinates":[[107.6166101,-6.923648],[107.6171175,-6.9237528]]},"properties":{"name":"Jalan Lengkong Kecil","ref":""}},
{"type":"Feature","geometry":{"type":"LineString","coordinates":[[107.6262684,-6.9354443],[107.6265023,-6.9350074]]},"properties":{"name":"Jalan Maskumambang","ref":""}},
{"type":"Feature","geometry":{"type":"LineString","coordinates":[[107.6265023,-6.9350074],[107.6266495,-6.9347029]]},"properties":{"name":"Jalan Maskumambang","ref":""}},
{"type":"Feature","geometry":{"type":"LineString","coordinates":[[107.6266495,-6.9347029],[107.6266944,-6.9346057]]},"properties":{"name":"Jalan Maskumambang","ref":""}},
{"type":"Feature","geometry":{"type":"LineString","coordinates":[[107.6266944,-6.9346057],[107.6267245,-6.9345392]]},"properties":{"name":"Jalan Maskumambang","ref":""}},
{"type":"Feature","geometry":{"type":"LineString","coordinates":[[107.6267245,-6.9345392],[107.6267769,-6.9343907]]},"properties":{"name":"Jalan Maskumambang","ref":""}},
{"type":"Feature","geometry":{"type":"LineString","coordinates":[[107.6267769,-6.9343907],[107.6268716,-6.934109]]},"properties":{"name":"Jalan Maskumambang","ref":""}},
{"type":"Feature","geometry":{"type":"LineString","coordinates":[[107.6268716,-6.934109],[107.6269089,-6.9340019]]},"properties":{"name":"Jalan Maskumambang","ref":""}},
{"type":"Feature","geometry":{"type":"LineString","coordinates":[[107.6269089,-6.9340019],[107.6270113,-6.9336719]]},"properties":{"name":"Jalan Maskumambang","ref":""}},
{"type":"Feature","geometry":{"type":"LineString","coordinates":[[107.6270113,-6.9336719],[107.6270743,-6.9334709]]},"properties":{"name":"Jalan Maskumambang","ref":""}},
{"type":"Feature","geometry":{"type":"LineString","coordinates":[[107.6270743,-6.9334709],[107.6270975,-6.9333963]]},"properties":{"name":"Jalan Maskumambang","ref":""}},
{"type":"Feature","geometry":{"type":"LineString","coordinates":[[107.6195958,-6.9246102],[107.619151,-6.9250035]]},"properties":{"name":"Jalan Emong","ref":""}},
{"type":"Feature","geometry":{"type":"LineString","coordinates":[[107.619151,-6.9250035],[107.619046,-6.9250841]]},"properties":{"name":"Jalan Emong","ref":""}},
{"type":"Feature","geometry":{"type":"LineString","coordinates":[[107.619046,-6.9250841],[107.6185235,-6.9251653]]},"properties":{"name":"Jalan Emong","ref":""}},
{"type":"Feature","geometry":{"type":"LineString","coordinates":[[107.6185235,-6.9251653],[107.6173532,-6.925034]]},"properties":{"name":"Jalan Emong","ref":""}},
{"type":"Feature","geometry":{"type":"LineString","coordinates":[[107.6173947,-6.9248147],[107.617445,-6.9241549]]},"properties":{"name":"Jalan Karapitan","ref":"3278"}},
{"type":"Feature","geometry":{"type":"LineString","coordinates":[[107.617445,-6.9241549],[107.6174644,-6.9238804]]},"properties":{"name":"Jalan Karapitan","ref":"3278"}},
{"type":"Feature","geometry":{"type":"LineString","coordinates":[[107.5917513,-6.9087742],[107.5917888,-6.9087296]]},"properties":{"name":"Jalan Arjuna","ref":"1007"}},
{"type":"Feature","geometry":{"type":"LineString","coordinates":[[107.6340089,-6.9265293],[107.6347544,-6.9269243]]},"properties":{"name":"Jalan Jenderal Gatot Subroto","ref":""}},
{"type":"Feature","geometry":{"type":"LineString","coordinates":[[107.6347544,-6.9269243],[107.634993,-6.9270488]]},"properties":{"name":"Jalan Jenderal Gatot Subroto","ref":""}},
{"type":"Feature","geometry":{"type":"LineString","coordinates":[[107.634993,-6.9270488],[107.6352307,-6.927178]]},"properties":{"name":"Jalan Jenderal Gatot Subroto","ref":""}},
{"type":"Feature","geometry":{"type":"LineString","coordinates":[[107.6352307,-6.927178],[107.6354306,-6.9272867]]},"properties":{"name":"Jalan Jenderal Gatot Subroto","ref":""}},
{"type":"Feature","geometry":{"type":"LineString","coordinates":[[107.6354306,-6.9272867],[107.63561,-6.9273802]]},"properties":{"name":"Jalan Jenderal Gatot Subroto","ref":""}},
{"type":"Feature","geometry":{"type":"LineString","coordinates":[[107.63561,-6.9273802],[107.6357849,-6.927476]]},"properties":{"name":"Jalan Jenderal Gatot Subroto","ref":""}},
{"type":"Feature","geometry":{"type":"LineString","coordinates":[[107.6357849,-6.927476],[107.6362458,-6.9277178]]},"properties":{"name":"Jalan Jenderal Gatot Subroto","ref":""}},
{"type":"Feature","geometry":{"type":"LineString","coordinates":[[107.6362458,-6.9277178],[107.6364437,-6.927832]]},"properties":{"name":"Jalan Jenderal Gatot Subroto","ref":""}},
{"type":"Feature","geometry":{"type":"LineString","coordinates":[[107.6364159,-6.9278948],[107.635966,-6.9276578]]},"properties":{"name":"Jalan Jenderal Gatot Subroto","ref":""}},
{"type":"Feature","geometry":{"type":"LineString","coordinates":[[107.6169174,-6.9223549],[107.6168586,-6.9223467]]},"properties":{"name":"Jalan Asia Afrika","ref":""}},
{"type":"Feature","geometry":{"type":"LineString","coordinates":[[107.6168586,-6.9223467],[107.6164036,-6.9222867]]},"properties":{"name":"Jalan Asia Afrika","ref":""}},
{"type":"Feature","geometry":{"type":"LineString","coordinates":[[107.6164036,-6.9222867],[107.6160352,-6.9222381]]},"properties":{"name":"Jalan Asia Afrika","ref":""}},
{"type":"Feature","geometry":{"type":"LineString","coordinates":[[107.6160352,-6.9222381],[107.6158891,-6.9222189]]},"properties":{"name":"Jalan Asia Afrika","ref":""}},
{"type":"Feature","geometry":{"type":"LineString","coordinates":[[107.6198534,-6.9247649],[107.6197363,-6.9253887]]},"properties":{"name":"Jalan Burangrang","ref":""}},
{"type":"Feature","geometry":{"type":"LineString","coordinates":[[107.5867121,-6.9132166],[107.586425,-6.9130541]]},"properties":{"name":"Jalan Ciroyom","ref":"1082"}},
{"type":"Feature","geometry":{"type":"LineString","coordinates":[[107.586425,-6.9130541],[107.5860843,-6.9128486]]},"properties":{"name":"Jalan Ciroyom","ref":"1082"}},
{"type":"Feature","geometry":{"type":"LineString","coordinates":[[107.6006435,-6.9124749],[107.6002224,-6.9124495]]},"properties":{"name":"Jalan Kebon Kawung","ref":"370"}},
{"type":"Feature","geometry":{"type":"LineString","coordinates":[[107.6002224,-6.9124495],[107.6000202,-6.912439]]},"properties":{"name":"Jalan Kebon Kawung","ref":"370"}},
{"type":"Feature","geometry":{"type":"LineString","coordinates":[[107.6000202,-6.912439],[107.5993874,-6.9123994]]},"properties":{"name":"Jalan Kebon Kawung","ref":"370"}},
{"type":"Feature","geometry":{"type":"LineString","coordinates":[[107.5993874,-6.9123994],[107.5990132,-6.912372]]},"properties":{"name":"Jalan Kebon Kawung","ref":"370"}},
{"type":"Feature","geometry":{"type":"LineString","coordinates":[[107.5990132,-6.912372],[107.5982527,-6.912368]]},"properties":{"name":"Jalan Kebon Kawung","ref":"370"}},
{"type":"Feature","geometry":{"type":"LineString","coordinates":[[107.601745,-6.9125245],[107.601624,-6.9125174]]},"properties":{"name":"Jalan Kebon Kawung","ref":"370"}},
{"type":"Feature","geometry":{"type":"LineString","coordinates":[[107.601624,-6.9125174],[107.6015636,-6.9125139]]},"properties":{"name":"Jalan Kebon Kawung","ref":"370"}},
{"type":"Feature","geometry":{"type":"LineString","coordinates":[[107.6015636,-6.9125139],[107.6010547,-6.9124917]]},"properties":{"name":"Jalan Kebon Kawung","ref":"370"}},
{"type":"Feature","geometry":{"type":"LineString","coordinates":[[107.6010547,-6.9124917],[107.6009674,-6.9124878]]},"properties":{"name":"Jalan Kebon Kawung","ref":"370"}},
{"type":"Feature","geometry":{"type":"LineString","coordinates":[[107.6009674,-6.9124878],[107.6006435,-6.9124749]]},"properties":{"name":"Jalan Kebon Kawung","ref":"370"}},
{"type":"Feature","geometry":{"type":"LineString","coordinates":[[107.6098247,-6.9214728],[107.6094601,-6.9214292]]},"properties":{"name":"Jalan Asia Afrika","ref":""}},
{"type":"Feature","geometry":{"type":"LineString","coordinates":[[107.6094601,-6.9214292],[107.6092781,-6.9214081]]},"properties":{"name":"Jalan Asia Afrika","ref":""}},
{"type":"Feature","geometry":{"type":"LineString","coordinates":[[107.6092781,-6.9214081],[107.6087887,-6.9213491]]},"properties":{"name":"Jalan Asia Afrika","ref":""}},
{"type":"Feature","geometry":{"type":"LineString","coordinates":[[107.6087887,-6.9213491],[107.6082703,-6.9212857]]},"properties":{"name":"Jalan Asia Afrika","ref":""}},
{"type":"Feature","geometry":{"type":"LineString","coordinates":[[107.6082703,-6.9212857],[107.6080507,-6.92126]]},"properties":{"name":"Jalan Asia Afrika","ref":""}},
{"type":"Feature","geometry":{"type":"LineString","coordinates":[[107.6118192,-6.9217111],[107.6114983,-6.9216723]]},"properties":{"name":"Jalan Asia Afrika","ref":""}},
{"type":"Feature","geometry":{"type":"LineString","coordinates":[[107.6114983,-6.9216723],[107.6114205,-6.9216629]]},"properties":{"name":"Jalan Asia Afrika","ref":""}},
{"type":"Feature","geometry":{"type":"LineString","coordinates":[[107.6114205,-6.9216629],[107.6112374,-6.9216415]]},"properties":{"name":"Jalan Asia Afrika","ref":""}},
{"type":"Feature","geometry":{"type":"LineString","coordinates":[[107.6112374,-6.9216415],[107.6108437,-6.9215945]]},"properties":{"name":"Jalan Asia Afrika","ref":""}},
{"type":"Feature","geometry":{"type":"LineString","coordinates":[[107.6108437,-6.9215945],[107.6106298,-6.9215692]]},"properties":{"name":"Jalan Asia Afrika","ref":""}},
{"type":"Feature","geometry":{"type":"LineString","coordinates":[[107.6106298,-6.9215692],[107.6104268,-6.9215449]]},"properties":{"name":"Jalan Asia Afrika","ref":""}},
{"type":"Feature","geometry":{"type":"LineString","coordinates":[[107.6104268,-6.9215449],[107.610212,-6.9215192]]},"properties":{"name":"Jalan Asia Afrika","ref":""}},
{"type":"Feature","geometry":{"type":"LineString","coordinates":[[107.610212,-6.9215192],[107.6101457,-6.9215112]]},"properties":{"name":"Jalan Asia Afrika","ref":""}},
{"type":"Feature","geometry":{"type":"LineString","coordinates":[[107.6101457,-6.9215112],[107.6099811,-6.9214915]]},"properties":{"name":"Jalan Asia Afrika","ref":""}},
{"type":"Feature","geometry":{"type":"LineString","coordinates":[[107.6099811,-6.9214915],[107.6098247,-6.9214728]]},"properties":{"name":"Jalan Asia Afrika","ref":""}},
{"type":"Feature","geometry":{"type":"LineString","coordinates":[[107.6197085,-6.9297871],[107.619745,-6.9297243]]},"properties":{"name":"Jalan Lodaya","ref":""}},
{"type":"Feature","geometry":{"type":"LineString","coordinates":[[107.6353583,-6.9300131],[107.6355813,-6.9291539]]},"properties":{"name":"Jalan Turangga","ref":"3686"}},
{"type":"Feature","geometry":{"type":"LineString","coordinates":[[107.6355813,-6.9291539],[107.635966,-6.9276578]]},"properties":{"name":"Jalan Turangga","ref":"3686"}},
{"type":"Feature","geometry":{"type":"LineString","coordinates":[[107.5737288,-6.9101067],[107.5736296,-6.9102877]]},"properties":{"name":"Jalan Kasuari","ref":""}},
{"type":"Feature","geometry":{"type":"LineString","coordinates":[[107.6198226,-6.9298046],[107.6197567,-6.9298376]]},"properties":{"name":"Jalan Lodaya","ref":""}},
{"type":"Feature","geometry":{"type":"LineString","coordinates":[[107.6197567,-6.9298376],[107.6197085,-6.9297871]]},"properties":{"name":"Jalan Lodaya","ref":""}},
{"type":"Feature","geometry":{"type":"LineString","coordinates":[[107.5976387,-6.9064293],[107.5978766,-6.9065641]]},"properties":{"name":"Jalan Pajajaran","ref":"371"}},
{"type":"Feature","geometry":{"type":"LineString","coordinates":[[107.6430381,-6.9088519],[107.6431541,-6.9088714],[107.6433049,-6.9094542]]},"properties":{"name":"Jalan H. Ibrahim Adjie","ref":""}},
{"type":"Feature","geometry":{"type":"LineString","coordinates":[[107.5981394,-6.9147779],[107.5982691,-6.91619]]},"properties":{"name":"Jalan HOS. Cokroaminoto","ref":""}},
{"type":"Feature","geometry":{"type":"LineString","coordinates":[[107.5984551,-6.9163007],[107.6022008,-6.9161702]]},"properties":{"name":"Jalan Kebon Jati","ref":""}},
{"type":"Feature","geometry":{"type":"LineString","coordinates":[[107.5761151,-6.9132715],[107.5776073,-6.9136496]]},"properties":{"name":"Jalan Rajawali Timur","ref":""}},
{"type":"Feature","geometry":{"type":"LineString","coordinates":[[107.5894771,-6.9112533],[107.5914503,-6.90912]]},"properties":{"name":"Jalan Arjuna","ref":"1007"}},
{"type":"Feature","geometry":{"type":"LineString","coordinates":[[107.5926308,-6.9075901],[107.5920701,-6.9071489]]},"properties":{"name":"Jalan Pandawa","ref":""}},
{"type":"Feature","geometry":{"type":"LineString","coordinates":[[107.6045054,-6.9158364],[107.6043506,-6.917436]]},"properties":{"name":"Jalan Otto Iskandardinata","ref":""}},
{"type":"Feature","geometry":{"type":"LineString","coordinates":[[107.599567,-6.9068341],[107.5994985,-6.9089924]]},"properties":{"name":"Jalan Mochammad Yunus","ref":"1625"}},
{"type":"Feature","geometry":{"type":"LineString","coordinates":[[107.6008146,-6.9089442],[107.6006435,-6.9124749]]},"properties":{"name":"Jalan Haji Mesri","ref":"1203"}},
{"type":"Feature","geometry":{"type":"LineString","coordinates":[[107.6054461,-6.9186544],[107.6066712,-6.9189713]]},"properties":{"name":"Jalan ABC","ref":""}},
{"type":"Feature","geometry":{"type":"LineString","coordinates":[[107.6066712,-6.9189713],[107.6076219,-6.919072],[107.6085661,-6.9196522]]},"properties":{"name":"Jalan ABC","ref":""}},
{"type":"Feature","geometry":{"type":"LineString","coordinates":[[107.612647,-6.9262231],[107.6131443,-6.9269688]]},"properties":{"name":"Jalan Lengkong Besar","ref":"3367"}},
{"type":"Feature","geometry":{"type":"LineString","coordinates":[[107.6348227,-6.9321233],[107.6353583,-6.9300131]]},"properties":{"name":"Jalan Turangga","ref":"3686"}},
{"type":"Feature","geometry":{"type":"LineString","coordinates":[[107.5981313,-6.9141206],[107.5981201,-6.9145111]]},"properties":{"name":"Jalan HOS. Cokroaminoto","ref":""}},
{"type":"Feature","geometry":{"type":"LineString","coordinates":[[107.6103732,-6.9260808],[107.612647,-6.9262231]]},"properties":{"name":"Jalan Sasak Gantung","ref":""}},
{"type":"Feature","geometry":{"type":"LineString","coordinates":[[107.6101859,-6.9260796],[107.6103732,-6.9260808]]},"properties":{"name":"Jalan Sasak Gantung","ref":""}},
{"type":"Feature","geometry":{"type":"LineString","coordinates":[[107.6087809,-6.9259738],[107.6101859,-6.9260796]]},"properties":{"name":"Jalan Sasak Gantung","ref":""}},
{"type":"Feature","geometry":{"type":"LineString","coordinates":[[107.6088022,-6.9196932],[107.6099747,-6.9197157]]},"properties":{"name":"Jalan ABC","ref":""}},
{"type":"Feature","geometry":{"type":"LineString","coordinates":[[107.6085661,-6.9196522],[107.6088022,-6.9196932]]},"properties":{"name":"Jalan ABC","ref":""}},
{"type":"Feature","geometry":{"type":"LineString","coordinates":[[107.6299627,-6.9157488],[107.6300393,-6.9157014]]},"properties":{"name":"Jalan Jenderal Ahmad Yani","ref":"378"}},
{"type":"Feature","geometry":{"type":"LineString","coordinates":[[107.6334031,-6.9262659],[107.6323257,-6.9257173],[107.6284463,-6.9247644]]},"properties":{"name":"Jalan Jenderal Gatot Subroto","ref":""}},
{"type":"Feature","geometry":{"type":"LineString","coordinates":[[107.6131443,-6.9269688],[107.6134072,-6.9273393]]},"properties":{"name":"Jalan Cikawao","ref":""}},
{"type":"Feature","geometry":{"type":"LineString","coordinates":[[107.5783486,-6.9103499],[107.5786595,-6.9087083],[107.5790233,-6.9079984]]},"properties":{"name":"Jalan Garuda","ref":""}},
{"type":"Feature","geometry":{"type":"LineString","coordinates":[[107.6343866,-6.9134014],[107.6345495,-6.9133508]]},"properties":{"name":"Jalan Jenderal Ahmad Yani","ref":""}},
{"type":"Feature","geometry":{"type":"LineString","coordinates":[[107.6342643,-6.9134642],[107.6343866,-6.9134014]]},"properties":{"name":"Jalan Jenderal Ahmad Yani","ref":"378"}},
{"type":"Feature","geometry":{"type":"LineString","coordinates":[[107.622434,-6.9309756],[107.6252034,-6.9321877]]},"properties":{"name":"Jalan Lodaya","ref":""}},
{"type":"Feature","geometry":{"type":"LineString","coordinates":[[107.622434,-6.9309756],[107.6198226,-6.9298046]]},"properties":{"name":"Jalan Lodaya","ref":""}},
{"type":"Feature","geometry":{"type":"LineString","coordinates":[[107.6157613,-6.9283977],[107.6134072,-6.9273393]]},"properties":{"name":"Jalan Cikawao","ref":""}},
{"type":"Feature","geometry":{"type":"LineString","coordinates":[[107.5783486,-6.9103499],[107.5780214,-6.9117553]]},"properties":{"name":"Jalan Garuda","ref":""}},
{"type":"Feature","geometry":{"type":"LineString","coordinates":[[107.6313458,-6.9186198],[107.6307188,-6.9173125]]},"properties":{"name":"Jalan Laswi","ref":"377"}},
{"type":"Feature","geometry":{"type":"LineString","coordinates":[[107.5962889,-6.9064673],[107.5975495,-6.9063779]]},"properties":{"name":"Jalan Pajajaran","ref":"248"}},
{"type":"Feature","geometry":{"type":"LineString","coordinates":[[107.6027081,-6.91612],[107.6031079,-6.9160834]]},"properties":{"name":"Jalan Suniaraja","ref":""}},
{"type":"Feature","geometry":{"type":"LineString","coordinates":[[107.6024325,-6.9161432],[107.6027081,-6.91612]]},"properties":{"name":"Jalan Suniaraja","ref":""}},
{"type":"Feature","geometry":{"type":"LineString","coordinates":[[107.5978766,-6.9065641],[107.5987941,-6.906746]]},"properties":{"name":"Jalan Pajajaran","ref":"371"}},
{"type":"Feature","geometry":{"type":"LineString","coordinates":[[107.6345495,-6.9133508],[107.6418763,-6.9094368]]},"properties":{"name":"Jalan Jenderal Ahmad Yani","ref":""}},
{"type":"Feature","geometry":{"type":"LineString","coordinates":[[107.6418763,-6.9094368],[107.6430381,-6.9088519]]},"properties":{"name":"Jalan Jenderal Ahmad Yani","ref":""}},
{"type":"Feature","geometry":{"type":"LineString","coordinates":[[107.5834264,-6.911033],[107.5790983,-6.9081626]]},"properties":{"name":"Jalan Ciroyom","ref":"1082"}},
{"type":"Feature","geometry":{"type":"LineString","coordinates":[[107.5858255,-6.912692],[107.5834264,-6.911033]]},"properties":{"name":"Jalan Ciroyom","ref":"1082"}},
{"type":"Feature","geometry":{"type":"LineString","coordinates":[[107.6272158,-6.9330278],[107.6325931,-6.9343034]]},"properties":{"name":"Jalan R.A.A. Martanegara","ref":"3395"}},
{"type":"Feature","geometry":{"type":"LineString","coordinates":[[107.6276565,-6.9244917],[107.6277032,-6.9243052]]},"properties":{"name":"Jalan Laswi","ref":"377"}},
{"type":"Feature","geometry":{"type":"LineString","coordinates":[[107.6277032,-6.9243052],[107.6281061,-6.9234454],[107.6288204,-6.9229136]]},"properties":{"name":"Jalan Laswi","ref":"377"}},
{"type":"Feature","geometry":{"type":"LineString","coordinates":[[107.6157613,-6.9283977],[107.6164635,-6.9287163]]},"properties":{"name":"Jalan Cikawao","ref":""}},
{"type":"Feature","geometry":{"type":"LineString","coordinates":[[107.6076772,-6.9225455],[107.6076338,-6.923028],[107.608032,-6.9231795],[107.6079833,-6.9238598],[107.607352,-6.9239683],[107.6071427,-6.9257843]]},"properties":{"name":"Jalan Balonggede","ref":""}},
{"type":"Feature","geometry":{"type":"LineString","coordinates":[[107.6311335,-6.9151604],[107.6333413,-6.9139888]]},"properties":{"name":"Jalan Jenderal Ahmad Yani","ref":"378"}},
{"type":"Feature","geometry":{"type":"LineString","coordinates":[[107.6254228,-6.9322425],[107.6256947,-6.9324168]]},"properties":{"name":"Jalan Lodaya","ref":""}},
{"type":"Feature","geometry":{"type":"LineString","coordinates":[[107.6300893,-6.9160089],[107.6299922,-6.9158161]]},"properties":{"name":"Jalan Laswi","ref":"377"}},
{"type":"Feature","geometry":{"type":"LineString","coordinates":[[107.575721,-6.9131092],[107.5758021,-6.913142]]},"properties":{"name":"Jalan Rajawali Barat","ref":""}},
{"type":"Feature","geometry":{"type":"LineString","coordinates":[[107.6099747,-6.9197157],[107.6098247,-6.9214728]]},"properties":{"name":"Jalan Braga","ref":""}},
{"type":"Feature","geometry":{"type":"LineString","coordinates":[[107.6077991,-6.9212366],[107.6076772,-6.9225455]]},"properties":{"name":"Jalan Alun-alun Timur","ref":""}},
{"type":"Feature","geometry":{"type":"LineString","coordinates":[[107.591537,-6.9090238],[107.5917513,-6.9087742]]},"properties":{"name":"Jalan Arjuna","ref":"1007"}},
{"type":"Feature","geometry":{"type":"LineString","coordinates":[[107.5914503,-6.90912],[107.591537,-6.9090238]]},"properties":{"name":"Jalan Arjuna","ref":"1007"}},
{"type":"Feature","geometry":{"type":"LineString","coordinates":[[107.6189294,-6.9281126],[107.6176336,-6.9285877],[107.6171713,-6.9290845]]},"properties":{"name":"Jalan Sadakeling","ref":""}},
{"type":"Feature","geometry":{"type":"LineString","coordinates":[[107.6164635,-6.9287163],[107.6171713,-6.9290845]]},"properties":{"name":"Jalan Sadakeling","ref":""}},
{"type":"Feature","geometry":{"type":"LineString","coordinates":[[107.5959262,-6.9065893],[107.5930436,-6.9070358]]},"properties":{"name":"Jalan Pajajaran","ref":"248"}},
{"type":"Feature","geometry":{"type":"LineString","coordinates":[[107.6303085,-6.9155587],[107.6311335,-6.9151604]]},"properties":{"name":"Jalan Jenderal Ahmad Yani","ref":"378"}},
{"type":"Feature","geometry":{"type":"LineString","coordinates":[[107.6305572,-6.921776],[107.6310227,-6.9199664]]},"properties":{"name":"Jalan Laswi","ref":"377"}},
{"type":"Feature","geometry":{"type":"LineString","coordinates":[[107.630505,-6.9219065],[107.6305572,-6.921776]]},"properties":{"name":"Jalan Laswi","ref":"377"}},
{"type":"Feature","geometry":{"type":"LineString","coordinates":[[107.6195718,-6.9286068],[107.619745,-6.9297243]]},"properties":{"name":"Jalan Lodaya","ref":""}},
{"type":"Feature","geometry":{"type":"LineString","coordinates":[[107.6194441,-6.9279633],[107.6195135,-6.9279564]]},"properties":{"name":"Jalan Talaga Bodas","ref":""}},
{"type":"Feature","geometry":{"type":"LineString","coordinates":[[107.6189294,-6.9281126],[107.6194441,-6.9279633]]},"properties":{"name":"Jalan Sadakeling","ref":""}},
{"type":"Feature","geometry":{"type":"LineString","coordinates":[[107.6337961,-6.9137089],[107.6342643,-6.9134642]]},"properties":{"name":"Jalan Jenderal Ahmad Yani","ref":"378"}},
{"type":"Feature","geometry":{"type":"LineString","coordinates":[[107.5893783,-6.9112937],[107.5894511,-6.9112342]]},"properties":{"name":"Jalan Arjuna","ref":"1007"}},
{"type":"Feature","geometry":{"type":"LineString","coordinates":[[107.5959262,-6.9065893],[107.5962889,-6.9064673]]},"properties":{"name":"Jalan Pajajaran","ref":"248"}},
{"type":"Feature","geometry":{"type":"LineString","coordinates":[[107.5982527,-6.912368],[107.5980631,-6.9124827],[107.5980724,-6.9134153]]},"properties":{"name":"Jalan HOS. Cokroaminoto","ref":""}},
{"type":"Feature","geometry":{"type":"LineString","coordinates":[[107.635966,-6.9276578],[107.633548,-6.9263466]]},"properties":{"name":"Jalan Jenderal Gatot Subroto","ref":""}},
{"type":"Feature","geometry":{"type":"LineString","coordinates":[[107.5987941,-6.906746],[107.599567,-6.9068341]]},"properties":{"name":"Jalan Pajajaran","ref":"371"}},
{"type":"Feature","geometry":{"type":"LineString","coordinates":[[107.5981201,-6.9145111],[107.5981205,-6.9145443]]},"properties":{"name":"Jalan HOS. Cokroaminoto","ref":""}},
{"type":"Feature","geometry":{"type":"LineString","coordinates":[[107.5981205,-6.9145443],[107.5981394,-6.9147779]]},"properties":{"name":"Jalan HOS. Cokroaminoto","ref":""}},
{"type":"Feature","geometry":{"type":"LineString","coordinates":[[107.6307188,-6.9173125],[107.6300893,-6.9160089]]},"properties":{"name":"Jalan Laswi","ref":"377"}},
{"type":"Feature","geometry":{"type":"LineString","coordinates":[[107.6080507,-6.92126],[107.6077991,-6.9212366]]},"properties":{"name":"Jalan Asia Afrika","ref":""}},
{"type":"Feature","geometry":{"type":"LineString","coordinates":[[107.6277936,-6.9246112],[107.6276371,-6.9245722]]},"properties":{"name":"Jalan Jenderal Gatot Subroto","ref":""}},
{"type":"Feature","geometry":{"type":"LineString","coordinates":[[107.6279789,-6.9246573],[107.6277936,-6.9246112]]},"properties":{"name":"Jalan Jenderal Gatot Subroto","ref":""}},
{"type":"Feature","geometry":{"type":"LineString","coordinates":[[107.6257675,-6.932523],[107.6262334,-6.9327732]]},"properties":{"name":"Jalan R.A.A. Martanegara","ref":"3395"}},
{"type":"Feature","geometry":{"type":"LineString","coordinates":[[107.6256947,-6.9324168],[107.6257675,-6.932523]]},"properties":{"name":"Jalan R.A.A. Martanegara","ref":"3395"}},
{"type":"Feature","geometry":{"type":"LineString","coordinates":[[107.6284463,-6.9247644],[107.6279789,-6.9246573]]},"properties":{"name":"Jalan Jenderal Gatot Subroto","ref":""}},
{"type":"Feature","geometry":{"type":"LineString","coordinates":[[107.6071427,-6.9257843],[107.6087809,-6.9259738]]},"properties":{"name":"Jalan Sasak Gantung","ref":""}},
{"type":"Feature","geometry":{"type":"LineString","coordinates":[[107.6031079,-6.9160834],[107.6045054,-6.9158364]]},"properties":{"name":"Jalan Suniaraja","ref":""}},
{"type":"Feature","geometry":{"type":"LineString","coordinates":[[107.6333413,-6.9139888],[107.6337961,-6.9137089]]},"properties":{"name":"Jalan Jenderal Ahmad Yani","ref":"378"}},
{"type":"Feature","geometry":{"type":"LineString","coordinates":[[107.6433049,-6.9094542],[107.6433608,-6.9099796]]},"properties":{"name":"Jalan H. Ibrahim Adjie","ref":""}},
{"type":"Feature","geometry":{"type":"LineString","coordinates":[[107.6338825,-6.9343972],[107.6346375,-6.9328351],[107.6348227,-6.9321233]]},"properties":{"name":"Jalan Turangga","ref":"3686"}},
{"type":"Feature","geometry":{"type":"LineString","coordinates":[[107.633548,-6.9263466],[107.6334031,-6.9262659]]},"properties":{"name":"Jalan Jenderal Gatot Subroto","ref":""}},
{"type":"Feature","geometry":{"type":"LineString","coordinates":[[107.6288204,-6.9229136],[107.6291932,-6.9227271]]},"properties":{"name":"Jalan Laswi","ref":"377"}},
{"type":"Feature","geometry":{"type":"LineString","coordinates":[[107.6291932,-6.9227271],[107.6301417,-6.9222589],[107.630505,-6.9219065]]},"properties":{"name":"Jalan Laswi","ref":"377"}},
{"type":"Feature","geometry":{"type":"LineString","coordinates":[[107.6043506,-6.917436],[107.6042904,-6.9182779]]},"properties":{"name":"Jalan Otto Iskandardinata","ref":""}},
{"type":"Feature","geometry":{"type":"LineString","coordinates":[[107.619522,-6.9280484],[107.6195718,-6.9286068]]},"properties":{"name":"Jalan Lodaya","ref":""}},
{"type":"Feature","geometry":{"type":"LineString","coordinates":[[107.5994985,-6.9089924],[107.6008146,-6.9089442]]},"properties":{"name":"Jalan Haji Mesri","ref":"1203"}},
{"type":"Feature","geometry":{"type":"LineString","coordinates":[[107.5980758,-6.9134531],[107.5981313,-6.9141206]]},"properties":{"name":"Jalan HOS. Cokroaminoto","ref":""}},
{"type":"Feature","geometry":{"type":"LineString","coordinates":[[107.5980724,-6.9134153],[107.5980758,-6.9134531]]},"properties":{"name":"Jalan HOS. Cokroaminoto","ref":""}},
{"type":"Feature","geometry":{"type":"LineString","coordinates":[[107.6300393,-6.9157014],[107.6303085,-6.9155587]]},"properties":{"name":"Jalan Jenderal Ahmad Yani","ref":"378"}},
{"type":"Feature","geometry":{"type":"LineString","coordinates":[[107.6299922,-6.9158161],[107.6299627,-6.9157488]]},"properties":{"name":"Jalan Laswi","ref":"377"}},
{"type":"Feature","geometry":{"type":"LineString","coordinates":[[107.6252506,-6.9322109],[107.6254228,-6.9322425]]},"properties":{"name":"Jalan Lodaya","ref":""}},
{"type":"Feature","geometry":{"type":"LineString","coordinates":[[107.6276371,-6.9245722],[107.6276565,-6.9244917]]},"properties":{"name":"Jalan Laswi","ref":"377;376"}},
{"type":"Feature","geometry":{"type":"LineString","coordinates":[[107.6310227,-6.9199664],[107.6313572,-6.9186866]]},"properties":{"name":"Jalan Laswi","ref":"377"}},
{"type":"Feature","geometry":{"type":"LineString","coordinates":[[107.6048398,-6.9184569],[107.6054461,-6.9186544]]},"properties":{"name":"Jalan ABC","ref":""}},
{"type":"Feature","geometry":{"type":"LineString","coordinates":[[107.5930436,-6.9070358],[107.5920701,-6.9071489]]},"properties":{"name":"Jalan Pajajaran","ref":"248"}},
{"type":"Feature","geometry":{"type":"LineString","coordinates":[[107.5894511,-6.9112342],[107.5894771,-6.9112533]]},"properties":{"name":"Jalan Arjuna","ref":"1007"}},
{"type":"Feature","geometry":{"type":"LineString","coordinates":[[107.6022008,-6.9161702],[107.6024325,-6.9161432]]},"properties":{"name":"Jalan Suniaraja","ref":""}},
{"type":"Feature","geometry":{"type":"LineString","coordinates":[[107.6325931,-6.9343034],[107.6338825,-6.9343972]]},"properties":{"name":"Jalan R.A.A. Martanegara","ref":"3395"}},
{"type":"Feature","geometry":{"type":"LineString","coordinates":[[107.6262334,-6.9327732],[107.6272158,-6.9330278]]},"properties":{"name":"Jalan R.A.A. Martanegara","ref":"3395"}},
{"type":"Feature","geometry":{"type":"LineString","coordinates":[[107.5869632,-6.9132874],[107.5872762,-6.9134317]]},"properties":{"name":"Jalan Layang Ciroyom","ref":""}},
{"type":"Feature","geometry":{"type":"LineString","coordinates":[[107.5893166,-6.9121005],[107.5893455,-6.911919]]},"properties":{"name":"Jalan Layang Ciroyom","ref":""}},
{"type":"Feature","geometry":{"type":"LineString","coordinates":[[107.5872762,-6.9134317],[107.588437,-6.9138722],[107.5888188,-6.9138239],[107.5890714,-6.9134484],[107.5893166,-6.9121005]]},"properties":{"name":"Jalan Layang Ciroyom","ref":""}},
{"type":"Feature","geometry":{"type":"LineString","coordinates":[[107.5780214,-6.9117553],[107.5776073,-6.9136496]]},"properties":{"name":"Jalan Garuda","ref":""}},
{"type":"Feature","geometry":{"type":"LineString","coordinates":[[107.5975495,-6.9063779],[107.5976387,-6.9064293]]},"properties":{"name":"Jalan Pajajaran","ref":"248"}},
{"type":"Feature","geometry":{"type":"LineString","coordinates":[[107.6313572,-6.9186866],[107.6313458,-6.9186198]]},"properties":{"name":"Jalan Laswi","ref":"377"}},
{"type":"Feature","geometry":{"type":"LineString","coordinates":[[107.5867539,-6.9131493],[107.5869632,-6.9132874]]},"properties":{"name":"Jalan Layang Ciroyom","ref":""}},
{"type":"Feature","geometry":{"type":"LineString","coordinates":[[107.5893455,-6.911919],[107.5893383,-6.9117366]]},"properties":{"name":"Jalan Layang Ciroyom","ref":""}},
{"type":"Feature","geometry":{"type":"LineString","coordinates":[[107.5893951,-6.9113257],[107.5893783,-6.9112937]]},"properties":{"name":"Jalan Arjuna","ref":"1007"}},
{"type":"Feature","geometry":{"type":"LineString","coordinates":[[107.5893383,-6.9117366],[107.5893951,-6.9113257]]},"properties":{"name":"Jalan Arjuna","ref":"1007"}},
{"type":"Feature","geometry":{"type":"LineString","coordinates":[[107.5858255,-6.912692],[107.586119,-6.9127619]]},"properties":{"name":"Jalan Ciroyom","ref":"1082"}},
{"type":"Feature","geometry":{"type":"LineString","coordinates":[[107.586119,-6.9127619],[107.5867539,-6.9131493]]},"properties":{"name":"Jalan Ciroyom","ref":"1082"}},
{"type":"Feature","geometry":{"type":"LineString","coordinates":[[107.5982691,-6.91619],[107.5984551,-6.9163007]]},"properties":{"name":"Jalan HOS. Cokroaminoto","ref":""}},
{"type":"Feature","geometry":{"type":"LineString","coordinates":[[107.5753653,-6.9129722],[107.575721,-6.9131092]]},"properties":{"name":"Jalan Rajawali Barat","ref":"11"}},
{"type":"Feature","geometry":{"type":"LineString","coordinates":[[107.6252034,-6.9321877],[107.6252506,-6.9322109]]},"properties":{"name":"Jalan Lodaya","ref":""}},
{"type":"Feature","geometry":{"type":"LineString","coordinates":[[107.6042904,-6.9182779],[107.6048398,-6.9184569]]},"properties":{"name":"Jalan ABC","ref":""}},
{"type":"Feature","geometry":{"type":"LineString","coordinates":[[107.5790233,-6.9079984],[107.5791287,-6.9081131]]},"properties":{"name":"Jalan Maleber Utara","ref":""}},
{"type":"Feature","geometry":{"type":"LineString","coordinates":[[107.5917513,-6.9087742],[107.5917888,-6.9087296]]},"properties":{"name":"Jalan Arjuna","ref":"1007"}},
{"type":"Feature","geometry":{"type":"LineString","coordinates":[[107.5917888,-6.9087296],[107.5923855,-6.9079342]]},"properties":{"name":"Jalan Arjuna","ref":"1007"}},
{"type":"Feature","geometry":{"type":"LineString","coordinates":[[107.5923855,-6.9079342],[107.5924594,-6.9078306]]},"properties":{"name":"Jalan Arjuna","ref":"1007"}},
{"type":"Feature","geometry":{"type":"LineString","coordinates":[[107.5924594,-6.9078306],[107.5926308,-6.9075901]]},"properties":{"name":"Jalan Arjuna","ref":"1007"}},
{"type":"Feature","geometry":{"type":"LineString","coordinates":[[107.6006435,-6.9124749],[107.6002224,-6.9124495]]},"properties":{"name":"Jalan Kebon Kawung","ref":"370"}},
{"type":"Feature","geometry":{"type":"LineString","coordinates":[[107.6002224,-6.9124495],[107.6000202,-6.912439]]},"properties":{"name":"Jalan Kebon Kawung","ref":"370"}},
{"type":"Feature","geometry":{"type":"LineString","coordinates":[[107.6000202,-6.912439],[107.5993874,-6.9123994]]},"properties":{"name":"Jalan Kebon Kawung","ref":"370"}},
{"type":"Feature","geometry":{"type":"LineString","coordinates":[[107.5993874,-6.9123994],[107.5990132,-6.912372]]},"properties":{"name":"Jalan Kebon Kawung","ref":"370"}},
{"type":"Feature","geometry":{"type":"LineString","coordinates":[[107.5990132,-6.912372],[107.5982527,-6.912368]]},"properties":{"name":"Jalan Kebon Kawung","ref":"370"}},
{"type":"Feature","geometry":{"type":"LineString","coordinates":[[107.6098247,-6.9214728],[107.6094601,-6.9214292]]},"properties":{"name":"Jalan Asia Afrika","ref":""}},
{"type":"Feature","geometry":{"type":"LineString","coordinates":[[107.6094601,-6.9214292],[107.6092781,-6.9214081]]},"properties":{"name":"Jalan Asia Afrika","ref":""}},
{"type":"Feature","geometry":{"type":"LineString","coordinates":[[107.6092781,-6.9214081],[107.6087887,-6.9213491]]},"properties":{"name":"Jalan Asia Afrika","ref":""}},
{"type":"Feature","geometry":{"type":"LineString","coordinates":[[107.6087887,-6.9213491],[107.6082703,-6.9212857]]},"properties":{"name":"Jalan Asia Afrika","ref":""}},
{"type":"Feature","geometry":{"type":"LineString","coordinates":[[107.6082703,-6.9212857],[107.6080507,-6.92126]]},"properties":{"name":"Jalan Asia Afrika","ref":""}},
{"type":"Feature","geometry":{"type":"LineString","coordinates":[[107.6195135,-6.9279564],[107.619522,-6.9280484]]},"properties":{"name":"Jalan Burangrang","ref":""}},
{"type":"Feature","geometry":{"type":"LineString","coordinates":[[107.5791287,-6.9081131],[107.5790983,-6.9081626]]},"properties":{"name":"Jalan Garuda","ref":""}},
{"type":"Feature","geometry":{"type":"LineString","coordinates":[[107.5758021,-6.913142],[107.5761151,-6.9132715]]},"properties":{"name":"Jalan Rajawali Timur","ref":""}},
{"type":"Feature","geometry":{"type":"LineString","coordinates":[[107.6353583,-6.9300131],[107.6355813,-6.9291539]]},"properties":{"name":"Jalan Turangga","ref":"3686"}},
{"type":"Feature","geometry":{"type":"LineString","coordinates":[[107.6355813,-6.9291539],[107.635966,-6.9276578]]},"properties":{"name":"Jalan Turangga","ref":"3686"}},
{"type":"Feature","geometry":{"type":"LineString","coordinates":[[107.619745,-6.9297243],[107.6198226,-6.9298046]]},"properties":{"name":"Jalan Lodaya","ref":""}},
{"type":"Feature","geometry":{"type":"LineString","coordinates":[[107.5741991,-6.9172935],[107.5725721,-6.916133]]},"properties":{"name":"Jalan Jendral Sudirman","ref":"11"}},
{"type":"Feature","geometry":{"type":"LineString","coordinates":[[107.6330945,-6.9481961],[107.630177,-6.949072],[107.6287343,-6.94934]]},"properties":{"name":"Jalan Soekarno-Hatta","ref":"11"}},
{"type":"Feature","geometry":{"type":"LineString","coordinates":[[107.6219865,-6.9493019],[107.6215623,-6.9492646]]},"properties":{"name":"Jalan Soekarno-Hatta","ref":"11"}},
{"type":"Feature","geometry":{"type":"LineString","coordinates":[[107.6215623,-6.9492646],[107.6214774,-6.9492594]]},"properties":{"name":"Jalan Soekarno-Hatta","ref":"11"}},
{"type":"Feature","geometry":{"type":"LineString","coordinates":[[107.5693569,-6.9106219],[107.5729282,-6.9120185]]},"properties":{"name":"Jalan Rajawali Barat","ref":"11"}},
{"type":"Feature","geometry":{"type":"LineString","coordinates":[[107.5895751,-6.9456911],[107.5893262,-6.9455913]]},"properties":{"name":"Jalan Soekarno-Hatta","ref":"11"}},
{"type":"Feature","geometry":{"type":"LineString","coordinates":[[107.5758965,-6.9300827],[107.5754153,-6.9269421]]},"properties":{"name":"Jalan Soekarno-Hatta","ref":"11"}},
{"type":"Feature","geometry":{"type":"LineString","coordinates":[[107.5829792,-6.9419021],[107.5813405,-6.9400788],[107.5779644,-6.9351167],[107.576479,-6.932218]]},"properties":{"name":"Jalan Soekarno-Hatta","ref":"11"}},
{"type":"Feature","geometry":{"type":"LineString","coordinates":[[107.584417,-6.9431127],[107.584274,-6.9430061]]},"properties":{"name":"Jalan Soekarno-Hatta","ref":"11"}},
{"type":"Feature","geometry":{"type":"LineString","coordinates":[[107.619664,-6.9491378],[107.6124407,-6.9486128]]},"properties":{"name":"Jalan Soekarno-Hatta","ref":"11"}},
{"type":"Feature","geometry":{"type":"LineString","coordinates":[[107.5983479,-6.9476164],[107.597127,-6.9476247]]},"properties":{"name":"Jalan Soekarno-Hatta","ref":"11"}},
{"type":"Feature","geometry":{"type":"LineString","coordinates":[[107.6741648,-6.9384751],[107.6716586,-6.9386448]]},"properties":{"name":"Jalan Soekarno-Hatta","ref":""}},
{"type":"Feature","geometry":{"type":"LineString","coordinates":[[107.6528653,-6.94202],[107.652718,-6.9420676]]},"properties":{"name":"Jalan Soekarno-Hatta","ref":""}},
{"type":"Feature","geometry":{"type":"LineString","coordinates":[[107.681487,-6.9379454],[107.6780501,-6.938193]]},"properties":{"name":"Jalan Soekarno-Hatta","ref":""}},
{"type":"Feature","geometry":{"type":"LineString","coordinates":[[107.6824446,-6.9378809],[107.681487,-6.9379454]]},"properties":{"name":"Soekarno Hatta Frontage Boulevard","ref":""}},
{"type":"Feature","geometry":{"type":"LineString","coordinates":[[107.6871235,-6.937537],[107.6847875,-6.9377223]]},"properties":{"name":"Jalan Soekarno-Hatta","ref":""}},
{"type":"Feature","geometry":{"type":"LineString","coordinates":[[107.6922076,-6.9371573],[107.6880865,-6.9374746]]},"properties":{"name":"Soekarno Hatta Frontage Boulevard","ref":""}},
{"type":"Feature","geometry":{"type":"LineString","coordinates":[[107.6638999,-6.9392127],[107.6614189,-6.9395381],[107.6581816,-6.9403488]]},"properties":{"name":"Jalan Soekarno-Hatta","ref":""}},
{"type":"Feature","geometry":{"type":"LineString","coordinates":[[107.6644206,-6.9391582],[107.6638999,-6.9392127]]},"properties":{"name":"Jalan Soekarno-Hatta","ref":""}},
{"type":"Feature","geometry":{"type":"LineString","coordinates":[[107.5708773,-6.9135594],[107.5703429,-6.9126894]]},"properties":{"name":"Jalan Jendral Sudirman","ref":"11"}},
{"type":"Feature","geometry":{"type":"LineString","coordinates":[[107.5750151,-6.9243818],[107.574331,-6.9194823]]},"properties":{"name":"Jalan Soekarno-Hatta","ref":"11"}},
{"type":"Feature","geometry":{"type":"LineString","coordinates":[[107.589865,-6.9458161],[107.5896397,-6.9457186]]},"properties":{"name":"Jalan Soekarno-Hatta","ref":"11"}},
{"type":"Feature","geometry":{"type":"LineString","coordinates":[[107.5941295,-6.9471881],[107.592997,-6.9469193]]},"properties":{"name":"Jalan Soekarno-Hatta","ref":"11"}},
{"type":"Feature","geometry":{"type":"LineString","coordinates":[[107.592997,-6.9469193],[107.5904505,-6.9460588]]},"properties":{"name":"Jalan Soekarno-Hatta","ref":"11"}},
{"type":"Feature","geometry":{"type":"LineString","coordinates":[[107.5759595,-6.9304856],[107.575943,-6.930415]]},"properties":{"name":"Jalan Soekarno-Hatta","ref":"11"}},
{"type":"Feature","geometry":{"type":"LineString","coordinates":[[107.6743512,-6.9384618],[107.6741648,-6.9384751]]},"properties":{"name":"Soekarno Hatta Frontage Boulevard","ref":""}},
{"type":"Feature","geometry":{"type":"LineString","coordinates":[[107.6697839,-6.9387813],[107.6695923,-6.9387942]]},"properties":{"name":"Jalan Soekarno-Hatta","ref":""}},
{"type":"Feature","geometry":{"type":"LineString","coordinates":[[107.6661888,-6.9390351],[107.6644206,-6.9391582]]},"properties":{"name":"Jalan Soekarno-Hatta","ref":""}},
{"type":"Feature","geometry":{"type":"LineString","coordinates":[[107.6847875,-6.9377223],[107.684578,-6.9377364]]},"properties":{"name":"Soekarno Hatta Frontage Boulevard","ref":""}},
{"type":"Feature","geometry":{"type":"LineString","coordinates":[[107.684578,-6.9377364],[107.6824446,-6.9378809]]},"properties":{"name":"Jalan Soekarno-Hatta","ref":""}},
{"type":"Feature","geometry":{"type":"LineString","coordinates":[[107.6041279,-6.9479901],[107.6039633,-6.9479796]]},"properties":{"name":"Jalan Soekarno-Hatta","ref":"11"}},
{"type":"Feature","geometry":{"type":"LineString","coordinates":[[107.6089974,-6.9483475],[107.6054314,-6.9481041]]},"properties":{"name":"Jalan Soekarno-Hatta","ref":"11"}},
{"type":"Feature","geometry":{"type":"LineString","coordinates":[[107.5715151,-6.9146659],[107.5708773,-6.9135594]]},"properties":{"name":"Jalan Jendral Sudirman","ref":"11"}},
{"type":"Feature","geometry":{"type":"LineString","coordinates":[[107.7003724,-6.9550027],[107.7006152,-6.9549119],[107.7008078,-6.9550591]]},"properties":{"name":"Bunderan Grand Bulevar","ref":""}},
{"type":"Feature","geometry":{"type":"LineString","coordinates":[[107.6925095,-6.9377585],[107.6925036,-6.9376435]]},"properties":{"name":"Jalan Gedebage Selatan","ref":""}},
{"type":"Feature","geometry":{"type":"LineString","coordinates":[[107.574331,-6.9194823],[107.5742937,-6.9173779]]},"properties":{"name":"Jalan Soekarno-Hatta","ref":"11"}},
{"type":"Feature","geometry":{"type":"LineString","coordinates":[[107.6952335,-6.9567042],[107.6955937,-6.9547378],[107.6955736,-6.9537553],[107.6950114,-6.9522485],[107.6943769,-6.9513706]]},"properties":{"name":"Bulevar Utama","ref":"11113"}},
{"type":"Feature","geometry":{"type":"LineString","coordinates":[[107.584274,-6.9430061],[107.5834854,-6.9423721]]},"properties":{"name":"Jalan Soekarno-Hatta","ref":"11"}},
{"type":"Feature","geometry":{"type":"LineString","coordinates":[[107.5703429,-6.9126894],[107.5698951,-6.9119365]]},"properties":{"name":"Jalan Jendral Sudirman","ref":"11"}},
{"type":"Feature","geometry":{"type":"LineString","coordinates":[[107.6414451,-6.9456922],[107.6408496,-6.9458361]]},"properties":{"name":"Jalan Soekarno-Hatta","ref":"11"}},
{"type":"Feature","geometry":{"type":"LineString","coordinates":[[107.6404414,-6.9459162],[107.6401117,-6.9460015]]},"properties":{"name":"Jalan Soekarno-Hatta","ref":"11"}},
{"type":"Feature","geometry":{"type":"LineString","coordinates":[[107.63913,-6.9463163],[107.6379765,-6.9466862]]},"properties":{"name":"Jalan Soekarno-Hatta","ref":"11"}},
{"type":"Feature","geometry":{"type":"LineString","coordinates":[[107.6379765,-6.9466862],[107.6362655,-6.9471987]]},"properties":{"name":"Jalan Soekarno-Hatta","ref":"11"}},
{"type":"Feature","geometry":{"type":"LineString","coordinates":[[107.6362655,-6.9471987],[107.6356037,-6.9474143]]},"properties":{"name":"Jalan Soekarno-Hatta","ref":"11"}},
{"type":"Feature","geometry":{"type":"LineString","coordinates":[[107.6356037,-6.9474143],[107.6345119,-6.9477553]]},"properties":{"name":"Jalan Soekarno-Hatta","ref":"11"}},
{"type":"Feature","geometry":{"type":"LineString","coordinates":[[107.633797,-6.9479897],[107.6335261,-6.9480768]]},"properties":{"name":"Jalan Soekarno-Hatta","ref":"11"}},
{"type":"Feature","geometry":{"type":"LineString","coordinates":[[107.6345119,-6.9477553],[107.633797,-6.9479897]]},"properties":{"name":"Jalan Soekarno-Hatta","ref":"11"}},
{"type":"Feature","geometry":{"type":"LineString","coordinates":[[107.6334141,-6.9481055],[107.6330945,-6.9481961]]},"properties":{"name":"Jalan Soekarno-Hatta","ref":"11"}},
{"type":"Feature","geometry":{"type":"LineString","coordinates":[[107.6335261,-6.9480768],[107.6334141,-6.9481055]]},"properties":{"name":"Jalan Soekarno-Hatta","ref":"11"}},
{"type":"Feature","geometry":{"type":"LineString","coordinates":[[107.652718,-6.9420676],[107.6484748,-6.9434245]]},"properties":{"name":"Jalan Soekarno-Hatta","ref":""}},
{"type":"Feature","geometry":{"type":"LineString","coordinates":[[107.6423431,-6.9453982],[107.6419126,-6.9455527]]},"properties":{"name":"Jalan Soekarno-Hatta","ref":"11"}},
{"type":"Feature","geometry":{"type":"LineString","coordinates":[[107.6419126,-6.9455527],[107.6418208,-6.9455841]]},"properties":{"name":"Jalan Soekarno-Hatta","ref":"11"}},
{"type":"Feature","geometry":{"type":"LineString","coordinates":[[107.5698951,-6.9119365],[107.5699632,-6.911882]]},"properties":{"name":"","ref":""}},
{"type":"Feature","geometry":{"type":"LineString","coordinates":[[107.6758204,-6.9383501],[107.6743512,-6.9384618]]},"properties":{"name":"Soekarno Hatta Frontage Boulevard","ref":""}},
{"type":"Feature","geometry":{"type":"LineString","coordinates":[[107.6239296,-6.9494823],[107.6219865,-6.9493019]]},"properties":{"name":"Jalan Soekarno-Hatta","ref":"11"}},
{"type":"Feature","geometry":{"type":"LineString","coordinates":[[107.5754153,-6.9269421],[107.5750637,-6.9246314]]},"properties":{"name":"Jalan Soekarno-Hatta","ref":"11"}},
{"type":"Feature","geometry":{"type":"LineString","coordinates":[[107.5750637,-6.9246314],[107.5750151,-6.9243818]]},"properties":{"name":"Jalan Soekarno-Hatta","ref":"11"}},
{"type":"Feature","geometry":{"type":"LineString","coordinates":[[107.5699632,-6.911882],[107.5692858,-6.9107802],[107.5693569,-6.9106219]]},"properties":{"name":"Jalan Jendral Sudirman","ref":"11"}},
{"type":"Feature","geometry":{"type":"LineString","coordinates":[[107.6094437,-6.9483822],[107.6089974,-6.9483475]]},"properties":{"name":"Jalan Soekarno-Hatta","ref":"11"}},
{"type":"Feature","geometry":{"type":"LineString","coordinates":[[107.6054314,-6.9481041],[107.6041279,-6.9479901]]},"properties":{"name":"Jalan Soekarno-Hatta","ref":"11"}},
{"type":"Feature","geometry":{"type":"LineString","coordinates":[[107.5960773,-6.9475327],[107.595488,-6.9474391]]},"properties":{"name":"Jalan Soekarno-Hatta","ref":"11"}},
{"type":"Feature","geometry":{"type":"LineString","coordinates":[[107.595488,-6.9474391],[107.5952613,-6.9473935]]},"properties":{"name":"Jalan Soekarno-Hatta","ref":"11"}},
{"type":"Feature","geometry":{"type":"LineString","coordinates":[[107.6214774,-6.9492594],[107.6213965,-6.949255]]},"properties":{"name":"Jalan Soekarno-Hatta","ref":"11"}},
{"type":"Feature","geometry":{"type":"LineString","coordinates":[[107.5887948,-6.9453883],[107.5867185,-6.9445286]]},"properties":{"name":"Jalan Soekarno-Hatta","ref":"11"}},
{"type":"Feature","geometry":{"type":"LineString","coordinates":[[107.5893262,-6.9455913],[107.5887948,-6.9453883]]},"properties":{"name":"Jalan Soekarno-Hatta","ref":"11"}},
{"type":"Feature","geometry":{"type":"LineString","coordinates":[[107.602607,-6.947895],[107.5998819,-6.9477177]]},"properties":{"name":"Jalan Soekarno-Hatta","ref":"11"}},
{"type":"Feature","geometry":{"type":"LineString","coordinates":[[107.6935286,-6.9493867],[107.6935521,-6.9490678]]},"properties":{"name":"Bulevar Utama","ref":"11113"}},
{"type":"Feature","geometry":{"type":"LineString","coordinates":[[107.6943769,-6.9513706],[107.6937181,-6.9507131],[107.6935369,-6.950149],[107.6935286,-6.9493867]]},"properties":{"name":"Bulevar Utama","ref":"11113"}},
{"type":"Feature","geometry":{"type":"LineString","coordinates":[[107.5742937,-6.9173779],[107.5741991,-6.9172935]]},"properties":{"name":"Bunderan Cibeureum","ref":"11"}},
{"type":"Feature","geometry":{"type":"LineString","coordinates":[[107.5997816,-6.9477112],[107.5983479,-6.9476164]]},"properties":{"name":"Jalan Soekarno-Hatta","ref":"11"}},
{"type":"Feature","geometry":{"type":"LineString","coordinates":[[107.5998819,-6.9477177],[107.5997816,-6.9477112]]},"properties":{"name":"Jalan Soekarno-Hatta","ref":"11"}},
{"type":"Feature","geometry":{"type":"LineString","coordinates":[[107.6953262,-6.9567197],[107.6952335,-6.9567042]]},"properties":{"name":"","ref":""}},
{"type":"Feature","geometry":{"type":"LineString","coordinates":[[107.697357,-6.9566694],[107.6963987,-6.956873],[107.6953262,-6.9567197]]},"properties":{"name":"Grand Bulevar","ref":"11113"}},
{"type":"Feature","geometry":{"type":"LineString","coordinates":[[107.6425818,-6.9453091],[107.6423431,-6.9453982]]},"properties":{"name":"Jalan Soekarno-Hatta","ref":"11"}},
{"type":"Feature","geometry":{"type":"LineString","coordinates":[[107.6039633,-6.9479796],[107.602607,-6.947895]]},"properties":{"name":"Jalan Soekarno-Hatta","ref":"11"}},
{"type":"Feature","geometry":{"type":"LineString","coordinates":[[107.6097349,-6.9483987],[107.6094437,-6.9483822]]},"properties":{"name":"Jalan Soekarno-Hatta","ref":"11"}},
{"type":"Feature","geometry":{"type":"LineString","coordinates":[[107.6124407,-6.9486128],[107.6097349,-6.9483987]]},"properties":{"name":"Jalan Soekarno-Hatta","ref":"11"}},
{"type":"Feature","geometry":{"type":"LineString","coordinates":[[107.6273421,-6.9495018],[107.6264304,-6.9495584]]},"properties":{"name":"Jalan Soekarno-Hatta","ref":"11"}},
{"type":"Feature","geometry":{"type":"LineString","coordinates":[[107.6264304,-6.9495584],[107.6259917,-6.9495692]]},"properties":{"name":"Jalan Soekarno-Hatta","ref":"11"}},
{"type":"Feature","geometry":{"type":"LineString","coordinates":[[107.6925036,-6.9376435],[107.6924497,-6.9372873],[107.6922076,-6.9371573]]},"properties":{"name":"","ref":""}},
{"type":"Feature","geometry":{"type":"LineString","coordinates":[[107.5850394,-6.943526],[107.584417,-6.9431127]]},"properties":{"name":"Jalan Soekarno-Hatta","ref":"11"}},
{"type":"Feature","geometry":{"type":"LineString","coordinates":[[107.5904505,-6.9460588],[107.589865,-6.9458161]]},"properties":{"name":"Jalan Soekarno-Hatta","ref":"11"}},
{"type":"Feature","geometry":{"type":"LineString","coordinates":[[107.6674513,-6.9389439],[107.6670598,-6.9389755]]},"properties":{"name":"Jalan Soekarno-Hatta","ref":""}},
{"type":"Feature","geometry":{"type":"LineString","coordinates":[[107.6670598,-6.9389755],[107.6661888,-6.9390351]]},"properties":{"name":"Jalan Soekarno-Hatta","ref":""}},
{"type":"Feature","geometry":{"type":"LineString","coordinates":[[107.6695923,-6.9387942],[107.6674513,-6.9389439]]},"properties":{"name":"Jalan Soekarno-Hatta","ref":""}},
{"type":"Feature","geometry":{"type":"LineString","coordinates":[[107.6712568,-6.9386784],[107.6697839,-6.9387813]]},"properties":{"name":"Jalan Soekarno-Hatta","ref":""}},
{"type":"Feature","geometry":{"type":"LineString","coordinates":[[107.6716586,-6.9386448],[107.6712568,-6.9386784]]},"properties":{"name":"Soekarno Hatta Frontage Boulevard","ref":""}},
{"type":"Feature","geometry":{"type":"LineString","coordinates":[[107.6773321,-6.938247],[107.6758204,-6.9383501]]},"properties":{"name":"Jalan Soekarno-Hatta","ref":""}},
{"type":"Feature","geometry":{"type":"LineString","coordinates":[[107.6780501,-6.938193],[107.6773321,-6.938247]]},"properties":{"name":"Soekarno Hatta Frontage Boulevard","ref":""}},
{"type":"Feature","geometry":{"type":"LineString","coordinates":[[107.6484748,-6.9434245],[107.6467958,-6.9439589]]},"properties":{"name":"Jalan Soekarno-Hatta","ref":""}},
{"type":"Feature","geometry":{"type":"LineString","coordinates":[[107.6467958,-6.9439589],[107.6425818,-6.9453091]]},"properties":{"name":"Jalan Soekarno-Hatta","ref":""}},
{"type":"Feature","geometry":{"type":"LineString","coordinates":[[107.6880865,-6.9374746],[107.6871235,-6.937537]]},"properties":{"name":"Jalan Soekarno-Hatta","ref":""}},
{"type":"Feature","geometry":{"type":"LineString","coordinates":[[107.6418208,-6.9455841],[107.6414451,-6.9456922]]},"properties":{"name":"Jalan Soekarno-Hatta","ref":"11"}},
{"type":"Feature","geometry":{"type":"LineString","coordinates":[[107.5951905,-6.9473813],[107.5950013,-6.9473417]]},"properties":{"name":"Jalan Soekarno-Hatta","ref":"11"}},
{"type":"Feature","geometry":{"type":"LineString","coordinates":[[107.6213965,-6.949255],[107.619664,-6.9491378]]},"properties":{"name":"Jalan Soekarno-Hatta","ref":"11"}},
{"type":"Feature","geometry":{"type":"LineString","coordinates":[[107.5729282,-6.9120185],[107.5753653,-6.9129722]]},"properties":{"name":"Jalan Rajawali Barat","ref":"11"}},
{"type":"Feature","geometry":{"type":"LineString","coordinates":[[107.5867185,-6.9445286],[107.5850394,-6.943526]]},"properties":{"name":"Jalan Soekarno-Hatta","ref":"11"}},
{"type":"Feature","geometry":{"type":"LineString","coordinates":[[107.5952613,-6.9473935],[107.5951905,-6.9473813]]},"properties":{"name":"Jalan Soekarno-Hatta","ref":"11"}},
{"type":"Feature","geometry":{"type":"LineString","coordinates":[[107.6401117,-6.9460015],[107.63913,-6.9463163]]},"properties":{"name":"Jalan Soekarno-Hatta","ref":"11"}},
{"type":"Feature","geometry":{"type":"LineString","coordinates":[[107.6287343,-6.94934],[107.6273421,-6.9495018]]},"properties":{"name":"Jalan Soekarno-Hatta","ref":"11"}},
{"type":"Feature","geometry":{"type":"LineString","coordinates":[[107.5896397,-6.9457186],[107.5895751,-6.9456911]]},"properties":{"name":"Jalan Soekarno-Hatta","ref":"11"}},
{"type":"Feature","geometry":{"type":"LineString","coordinates":[[107.597127,-6.9476247],[107.5960773,-6.9475327]]},"properties":{"name":"Jalan Soekarno-Hatta","ref":"11"}},
{"type":"Feature","geometry":{"type":"LineString","coordinates":[[107.6581816,-6.9403488],[107.6569693,-6.9407256]]},"properties":{"name":"Jalan Soekarno-Hatta","ref":""}},
{"type":"Feature","geometry":{"type":"LineString","coordinates":[[107.6569693,-6.9407256],[107.6528653,-6.94202]]},"properties":{"name":"Jalan Soekarno-Hatta","ref":""}},
{"type":"Feature","geometry":{"type":"LineString","coordinates":[[107.6259917,-6.9495692],[107.6239296,-6.9494823]]},"properties":{"name":"Jalan Soekarno-Hatta","ref":"11"}},
{"type":"Feature","geometry":{"type":"LineString","coordinates":[[107.576479,-6.932218],[107.5760418,-6.9307684]]},"properties":{"name":"Jalan Soekarno-Hatta","ref":"11"}},
{"type":"Feature","geometry":{"type":"LineString","coordinates":[[107.5760418,-6.9307684],[107.5759595,-6.9304856]]},"properties":{"name":"Jalan Soekarno-Hatta","ref":"11"}},
{"type":"Feature","geometry":{"type":"LineString","coordinates":[[107.575943,-6.930415],[107.5758965,-6.9300827]]},"properties":{"name":"Jalan Soekarno-Hatta","ref":"11"}},
{"type":"Feature","geometry":{"type":"LineString","coordinates":[[107.5950013,-6.9473417],[107.5941295,-6.9471881]]},"properties":{"name":"Jalan Soekarno-Hatta","ref":"11"}},
{"type":"Feature","geometry":{"type":"LineString","coordinates":[[107.6992029,-6.955658],[107.7002127,-6.9552171]]},"properties":{"name":"Grand Bulevar","ref":"11113"}},
{"type":"Feature","geometry":{"type":"LineString","coordinates":[[107.7003921,-6.9553478],[107.697357,-6.9566694]]},"properties":{"name":"Grand Bulevar","ref":"11113"}},
{"type":"Feature","geometry":{"type":"LineString","coordinates":[[107.7007313,-6.9553665],[107.7006183,-6.9554167]]},"properties":{"name":"Bunderan Grand Bulevar","ref":""}},
{"type":"Feature","geometry":{"type":"LineString","coordinates":[[107.7008078,-6.9550591],[107.7007313,-6.9553665]]},"properties":{"name":"Bunderan Grand Bulevar","ref":""}},
{"type":"Feature","geometry":{"type":"LineString","coordinates":[[107.6935521,-6.9490678],[107.6934721,-6.9475864],[107.6936818,-6.9464624]]},"properties":{"name":"Bulevar Utama","ref":"11113"}},
{"type":"Feature","geometry":{"type":"LineString","coordinates":[[107.6935148,-6.9432192],[107.6922485,-6.9430247]]},"properties":{"name":"Jalan Gedebage Utama","ref":""}},
{"type":"Feature","geometry":{"type":"LineString","coordinates":[[107.6918707,-6.9411457],[107.6925095,-6.9377585]]},"properties":{"name":"Jalan Gedebage Selatan","ref":"400"}},
{"type":"Feature","geometry":{"type":"LineString","coordinates":[[107.7003144,-6.9551651],[107.7003724,-6.9550027]]},"properties":{"name":"Bunderan Grand Bulevar","ref":""}},
{"type":"Feature","geometry":{"type":"LineString","coordinates":[[107.6913732,-6.9425918],[107.6918408,-6.9416411],[107.6918707,-6.9411457]]},"properties":{"name":"Jalan Gedebage Selatan","ref":"400"}},
{"type":"Feature","geometry":{"type":"LineString","coordinates":[[107.6913374,-6.9426801],[107.6913732,-6.9425918]]},"properties":{"name":"Jalan Gedebage Selatan","ref":"400"}},
{"type":"Feature","geometry":{"type":"LineString","coordinates":[[107.6914851,-6.9427915],[107.6913374,-6.9426801]]},"properties":{"name":"Jalan Gedebage Utama","ref":""}},
{"type":"Feature","geometry":{"type":"LineString","coordinates":[[107.6922485,-6.9430247],[107.6914851,-6.9427915]]},"properties":{"name":"Jalan Gedebage Utama","ref":""}},
{"type":"Feature","geometry":{"type":"LineString","coordinates":[[107.575721,-6.9131092],[107.5755571,-6.9135373]]},"properties":{"name":"Jalan Elang","ref":"11"}},
{"type":"Feature","geometry":{"type":"LineString","coordinates":[[107.5725721,-6.916133],[107.5715151,-6.9146659]]},"properties":{"name":"Jalan Jendral Sudirman","ref":"11"}},
{"type":"Feature","geometry":{"type":"LineString","coordinates":[[107.5834854,-6.9423721],[107.5829792,-6.9419021]]},"properties":{"name":"Jalan Soekarno-Hatta","ref":"11"}},
{"type":"Feature","geometry":{"type":"LineString","coordinates":[[107.5753653,-6.9129722],[107.575721,-6.9131092]]},"properties":{"name":"Jalan Rajawali Barat","ref":"11"}},
{"type":"Feature","geometry":{"type":"LineString","coordinates":[[107.6938372,-6.9448901],[107.6935148,-6.9432192]]},"properties":{"name":"Bulevar Utama","ref":"11113"}},
{"type":"Feature","geometry":{"type":"LineString","coordinates":[[107.6936818,-6.9464624],[107.6938837,-6.945407],[107.6938372,-6.9448901]]},"properties":{"name":"Bulevar Utama","ref":"11113"}},
{"type":"Feature","geometry":{"type":"LineString","coordinates":[[107.6408496,-6.9458361],[107.6404414,-6.9459162]]},"properties":{"name":"Jalan Soekarno-Hatta","ref":"11"}},
{"type":"Feature","geometry":{"type":"LineString","coordinates":[[107.7002127,-6.9552171],[107.7003144,-6.9551651]]},"properties":{"name":"Grand Bulevar","ref":"11113"}},
{"type":"Feature","geometry":{"type":"LineString","coordinates":[[107.7006183,-6.9554167],[107.7003921,-6.9553478]]},"properties":{"name":"Bunderan Grand Bulevar","ref":""}},
{"type":"Feature","geometry":{"type":"LineString","coordinates":[[107.6040992,-6.9208034],[107.6039369,-6.9231152]]},"properties":{"name":"Jalan Otto Iskandardinata","ref":""}},
{"type":"Feature","geometry":{"type":"LineString","coordinates":[[107.713642,-6.931656],[107.7127799,-6.9310665],[107.711222,-6.9277829]]},"properties":{"name":"Jalan Abdul Haris Nasution","ref":""}},
{"type":"Feature","geometry":{"type":"LineString","coordinates":[[107.5899199,-6.9452949],[107.5910269,-6.9435481]]},"properties":{"name":"Jalan Kyai Haji Wahid Hasyim","ref":"106"}},
{"type":"Feature","geometry":{"type":"LineString","coordinates":[[107.6032238,-6.935481],[107.6031505,-6.9365689]]},"properties":{"name":"Jalan Otto Iskandardinata","ref":""}},
{"type":"Feature","geometry":{"type":"LineString","coordinates":[[107.603088,-6.9372221],[107.6030687,-6.9373365]]},"properties":{"name":"Jalan Otto Iskandardinata","ref":""}},
{"type":"Feature","geometry":{"type":"LineString","coordinates":[[107.6562379,-6.9021633],[107.6557174,-6.902134]]},"properties":{"name":"Jalan Jenderal Ahmad Yani","ref":""}},
{"type":"Feature","geometry":{"type":"LineString","coordinates":[[107.6445308,-6.9080265],[107.6437989,-6.9084471]]},"properties":{"name":"Jalan Jenderal Ahmad Yani","ref":""}},
{"type":"Feature","geometry":{"type":"LineString","coordinates":[[107.6445308,-6.9080265],[107.6473541,-6.9065376]]},"properties":{"name":"Jalan Jenderal Ahmad Yani","ref":""}},
{"type":"Feature","geometry":{"type":"LineString","coordinates":[[107.6568007,-6.9022123],[107.6566577,-6.9022086]]},"properties":{"name":"Jalan Jenderal Ahmad Yani","ref":""}},
{"type":"Feature","geometry":{"type":"LineString","coordinates":[[107.6038724,-6.923931],[107.6036918,-6.9271992]]},"properties":{"name":"Jalan Otto Iskandardinata","ref":""}},
{"type":"Feature","geometry":{"type":"LineString","coordinates":[[107.6036918,-6.9271992],[107.603397,-6.9314278]]},"properties":{"name":"Jalan Otto Iskandardinata","ref":""}},
{"type":"Feature","geometry":{"type":"LineString","coordinates":[[107.6039369,-6.9231152],[107.6039303,-6.9231867]]},"properties":{"name":"Jalan Otto Iskandardinata","ref":""}},
{"type":"Feature","geometry":{"type":"LineString","coordinates":[[107.6032256,-6.9338577],[107.6032159,-6.9342862]]},"properties":{"name":"Jalan Otto Iskandardinata","ref":""}},
{"type":"Feature","geometry":{"type":"LineString","coordinates":[[107.603397,-6.9314278],[107.6032256,-6.9338577]]},"properties":{"name":"Jalan Otto Iskandardinata","ref":""}},
{"type":"Feature","geometry":{"type":"LineString","coordinates":[[107.5905372,-6.9458885],[107.5920057,-6.9464327]]},"properties":{"name":"Jalan Soekarno-Hatta","ref":"11"}},
{"type":"Feature","geometry":{"type":"LineString","coordinates":[[107.6434964,-6.9113612],[107.643636,-6.9130175]]},"properties":{"name":"Jalan H. Ibrahim Adjie","ref":""}},
{"type":"Feature","geometry":{"type":"LineString","coordinates":[[107.6194592,-6.9213499],[107.6187221,-6.9217512]]},"properties":{"name":"Jalan Jenderal Ahmad Yani","ref":""}},
{"type":"Feature","geometry":{"type":"LineString","coordinates":[[107.6731822,-6.9049099],[107.6726502,-6.9048495],[107.6714589,-6.9042963],[107.6707829,-6.9042441]]},"properties":{"name":"Jalan Abdul Haris Nasution","ref":""}},
{"type":"Feature","geometry":{"type":"LineString","coordinates":[[107.6981324,-6.9140614],[107.6966396,-6.9139937],[107.6922664,-6.9126036]]},"properties":{"name":"Jalan Abdul Haris Nasution","ref":""}},
{"type":"Feature","geometry":{"type":"LineString","coordinates":[[107.6064546,-6.9210818],[107.6040992,-6.9208034]]},"properties":{"name":"Jalan Asia Afrika","ref":""}},
{"type":"Feature","geometry":{"type":"LineString","coordinates":[[107.6072035,-6.9211727],[107.6071455,-6.9211653]]},"properties":{"name":"Jalan Asia Afrika","ref":""}},
{"type":"Feature","geometry":{"type":"LineString","coordinates":[[107.6228594,-6.9195533],[107.6194592,-6.9213499]]},"properties":{"name":"Jalan Jenderal Ahmad Yani","ref":""}},
{"type":"Feature","geometry":{"type":"LineString","coordinates":[[107.6557174,-6.902134],[107.6547053,-6.9026773]]},"properties":{"name":"Jalan Jenderal Ahmad Yani","ref":""}},
{"type":"Feature","geometry":{"type":"LineString","coordinates":[[107.6374221,-6.9145133],[107.6374071,-6.9145151]]},"properties":{"name":"Jalan Jakarta","ref":""}},
{"type":"Feature","geometry":{"type":"LineString","coordinates":[[107.6375505,-6.9144979],[107.6374221,-6.9145133]]},"properties":{"name":"Jalan Jakarta","ref":""}},
{"type":"Feature","geometry":{"type":"LineString","coordinates":[[107.5946801,-6.9470993],[107.5950591,-6.9470659],[107.5952184,-6.9469031]]},"properties":{"name":"","ref":""}},
{"type":"Feature","geometry":{"type":"LineString","coordinates":[[107.5920724,-6.9418438],[107.5948299,-6.9373141]]},"properties":{"name":"Jalan Kyai Haji Wahid Hasyim","ref":"106"}},
{"type":"Feature","geometry":{"type":"LineString","coordinates":[[107.6311335,-6.9151604],[107.6333413,-6.9139888]]},"properties":{"name":"Jalan Jenderal Ahmad Yani","ref":"378"}},
{"type":"Feature","geometry":{"type":"LineString","coordinates":[[107.6417884,-6.9139622],[107.6376149,-6.9144902]]},"properties":{"name":"Jalan Jakarta","ref":""}},
{"type":"Feature","geometry":{"type":"LineString","coordinates":[[107.6593809,-6.9022862],[107.6573116,-6.9022128]]},"properties":{"name":"Jalan Jenderal Ahmad Yani","ref":""}},
{"type":"Feature","geometry":{"type":"LineString","coordinates":[[107.6373588,-6.9145209],[107.6362076,-6.9146671],[107.6356516,-6.9145514]]},"properties":{"name":"Jalan Jakarta","ref":""}},
{"type":"Feature","geometry":{"type":"LineString","coordinates":[[107.6290306,-6.9162928],[107.6274434,-6.9171135]]},"properties":{"name":"Jalan Jenderal Ahmad Yani","ref":""}},
{"type":"Feature","geometry":{"type":"LineString","coordinates":[[107.6433608,-6.9099796],[107.6434964,-6.9113612]]},"properties":{"name":"Jalan H. Ibrahim Adjie","ref":""}},
{"type":"Feature","geometry":{"type":"LineString","coordinates":[[107.5971376,-6.937801],[107.5970548,-6.9377924]]},"properties":{"name":"Jalan Peta","ref":"374"}},
{"type":"Feature","geometry":{"type":"LineString","coordinates":[[107.6030687,-6.9373365],[107.6029953,-6.9373294]]},"properties":{"name":"Jalan Peta","ref":"374"}},
{"type":"Feature","geometry":{"type":"LineString","coordinates":[[107.6021772,-6.9372552],[107.6010236,-6.9372742],[107.5994727,-6.9375618]]},"properties":{"name":"Jalan Peta","ref":"374"}},
{"type":"Feature","geometry":{"type":"LineString","coordinates":[[107.6504237,-6.9049308],[107.6505268,-6.9048727]]},"properties":{"name":"Jalan Jenderal Ahmad Yani","ref":""}},
{"type":"Feature","geometry":{"type":"LineString","coordinates":[[107.6505268,-6.9048727],[107.65401,-6.9030256]]},"properties":{"name":"Jalan Jenderal Ahmad Yani","ref":""}},
{"type":"Feature","geometry":{"type":"LineString","coordinates":[[107.6669959,-6.9041686],[107.6668942,-6.9041612]]},"properties":{"name":"Jalan Abdul Haris Nasution","ref":""}},
{"type":"Feature","geometry":{"type":"LineString","coordinates":[[107.6668942,-6.9041612],[107.6618122,-6.9036241],[107.6611816,-6.9032348]]},"properties":{"name":"Jalan Abdul Haris Nasution","ref":""}},
{"type":"Feature","geometry":{"type":"LineString","coordinates":[[107.6794782,-6.9049937],[107.6793999,-6.9049829]]},"properties":{"name":"Jalan Abdul Haris Nasution","ref":""}},
{"type":"Feature","geometry":{"type":"LineString","coordinates":[[107.6820608,-6.90548],[107.6802419,-6.9051046]]},"properties":{"name":"Jalan Abdul Haris Nasution","ref":""}},
{"type":"Feature","geometry":{"type":"LineString","coordinates":[[107.6595113,-6.9022876],[107.6593809,-6.9022862]]},"properties":{"name":"Jalan Jenderal Ahmad Yani","ref":""}},
{"type":"Feature","geometry":{"type":"LineString","coordinates":[[107.6598571,-6.902257],[107.6595113,-6.9022876]]},"properties":{"name":"Jalan Jenderal Ahmad Yani","ref":""}},
{"type":"Feature","geometry":{"type":"LineString","coordinates":[[107.6120118,-6.9217387],[107.6118192,-6.9217111]]},"properties":{"name":"Jalan Asia Afrika","ref":""}},
{"type":"Feature","geometry":{"type":"LineString","coordinates":[[107.6077991,-6.9212366],[107.6072035,-6.9211727]]},"properties":{"name":"Jalan Asia Afrika","ref":""}},
{"type":"Feature","geometry":{"type":"LineString","coordinates":[[107.6886554,-6.9089512],[107.6884956,-6.9087587]]},"properties":{"name":"Jalan Abdul Haris Nasution","ref":""}},
{"type":"Feature","geometry":{"type":"LineString","coordinates":[[107.6884956,-6.9087587],[107.687718,-6.9079611],[107.6861292,-6.9072788]]},"properties":{"name":"Jalan Abdul Haris Nasution","ref":""}},
{"type":"Feature","geometry":{"type":"LineString","coordinates":[[107.5952296,-6.9371632],[107.5948299,-6.9373141]]},"properties":{"name":"","ref":"106"}},
{"type":"Feature","geometry":{"type":"LineString","coordinates":[[107.5994727,-6.9375618],[107.5993708,-6.9375805]]},"properties":{"name":"Jalan Peta","ref":"374"}},
{"type":"Feature","geometry":{"type":"LineString","coordinates":[[107.5993708,-6.9375805],[107.5980891,-6.9378047],[107.5971376,-6.937801]]},"properties":{"name":"Jalan Peta","ref":"374"}},
{"type":"Feature","geometry":{"type":"LineString","coordinates":[[107.6605793,-6.9024754],[107.6602817,-6.9022811],[107.6598571,-6.902257]]},"properties":{"name":"Jalan Abdul Haris Nasution","ref":""}},
{"type":"Feature","geometry":{"type":"LineString","coordinates":[[107.6605793,-6.9024754],[107.6611816,-6.9032348]]},"properties":{"name":"Jalan Abdul Haris Nasution","ref":""}},
{"type":"Feature","geometry":{"type":"LineString","coordinates":[[107.6311335,-6.9151604],[107.6303391,-6.9156149]]},"properties":{"name":"Jalan Jenderal Ahmad Yani","ref":"378"}},
{"type":"Feature","geometry":{"type":"LineString","coordinates":[[107.6303391,-6.9156149],[107.6300714,-6.9157678]]},"properties":{"name":"Jalan Jenderal Ahmad Yani","ref":"378"}},
{"type":"Feature","geometry":{"type":"LineString","coordinates":[[107.6299922,-6.9158161],[107.6298144,-6.9159137]]},"properties":{"name":"Jalan Jenderal Ahmad Yani","ref":""}},
{"type":"Feature","geometry":{"type":"LineString","coordinates":[[107.6298144,-6.9159137],[107.6290306,-6.9162928]]},"properties":{"name":"Jalan Jenderal Ahmad Yani","ref":""}},
{"type":"Feature","geometry":{"type":"LineString","coordinates":[[107.6273596,-6.9171941],[107.6263141,-6.9177504]]},"properties":{"name":"Jalan Jenderal Ahmad Yani","ref":""}},
{"type":"Feature","geometry":{"type":"LineString","coordinates":[[107.6422888,-6.9139602],[107.6417884,-6.9139622]]},"properties":{"name":"Jalan Jakarta","ref":""}},
{"type":"Feature","geometry":{"type":"LineString","coordinates":[[107.6473937,-6.9065187],[107.6504237,-6.9049308]]},"properties":{"name":"Jalan Jenderal Ahmad Yani","ref":""}},
{"type":"Feature","geometry":{"type":"LineString","coordinates":[[107.6473541,-6.9065376],[107.6473937,-6.9065187]]},"properties":{"name":"Jalan Jenderal Ahmad Yani","ref":""}},
{"type":"Feature","geometry":{"type":"LineString","coordinates":[[107.6435428,-6.9085842],[107.6434582,-6.9086288]]},"properties":{"name":"Jalan Jenderal Ahmad Yani","ref":""}},
{"type":"Feature","geometry":{"type":"LineString","coordinates":[[107.6432718,-6.9087579],[107.6433049,-6.9094542]]},"properties":{"name":"Jalan H. Ibrahim Adjie","ref":""}},
{"type":"Feature","geometry":{"type":"LineString","coordinates":[[107.6895516,-6.9103253],[107.6886554,-6.9089512]]},"properties":{"name":"Jalan Abdul Haris Nasution","ref":""}},
{"type":"Feature","geometry":{"type":"LineString","coordinates":[[107.6915575,-6.9123564],[107.691339,-6.9122714]]},"properties":{"name":"Jalan Abdul Haris Nasution","ref":""}},
{"type":"Feature","geometry":{"type":"LineString","coordinates":[[107.7032497,-6.91455],[107.7028081,-6.9142652],[107.7020229,-6.9141985]]},"properties":{"name":"Jalan Abdul Haris Nasution","ref":""}},
{"type":"Feature","geometry":{"type":"LineString","coordinates":[[107.7056976,-6.9169875],[107.7048634,-6.9161551]]},"properties":{"name":"Jalan Abdul Haris Nasution","ref":""}},
{"type":"Feature","geometry":{"type":"LineString","coordinates":[[107.7079278,-6.9189447],[107.7078778,-6.9188991]]},"properties":{"name":"Jalan Abdul Haris Nasution","ref":""}},
{"type":"Feature","geometry":{"type":"LineString","coordinates":[[107.5970548,-6.9377924],[107.5954936,-6.9372742]]},"properties":{"name":"Jalan Peta","ref":"374"}},
{"type":"Feature","geometry":{"type":"LineString","coordinates":[[107.6434893,-6.9136739],[107.6434317,-6.9138202]]},"properties":{"name":"","ref":""}},
{"type":"Feature","geometry":{"type":"LineString","coordinates":[[107.6038803,-6.9238302],[107.6038724,-6.923931]]},"properties":{"name":"Jalan Otto Iskandardinata","ref":""}},
{"type":"Feature","geometry":{"type":"LineString","coordinates":[[107.6179492,-6.9221334],[107.6177239,-6.9222411]]},"properties":{"name":"Jalan Jenderal Ahmad Yani","ref":""}},
{"type":"Feature","geometry":{"type":"LineString","coordinates":[[107.6177239,-6.9222411],[107.6176409,-6.9222818]]},"properties":{"name":"Jalan Jenderal Ahmad Yani","ref":""}},
{"type":"Feature","geometry":{"type":"LineString","coordinates":[[107.6187221,-6.9217512],[107.6179492,-6.9221334]]},"properties":{"name":"Jalan Jenderal Ahmad Yani","ref":"378"}},
{"type":"Feature","geometry":{"type":"LineString","coordinates":[[107.6172559,-6.9223968],[107.6170144,-6.9223672]]},"properties":{"name":"Jalan Asia Afrika","ref":""}},
{"type":"Feature","geometry":{"type":"LineString","coordinates":[[107.6176409,-6.9222818],[107.6172559,-6.9223968]]},"properties":{"name":"Jalan Jenderal Ahmad Yani","ref":""}},
{"type":"Feature","geometry":{"type":"LineString","coordinates":[[107.6571633,-6.9022188],[107.6568007,-6.9022123]]},"properties":{"name":"Jalan Jenderal Ahmad Yani","ref":""}},
{"type":"Feature","geometry":{"type":"LineString","coordinates":[[107.643636,-6.9130175],[107.6436341,-6.913395]]},"properties":{"name":"Jalan H. Ibrahim Adjie","ref":""}},
{"type":"Feature","geometry":{"type":"LineString","coordinates":[[107.6436341,-6.913395],[107.6434893,-6.9136739]]},"properties":{"name":"","ref":""}},
{"type":"Feature","geometry":{"type":"LineString","coordinates":[[107.6429791,-6.9138756],[107.6422888,-6.9139602]]},"properties":{"name":"Jalan Jakarta","ref":""}},
{"type":"Feature","geometry":{"type":"LineString","coordinates":[[107.6031033,-6.9370152],[107.603088,-6.9372221]]},"properties":{"name":"Jalan Otto Iskandardinata","ref":""}},
{"type":"Feature","geometry":{"type":"LineString","coordinates":[[107.6356516,-6.9145514],[107.634859,-6.9143394]]},"properties":{"name":"Jalan Jakarta","ref":""}},
{"type":"Feature","geometry":{"type":"LineString","coordinates":[[107.6080507,-6.92126],[107.6077991,-6.9212366]]},"properties":{"name":"Jalan Asia Afrika","ref":""}},
{"type":"Feature","geometry":{"type":"LineString","coordinates":[[107.6437989,-6.9084471],[107.6435428,-6.9085842]]},"properties":{"name":"Jalan Jenderal Ahmad Yani","ref":""}},
{"type":"Feature","geometry":{"type":"LineString","coordinates":[[107.5952184,-6.9469031],[107.595295,-6.9458786]]},"properties":{"name":"Jalan Leuwi Panjang","ref":"4118"}},
{"type":"Feature","geometry":{"type":"LineString","coordinates":[[107.634287,-6.9135464],[107.633493,-6.913944]]},"properties":{"name":"Jalan Jenderal Ahmad Yani","ref":"378"}},
{"type":"Feature","geometry":{"type":"LineString","coordinates":[[107.6031782,-6.9351372],[107.6032238,-6.935481]]},"properties":{"name":"Jalan Otto Iskandardinata","ref":""}},
{"type":"Feature","geometry":{"type":"LineString","coordinates":[[107.6031505,-6.9365689],[107.6031033,-6.9370152]]},"properties":{"name":"Jalan Otto Iskandardinata","ref":""}},
{"type":"Feature","geometry":{"type":"LineString","coordinates":[[107.6032159,-6.9342862],[107.6031782,-6.9351372]]},"properties":{"name":"Jalan Otto Iskandardinata","ref":""}},
{"type":"Feature","geometry":{"type":"LineString","coordinates":[[107.633493,-6.913944],[107.6334401,-6.9139699]]},"properties":{"name":"Jalan Jenderal Ahmad Yani","ref":""}},
{"type":"Feature","geometry":{"type":"LineString","coordinates":[[107.6334401,-6.9139699],[107.6333413,-6.9139888]]},"properties":{"name":"Jalan Jenderal Ahmad Yani","ref":""}},
{"type":"Feature","geometry":{"type":"LineString","coordinates":[[107.6547053,-6.9026773],[107.65401,-6.9030256]]},"properties":{"name":"Jalan Jenderal Ahmad Yani","ref":""}},
{"type":"Feature","geometry":{"type":"LineString","coordinates":[[107.6434582,-6.9086288],[107.6432718,-6.9087579]]},"properties":{"name":"Jalan Jenderal Ahmad Yani","ref":""}},
{"type":"Feature","geometry":{"type":"LineString","coordinates":[[107.6433049,-6.9094542],[107.6433608,-6.9099796]]},"properties":{"name":"Jalan H. Ibrahim Adjie","ref":""}},
{"type":"Feature","geometry":{"type":"LineString","coordinates":[[107.5954936,-6.9372742],[107.5952296,-6.9371632]]},"properties":{"name":"Jalan Peta","ref":"374"}},
{"type":"Feature","geometry":{"type":"LineString","coordinates":[[107.6039303,-6.9231867],[107.6038803,-6.9238302]]},"properties":{"name":"Jalan Otto Iskandardinata","ref":""}},
{"type":"Feature","geometry":{"type":"LineString","coordinates":[[107.5938141,-6.9457411],[107.5936574,-6.9459061],[107.593264,-6.9458573]]},"properties":{"name":"Jalur Bus Kota Terminal Leuwipanjang","ref":""}},
{"type":"Feature","geometry":{"type":"LineString","coordinates":[[107.634859,-6.9143394],[107.634287,-6.9135464]]},"properties":{"name":"Jalan Jakarta","ref":""}},
{"type":"Feature","geometry":{"type":"LineString","coordinates":[[107.6566577,-6.9022086],[107.6563227,-6.9021785]]},"properties":{"name":"Jalan Jenderal Ahmad Yani","ref":""}},
{"type":"Feature","geometry":{"type":"LineString","coordinates":[[107.6069278,-6.9211397],[107.6064546,-6.9210818]]},"properties":{"name":"Jalan Asia Afrika","ref":""}},
{"type":"Feature","geometry":{"type":"LineString","coordinates":[[107.7140726,-6.931769],[107.713642,-6.931656]]},"properties":{"name":"Jalan Abdul Haris Nasution","ref":""}},
{"type":"Feature","geometry":{"type":"LineString","coordinates":[[107.7144361,-6.931864],[107.7140726,-6.931769]]},"properties":{"name":"Jalan Abdul Haris Nasution","ref":""}},
{"type":"Feature","geometry":{"type":"LineString","coordinates":[[107.7105801,-6.9252094],[107.7104008,-6.9244232]]},"properties":{"name":"Jalan Abdul Haris Nasution","ref":""}},
{"type":"Feature","geometry":{"type":"LineString","coordinates":[[107.7107212,-6.9257995],[107.7105801,-6.9252094]]},"properties":{"name":"Jalan Abdul Haris Nasution","ref":""}},
{"type":"Feature","geometry":{"type":"LineString","coordinates":[[107.709518,-6.92122],[107.7084015,-6.9195643]]},"properties":{"name":"Jalan Abdul Haris Nasution","ref":""}},
{"type":"Feature","geometry":{"type":"LineString","coordinates":[[107.6993869,-6.9140921],[107.6981324,-6.9140614]]},"properties":{"name":"Jalan Abdul Haris Nasution","ref":""}},
{"type":"Feature","geometry":{"type":"LineString","coordinates":[[107.7011554,-6.9141654],[107.7007442,-6.9141513]]},"properties":{"name":"Jalan Abdul Haris Nasution","ref":""}},
{"type":"Feature","geometry":{"type":"LineString","coordinates":[[107.7007442,-6.9141513],[107.6993869,-6.9140921]]},"properties":{"name":"Jalan Abdul Haris Nasution","ref":""}},
{"type":"Feature","geometry":{"type":"LineString","coordinates":[[107.7020229,-6.9141985],[107.7011554,-6.9141654]]},"properties":{"name":"Jalan Abdul Haris Nasution","ref":""}},
{"type":"Feature","geometry":{"type":"LineString","coordinates":[[107.7048634,-6.9161551],[107.7032497,-6.91455]]},"properties":{"name":"Jalan Abdul Haris Nasution","ref":""}},
{"type":"Feature","geometry":{"type":"LineString","coordinates":[[107.7067293,-6.9179466],[107.7056976,-6.9169875]]},"properties":{"name":"Jalan Abdul Haris Nasution","ref":""}},
{"type":"Feature","geometry":{"type":"LineString","coordinates":[[107.7068787,-6.9180851],[107.7067293,-6.9179466]]},"properties":{"name":"Jalan Abdul Haris Nasution","ref":""}},
{"type":"Feature","geometry":{"type":"LineString","coordinates":[[107.7078778,-6.9188991],[107.7068787,-6.9180851]]},"properties":{"name":"Jalan Abdul Haris Nasution","ref":""}},
{"type":"Feature","geometry":{"type":"LineString","coordinates":[[107.7084015,-6.9195643],[107.7079278,-6.9189447]]},"properties":{"name":"Jalan Abdul Haris Nasution","ref":""}},
{"type":"Feature","geometry":{"type":"LineString","coordinates":[[107.7100539,-6.9230708],[107.709518,-6.92122]]},"properties":{"name":"Jalan Abdul Haris Nasution","ref":""}},
{"type":"Feature","geometry":{"type":"LineString","coordinates":[[107.7104008,-6.9244232],[107.7100539,-6.9230708]]},"properties":{"name":"Jalan Abdul Haris Nasution","ref":""}},
{"type":"Feature","geometry":{"type":"LineString","coordinates":[[107.7108174,-6.926202],[107.7107212,-6.9257995]]},"properties":{"name":"Jalan Abdul Haris Nasution","ref":""}},
{"type":"Feature","geometry":{"type":"LineString","coordinates":[[107.711222,-6.9277829],[107.7110298,-6.92715]]},"properties":{"name":"Jalan Abdul Haris Nasution","ref":""}},
{"type":"Feature","geometry":{"type":"LineString","coordinates":[[107.7110298,-6.92715],[107.7108174,-6.926202]]},"properties":{"name":"Jalan Abdul Haris Nasution","ref":""}},
{"type":"Feature","geometry":{"type":"LineString","coordinates":[[107.6300714,-6.9157678],[107.6299922,-6.9158161]]},"properties":{"name":"Jalan Jenderal Ahmad Yani","ref":"378"}},
{"type":"Feature","geometry":{"type":"LineString","coordinates":[[107.6573116,-6.9022128],[107.6572534,-6.9022149]]},"properties":{"name":"Jalan Jenderal Ahmad Yani","ref":""}},
{"type":"Feature","geometry":{"type":"LineString","coordinates":[[107.6707829,-6.9042441],[107.6669959,-6.9041686]]},"properties":{"name":"Jalan Abdul Haris Nasution","ref":""}},
{"type":"Feature","geometry":{"type":"LineString","coordinates":[[107.6776188,-6.9047757],[107.6754896,-6.9046807]]},"properties":{"name":"Jalan Abdul Haris Nasution","ref":""}},
{"type":"Feature","geometry":{"type":"LineString","coordinates":[[107.6754896,-6.9046807],[107.6744895,-6.9045944],[107.6731822,-6.9049099]]},"properties":{"name":"Jalan Abdul Haris Nasution","ref":""}},
{"type":"Feature","geometry":{"type":"LineString","coordinates":[[107.6793999,-6.9049829],[107.6776188,-6.9047757]]},"properties":{"name":"Jalan Abdul Haris Nasution","ref":""}},
{"type":"Feature","geometry":{"type":"LineString","coordinates":[[107.6802419,-6.9051046],[107.6794782,-6.9049937]]},"properties":{"name":"Jalan Abdul Haris Nasution","ref":""}},
{"type":"Feature","geometry":{"type":"LineString","coordinates":[[107.6853357,-6.9069314],[107.6820608,-6.90548]]},"properties":{"name":"Jalan Abdul Haris Nasution","ref":""}},
{"type":"Feature","geometry":{"type":"LineString","coordinates":[[107.6861292,-6.9072788],[107.6853357,-6.9069314]]},"properties":{"name":"Jalan Abdul Haris Nasution","ref":""}},
{"type":"Feature","geometry":{"type":"LineString","coordinates":[[107.6904642,-6.9114295],[107.6897602,-6.910638]]},"properties":{"name":"Jalan Abdul Haris Nasution","ref":""}},
{"type":"Feature","geometry":{"type":"LineString","coordinates":[[107.6910003,-6.9120482],[107.6904642,-6.9114295]]},"properties":{"name":"Jalan Abdul Haris Nasution","ref":""}},
{"type":"Feature","geometry":{"type":"LineString","coordinates":[[107.691339,-6.9122714],[107.6910003,-6.9120482]]},"properties":{"name":"Jalan Abdul Haris Nasution","ref":""}},
{"type":"Feature","geometry":{"type":"LineString","coordinates":[[107.6922664,-6.9126036],[107.6915575,-6.9123564]]},"properties":{"name":"Jalan Abdul Haris Nasution","ref":""}},
{"type":"Feature","geometry":{"type":"LineString","coordinates":[[107.5898972,-6.9453598],[107.5899638,-6.9456485]]},"properties":{"name":"","ref":""}},
{"type":"Feature","geometry":{"type":"LineString","coordinates":[[107.6897602,-6.910638],[107.6895516,-6.9103253]]},"properties":{"name":"Jalan Abdul Haris Nasution","ref":""}},
{"type":"Feature","geometry":{"type":"LineString","coordinates":[[107.595295,-6.9458786],[107.5947542,-6.9458158]]},"properties":{"name":"Jalur Masuk Bus","ref":""}},
{"type":"Feature","geometry":{"type":"LineString","coordinates":[[107.5944877,-6.9457804],[107.5940855,-6.9457238]]},"properties":{"name":"Jalur Bus Kota dan AKAP","ref":""}},
{"type":"Feature","geometry":{"type":"LineString","coordinates":[[107.6374071,-6.9145151],[107.6373588,-6.9145209]]},"properties":{"name":"Jalan Jakarta","ref":""}},
{"type":"Feature","geometry":{"type":"LineString","coordinates":[[107.6375655,-6.9144961],[107.6375505,-6.9144979]]},"properties":{"name":"Jalan Jakarta","ref":""}},
{"type":"Feature","geometry":{"type":"LineString","coordinates":[[107.6376149,-6.9144902],[107.6375655,-6.9144961]]},"properties":{"name":"Jalan Jakarta","ref":""}},
{"type":"Feature","geometry":{"type":"LineString","coordinates":[[107.6563227,-6.9021785],[107.6562379,-6.9021633]]},"properties":{"name":"Jalan Jenderal Ahmad Yani","ref":""}},
{"type":"Feature","geometry":{"type":"LineString","coordinates":[[107.5920057,-6.9464327],[107.5934341,-6.9468277]]},"properties":{"name":"Jalan Soekarno-Hatta","ref":"11"}},
{"type":"Feature","geometry":{"type":"LineString","coordinates":[[107.5899638,-6.9456485],[107.5905372,-6.9458885]]},"properties":{"name":"Jalan Soekarno-Hatta","ref":"11"}},
{"type":"Feature","geometry":{"type":"LineString","coordinates":[[107.6242238,-6.9188675],[107.6241356,-6.9188768]]},"properties":{"name":"Jalan Jenderal Ahmad Yani","ref":""}},
{"type":"Feature","geometry":{"type":"LineString","coordinates":[[107.6247558,-6.9185827],[107.6242238,-6.9188675]]},"properties":{"name":"Jalan Jenderal Ahmad Yani","ref":""}},
{"type":"Feature","geometry":{"type":"LineString","coordinates":[[107.6250751,-6.9184012],[107.6247558,-6.9185827]]},"properties":{"name":"Jalan Jenderal Ahmad Yani","ref":""}},
{"type":"Feature","geometry":{"type":"LineString","coordinates":[[107.5899199,-6.9452949],[107.5898972,-6.9453598]]},"properties":{"name":"Jalan Kyai Haji Wahid Hasyim","ref":"106"}},
{"type":"Feature","geometry":{"type":"LineString","coordinates":[[107.6241356,-6.9188768],[107.6228594,-6.9195533]]},"properties":{"name":"Jalan Jenderal Ahmad Yani","ref":""}},
{"type":"Feature","geometry":{"type":"LineString","coordinates":[[107.6158891,-6.9222189],[107.6137702,-6.9219439]]},"properties":{"name":"Jalan Asia Afrika","ref":""}},
{"type":"Feature","geometry":{"type":"LineString","coordinates":[[107.6137702,-6.9219439],[107.6120118,-6.9217387]]},"properties":{"name":"Jalan Asia Afrika","ref":""}},
{"type":"Feature","geometry":{"type":"LineString","coordinates":[[107.6263141,-6.9177504],[107.6250751,-6.9184012]]},"properties":{"name":"Jalan Jenderal Ahmad Yani","ref":""}},
{"type":"Feature","geometry":{"type":"LineString","coordinates":[[107.5934341,-6.9468277],[107.5946801,-6.9470993]]},"properties":{"name":"Jalan Soekarno-Hatta","ref":"11"}},
{"type":"Feature","geometry":{"type":"LineString","coordinates":[[107.5940315,-6.9457129],[107.5939798,-6.9457037]]},"properties":{"name":"Jalur Bus Kota dan AKAP","ref":""}},
{"type":"Feature","geometry":{"type":"LineString","coordinates":[[107.5940855,-6.9457238],[107.5940315,-6.9457129]]},"properties":{"name":"Jalur Bus Kota dan AKAP","ref":""}},
{"type":"Feature","geometry":{"type":"LineString","coordinates":[[107.5947542,-6.9458158],[107.5944877,-6.9457804]]},"properties":{"name":"Jalur Bus Kota dan AKAP","ref":""}},
{"type":"Feature","geometry":{"type":"LineString","coordinates":[[107.7157864,-6.9324104],[107.7157786,-6.9324011]]},"properties":{"name":"Jalan Abdul Haris Nasution","ref":""}},
{"type":"Feature","geometry":{"type":"LineString","coordinates":[[107.7157786,-6.9324011],[107.7144361,-6.931864]]},"properties":{"name":"Jalan Abdul Haris Nasution","ref":""}},
{"type":"Feature","geometry":{"type":"LineString","coordinates":[[107.6071455,-6.9211653],[107.6069278,-6.9211397]]},"properties":{"name":"Jalan Asia Afrika","ref":""}},
{"type":"Feature","geometry":{"type":"LineString","coordinates":[[107.6274434,-6.9171135],[107.6273596,-6.9171941]]},"properties":{"name":"Jalan Jenderal Ahmad Yani","ref":""}},
{"type":"Feature","geometry":{"type":"LineString","coordinates":[[107.6572534,-6.9022149],[107.6571633,-6.9022188]]},"properties":{"name":"Jalan Jenderal Ahmad Yani","ref":""}},
{"type":"Feature","geometry":{"type":"LineString","coordinates":[[107.6434317,-6.9138202],[107.6429791,-6.9138756]]},"properties":{"name":"Jalan Jakarta","ref":""}},
{"type":"Feature","geometry":{"type":"LineString","coordinates":[[107.7163132,-6.9335177],[107.7157864,-6.9324104]]},"properties":{"name":"Jalan Abdul Haris Nasution","ref":""}},
{"type":"Feature","geometry":{"type":"LineString","coordinates":[[107.6029953,-6.9373294],[107.6021772,-6.9372552]]},"properties":{"name":"Jalan Peta","ref":"374"}},
{"type":"Feature","geometry":{"type":"LineString","coordinates":[[107.6169174,-6.9223549],[107.6168586,-6.9223467]]},"properties":{"name":"Jalan Asia Afrika","ref":""}},
{"type":"Feature","geometry":{"type":"LineString","coordinates":[[107.6168586,-6.9223467],[107.6164036,-6.9222867]]},"properties":{"name":"Jalan Asia Afrika","ref":""}},
{"type":"Feature","geometry":{"type":"LineString","coordinates":[[107.6164036,-6.9222867],[107.6160352,-6.9222381]]},"properties":{"name":"Jalan Asia Afrika","ref":""}},
{"type":"Feature","geometry":{"type":"LineString","coordinates":[[107.6160352,-6.9222381],[107.6158891,-6.9222189]]},"properties":{"name":"Jalan Asia Afrika","ref":""}},
{"type":"Feature","geometry":{"type":"LineString","coordinates":[[107.6170144,-6.9223672],[107.6169174,-6.9223549]]},"properties":{"name":"Jalan Asia Afrika","ref":""}},
{"type":"Feature","geometry":{"type":"LineString","coordinates":[[107.6098247,-6.9214728],[107.6094601,-6.9214292]]},"properties":{"name":"Jalan Asia Afrika","ref":""}},
{"type":"Feature","geometry":{"type":"LineString","coordinates":[[107.6094601,-6.9214292],[107.6092781,-6.9214081]]},"properties":{"name":"Jalan Asia Afrika","ref":""}},
{"type":"Feature","geometry":{"type":"LineString","coordinates":[[107.6092781,-6.9214081],[107.6087887,-6.9213491]]},"properties":{"name":"Jalan Asia Afrika","ref":""}},
{"type":"Feature","geometry":{"type":"LineString","coordinates":[[107.6087887,-6.9213491],[107.6082703,-6.9212857]]},"properties":{"name":"Jalan Asia Afrika","ref":""}},
{"type":"Feature","geometry":{"type":"LineString","coordinates":[[107.6082703,-6.9212857],[107.6080507,-6.92126]]},"properties":{"name":"Jalan Asia Afrika","ref":""}},
{"type":"Feature","geometry":{"type":"LineString","coordinates":[[107.6118192,-6.9217111],[107.6114983,-6.9216723]]},"properties":{"name":"Jalan Asia Afrika","ref":""}},
{"type":"Feature","geometry":{"type":"LineString","coordinates":[[107.6114983,-6.9216723],[107.6114205,-6.9216629]]},"properties":{"name":"Jalan Asia Afrika","ref":""}},
{"type":"Feature","geometry":{"type":"LineString","coordinates":[[107.6114205,-6.9216629],[107.6112374,-6.9216415]]},"properties":{"name":"Jalan Asia Afrika","ref":""}},
{"type":"Feature","geometry":{"type":"LineString","coordinates":[[107.6112374,-6.9216415],[107.6108437,-6.9215945]]},"properties":{"name":"Jalan Asia Afrika","ref":""}},
{"type":"Feature","geometry":{"type":"LineString","coordinates":[[107.6108437,-6.9215945],[107.6106298,-6.9215692]]},"properties":{"name":"Jalan Asia Afrika","ref":""}},
{"type":"Feature","geometry":{"type":"LineString","coordinates":[[107.6106298,-6.9215692],[107.6104268,-6.9215449]]},"properties":{"name":"Jalan Asia Afrika","ref":""}},
{"type":"Feature","geometry":{"type":"LineString","coordinates":[[107.6104268,-6.9215449],[107.610212,-6.9215192]]},"properties":{"name":"Jalan Asia Afrika","ref":""}},
{"type":"Feature","geometry":{"type":"LineString","coordinates":[[107.610212,-6.9215192],[107.6101457,-6.9215112]]},"properties":{"name":"Jalan Asia Afrika","ref":""}},
{"type":"Feature","geometry":{"type":"LineString","coordinates":[[107.6101457,-6.9215112],[107.6099811,-6.9214915]]},"properties":{"name":"Jalan Asia Afrika","ref":""}},
{"type":"Feature","geometry":{"type":"LineString","coordinates":[[107.6099811,-6.9214915],[107.6098247,-6.9214728]]},"properties":{"name":"Jalan Asia Afrika","ref":""}},
{"type":"Feature","geometry":{"type":"LineString","coordinates":[[107.5910269,-6.9435481],[107.5920724,-6.9418438]]},"properties":{"name":"Jalan Kyai Haji Wahid Hasyim","ref":"106"}},
{"type":"Feature","geometry":{"type":"LineString","coordinates":[[107.5939798,-6.9457037],[107.5938141,-6.9457411]]},"properties":{"name":"Jalur Bus Kota","ref":""}},
{"type":"Feature","geometry":{"type":"LineString","coordinates":[[107.6064546,-6.9210818],[107.6066712,-6.9189713]]},"properties":{"name":"Jalan Banceuy","ref":"2020"}},
{"type":"Feature","geometry":{"type":"LineString","coordinates":[[107.6066712,-6.9189713],[107.6076219,-6.919072],[107.6085661,-6.9196522]]},"properties":{"name":"Jalan ABC","ref":""}},
{"type":"Feature","geometry":{"type":"LineString","coordinates":[[107.713642,-6.931656],[107.7127799,-6.9310665],[107.711222,-6.9277829]]},"properties":{"name":"Jalan Abdul Haris Nasution","ref":""}},
{"type":"Feature","geometry":{"type":"LineString","coordinates":[[107.7171463,-6.9344338],[107.7168924,-6.9343331]]},"properties":{"name":"Jalan Abdul Haris Nasution","ref":""}},
{"type":"Feature","geometry":{"type":"LineString","coordinates":[[107.6075166,-6.9225267],[107.6076488,-6.9214983],[107.607526,-6.921273]]},"properties":{"name":"Jalan Alun-alun Timur","ref":""}},
{"type":"Feature","geometry":{"type":"LineString","coordinates":[[107.6088022,-6.9196932],[107.6099747,-6.9197157]]},"properties":{"name":"Jalan ABC","ref":""}},
{"type":"Feature","geometry":{"type":"LineString","coordinates":[[107.6085661,-6.9196522],[107.6088022,-6.9196932]]},"properties":{"name":"Jalan ABC","ref":""}},
{"type":"Feature","geometry":{"type":"LineString","coordinates":[[107.6299627,-6.9157488],[107.6300393,-6.9157014]]},"properties":{"name":"Jalan Jenderal Ahmad Yani","ref":"378"}},
{"type":"Feature","geometry":{"type":"LineString","coordinates":[[107.5973451,-6.9298621],[107.5982512,-6.9267282]]},"properties":{"name":"Jalan Kopo","ref":"4114"}},
{"type":"Feature","geometry":{"type":"LineString","coordinates":[[107.6546526,-6.9025812],[107.6550496,-6.9021051]]},"properties":{"name":"Jalan Jenderal Ahmad Yani","ref":""}},
{"type":"Feature","geometry":{"type":"LineString","coordinates":[[107.6343866,-6.9134014],[107.6345495,-6.9133508]]},"properties":{"name":"Jalan Jenderal Ahmad Yani","ref":""}},
{"type":"Feature","geometry":{"type":"LineString","coordinates":[[107.6445308,-6.9080265],[107.6473541,-6.9065376]]},"properties":{"name":"Jalan Jenderal Ahmad Yani","ref":""}},
{"type":"Feature","geometry":{"type":"LineString","coordinates":[[107.6296541,-6.9159333],[107.6299627,-6.9157488]]},"properties":{"name":"Jalan Jenderal Ahmad Yani","ref":""}},
{"type":"Feature","geometry":{"type":"LineString","coordinates":[[107.6342643,-6.9134642],[107.6343866,-6.9134014]]},"properties":{"name":"Jalan Jenderal Ahmad Yani","ref":"378"}},
{"type":"Feature","geometry":{"type":"LineString","coordinates":[[107.5951535,-6.9367787],[107.5954941,-6.9362235]]},"properties":{"name":"Jalan Kyai Haji Wahid Hasyim","ref":"4114"}},
{"type":"Feature","geometry":{"type":"LineString","coordinates":[[107.5949807,-6.9370518],[107.5950424,-6.936952]]},"properties":{"name":"Jalan Kyai Haji Wahid Hasyim","ref":""}},
{"type":"Feature","geometry":{"type":"LineString","coordinates":[[107.5973451,-6.9298621],[107.5954941,-6.9362235]]},"properties":{"name":"Jalan Kyai Haji Wahid Hasyim","ref":"4114"}},
{"type":"Feature","geometry":{"type":"LineString","coordinates":[[107.6059177,-6.9273911],[107.6060915,-6.925705]]},"properties":{"name":"Jalan Dewi Sartika","ref":""}},
{"type":"Feature","geometry":{"type":"LineString","coordinates":[[107.6059177,-6.9273911],[107.6036918,-6.9271992]]},"properties":{"name":"Jalan Pungkur","ref":"3494"}},
{"type":"Feature","geometry":{"type":"LineString","coordinates":[[107.6016513,-6.9270273],[107.6036918,-6.9271992]]},"properties":{"name":"Jalan Pungkur","ref":"3494"}},
{"type":"Feature","geometry":{"type":"LineString","coordinates":[[107.6060915,-6.925705],[107.6062949,-6.9235169]]},"properties":{"name":"Jalan Dewi Sartika","ref":""}},
{"type":"Feature","geometry":{"type":"LineString","coordinates":[[107.6345495,-6.9133508],[107.6418763,-6.9094368]]},"properties":{"name":"Jalan Jenderal Ahmad Yani","ref":""}},
{"type":"Feature","geometry":{"type":"LineString","coordinates":[[107.6731822,-6.9049099],[107.6726502,-6.9048495],[107.6714589,-6.9042963],[107.6707829,-6.9042441]]},"properties":{"name":"Jalan Abdul Haris Nasution","ref":""}},
{"type":"Feature","geometry":{"type":"LineString","coordinates":[[107.6981324,-6.9140614],[107.6966396,-6.9139937],[107.6922664,-6.9126036]]},"properties":{"name":"Jalan Abdul Haris Nasution","ref":""}},
{"type":"Feature","geometry":{"type":"LineString","coordinates":[[107.6062949,-6.9235169],[107.6064249,-6.922423]]},"properties":{"name":"Jalan Dewi Sartika","ref":""}},
{"type":"Feature","geometry":{"type":"LineString","coordinates":[[107.6065203,-6.9224203],[107.6075166,-6.9225267]]},"properties":{"name":"Jalan Dalem Kaum","ref":""}},
{"type":"Feature","geometry":{"type":"LineString","coordinates":[[107.6072035,-6.9211727],[107.6071455,-6.9211653]]},"properties":{"name":"Jalan Asia Afrika","ref":""}},
{"type":"Feature","geometry":{"type":"LineString","coordinates":[[107.6122092,-6.9201091],[107.61015,-6.9197383]]},"properties":{"name":"Jalan Naripan","ref":""}},
{"type":"Feature","geometry":{"type":"LineString","coordinates":[[107.6228594,-6.9195533],[107.6194592,-6.9213499]]},"properties":{"name":"Jalan Jenderal Ahmad Yani","ref":""}},
{"type":"Feature","geometry":{"type":"LineString","coordinates":[[107.593264,-6.9458573],[107.5930568,-6.9457799],[107.5928976,-6.9450391]]},"properties":{"name":"Jalur Bus Kota Terminal Leuwipanjang","ref":""}},
{"type":"Feature","geometry":{"type":"LineString","coordinates":[[107.5920724,-6.9418438],[107.5948299,-6.9373141]]},"properties":{"name":"Jalan Kyai Haji Wahid Hasyim","ref":"106"}},
{"type":"Feature","geometry":{"type":"LineString","coordinates":[[107.5983304,-6.926733],[107.5995173,-6.9268375]]},"properties":{"name":"Jalan Pasir Koja","ref":"4149"}},
{"type":"Feature","geometry":{"type":"LineString","coordinates":[[107.6311335,-6.9151604],[107.6333413,-6.9139888]]},"properties":{"name":"Jalan Jenderal Ahmad Yani","ref":"378"}},
{"type":"Feature","geometry":{"type":"LineString","coordinates":[[107.6290306,-6.9162928],[107.6274434,-6.9171135]]},"properties":{"name":"Jalan Jenderal Ahmad Yani","ref":""}},
{"type":"Feature","geometry":{"type":"LineString","coordinates":[[107.6241356,-6.9188768],[107.627332,-6.9171495]]},"properties":{"name":"Jalan Jenderal Ahmad Yani","ref":""}},
{"type":"Feature","geometry":{"type":"LineString","coordinates":[[107.7171463,-6.9344338],[107.7177552,-6.9347327]]},"properties":{"name":"Jalan Abdul Haris Nasution","ref":""}},
{"type":"Feature","geometry":{"type":"LineString","coordinates":[[107.717711,-6.9352563],[107.7174442,-6.9351348],[107.7174158,-6.9348982]]},"properties":{"name":"Bunderan Cibiru","ref":"11"}},
{"type":"Feature","geometry":{"type":"LineString","coordinates":[[107.5928874,-6.9447537],[107.5926774,-6.944414],[107.592084,-6.9440521]]},"properties":{"name":"Jalan Keluar Terminal Leuwipanjang","ref":""}},
{"type":"Feature","geometry":{"type":"LineString","coordinates":[[107.6504237,-6.9049308],[107.6505268,-6.9048727]]},"properties":{"name":"Jalan Jenderal Ahmad Yani","ref":""}},
{"type":"Feature","geometry":{"type":"LineString","coordinates":[[107.6505268,-6.9048727],[107.65401,-6.9030256]]},"properties":{"name":"Jalan Jenderal Ahmad Yani","ref":""}},
{"type":"Feature","geometry":{"type":"LineString","coordinates":[[107.6669959,-6.9041686],[107.6668942,-6.9041612]]},"properties":{"name":"Jalan Abdul Haris Nasution","ref":""}},
{"type":"Feature","geometry":{"type":"LineString","coordinates":[[107.6668942,-6.9041612],[107.6618122,-6.9036241],[107.6611816,-6.9032348]]},"properties":{"name":"Jalan Abdul Haris Nasution","ref":""}},
{"type":"Feature","geometry":{"type":"LineString","coordinates":[[107.6794782,-6.9049937],[107.6793999,-6.9049829]]},"properties":{"name":"Jalan Abdul Haris Nasution","ref":""}},
{"type":"Feature","geometry":{"type":"LineString","coordinates":[[107.6820608,-6.90548],[107.6802419,-6.9051046]]},"properties":{"name":"Jalan Abdul Haris Nasution","ref":""}},
{"type":"Feature","geometry":{"type":"LineString","coordinates":[[107.6886554,-6.9089512],[107.6884956,-6.9087587]]},"properties":{"name":"Jalan Abdul Haris Nasution","ref":""}},
{"type":"Feature","geometry":{"type":"LineString","coordinates":[[107.6884956,-6.9087587],[107.687718,-6.9079611],[107.6861292,-6.9072788]]},"properties":{"name":"Jalan Abdul Haris Nasution","ref":""}},
{"type":"Feature","geometry":{"type":"LineString","coordinates":[[107.5995173,-6.9268375],[107.5995907,-6.9268449]]},"properties":{"name":"Jalan Pasir Koja","ref":"4149"}},
{"type":"Feature","geometry":{"type":"LineString","coordinates":[[107.5995907,-6.9268449],[107.5999192,-6.9268738]]},"properties":{"name":"Jalan Pasir Koja","ref":"4149"}},
{"type":"Feature","geometry":{"type":"LineString","coordinates":[[107.6014549,-6.92701],[107.6016513,-6.9270273]]},"properties":{"name":"Jalan Pungkur","ref":"3494"}},
{"type":"Feature","geometry":{"type":"LineString","coordinates":[[107.5999192,-6.9268738],[107.6014549,-6.92701]]},"properties":{"name":"Jalan Pungkur","ref":"3494"}},
{"type":"Feature","geometry":{"type":"LineString","coordinates":[[107.65401,-6.9030256],[107.6546526,-6.9025812]]},"properties":{"name":"Jalan Jenderal Ahmad Yani","ref":""}},
{"type":"Feature","geometry":{"type":"LineString","coordinates":[[107.6605793,-6.9024754],[107.6602817,-6.9022811],[107.6598571,-6.902257]]},"properties":{"name":"Jalan Abdul Haris Nasution","ref":""}},
{"type":"Feature","geometry":{"type":"LineString","coordinates":[[107.6561365,-6.9020684],[107.6567969,-6.9021302]]},"properties":{"name":"Jalan Jenderal Ahmad Yani","ref":""}},
{"type":"Feature","geometry":{"type":"LineString","coordinates":[[107.6567969,-6.9021302],[107.6571681,-6.9021368]]},"properties":{"name":"Jalan Jenderal Ahmad Yani","ref":""}},
{"type":"Feature","geometry":{"type":"LineString","coordinates":[[107.6593864,-6.9022105],[107.6595127,-6.9022119]]},"properties":{"name":"Jalan Jenderal Ahmad Yani","ref":""}},
{"type":"Feature","geometry":{"type":"LineString","coordinates":[[107.6595127,-6.9022119],[107.6596886,-6.902217]]},"properties":{"name":"Jalan Jenderal Ahmad Yani","ref":""}},
{"type":"Feature","geometry":{"type":"LineString","coordinates":[[107.6605793,-6.9024754],[107.6611816,-6.9032348]]},"properties":{"name":"Jalan Abdul Haris Nasution","ref":""}},
{"type":"Feature","geometry":{"type":"LineString","coordinates":[[107.6303085,-6.9155587],[107.6311335,-6.9151604]]},"properties":{"name":"Jalan Jenderal Ahmad Yani","ref":"378"}},
{"type":"Feature","geometry":{"type":"LineString","coordinates":[[107.6290306,-6.9162928],[107.6296541,-6.9159333]]},"properties":{"name":"Jalan Jenderal Ahmad Yani","ref":""}},
{"type":"Feature","geometry":{"type":"LineString","coordinates":[[107.627332,-6.9171495],[107.6274434,-6.9171135]]},"properties":{"name":"Jalan Jenderal Ahmad Yani","ref":""}},
{"type":"Feature","geometry":{"type":"LineString","coordinates":[[107.6473937,-6.9065187],[107.6504237,-6.9049308]]},"properties":{"name":"Jalan Jenderal Ahmad Yani","ref":""}},
{"type":"Feature","geometry":{"type":"LineString","coordinates":[[107.6473541,-6.9065376],[107.6473937,-6.9065187]]},"properties":{"name":"Jalan Jenderal Ahmad Yani","ref":""}},
{"type":"Feature","geometry":{"type":"LineString","coordinates":[[107.5918309,-6.9439338],[107.5916419,-6.9438523]]},"properties":{"name":"Jalan Keluar Terminal Leuwipanjang","ref":""}},
{"type":"Feature","geometry":{"type":"LineString","coordinates":[[107.592084,-6.9440521],[107.5918309,-6.9439338]]},"properties":{"name":"Jalan Keluar Terminal Leuwipanjang","ref":""}},
{"type":"Feature","geometry":{"type":"LineString","coordinates":[[107.6418763,-6.9094368],[107.6437801,-6.9083798]]},"properties":{"name":"Jalan Jenderal Ahmad Yani","ref":""}},
{"type":"Feature","geometry":{"type":"LineString","coordinates":[[107.6895516,-6.9103253],[107.6886554,-6.9089512]]},"properties":{"name":"Jalan Abdul Haris Nasution","ref":""}},
{"type":"Feature","geometry":{"type":"LineString","coordinates":[[107.6915575,-6.9123564],[107.691339,-6.9122714]]},"properties":{"name":"Jalan Abdul Haris Nasution","ref":""}},
{"type":"Feature","geometry":{"type":"LineString","coordinates":[[107.6993869,-6.9140921],[107.7000628,-6.9140688]]},"properties":{"name":"Jalan Abdul Haris Nasution","ref":""}},
{"type":"Feature","geometry":{"type":"LineString","coordinates":[[107.7056976,-6.9169875],[107.7048634,-6.9161551]]},"properties":{"name":"Jalan Abdul Haris Nasution","ref":""}},
{"type":"Feature","geometry":{"type":"LineString","coordinates":[[107.7079278,-6.9189447],[107.7078778,-6.9188991]]},"properties":{"name":"Jalan Abdul Haris Nasution","ref":""}},
{"type":"Feature","geometry":{"type":"LineString","coordinates":[[107.6337961,-6.9137089],[107.6342643,-6.9134642]]},"properties":{"name":"Jalan Jenderal Ahmad Yani","ref":"378"}},
{"type":"Feature","geometry":{"type":"LineString","coordinates":[[107.5982512,-6.9267282],[107.5983304,-6.926733]]},"properties":{"name":"Jalan Pasir Koja","ref":"4149"}},
{"type":"Feature","geometry":{"type":"LineString","coordinates":[[107.5948299,-6.9373141],[107.5949807,-6.9370518]]},"properties":{"name":"Jalan Kyai Haji Wahid Hasyim","ref":"106"}},
{"type":"Feature","geometry":{"type":"LineString","coordinates":[[107.6437801,-6.9083798],[107.6445308,-6.9080265]]},"properties":{"name":"Jalan Jenderal Ahmad Yani","ref":""}},
{"type":"Feature","geometry":{"type":"LineString","coordinates":[[107.6551205,-6.9020246],[107.6553398,-6.9020357]]},"properties":{"name":"Jalan Jenderal Ahmad Yani","ref":""}},
{"type":"Feature","geometry":{"type":"LineString","coordinates":[[107.6576312,-6.9021501],[107.6593864,-6.9022105]]},"properties":{"name":"Jalan Jenderal Ahmad Yani","ref":""}},
{"type":"Feature","geometry":{"type":"LineString","coordinates":[[107.6596886,-6.902217],[107.6598571,-6.902257]]},"properties":{"name":"Jalan Jenderal Ahmad Yani","ref":""}},
{"type":"Feature","geometry":{"type":"LineString","coordinates":[[107.6153363,-6.92071],[107.6122092,-6.9201091]]},"properties":{"name":"Jalan Naripan","ref":""}},
{"type":"Feature","geometry":{"type":"LineString","coordinates":[[107.5950424,-6.936952],[107.5951535,-6.9367787]]},"properties":{"name":"Jalan Kyai Haji Wahid Hasyim","ref":"4114"}},
{"type":"Feature","geometry":{"type":"LineString","coordinates":[[107.6177628,-6.9211858],[107.6153363,-6.92071]]},"properties":{"name":"Jalan Naripan","ref":""}},
{"type":"Feature","geometry":{"type":"LineString","coordinates":[[107.6333413,-6.9139888],[107.6337961,-6.9137089]]},"properties":{"name":"Jalan Jenderal Ahmad Yani","ref":"378"}},
{"type":"Feature","geometry":{"type":"LineString","coordinates":[[107.6571681,-6.9021368],[107.6576312,-6.9021501]]},"properties":{"name":"Jalan Jenderal Ahmad Yani","ref":""}},
{"type":"Feature","geometry":{"type":"LineString","coordinates":[[107.6069278,-6.9211397],[107.6064546,-6.9210818]]},"properties":{"name":"Jalan Asia Afrika","ref":""}},
{"type":"Feature","geometry":{"type":"LineString","coordinates":[[107.7140726,-6.931769],[107.713642,-6.931656]]},"properties":{"name":"Jalan Abdul Haris Nasution","ref":""}},
{"type":"Feature","geometry":{"type":"LineString","coordinates":[[107.7144361,-6.931864],[107.7140726,-6.931769]]},"properties":{"name":"Jalan Abdul Haris Nasution","ref":""}},
{"type":"Feature","geometry":{"type":"LineString","coordinates":[[107.7105801,-6.9252094],[107.7104008,-6.9244232]]},"properties":{"name":"Jalan Abdul Haris Nasution","ref":""}},
{"type":"Feature","geometry":{"type":"LineString","coordinates":[[107.7107212,-6.9257995],[107.7105801,-6.9252094]]},"properties":{"name":"Jalan Abdul Haris Nasution","ref":""}},
{"type":"Feature","geometry":{"type":"LineString","coordinates":[[107.709518,-6.92122],[107.7084015,-6.9195643]]},"properties":{"name":"Jalan Abdul Haris Nasution","ref":""}},
{"type":"Feature","geometry":{"type":"LineString","coordinates":[[107.6993869,-6.9140921],[107.6981324,-6.9140614]]},"properties":{"name":"Jalan Abdul Haris Nasution","ref":""}},
{"type":"Feature","geometry":{"type":"LineString","coordinates":[[107.7000628,-6.9140688],[107.7011598,-6.9141026]]},"properties":{"name":"Jalan Abdul Haris Nasution","ref":""}},
{"type":"Feature","geometry":{"type":"LineString","coordinates":[[107.7011598,-6.9141026],[107.7020204,-6.9141417]]},"properties":{"name":"Jalan Abdul Haris Nasution","ref":""}},
{"type":"Feature","geometry":{"type":"LineString","coordinates":[[107.7027899,-6.914196],[107.7032497,-6.91455]]},"properties":{"name":"Jalan Abdul Haris Nasution","ref":""}},
{"type":"Feature","geometry":{"type":"LineString","coordinates":[[107.7020204,-6.9141417],[107.7026869,-6.9141869]]},"properties":{"name":"Jalan Abdul Haris Nasution","ref":""}},
{"type":"Feature","geometry":{"type":"LineString","coordinates":[[107.7048634,-6.9161551],[107.7032497,-6.91455]]},"properties":{"name":"Jalan Abdul Haris Nasution","ref":""}},
{"type":"Feature","geometry":{"type":"LineString","coordinates":[[107.7067293,-6.9179466],[107.7056976,-6.9169875]]},"properties":{"name":"Jalan Abdul Haris Nasution","ref":""}},
{"type":"Feature","geometry":{"type":"LineString","coordinates":[[107.7068787,-6.9180851],[107.7067293,-6.9179466]]},"properties":{"name":"Jalan Abdul Haris Nasution","ref":""}},
{"type":"Feature","geometry":{"type":"LineString","coordinates":[[107.7078778,-6.9188991],[107.7068787,-6.9180851]]},"properties":{"name":"Jalan Abdul Haris Nasution","ref":""}},
{"type":"Feature","geometry":{"type":"LineString","coordinates":[[107.7084015,-6.9195643],[107.7079278,-6.9189447]]},"properties":{"name":"Jalan Abdul Haris Nasution","ref":""}},
{"type":"Feature","geometry":{"type":"LineString","coordinates":[[107.7100539,-6.9230708],[107.709518,-6.92122]]},"properties":{"name":"Jalan Abdul Haris Nasution","ref":""}},
{"type":"Feature","geometry":{"type":"LineString","coordinates":[[107.7104008,-6.9244232],[107.7100539,-6.9230708]]},"properties":{"name":"Jalan Abdul Haris Nasution","ref":""}},
{"type":"Feature","geometry":{"type":"LineString","coordinates":[[107.7108174,-6.926202],[107.7107212,-6.9257995]]},"properties":{"name":"Jalan Abdul Haris Nasution","ref":""}},
{"type":"Feature","geometry":{"type":"LineString","coordinates":[[107.711222,-6.9277829],[107.7110298,-6.92715]]},"properties":{"name":"Jalan Abdul Haris Nasution","ref":""}},
{"type":"Feature","geometry":{"type":"LineString","coordinates":[[107.7110298,-6.92715],[107.7108174,-6.926202]]},"properties":{"name":"Jalan Abdul Haris Nasution","ref":""}},
{"type":"Feature","geometry":{"type":"LineString","coordinates":[[107.6300393,-6.9157014],[107.6303085,-6.9155587]]},"properties":{"name":"Jalan Jenderal Ahmad Yani","ref":"378"}},
{"type":"Feature","geometry":{"type":"LineString","coordinates":[[107.6557405,-6.9020533],[107.6561365,-6.9020684]]},"properties":{"name":"Jalan Jenderal Ahmad Yani","ref":""}},
{"type":"Feature","geometry":{"type":"LineString","coordinates":[[107.6707829,-6.9042441],[107.6669959,-6.9041686]]},"properties":{"name":"Jalan Abdul Haris Nasution","ref":""}},
{"type":"Feature","geometry":{"type":"LineString","coordinates":[[107.6776188,-6.9047757],[107.6754896,-6.9046807]]},"properties":{"name":"Jalan Abdul Haris Nasution","ref":""}},
{"type":"Feature","geometry":{"type":"LineString","coordinates":[[107.6754896,-6.9046807],[107.6744895,-6.9045944],[107.6731822,-6.9049099]]},"properties":{"name":"Jalan Abdul Haris Nasution","ref":""}},
{"type":"Feature","geometry":{"type":"LineString","coordinates":[[107.6793999,-6.9049829],[107.6776188,-6.9047757]]},"properties":{"name":"Jalan Abdul Haris Nasution","ref":""}},
{"type":"Feature","geometry":{"type":"LineString","coordinates":[[107.6802419,-6.9051046],[107.6794782,-6.9049937]]},"properties":{"name":"Jalan Abdul Haris Nasution","ref":""}},
{"type":"Feature","geometry":{"type":"LineString","coordinates":[[107.6853357,-6.9069314],[107.6820608,-6.90548]]},"properties":{"name":"Jalan Abdul Haris Nasution","ref":""}},
{"type":"Feature","geometry":{"type":"LineString","coordinates":[[107.6861292,-6.9072788],[107.6853357,-6.9069314]]},"properties":{"name":"Jalan Abdul Haris Nasution","ref":""}},
{"type":"Feature","geometry":{"type":"LineString","coordinates":[[107.6904642,-6.9114295],[107.6897602,-6.910638]]},"properties":{"name":"Jalan Abdul Haris Nasution","ref":""}},
{"type":"Feature","geometry":{"type":"LineString","coordinates":[[107.6910003,-6.9120482],[107.6904642,-6.9114295]]},"properties":{"name":"Jalan Abdul Haris Nasution","ref":""}},
{"type":"Feature","geometry":{"type":"LineString","coordinates":[[107.691339,-6.9122714],[107.6910003,-6.9120482]]},"properties":{"name":"Jalan Abdul Haris Nasution","ref":""}},
{"type":"Feature","geometry":{"type":"LineString","coordinates":[[107.6922664,-6.9126036],[107.6915575,-6.9123564]]},"properties":{"name":"Jalan Abdul Haris Nasution","ref":""}},
{"type":"Feature","geometry":{"type":"LineString","coordinates":[[107.6177628,-6.9211858],[107.6178524,-6.9204334]]},"properties":{"name":"Jalan Sunda","ref":"1269"}},
{"type":"Feature","geometry":{"type":"LineString","coordinates":[[107.7178073,-6.9347559],[107.7179278,-6.9350723],[107.717711,-6.9352563]]},"properties":{"name":"Bunderan Cibiru","ref":"11"}},
{"type":"Feature","geometry":{"type":"LineString","coordinates":[[107.7174158,-6.9348982],[107.7171463,-6.9344338]]},"properties":{"name":"Jalan Abdul Haris Nasution","ref":""}},
{"type":"Feature","geometry":{"type":"LineString","coordinates":[[107.6897602,-6.910638],[107.6895516,-6.9103253]]},"properties":{"name":"Jalan Abdul Haris Nasution","ref":""}},
{"type":"Feature","geometry":{"type":"LineString","coordinates":[[107.6064249,-6.922423],[107.6065203,-6.9224203]]},"properties":{"name":"Jalan Dalem Kaum","ref":""}},
{"type":"Feature","geometry":{"type":"LineString","coordinates":[[107.6178524,-6.9204334],[107.6190743,-6.9209818],[107.6194592,-6.9213499]]},"properties":{"name":"Jalan Veteran","ref":""}},
{"type":"Feature","geometry":{"type":"LineString","coordinates":[[107.7026869,-6.9141869],[107.7027899,-6.914196]]},"properties":{"name":"Jalan Abdul Haris Nasution","ref":""}},
{"type":"Feature","geometry":{"type":"LineString","coordinates":[[107.6550496,-6.9021051],[107.6551205,-6.9020246]]},"properties":{"name":"Jalan Jenderal Ahmad Yani","ref":""}},
{"type":"Feature","geometry":{"type":"LineString","coordinates":[[107.6241356,-6.9188768],[107.6228594,-6.9195533]]},"properties":{"name":"Jalan Jenderal Ahmad Yani","ref":""}},
{"type":"Feature","geometry":{"type":"LineString","coordinates":[[107.6099747,-6.9197157],[107.61015,-6.9197383]]},"properties":{"name":"Jalan Naripan","ref":""}},
{"type":"Feature","geometry":{"type":"LineString","coordinates":[[107.5916419,-6.9438523],[107.5910269,-6.9435481]]},"properties":{"name":"Jalan Keluar Terminal Leuwipanjang","ref":""}},
{"type":"Feature","geometry":{"type":"LineString","coordinates":[[107.7157864,-6.9324104],[107.7157786,-6.9324011]]},"properties":{"name":"Jalan Abdul Haris Nasution","ref":""}},
{"type":"Feature","geometry":{"type":"LineString","coordinates":[[107.7157786,-6.9324011],[107.7144361,-6.931864]]},"properties":{"name":"Jalan Abdul Haris Nasution","ref":""}},
{"type":"Feature","geometry":{"type":"LineString","coordinates":[[107.6071455,-6.9211653],[107.6069278,-6.9211397]]},"properties":{"name":"Jalan Asia Afrika","ref":""}},
{"type":"Feature","geometry":{"type":"LineString","coordinates":[[107.7163132,-6.9335177],[107.7157864,-6.9324104]]},"properties":{"name":"Jalan Abdul Haris Nasution","ref":""}},
{"type":"Feature","geometry":{"type":"LineString","coordinates":[[107.7177552,-6.9347327],[107.7178073,-6.9347559]]},"properties":{"name":"Bunderan Cibiru","ref":"11"}},
{"type":"Feature","geometry":{"type":"LineString","coordinates":[[107.607526,-6.921273],[107.6072035,-6.9211727]]},"properties":{"name":"Jalan Asia Afrika","ref":""}},
{"type":"Feature","geometry":{"type":"LineString","coordinates":[[107.716645,-6.9341714],[107.7163132,-6.9335177]]},"properties":{"name":"Jalan Abdul Haris Nasution","ref":""}},
{"type":"Feature","geometry":{"type":"LineString","coordinates":[[107.7168924,-6.9343331],[107.716645,-6.9341714]]},"properties":{"name":"Jalan Abdul Haris Nasution","ref":""}},
{"type":"Feature","geometry":{"type":"LineString","coordinates":[[107.6553398,-6.9020357],[107.6557405,-6.9020533]]},"properties":{"name":"Jalan Jenderal Ahmad Yani","ref":""}},
{"type":"Feature","geometry":{"type":"LineString","coordinates":[[107.5910269,-6.9435481],[107.5920724,-6.9418438]]},"properties":{"name":"Jalan Kyai Haji Wahid Hasyim","ref":"106"}},
{"type":"Feature","geometry":{"type":"LineString","coordinates":[[107.5928976,-6.9450391],[107.5928874,-6.9447537]]},"properties":{"name":"Jalan Keluar Terminal Leuwipanjang","ref":""}},
{"type":"Feature","geometry":{"type":"LineString","coordinates":[[107.6044417,-6.9072201],[107.6044917,-6.9087943],[107.60413,-6.9100304],[107.6039561,-6.9125447]]},"properties":{"name":"Jalan Cicendo","ref":"369"}},
{"type":"Feature","geometry":{"type":"LineString","coordinates":[[107.6073865,-6.9076628],[107.6065225,-6.9072053],[107.6055894,-6.9071347]]},"properties":{"name":"Jalan Pajajaran","ref":""}},
{"type":"Feature","geometry":{"type":"LineString","coordinates":[[107.6040992,-6.9208034],[107.6039369,-6.9231152]]},"properties":{"name":"Jalan Otto Iskandardinata","ref":""}},
{"type":"Feature","geometry":{"type":"LineString","coordinates":[[107.6090254,-6.9139243],[107.6089988,-6.9152244]]},"properties":{"name":"Jalan Braga","ref":""}},
{"type":"Feature","geometry":{"type":"LineString","coordinates":[[107.600512,-6.8825853],[107.6013125,-6.8834804]]},"properties":{"name":"Jalan Dokter Setiabudi","ref":""}},
{"type":"Feature","geometry":{"type":"LineString","coordinates":[[107.6075641,-6.9142136],[107.6081711,-6.9139136],[107.6089516,-6.913844]]},"properties":{"name":"Jalan Perintis Kemerdekaan","ref":""}},
{"type":"Feature","geometry":{"type":"LineString","coordinates":[[107.6045054,-6.9158364],[107.6043506,-6.917436]]},"properties":{"name":"Jalan Otto Iskandardinata","ref":""}},
{"type":"Feature","geometry":{"type":"LineString","coordinates":[[107.5982533,-6.8959337],[107.5975318,-6.8966067]]},"properties":{"name":"Jalan Sederhana","ref":""}},
{"type":"Feature","geometry":{"type":"LineString","coordinates":[[107.606975,-6.9145811],[107.6073185,-6.9143005]]},"properties":{"name":"Jalan Kebon Jukut","ref":""}},
{"type":"Feature","geometry":{"type":"LineString","coordinates":[[107.5974217,-6.8991501],[107.5974825,-6.9000048],[107.5977317,-6.9002067]]},"properties":{"name":"Jalan Pasir Kaliki","ref":"249"}},
{"type":"Feature","geometry":{"type":"LineString","coordinates":[[107.5977931,-6.8782315],[107.5993479,-6.8813024]]},"properties":{"name":"Jalan Dr. Setiabudi","ref":"2340"}},
{"type":"Feature","geometry":{"type":"LineString","coordinates":[[107.6055894,-6.9071347],[107.6053829,-6.907135]]},"properties":{"name":"Jalan Pajajaran","ref":""}},
{"type":"Feature","geometry":{"type":"LineString","coordinates":[[107.5899199,-6.9452949],[107.5910269,-6.9435481]]},"properties":{"name":"Jalan Kyai Haji Wahid Hasyim","ref":"106"}},
{"type":"Feature","geometry":{"type":"LineString","coordinates":[[107.6032238,-6.935481],[107.6031505,-6.9365689]]},"properties":{"name":"Jalan Otto Iskandardinata","ref":""}},
{"type":"Feature","geometry":{"type":"LineString","coordinates":[[107.603088,-6.9372221],[107.6030687,-6.9373365]]},"properties":{"name":"Jalan Otto Iskandardinata","ref":""}},
{"type":"Feature","geometry":{"type":"LineString","coordinates":[[107.5974,-6.8987139],[107.5974075,-6.898977]]},"properties":{"name":"Jalan Pasir Kaliki","ref":"249"}},
{"type":"Feature","geometry":{"type":"LineString","coordinates":[[107.5958267,-6.874066],[107.5968567,-6.8756963],[107.5974932,-6.8762915],[107.5975476,-6.8775669]]},"properties":{"name":"Jalan Dr. Setiabudi","ref":"249"}},
{"type":"Feature","geometry":{"type":"LineString","coordinates":[[107.6088792,-6.9162786],[107.6083144,-6.9162523],[107.6079775,-6.9160775]]},"properties":{"name":"Jalan Suniaraja","ref":""}},
{"type":"Feature","geometry":{"type":"LineString","coordinates":[[107.6042016,-6.9003842],[107.604264,-6.9008715]]},"properties":{"name":"Jalan Cihampelas","ref":""}},
{"type":"Feature","geometry":{"type":"LineString","coordinates":[[107.6041803,-6.900144],[107.6041813,-6.9001579],[107.604189,-6.9002755],[107.6041992,-6.9003596],[107.6042016,-6.9003842]]},"properties":{"name":"Jalan Cihampelas","ref":""}},
{"type":"Feature","geometry":{"type":"LineString","coordinates":[[107.6014463,-6.8957141],[107.6008463,-6.8959681]]},"properties":{"name":"Jalan Profesor Christiaan Eijkman","ref":""}},
{"type":"Feature","geometry":{"type":"LineString","coordinates":[[107.5993001,-6.900202],[107.6010655,-6.9002051]]},"properties":{"name":"Jalan Pasteur","ref":""}},
{"type":"Feature","geometry":{"type":"LineString","coordinates":[[107.604369,-6.9041823],[107.604454,-6.9042842]]},"properties":{"name":"Jalan Cihampelas","ref":""}},
{"type":"Feature","geometry":{"type":"LineString","coordinates":[[107.604454,-6.9042842],[107.6045194,-6.9042857]]},"properties":{"name":"Jalan Wastukencana","ref":""}},
{"type":"Feature","geometry":{"type":"LineString","coordinates":[[107.6075644,-6.9054686],[107.6076853,-6.905845]]},"properties":{"name":"Jalan Wastukancana","ref":""}},
{"type":"Feature","geometry":{"type":"LineString","coordinates":[[107.60158,-6.8845161],[107.6021691,-6.887391]]},"properties":{"name":"Jalan Raden Adipati Aria Wiranatakusumah","ref":""}},
{"type":"Feature","geometry":{"type":"LineString","coordinates":[[107.5947487,-6.8601046],[107.594682,-6.8607123],[107.5948338,-6.861136],[107.5962242,-6.8622608],[107.5957803,-6.8631238],[107.594751,-6.8634425]]},"properties":{"name":"Jalan Dr. Setiabudi","ref":"249"}},
{"type":"Feature","geometry":{"type":"LineString","coordinates":[[107.6014463,-6.8957141],[107.602268,-6.8958001]]},"properties":{"name":"Jalan Profesor Christiaan Eijkman","ref":""}},
{"type":"Feature","geometry":{"type":"LineString","coordinates":[[107.6038724,-6.923931],[107.6036918,-6.9271992]]},"properties":{"name":"Jalan Otto Iskandardinata","ref":""}},
{"type":"Feature","geometry":{"type":"LineString","coordinates":[[107.6036918,-6.9271992],[107.603397,-6.9314278]]},"properties":{"name":"Jalan Otto Iskandardinata","ref":""}},
{"type":"Feature","geometry":{"type":"LineString","coordinates":[[107.6039369,-6.9231152],[107.6039303,-6.9231867]]},"properties":{"name":"Jalan Otto Iskandardinata","ref":""}},
{"type":"Feature","geometry":{"type":"LineString","coordinates":[[107.6032256,-6.9338577],[107.6032159,-6.9342862]]},"properties":{"name":"Jalan Otto Iskandardinata","ref":""}},
{"type":"Feature","geometry":{"type":"LineString","coordinates":[[107.603397,-6.9314278],[107.6032256,-6.9338577]]},"properties":{"name":"Jalan Otto Iskandardinata","ref":""}},
{"type":"Feature","geometry":{"type":"LineString","coordinates":[[107.5905372,-6.9458885],[107.5920057,-6.9464327]]},"properties":{"name":"Jalan Soekarno-Hatta","ref":"11"}},
{"type":"Feature","geometry":{"type":"LineString","coordinates":[[107.5985704,-6.900207],[107.5988968,-6.9002096]]},"properties":{"name":"Jalan Pasteur","ref":""}},
{"type":"Feature","geometry":{"type":"LineString","coordinates":[[107.6042904,-6.9182779],[107.6040992,-6.9208034]]},"properties":{"name":"Jalan Otto Iskandardinata","ref":""}},
{"type":"Feature","geometry":{"type":"LineString","coordinates":[[107.5946801,-6.9470993],[107.5950591,-6.9470659],[107.5952184,-6.9469031]]},"properties":{"name":"","ref":""}},
{"type":"Feature","geometry":{"type":"LineString","coordinates":[[107.604907,-6.904268],[107.6052645,-6.9040341],[107.6056396,-6.9039773],[107.6065841,-6.9042698]]},"properties":{"name":"Jalan Wastukancana","ref":""}},
{"type":"Feature","geometry":{"type":"LineString","coordinates":[[107.604264,-6.9008715],[107.604369,-6.9041823]]},"properties":{"name":"Jalan Cihampelas","ref":""}},
{"type":"Feature","geometry":{"type":"LineString","coordinates":[[107.5920724,-6.9418438],[107.5948299,-6.9373141]]},"properties":{"name":"Jalan Kyai Haji Wahid Hasyim","ref":"106"}},
{"type":"Feature","geometry":{"type":"LineString","coordinates":[[107.6025639,-6.8915152],[107.6026469,-6.8940155],[107.602268,-6.8958001]]},"properties":{"name":"Jalan Raden Adipati Aria Wiranatakusumah","ref":""}},
{"type":"Feature","geometry":{"type":"LineString","coordinates":[[107.6008463,-6.8959681],[107.6001433,-6.8962722],[107.5993726,-6.8961604]]},"properties":{"name":"Jalan Profesor Christiaan Eijkman","ref":""}},
{"type":"Feature","geometry":{"type":"LineString","coordinates":[[107.5977317,-6.9002067],[107.5979866,-6.900214]]},"properties":{"name":"Jalan Pasteur","ref":""}},
{"type":"Feature","geometry":{"type":"LineString","coordinates":[[107.6046031,-6.9144539],[107.606675,-6.9147337],[107.606975,-6.9145811]]},"properties":{"name":"Jalan Kebon Jukut","ref":""}},
{"type":"Feature","geometry":{"type":"LineString","coordinates":[[107.5993726,-6.8961604],[107.5985248,-6.8959937]]},"properties":{"name":"Jalan Profesor Christiaan Eijkman","ref":""}},
{"type":"Feature","geometry":{"type":"LineString","coordinates":[[107.6059861,-6.9155367],[107.6045054,-6.9158364]]},"properties":{"name":"Jalan Suniaraja","ref":""}},
{"type":"Feature","geometry":{"type":"LineString","coordinates":[[107.5971376,-6.937801],[107.5970548,-6.9377924]]},"properties":{"name":"Jalan Peta","ref":"374"}},
{"type":"Feature","geometry":{"type":"LineString","coordinates":[[107.6030687,-6.9373365],[107.6029953,-6.9373294]]},"properties":{"name":"Jalan Peta","ref":"374"}},
{"type":"Feature","geometry":{"type":"LineString","coordinates":[[107.6021772,-6.9372552],[107.6010236,-6.9372742],[107.5994727,-6.9375618]]},"properties":{"name":"Jalan Peta","ref":"374"}},
{"type":"Feature","geometry":{"type":"LineString","coordinates":[[107.6076516,-6.9060628],[107.6075667,-6.9075563],[107.6073865,-6.9076628]]},"properties":{"name":"Jalan Wastukancana","ref":""}},
{"type":"Feature","geometry":{"type":"LineString","coordinates":[[107.6053829,-6.907135],[107.6045,-6.907158]]},"properties":{"name":"Jalan Pajajaran","ref":""}},
{"type":"Feature","geometry":{"type":"LineString","coordinates":[[107.5985248,-6.8959937],[107.5984723,-6.8959815]]},"properties":{"name":"Jalan Profesor Christiaan Eijkman","ref":""}},
{"type":"Feature","geometry":{"type":"LineString","coordinates":[[107.6073053,-6.9154939],[107.6071157,-6.9154839]]},"properties":{"name":"Jalan Suniaraja","ref":""}},
{"type":"Feature","geometry":{"type":"LineString","coordinates":[[107.6071157,-6.9154839],[107.6065499,-6.9154703]]},"properties":{"name":"Jalan Suniaraja","ref":""}},
{"type":"Feature","geometry":{"type":"LineString","coordinates":[[107.5952296,-6.9371632],[107.5948299,-6.9373141]]},"properties":{"name":"","ref":"106"}},
{"type":"Feature","geometry":{"type":"LineString","coordinates":[[107.5994727,-6.9375618],[107.5993708,-6.9375805]]},"properties":{"name":"Jalan Peta","ref":"374"}},
{"type":"Feature","geometry":{"type":"LineString","coordinates":[[107.5993708,-6.9375805],[107.5980891,-6.9378047],[107.5971376,-6.937801]]},"properties":{"name":"Jalan Peta","ref":"374"}},
{"type":"Feature","geometry":{"type":"LineString","coordinates":[[107.5984723,-6.8959815],[107.5982533,-6.8959337]]},"properties":{"name":"Jalan Profesor Christiaan Eijkman","ref":""}},
{"type":"Feature","geometry":{"type":"LineString","coordinates":[[107.5951942,-6.85933],[107.5948433,-6.8593552]]},"properties":{"name":"","ref":""}},
{"type":"Feature","geometry":{"type":"LineString","coordinates":[[107.6077246,-6.9060495],[107.6076516,-6.9060628]]},"properties":{"name":"","ref":""}},
{"type":"Feature","geometry":{"type":"LineString","coordinates":[[107.5970548,-6.9377924],[107.5954936,-6.9372742]]},"properties":{"name":"Jalan Peta","ref":"374"}},
{"type":"Feature","geometry":{"type":"LineString","coordinates":[[107.6065499,-6.9154703],[107.6059861,-6.9155367]]},"properties":{"name":"Jalan Suniaraja","ref":""}},
{"type":"Feature","geometry":{"type":"LineString","coordinates":[[107.6041426,-6.9127091],[107.604692,-6.9127619]]},"properties":{"name":"Jalan Aceh","ref":""}},
{"type":"Feature","geometry":{"type":"LineString","coordinates":[[107.6039561,-6.9125447],[107.6041426,-6.9127091]]},"properties":{"name":"Jalan Cicendo","ref":""}},
{"type":"Feature","geometry":{"type":"LineString","coordinates":[[107.5940961,-6.8651081],[107.5935249,-6.8704256]]},"properties":{"name":"Jalan Dr. Setiabudi","ref":"249"}},
{"type":"Feature","geometry":{"type":"LineString","coordinates":[[107.6038803,-6.9238302],[107.6038724,-6.923931]]},"properties":{"name":"Jalan Otto Iskandardinata","ref":""}},
{"type":"Feature","geometry":{"type":"LineString","coordinates":[[107.6013125,-6.8834804],[107.60158,-6.8845161]]},"properties":{"name":"Jalan Raden Adipati Aria Wiranatakusumah","ref":""}},
{"type":"Feature","geometry":{"type":"LineString","coordinates":[[107.6089865,-6.9159412],[107.6088792,-6.9162786]]},"properties":{"name":"Jalan Braga","ref":""}},
{"type":"Feature","geometry":{"type":"LineString","coordinates":[[107.6031033,-6.9370152],[107.603088,-6.9372221]]},"properties":{"name":"Jalan Otto Iskandardinata","ref":""}},
{"type":"Feature","geometry":{"type":"LineString","coordinates":[[107.5975318,-6.8966067],[107.5974629,-6.8966804]]},"properties":{"name":"Jalan Sederhana","ref":""}},
{"type":"Feature","geometry":{"type":"LineString","coordinates":[[107.5974629,-6.8966804],[107.5973563,-6.8969183],[107.5974,-6.8987139]]},"properties":{"name":"Jalan Pasir Kaliki","ref":"249"}},
{"type":"Feature","geometry":{"type":"LineString","coordinates":[[107.6089516,-6.913844],[107.6090254,-6.9139243]]},"properties":{"name":"Jalan Perintis Kemerdekaan","ref":""}},
{"type":"Feature","geometry":{"type":"LineString","coordinates":[[107.6045,-6.907158],[107.6044417,-6.9072201]]},"properties":{"name":"Jalan Pajajaran","ref":"369;371"}},
{"type":"Feature","geometry":{"type":"LineString","coordinates":[[107.607556,-6.9054463],[107.6075644,-6.9054686]]},"properties":{"name":"Jalan Wastukancana","ref":""}},
{"type":"Feature","geometry":{"type":"LineString","coordinates":[[107.594751,-6.8634425],[107.5946342,-6.8634956]]},"properties":{"name":"Jalan Dr. Setiabudi","ref":"249"}},
{"type":"Feature","geometry":{"type":"LineString","coordinates":[[107.5952184,-6.9469031],[107.595295,-6.9458786]]},"properties":{"name":"Jalan Leuwi Panjang","ref":"4118"}},
{"type":"Feature","geometry":{"type":"LineString","coordinates":[[107.6031782,-6.9351372],[107.6032238,-6.935481]]},"properties":{"name":"Jalan Otto Iskandardinata","ref":""}},
{"type":"Feature","geometry":{"type":"LineString","coordinates":[[107.6031505,-6.9365689],[107.6031033,-6.9370152]]},"properties":{"name":"Jalan Otto Iskandardinata","ref":""}},
{"type":"Feature","geometry":{"type":"LineString","coordinates":[[107.6032159,-6.9342862],[107.6031782,-6.9351372]]},"properties":{"name":"Jalan Otto Iskandardinata","ref":""}},
{"type":"Feature","geometry":{"type":"LineString","coordinates":[[107.6079775,-6.9160775],[107.6077131,-6.915765]]},"properties":{"name":"Jalan Suniaraja","ref":""}},
{"type":"Feature","geometry":{"type":"LineString","coordinates":[[107.5954936,-6.9372742],[107.5952296,-6.9371632]]},"properties":{"name":"Jalan Peta","ref":"374"}},
{"type":"Feature","geometry":{"type":"LineString","coordinates":[[107.6043506,-6.917436],[107.6042904,-6.9182779]]},"properties":{"name":"Jalan Otto Iskandardinata","ref":""}},
{"type":"Feature","geometry":{"type":"LineString","coordinates":[[107.6073939,-6.915502],[107.6073053,-6.9154939]]},"properties":{"name":"Jalan Suniaraja","ref":""}},
{"type":"Feature","geometry":{"type":"LineString","coordinates":[[107.6077131,-6.915765],[107.6075959,-6.9156165]]},"properties":{"name":"Jalan Suniaraja","ref":""}},
{"type":"Feature","geometry":{"type":"LineString","coordinates":[[107.6075959,-6.9156165],[107.6073939,-6.915502]]},"properties":{"name":"Jalan Suniaraja","ref":""}},
{"type":"Feature","geometry":{"type":"LineString","coordinates":[[107.5975476,-6.8775669],[107.5977931,-6.8782315]]},"properties":{"name":"Jalan Dr. Setiabudi","ref":"249"}},
{"type":"Feature","geometry":{"type":"LineString","coordinates":[[107.6035214,-6.9002184],[107.6041803,-6.900144]]},"properties":{"name":"Jalan Pasteur","ref":""}},
{"type":"Feature","geometry":{"type":"LineString","coordinates":[[107.6031071,-6.9002112],[107.6035214,-6.9002184]]},"properties":{"name":"Jalan Pasteur","ref":""}},
{"type":"Feature","geometry":{"type":"LineString","coordinates":[[107.6047378,-6.9043028],[107.604907,-6.904268]]},"properties":{"name":"Jalan Wastukancana","ref":""}},
{"type":"Feature","geometry":{"type":"LineString","coordinates":[[107.6045194,-6.9042857],[107.6047378,-6.9043028]]},"properties":{"name":"Jalan Wastukancana","ref":""}},
{"type":"Feature","geometry":{"type":"LineString","coordinates":[[107.6039303,-6.9231867],[107.6038803,-6.9238302]]},"properties":{"name":"Jalan Otto Iskandardinata","ref":""}},
{"type":"Feature","geometry":{"type":"LineString","coordinates":[[107.5938141,-6.9457411],[107.5936574,-6.9459061],[107.593264,-6.9458573]]},"properties":{"name":"Jalur Bus Kota Terminal Leuwipanjang","ref":""}},
{"type":"Feature","geometry":{"type":"LineString","coordinates":[[107.6074587,-6.9052269],[107.607556,-6.9054463]]},"properties":{"name":"Jalan Wastukancana","ref":""}},
{"type":"Feature","geometry":{"type":"LineString","coordinates":[[107.5974075,-6.898977],[107.5974217,-6.8991501]]},"properties":{"name":"Jalan Pasir Kaliki","ref":"249"}},
{"type":"Feature","geometry":{"type":"LineString","coordinates":[[107.5898972,-6.9453598],[107.5899638,-6.9456485]]},"properties":{"name":"","ref":""}},
{"type":"Feature","geometry":{"type":"LineString","coordinates":[[107.5979866,-6.900214],[107.5985704,-6.900207]]},"properties":{"name":"Jalan Pasteur","ref":""}},
{"type":"Feature","geometry":{"type":"LineString","coordinates":[[107.595295,-6.9458786],[107.5947542,-6.9458158]]},"properties":{"name":"Jalur Masuk Bus","ref":""}},
{"type":"Feature","geometry":{"type":"LineString","coordinates":[[107.5944877,-6.9457804],[107.5940855,-6.9457238]]},"properties":{"name":"Jalur Bus Kota dan AKAP","ref":""}},
{"type":"Feature","geometry":{"type":"LineString","coordinates":[[107.6089988,-6.9152244],[107.6089865,-6.9159412]]},"properties":{"name":"Jalan Braga","ref":""}},
{"type":"Feature","geometry":{"type":"LineString","coordinates":[[107.6022753,-6.900203],[107.6031071,-6.9002112]]},"properties":{"name":"Jalan Pasteur","ref":""}},
{"type":"Feature","geometry":{"type":"LineString","coordinates":[[107.5988968,-6.9002096],[107.5993001,-6.900202]]},"properties":{"name":"Jalan Pasteur","ref":""}},
{"type":"Feature","geometry":{"type":"LineString","coordinates":[[107.5993479,-6.8813024],[107.600512,-6.8825853]]},"properties":{"name":"Jalan Dr. Setiabudi","ref":"2340"}},
{"type":"Feature","geometry":{"type":"LineString","coordinates":[[107.5920057,-6.9464327],[107.5934341,-6.9468277]]},"properties":{"name":"Jalan Soekarno-Hatta","ref":"11"}},
{"type":"Feature","geometry":{"type":"LineString","coordinates":[[107.5899638,-6.9456485],[107.5905372,-6.9458885]]},"properties":{"name":"Jalan Soekarno-Hatta","ref":"11"}},
{"type":"Feature","geometry":{"type":"LineString","coordinates":[[107.6076853,-6.905845],[107.6077246,-6.9060495]]},"properties":{"name":"Jalan Wastukancana","ref":""}},
{"type":"Feature","geometry":{"type":"LineString","coordinates":[[107.5936179,-6.8707823],[107.5940693,-6.8717924],[107.5958267,-6.874066]]},"properties":{"name":"Jalan Dr. Setiabudi","ref":"249"}},
{"type":"Feature","geometry":{"type":"LineString","coordinates":[[107.5899199,-6.9452949],[107.5898972,-6.9453598]]},"properties":{"name":"Jalan Kyai Haji Wahid Hasyim","ref":"106"}},
{"type":"Feature","geometry":{"type":"LineString","coordinates":[[107.6070138,-6.9046],[107.6071411,-6.9047305]]},"properties":{"name":"Jalan Wastukancana","ref":""}},
{"type":"Feature","geometry":{"type":"LineString","coordinates":[[107.6071411,-6.9047305],[107.6074587,-6.9052269]]},"properties":{"name":"Jalan Wastukancana","ref":""}},
{"type":"Feature","geometry":{"type":"LineString","coordinates":[[107.5935249,-6.8704256],[107.5936179,-6.8707823]]},"properties":{"name":"Jalan Dr. Setiabudi","ref":"249"}},
{"type":"Feature","geometry":{"type":"LineString","coordinates":[[107.6073185,-6.9143005],[107.6075641,-6.9142136]]},"properties":{"name":"Jalan Perintis Kemerdekaan","ref":""}},
{"type":"Feature","geometry":{"type":"LineString","coordinates":[[107.5934341,-6.9468277],[107.5946801,-6.9470993]]},"properties":{"name":"Jalan Soekarno-Hatta","ref":"11"}},
{"type":"Feature","geometry":{"type":"LineString","coordinates":[[107.6069187,-6.9045127],[107.6070138,-6.9046]]},"properties":{"name":"Jalan Wastukancana","ref":""}},
{"type":"Feature","geometry":{"type":"LineString","coordinates":[[107.6065841,-6.9042698],[107.6069187,-6.9045127]]},"properties":{"name":"Jalan Wastukancana","ref":""}},
{"type":"Feature","geometry":{"type":"LineString","coordinates":[[107.5940315,-6.9457129],[107.5939798,-6.9457037]]},"properties":{"name":"Jalur Bus Kota dan AKAP","ref":""}},
{"type":"Feature","geometry":{"type":"LineString","coordinates":[[107.5940855,-6.9457238],[107.5940315,-6.9457129]]},"properties":{"name":"Jalur Bus Kota dan AKAP","ref":""}},
{"type":"Feature","geometry":{"type":"LineString","coordinates":[[107.5947542,-6.9458158],[107.5944877,-6.9457804]]},"properties":{"name":"Jalur Bus Kota dan AKAP","ref":""}},
{"type":"Feature","geometry":{"type":"LineString","coordinates":[[107.5948433,-6.8593552],[107.5948088,-6.859551]]},"properties":{"name":"Jalan Dr. Setiabudi","ref":"249"}},
{"type":"Feature","geometry":{"type":"LineString","coordinates":[[107.5948052,-6.8595708],[107.5947487,-6.8601046]]},"properties":{"name":"Jalan Dr. Setiabudi","ref":"249"}},
{"type":"Feature","geometry":{"type":"LineString","coordinates":[[107.5948088,-6.859551],[107.5948052,-6.8595708]]},"properties":{"name":"Jalan Dr. Setiabudi","ref":"249"}},
{"type":"Feature","geometry":{"type":"LineString","coordinates":[[107.6022349,-6.8878097],[107.6025599,-6.8914898]]},"properties":{"name":"Jalan Raden Adipati Aria Wiranatakusumah","ref":""}},
{"type":"Feature","geometry":{"type":"LineString","coordinates":[[107.6025599,-6.8914898],[107.6025639,-6.8915152]]},"properties":{"name":"Jalan Raden Adipati Aria Wiranatakusumah","ref":""}},
{"type":"Feature","geometry":{"type":"LineString","coordinates":[[107.6021691,-6.887391],[107.6022349,-6.8878097]]},"properties":{"name":"Jalan Raden Adipati Aria Wiranatakusumah","ref":""}},
{"type":"Feature","geometry":{"type":"LineString","coordinates":[[107.6010655,-6.9002051],[107.6022753,-6.900203]]},"properties":{"name":"Jalan Pasteur","ref":""}},
{"type":"Feature","geometry":{"type":"LineString","coordinates":[[107.604692,-6.9127619],[107.6046031,-6.9144539]]},"properties":{"name":"Jalan Otto Iskandardinata","ref":""}},
{"type":"Feature","geometry":{"type":"LineString","coordinates":[[107.6029953,-6.9373294],[107.6021772,-6.9372552]]},"properties":{"name":"Jalan Peta","ref":"374"}},
{"type":"Feature","geometry":{"type":"LineString","coordinates":[[107.5946342,-6.8634956],[107.5943936,-6.8638479]]},"properties":{"name":"Jalan Dr. Setiabudi","ref":"249"}},
{"type":"Feature","geometry":{"type":"LineString","coordinates":[[107.5943936,-6.8638479],[107.5940961,-6.8651081]]},"properties":{"name":"Jalan Dr. Setiabudi","ref":"249"}},
{"type":"Feature","geometry":{"type":"LineString","coordinates":[[107.5910269,-6.9435481],[107.5920724,-6.9418438]]},"properties":{"name":"Jalan Kyai Haji Wahid Hasyim","ref":"106"}},
{"type":"Feature","geometry":{"type":"LineString","coordinates":[[107.5939798,-6.9457037],[107.5938141,-6.9457411]]},"properties":{"name":"Jalur Bus Kota","ref":""}},
{"type":"Feature","geometry":{"type":"LineString","coordinates":[[107.5987941,-6.906746],[107.601339,-6.9048875]]},"properties":{"name":"Jalan dr. Cipto","ref":""}},
{"type":"Feature","geometry":{"type":"LineString","coordinates":[[107.5996034,-6.9021781],[107.5995001,-6.9020788]]},"properties":{"name":"Jalan Doktor Louis Otten","ref":""}},
{"type":"Feature","geometry":{"type":"LineString","coordinates":[[107.5982824,-6.9187314],[107.5983386,-6.9201181]]},"properties":{"name":"Jalan Gardujati","ref":""}},
{"type":"Feature","geometry":{"type":"LineString","coordinates":[[107.597321,-6.898017],[107.5972895,-6.8968371]]},"properties":{"name":"Jalan Pasir Kaliki","ref":"249"}},
{"type":"Feature","geometry":{"type":"LineString","coordinates":[[107.5967323,-6.8873957],[107.5967016,-6.8867916]]},"properties":{"name":"Jalan Sukajadi","ref":"249"}},
{"type":"Feature","geometry":{"type":"LineString","coordinates":[[107.5961957,-6.8768743],[107.5958267,-6.874066]]},"properties":{"name":"Jalan Sukajadi","ref":"249"}},
{"type":"Feature","geometry":{"type":"LineString","coordinates":[[107.5980296,-6.9131529],[107.5980004,-6.9126452]]},"properties":{"name":"Jalan HOS. Cokroaminoto","ref":""}},
{"type":"Feature","geometry":{"type":"LineString","coordinates":[[107.5981313,-6.9141206],[107.5981201,-6.9145111]]},"properties":{"name":"Jalan HOS. Cokroaminoto","ref":""}},
{"type":"Feature","geometry":{"type":"LineString","coordinates":[[107.5962548,-6.8783299],[107.5962243,-6.8774107]]},"properties":{"name":"Jalan Sukajadi","ref":"249"}},
{"type":"Feature","geometry":{"type":"LineString","coordinates":[[107.5965234,-6.8840238],[107.5963984,-6.8809341]]},"properties":{"name":"Jalan Sukajadi","ref":"249"}},
{"type":"Feature","geometry":{"type":"LineString","coordinates":[[107.6009396,-6.9034374],[107.5996034,-6.9021781]]},"properties":{"name":"Jalan Doktor Louis Otten","ref":""}},
{"type":"Feature","geometry":{"type":"LineString","coordinates":[[107.5995001,-6.9020788],[107.5985614,-6.9011751]]},"properties":{"name":"Jalan Doktor Louis Otten","ref":""}},
{"type":"Feature","geometry":{"type":"LineString","coordinates":[[107.5982102,-6.9163251],[107.5980911,-6.9146113]]},"properties":{"name":"Jalan HOS. Cokroaminoto","ref":""}},
{"type":"Feature","geometry":{"type":"LineString","coordinates":[[107.5973451,-6.9298621],[107.5982512,-6.9267282]]},"properties":{"name":"Jalan Kopo","ref":"4114"}},
{"type":"Feature","geometry":{"type":"LineString","coordinates":[[107.5973503,-6.8989275],[107.597321,-6.898017]]},"properties":{"name":"Jalan Pasir Kaliki","ref":"249"}},
{"type":"Feature","geometry":{"type":"LineString","coordinates":[[107.5951535,-6.9367787],[107.5954941,-6.9362235]]},"properties":{"name":"Jalan Kyai Haji Wahid Hasyim","ref":"4114"}},
{"type":"Feature","geometry":{"type":"LineString","coordinates":[[107.5949807,-6.9370518],[107.5950424,-6.936952]]},"properties":{"name":"Jalan Kyai Haji Wahid Hasyim","ref":""}},
{"type":"Feature","geometry":{"type":"LineString","coordinates":[[107.5973451,-6.9298621],[107.5954941,-6.9362235]]},"properties":{"name":"Jalan Kyai Haji Wahid Hasyim","ref":"4114"}},
{"type":"Feature","geometry":{"type":"LineString","coordinates":[[107.5979469,-6.9117824],[107.5979313,-6.9116207]]},"properties":{"name":"Jalan HOS. Cokroaminoto","ref":"372"}},
{"type":"Feature","geometry":{"type":"LineString","coordinates":[[107.5947487,-6.8601046],[107.594682,-6.8607123],[107.5948338,-6.861136],[107.5962242,-6.8622608],[107.5957803,-6.8631238],[107.594751,-6.8634425]]},"properties":{"name":"Jalan Dr. Setiabudi","ref":"249"}},
{"type":"Feature","geometry":{"type":"LineString","coordinates":[[107.5986744,-6.9232626],[107.5999192,-6.9268738]]},"properties":{"name":"Jalan Astana Anyar","ref":""}},
{"type":"Feature","geometry":{"type":"LineString","coordinates":[[107.5984717,-6.9214196],[107.5986744,-6.9232626]]},"properties":{"name":"Jalan Astana Anyar","ref":""}},
{"type":"Feature","geometry":{"type":"LineString","coordinates":[[107.5978766,-6.9065641],[107.5987941,-6.906746]]},"properties":{"name":"Jalan Pajajaran","ref":"371"}},
{"type":"Feature","geometry":{"type":"LineString","coordinates":[[107.5967016,-6.8867916],[107.5963989,-6.8858417],[107.5965693,-6.8848932]]},"properties":{"name":"Jalan Sukajadi","ref":"249"}},
{"type":"Feature","geometry":{"type":"LineString","coordinates":[[107.5965291,-6.8842065],[107.5965234,-6.8840238]]},"properties":{"name":"Jalan Sukajadi","ref":"249-12K"}},
{"type":"Feature","geometry":{"type":"LineString","coordinates":[[107.5976288,-6.9073749],[107.5976301,-6.9066034],[107.5978766,-6.9065641]]},"properties":{"name":"Jalan HOS. Cokroaminoto","ref":""}},
{"type":"Feature","geometry":{"type":"LineString","coordinates":[[107.601339,-6.9048875],[107.6014033,-6.9046523]]},"properties":{"name":"Jalan Dokter Gunawan Mangunkusumo","ref":""}},
{"type":"Feature","geometry":{"type":"LineString","coordinates":[[107.593264,-6.9458573],[107.5930568,-6.9457799],[107.5928976,-6.9450391]]},"properties":{"name":"Jalur Bus Kota Terminal Leuwipanjang","ref":""}},
{"type":"Feature","geometry":{"type":"LineString","coordinates":[[107.5920724,-6.9418438],[107.5948299,-6.9373141]]},"properties":{"name":"Jalan Kyai Haji Wahid Hasyim","ref":"106"}},
{"type":"Feature","geometry":{"type":"LineString","coordinates":[[107.5983304,-6.926733],[107.5995173,-6.9268375]]},"properties":{"name":"Jalan Pasir Koja","ref":"4149"}},
{"type":"Feature","geometry":{"type":"LineString","coordinates":[[107.5979313,-6.9116207],[107.5976288,-6.9073749]]},"properties":{"name":"Jalan HOS. Cokroaminoto","ref":"372"}},
{"type":"Feature","geometry":{"type":"LineString","coordinates":[[107.5979805,-6.912262],[107.5979469,-6.9117824]]},"properties":{"name":"Jalan HOS. Cokroaminoto","ref":"372"}},
{"type":"Feature","geometry":{"type":"LineString","coordinates":[[107.5984038,-6.9012736],[107.5982483,-6.9011405],[107.5982442,-6.9003802]]},"properties":{"name":"Jalan Doktor Louis Otten","ref":""}},
{"type":"Feature","geometry":{"type":"LineString","coordinates":[[107.5972816,-6.8966817],[107.5970391,-6.8930157]]},"properties":{"name":"Jalan Sukajadi","ref":"249"}},
{"type":"Feature","geometry":{"type":"LineString","coordinates":[[107.5969097,-6.8902486],[107.5967526,-6.887631]]},"properties":{"name":"Jalan Sukajadi","ref":"249"}},
{"type":"Feature","geometry":{"type":"LineString","coordinates":[[107.5977317,-6.9002067],[107.5979866,-6.900214]]},"properties":{"name":"Jalan Pasteur","ref":""}},
{"type":"Feature","geometry":{"type":"LineString","coordinates":[[107.5965693,-6.8848932],[107.5965291,-6.8842065]]},"properties":{"name":"Jalan Sukajadi","ref":"249"}},
{"type":"Feature","geometry":{"type":"LineString","coordinates":[[107.5974384,-6.9002085],[107.5973572,-6.8990747]]},"properties":{"name":"Jalan Pasir Kaliki","ref":"249"}},
{"type":"Feature","geometry":{"type":"LineString","coordinates":[[107.5928874,-6.9447537],[107.5926774,-6.944414],[107.592084,-6.9440521]]},"properties":{"name":"Jalan Keluar Terminal Leuwipanjang","ref":""}},
{"type":"Feature","geometry":{"type":"LineString","coordinates":[[107.598224,-6.9170874],[107.5982102,-6.9163251]]},"properties":{"name":"Jalan Gardujati","ref":""}},
{"type":"Feature","geometry":{"type":"LineString","coordinates":[[107.5995173,-6.9268375],[107.5995907,-6.9268449]]},"properties":{"name":"Jalan Pasir Koja","ref":"4149"}},
{"type":"Feature","geometry":{"type":"LineString","coordinates":[[107.5995907,-6.9268449],[107.5999192,-6.9268738]]},"properties":{"name":"Jalan Pasir Koja","ref":"4149"}},
{"type":"Feature","geometry":{"type":"LineString","coordinates":[[107.5918309,-6.9439338],[107.5916419,-6.9438523]]},"properties":{"name":"Jalan Keluar Terminal Leuwipanjang","ref":""}},
{"type":"Feature","geometry":{"type":"LineString","coordinates":[[107.592084,-6.9440521],[107.5918309,-6.9439338]]},"properties":{"name":"Jalan Keluar Terminal Leuwipanjang","ref":""}},
{"type":"Feature","geometry":{"type":"LineString","coordinates":[[107.5982512,-6.9267282],[107.5983304,-6.926733]]},"properties":{"name":"Jalan Pasir Koja","ref":"4149"}},
{"type":"Feature","geometry":{"type":"LineString","coordinates":[[107.5948299,-6.9373141],[107.5949807,-6.9370518]]},"properties":{"name":"Jalan Kyai Haji Wahid Hasyim","ref":"106"}},
{"type":"Feature","geometry":{"type":"LineString","coordinates":[[107.5970391,-6.8930157],[107.5969097,-6.8902486]]},"properties":{"name":"Jalan Sukajadi","ref":"249"}},
{"type":"Feature","geometry":{"type":"LineString","coordinates":[[107.5940961,-6.8651081],[107.5935249,-6.8704256]]},"properties":{"name":"Jalan Dr. Setiabudi","ref":"249"}},
{"type":"Feature","geometry":{"type":"LineString","coordinates":[[107.5980004,-6.9126452],[107.5979805,-6.912262]]},"properties":{"name":"Jalan HOS. Cokroaminoto","ref":""}},
{"type":"Feature","geometry":{"type":"LineString","coordinates":[[107.5967526,-6.887631],[107.5967323,-6.8873957]]},"properties":{"name":"Jalan Sukajadi","ref":"249"}},
{"type":"Feature","geometry":{"type":"LineString","coordinates":[[107.5981201,-6.9145111],[107.5981205,-6.9145443]]},"properties":{"name":"Jalan HOS. Cokroaminoto","ref":""}},
{"type":"Feature","geometry":{"type":"LineString","coordinates":[[107.5982595,-6.9181989],[107.598224,-6.9170874]]},"properties":{"name":"Jalan Gardujati","ref":""}},
{"type":"Feature","geometry":{"type":"LineString","coordinates":[[107.5950424,-6.936952],[107.5951535,-6.9367787]]},"properties":{"name":"Jalan Kyai Haji Wahid Hasyim","ref":"4114"}},
{"type":"Feature","geometry":{"type":"LineString","coordinates":[[107.5980911,-6.9146113],[107.5981205,-6.9145443]]},"properties":{"name":"Jalan HOS. Cokroaminoto","ref":""}},
{"type":"Feature","geometry":{"type":"LineString","coordinates":[[107.594917,-6.8589109],[107.5948433,-6.8593552]]},"properties":{"name":"Jalan Dr. Setiabudi","ref":"249"}},
{"type":"Feature","geometry":{"type":"LineString","coordinates":[[107.594751,-6.8634425],[107.5946342,-6.8634956]]},"properties":{"name":"Jalan Dr. Setiabudi","ref":"249"}},
{"type":"Feature","geometry":{"type":"LineString","coordinates":[[107.5941115,-6.864801],[107.5943936,-6.8638479]]},"properties":{"name":"Jalan Dr. Setiabudi","ref":"249"}},
{"type":"Feature","geometry":{"type":"LineString","coordinates":[[107.594917,-6.8589109],[107.5952442,-6.8589728],[107.5951942,-6.85933]]},"properties":{"name":"","ref":""}},
{"type":"Feature","geometry":{"type":"LineString","coordinates":[[107.5985614,-6.9011751],[107.5984038,-6.9012736]]},"properties":{"name":"Jalan Doktor Louis Otten","ref":""}},
{"type":"Feature","geometry":{"type":"LineString","coordinates":[[107.5974384,-6.9002085],[107.5977317,-6.9002067]]},"properties":{"name":"Jalan Pasteur","ref":""}},
{"type":"Feature","geometry":{"type":"LineString","coordinates":[[107.5980758,-6.9134531],[107.5981313,-6.9141206]]},"properties":{"name":"Jalan HOS. Cokroaminoto","ref":""}},
{"type":"Feature","geometry":{"type":"LineString","coordinates":[[107.5980724,-6.9134153],[107.5980758,-6.9134531]]},"properties":{"name":"Jalan HOS. Cokroaminoto","ref":""}},
{"type":"Feature","geometry":{"type":"LineString","coordinates":[[107.5980724,-6.9134153],[107.598033,-6.9132616]]},"properties":{"name":"Jalan HOS. Cokroaminoto","ref":""}},
{"type":"Feature","geometry":{"type":"LineString","coordinates":[[107.598033,-6.9132616],[107.5980296,-6.9131529]]},"properties":{"name":"Jalan HOS. Cokroaminoto","ref":""}},
{"type":"Feature","geometry":{"type":"LineString","coordinates":[[107.6009997,-6.9036058],[107.6009396,-6.9034374]]},"properties":{"name":"Jalan Doktor Louis Otten","ref":""}},
{"type":"Feature","geometry":{"type":"LineString","coordinates":[[107.5963984,-6.8809341],[107.5962548,-6.8783299]]},"properties":{"name":"Jalan Sukajadi","ref":"249"}},
{"type":"Feature","geometry":{"type":"LineString","coordinates":[[107.5962243,-6.8774107],[107.5961957,-6.8768743]]},"properties":{"name":"Jalan Sukajadi","ref":"249"}},
{"type":"Feature","geometry":{"type":"LineString","coordinates":[[107.6013604,-6.9040126],[107.6010968,-6.90402],[107.6009509,-6.9038503]]},"properties":{"name":"Bundaran Rajiman","ref":"1256"}},
{"type":"Feature","geometry":{"type":"LineString","coordinates":[[107.6009509,-6.9038503],[107.6009997,-6.9036058]]},"properties":{"name":"Bundaran Rajiman","ref":"1256"}},
{"type":"Feature","geometry":{"type":"LineString","coordinates":[[107.5936179,-6.8707823],[107.5940693,-6.8717924],[107.5958267,-6.874066]]},"properties":{"name":"Jalan Dr. Setiabudi","ref":"249"}},
{"type":"Feature","geometry":{"type":"LineString","coordinates":[[107.5982442,-6.9003802],[107.5979866,-6.900214]]},"properties":{"name":"Jalan Pasteur","ref":""}},
{"type":"Feature","geometry":{"type":"LineString","coordinates":[[107.5972895,-6.8968371],[107.5972816,-6.8966817]]},"properties":{"name":"Jalan Pasir Kaliki","ref":"249"}},
{"type":"Feature","geometry":{"type":"LineString","coordinates":[[107.5935249,-6.8704256],[107.5936179,-6.8707823]]},"properties":{"name":"Jalan Dr. Setiabudi","ref":"249"}},
{"type":"Feature","geometry":{"type":"LineString","coordinates":[[107.5916419,-6.9438523],[107.5910269,-6.9435481]]},"properties":{"name":"Jalan Keluar Terminal Leuwipanjang","ref":""}},
{"type":"Feature","geometry":{"type":"LineString","coordinates":[[107.5948433,-6.8593552],[107.5948088,-6.859551]]},"properties":{"name":"Jalan Dr. Setiabudi","ref":"249"}},
{"type":"Feature","geometry":{"type":"LineString","coordinates":[[107.5948052,-6.8595708],[107.5947487,-6.8601046]]},"properties":{"name":"Jalan Dr. Setiabudi","ref":"249"}},
{"type":"Feature","geometry":{"type":"LineString","coordinates":[[107.5948088,-6.859551],[107.5948052,-6.8595708]]},"properties":{"name":"Jalan Dr. Setiabudi","ref":"249"}},
{"type":"Feature","geometry":{"type":"LineString","coordinates":[[107.5983386,-6.9201181],[107.5984717,-6.9214196]]},"properties":{"name":"Jalan Astana Anyar","ref":""}},
{"type":"Feature","geometry":{"type":"LineString","coordinates":[[107.5982824,-6.9187314],[107.5982595,-6.9181989]]},"properties":{"name":"Jalan Gardujati","ref":""}},
{"type":"Feature","geometry":{"type":"LineString","coordinates":[[107.6014033,-6.9046523],[107.6014361,-6.9042205]]},"properties":{"name":"Jalan Dokter Gunawan Mangunkusumo","ref":""}},
{"type":"Feature","geometry":{"type":"LineString","coordinates":[[107.6014361,-6.9042205],[107.6013604,-6.9040126]]},"properties":{"name":"Jalan Dokter Gunawan Mangunkusumo","ref":""}},
{"type":"Feature","geometry":{"type":"LineString","coordinates":[[107.5973572,-6.8990747],[107.5973543,-6.8990234]]},"properties":{"name":"Jalan Pasir Kaliki","ref":"249"}},
{"type":"Feature","geometry":{"type":"LineString","coordinates":[[107.5973543,-6.8990234],[107.5973503,-6.8989275]]},"properties":{"name":"Jalan Pasir Kaliki","ref":"249"}},
{"type":"Feature","geometry":{"type":"LineString","coordinates":[[107.5946342,-6.8634956],[107.5943936,-6.8638479]]},"properties":{"name":"Jalan Dr. Setiabudi","ref":"249"}},
{"type":"Feature","geometry":{"type":"LineString","coordinates":[[107.5940961,-6.8651081],[107.5941115,-6.864801]]},"properties":{"name":"Jalan Dr. Setiabudi","ref":"249"}},
{"type":"Feature","geometry":{"type":"LineString","coordinates":[[107.5910269,-6.9435481],[107.5920724,-6.9418438]]},"properties":{"name":"Jalan Kyai Haji Wahid Hasyim","ref":"106"}},
{"type":"Feature","geometry":{"type":"LineString","coordinates":[[107.5928976,-6.9450391],[107.5928874,-6.9447537]]},"properties":{"name":"Jalan Keluar Terminal Leuwipanjang","ref":""}},
{"type":"Feature","geometry":{"type":"LineString","coordinates":[[107.5761151,-6.9132715],[107.5776073,-6.9136496]]},"properties":{"name":"Jalan Rajawali Timur","ref":""}},
{"type":"Feature","geometry":{"type":"LineString","coordinates":[[107.7528851,-6.9391361],[107.7548022,-6.9381645],[107.7560525,-6.9379722]]},"properties":{"name":"Jalan Raya Cileunyi","ref":"11"}},
{"type":"Feature","geometry":{"type":"LineString","coordinates":[[107.6119773,-6.9559046],[107.6119023,-6.955933]]},"properties":{"name":"Jalan Akses Tol Mohammad Toha","ref":""}},
{"type":"Feature","geometry":{"type":"LineString","coordinates":[[107.6062444,-6.9594034],[107.6063891,-6.9601879],[107.606712,-6.960735],[107.6073557,-6.9611476],[107.6080064,-6.9612283]]},"properties":{"name":"Jalan Akses Tol Mohammad Toha","ref":""}},
{"type":"Feature","geometry":{"type":"LineString","coordinates":[[107.6376642,-6.9656491],[107.6383542,-6.9657306]]},"properties":{"name":"Jalan Tol Padalarang–Cileunyi","ref":"4"}},
{"type":"Feature","geometry":{"type":"LineString","coordinates":[[107.6428065,-6.9656857],[107.6461997,-6.9648425],[107.6492481,-6.9646002],[107.6581165,-6.9659094],[107.6603107,-6.966378]]},"properties":{"name":"Jalan Tol Padalarang–Cileunyi","ref":"4"}},
{"type":"Feature","geometry":{"type":"LineString","coordinates":[[107.6605722,-6.9664426],[107.6637748,-6.9672708],[107.665565,-6.9675082],[107.6711041,-6.967534]]},"properties":{"name":"Jalan Tol Padalarang–Cileunyi","ref":"4"}},
{"type":"Feature","geometry":{"type":"LineString","coordinates":[[107.6603107,-6.966378],[107.6605722,-6.9664426]]},"properties":{"name":"Jalan Tol Padalarang–Cileunyi","ref":"4"}},
{"type":"Feature","geometry":{"type":"LineString","coordinates":[[107.7274621,-6.9555628],[107.730105,-6.9541849]]},"properties":{"name":"Jalan Tol Padalarang–Cileunyi","ref":"4"}},
{"type":"Feature","geometry":{"type":"LineString","coordinates":[[107.6780936,-6.9682142],[107.6929032,-6.9696526],[107.6970049,-6.9694949],[107.7007549,-6.9688011]]},"properties":{"name":"Jalan Tol Padalarang–Cileunyi","ref":"4"}},
{"type":"Feature","geometry":{"type":"LineString","coordinates":[[107.7044746,-6.9675629],[107.7048064,-6.967419]]},"properties":{"name":"Jalan Tol Padalarang–Cileunyi","ref":"4"}},
{"type":"Feature","geometry":{"type":"LineString","coordinates":[[107.6713565,-6.9675464],[107.6778229,-6.968186]]},"properties":{"name":"Jalan Tol Padalarang–Cileunyi","ref":"4"}},
{"type":"Feature","geometry":{"type":"LineString","coordinates":[[107.6778229,-6.968186],[107.6780936,-6.9682142]]},"properties":{"name":"Jalan Tol Padalarang–Cileunyi","ref":"4"}},
{"type":"Feature","geometry":{"type":"LineString","coordinates":[[107.6711041,-6.967534],[107.6713565,-6.9675464]]},"properties":{"name":"Jalan Tol Padalarang–Cileunyi","ref":"4"}},
{"type":"Feature","geometry":{"type":"LineString","coordinates":[[107.7048064,-6.967419],[107.7274621,-6.9555628]]},"properties":{"name":"Jalan Tol Padalarang–Cileunyi","ref":"4"}},
{"type":"Feature","geometry":{"type":"LineString","coordinates":[[107.6138569,-6.9608687],[107.6169258,-6.9608827],[107.618434,-6.9611867],[107.6204529,-6.9619211]]},"properties":{"name":"Jalan Tol Padalarang–Cileunyi","ref":"4"}},
{"type":"Feature","geometry":{"type":"LineString","coordinates":[[107.6133971,-6.9608951],[107.6138569,-6.9608687]]},"properties":{"name":"Jalan Tol Padalarang–Cileunyi","ref":"4"}},
{"type":"Feature","geometry":{"type":"LineString","coordinates":[[107.5744266,-6.9194787],[107.575014,-6.9236585]]},"properties":{"name":"Jalan Soekarno-Hatta","ref":"11"}},
{"type":"Feature","geometry":{"type":"LineString","coordinates":[[107.6109823,-6.9562337],[107.6108289,-6.956309]]},"properties":{"name":"Jalan Akses Tol Mohammad Toha","ref":""}},
{"type":"Feature","geometry":{"type":"LineString","coordinates":[[107.6116113,-6.9549027],[107.6118897,-6.9556394]]},"properties":{"name":"Jalan Mohammad Toha","ref":"161"}},
{"type":"Feature","geometry":{"type":"LineString","coordinates":[[107.6098249,-6.9611724],[107.6133971,-6.9608951]]},"properties":{"name":"Jalan Tol Padalarang–Cileunyi","ref":"4"}},
{"type":"Feature","geometry":{"type":"LineString","coordinates":[[107.575014,-6.9236585],[107.5753412,-6.9258096]]},"properties":{"name":"Jalan Soekarno-Hatta","ref":"11"}},
{"type":"Feature","geometry":{"type":"LineString","coordinates":[[107.5766159,-6.9175515],[107.5745601,-6.9172787]]},"properties":{"name":"Jalan Jendral Sudirman","ref":""}},
{"type":"Feature","geometry":{"type":"LineString","coordinates":[[107.5776073,-6.9136496],[107.5767538,-6.9173844]]},"properties":{"name":"Jalan Garuda","ref":""}},
{"type":"Feature","geometry":{"type":"LineString","coordinates":[[107.5863956,-6.9441848],[107.5888658,-6.9451811]]},"properties":{"name":"Jalan Soekarno-Hatta","ref":"11"}},
{"type":"Feature","geometry":{"type":"LineString","coordinates":[[107.5905372,-6.9458885],[107.5920057,-6.9464327]]},"properties":{"name":"Jalan Soekarno-Hatta","ref":"11"}},
{"type":"Feature","geometry":{"type":"LineString","coordinates":[[107.5760593,-6.9304537],[107.5761295,-6.9307327]]},"properties":{"name":"Jalan Soekarno-Hatta","ref":"11"}},
{"type":"Feature","geometry":{"type":"LineString","coordinates":[[107.6094437,-6.9483822],[107.6094101,-6.9482727]]},"properties":{"name":"Jalan Mohammad Toha","ref":"161"}},
{"type":"Feature","geometry":{"type":"LineString","coordinates":[[107.7537453,-6.9404081],[107.7535061,-6.9398592],[107.7529385,-6.9394875]]},"properties":{"name":"","ref":"11"}},
{"type":"Feature","geometry":{"type":"LineString","coordinates":[[107.7560525,-6.9379722],[107.7565469,-6.9378853]]},"properties":{"name":"Jalan Raya Cileunyi","ref":"11"}},
{"type":"Feature","geometry":{"type":"LineString","coordinates":[[107.757487,-6.9377295],[107.7590419,-6.9374502],[107.7616581,-6.9367119],[107.7675131,-6.9348887]]},"properties":{"name":"Jalan Raya Jatinangor","ref":"11"}},
{"type":"Feature","geometry":{"type":"LineString","coordinates":[[107.5756277,-6.9276758],[107.5759894,-6.9300668]]},"properties":{"name":"Jalan Soekarno-Hatta","ref":"11"}},
{"type":"Feature","geometry":{"type":"LineString","coordinates":[[107.5761295,-6.9307327],[107.5766269,-6.9322818],[107.577519,-6.9342396],[107.5812002,-6.9397265],[107.5823106,-6.941111]]},"properties":{"name":"Jalan Soekarno-Hatta","ref":"11"}},
{"type":"Feature","geometry":{"type":"LineString","coordinates":[[107.6116113,-6.9549027],[107.609996,-6.9500355]]},"properties":{"name":"Jalan Mohammad Toha","ref":"161"}},
{"type":"Feature","geometry":{"type":"LineString","coordinates":[[107.7529385,-6.9394875],[107.7528851,-6.9391361]]},"properties":{"name":"","ref":""}},
{"type":"Feature","geometry":{"type":"LineString","coordinates":[[107.6054387,-6.9480071],[107.6089854,-6.9482416]]},"properties":{"name":"Jalan Soekarno-Hatta","ref":"11"}},
{"type":"Feature","geometry":{"type":"LineString","coordinates":[[107.6039667,-6.9478945],[107.6041277,-6.947905]]},"properties":{"name":"Jalan Soekarno-Hatta","ref":"11"}},
{"type":"Feature","geometry":{"type":"LineString","coordinates":[[107.6240011,-6.9634006],[107.6242839,-6.9634978]]},"properties":{"name":"Jalan Tol Padalarang–Cileunyi","ref":"4"}},
{"type":"Feature","geometry":{"type":"LineString","coordinates":[[107.6242839,-6.9634978],[107.6271874,-6.9642858],[107.629938,-6.9646675]]},"properties":{"name":"Jalan Tol Padalarang–Cileunyi","ref":"4"}},
{"type":"Feature","geometry":{"type":"LineString","coordinates":[[107.6108289,-6.956309],[107.6101198,-6.9566866]]},"properties":{"name":"Jalan Akses Tol Mohammad Toha","ref":""}},
{"type":"Feature","geometry":{"type":"LineString","coordinates":[[107.6097904,-6.9568141],[107.6085312,-6.9569907]]},"properties":{"name":"Jalan Akses Tol Mohammad Toha","ref":""}},
{"type":"Feature","geometry":{"type":"LineString","coordinates":[[107.6101198,-6.9566866],[107.6097904,-6.9568141]]},"properties":{"name":"Jalan Akses Tol Mohammad Toha","ref":""}},
{"type":"Feature","geometry":{"type":"LineString","coordinates":[[107.730105,-6.9541849],[107.7429104,-6.9472221],[107.7464588,-6.9455793]]},"properties":{"name":"Jalan Tol Padalarang–Cileunyi","ref":"4"}},
{"type":"Feature","geometry":{"type":"LineString","coordinates":[[107.7464588,-6.9455793],[107.7482395,-6.9446799]]},"properties":{"name":"Simpang Susun Cileunyi","ref":""}},
{"type":"Feature","geometry":{"type":"LineString","coordinates":[[107.7007549,-6.9688011],[107.70103,-6.9687285]]},"properties":{"name":"Jalan Tol Padalarang–Cileunyi","ref":"4"}},
{"type":"Feature","geometry":{"type":"LineString","coordinates":[[107.70103,-6.9687285],[107.7044746,-6.9675629]]},"properties":{"name":"Jalan Tol Padalarang–Cileunyi","ref":"4"}},
{"type":"Feature","geometry":{"type":"LineString","coordinates":[[107.6419915,-6.9658012],[107.6428065,-6.9656857]]},"properties":{"name":"Jalan Tol Padalarang–Cileunyi","ref":"4"}},
{"type":"Feature","geometry":{"type":"LineString","coordinates":[[107.6383542,-6.9657306],[107.6397387,-6.9658628],[107.6419915,-6.9658012]]},"properties":{"name":"Jalan Tol Padalarang–Cileunyi","ref":"4"}},
{"type":"Feature","geometry":{"type":"LineString","coordinates":[[107.7573448,-6.9377483],[107.757487,-6.9377295]]},"properties":{"name":"Jalan Raya Jatinangor","ref":"11"}},
{"type":"Feature","geometry":{"type":"LineString","coordinates":[[107.7565469,-6.9378853],[107.7573448,-6.9377483]]},"properties":{"name":"Jalan Raya Jatinangor","ref":"11"}},
{"type":"Feature","geometry":{"type":"LineString","coordinates":[[107.5744159,-6.9173911],[107.5744266,-6.9194787]]},"properties":{"name":"Jalan Soekarno-Hatta","ref":"11"}},
{"type":"Feature","geometry":{"type":"LineString","coordinates":[[107.5831212,-6.9419015],[107.5844282,-6.9430135]]},"properties":{"name":"Jalan Soekarno-Hatta","ref":"11"}},
{"type":"Feature","geometry":{"type":"LineString","coordinates":[[107.7675131,-6.9348887],[107.7679063,-6.934321]]},"properties":{"name":"Jalan Raya Jatinangor","ref":"11"}},
{"type":"Feature","geometry":{"type":"LineString","coordinates":[[107.6095322,-6.9486416],[107.6094437,-6.9483822]]},"properties":{"name":"Jalan Mohammad Toha","ref":"161"}},
{"type":"Feature","geometry":{"type":"LineString","coordinates":[[107.609996,-6.9500355],[107.6095322,-6.9486416]]},"properties":{"name":"Jalan Mohammad Toha","ref":"161"}},
{"type":"Feature","geometry":{"type":"LineString","coordinates":[[107.7500827,-6.943838],[107.7509278,-6.9423953],[107.7513252,-6.9422468],[107.7523906,-6.9422036]]},"properties":{"name":"Simpang Susun Cileunyi","ref":""}},
{"type":"Feature","geometry":{"type":"LineString","coordinates":[[107.7541065,-6.9418043],[107.7543261,-6.941382],[107.7540569,-6.9408199]]},"properties":{"name":"Simpang Susun Cileunyi","ref":""}},
{"type":"Feature","geometry":{"type":"LineString","coordinates":[[107.7482395,-6.9446799],[107.7500827,-6.943838]]},"properties":{"name":"Simpang Susun Cileunyi","ref":""}},
{"type":"Feature","geometry":{"type":"LineString","coordinates":[[107.7526686,-6.9422553],[107.7532371,-6.9422492],[107.7541065,-6.9418043]]},"properties":{"name":"Simpang Susun Cileunyi","ref":""}},
{"type":"Feature","geometry":{"type":"LineString","coordinates":[[107.5753412,-6.9258096],[107.5755137,-6.9269292]]},"properties":{"name":"Jalan Soekarno-Hatta","ref":"11"}},
{"type":"Feature","geometry":{"type":"LineString","coordinates":[[107.5745601,-6.9172787],[107.5744159,-6.9173911]]},"properties":{"name":"Bunderan Cibeureum","ref":"11"}},
{"type":"Feature","geometry":{"type":"LineString","coordinates":[[107.5897693,-6.9455492],[107.5899638,-6.9456485]]},"properties":{"name":"Jalan Soekarno-Hatta","ref":"11"}},
{"type":"Feature","geometry":{"type":"LineString","coordinates":[[107.5760414,-6.9303848],[107.5760593,-6.9304537]]},"properties":{"name":"Jalan Soekarno-Hatta","ref":"11"}},
{"type":"Feature","geometry":{"type":"LineString","coordinates":[[107.5894219,-6.9454078],[107.5897088,-6.945521]]},"properties":{"name":"Jalan Soekarno-Hatta","ref":"11"}},
{"type":"Feature","geometry":{"type":"LineString","coordinates":[[107.6041277,-6.947905],[107.6054387,-6.9480071]]},"properties":{"name":"Jalan Soekarno-Hatta","ref":"11"}},
{"type":"Feature","geometry":{"type":"LineString","coordinates":[[107.6089854,-6.9482416],[107.6094101,-6.9482727]]},"properties":{"name":"Jalan Soekarno-Hatta","ref":"11"}},
{"type":"Feature","geometry":{"type":"LineString","coordinates":[[107.5952745,-6.9472037],[107.5955093,-6.9472465]]},"properties":{"name":"Jalan Soekarno-Hatta","ref":"11"}},
{"type":"Feature","geometry":{"type":"LineString","coordinates":[[107.6086585,-6.9611877],[107.6090755,-6.9611618]]},"properties":{"name":"","ref":""}},
{"type":"Feature","geometry":{"type":"LineString","coordinates":[[107.6080064,-6.9612283],[107.6086585,-6.9611877]]},"properties":{"name":"Simpang Susun Mohammad Toha","ref":""}},
{"type":"Feature","geometry":{"type":"LineString","coordinates":[[107.6090755,-6.9611618],[107.6098249,-6.9611724]]},"properties":{"name":"","ref":""}},
{"type":"Feature","geometry":{"type":"LineString","coordinates":[[107.5767538,-6.9173844],[107.5766836,-6.9174697]]},"properties":{"name":"Jalan Garuda","ref":""}},
{"type":"Feature","geometry":{"type":"LineString","coordinates":[[107.5849105,-6.9433545],[107.5863956,-6.9441848]]},"properties":{"name":"Jalan Soekarno-Hatta","ref":"11"}},
{"type":"Feature","geometry":{"type":"LineString","coordinates":[[107.5955093,-6.9472465],[107.598288,-6.947504]]},"properties":{"name":"Jalan Soekarno-Hatta","ref":"11"}},
{"type":"Feature","geometry":{"type":"LineString","coordinates":[[107.598288,-6.947504],[107.5999463,-6.9476316]]},"properties":{"name":"Jalan Soekarno-Hatta","ref":"11"}},
{"type":"Feature","geometry":{"type":"LineString","coordinates":[[107.6025818,-6.9478249],[107.6039667,-6.9478945]]},"properties":{"name":"Jalan Soekarno-Hatta","ref":"11"}},
{"type":"Feature","geometry":{"type":"LineString","coordinates":[[107.7723146,-6.932773],[107.7733061,-6.9323718]]},"properties":{"name":"Halte Metro Jabar Trans UNPAD Jatinangor","ref":""}},
{"type":"Feature","geometry":{"type":"LineString","coordinates":[[107.6000414,-6.9476386],[107.6016723,-6.9477582]]},"properties":{"name":"Jalan Soekarno-Hatta","ref":"11"}},
{"type":"Feature","geometry":{"type":"LineString","coordinates":[[107.5999463,-6.9476316],[107.6000414,-6.9476386]]},"properties":{"name":"Jalan Soekarno-Hatta","ref":"11"}},
{"type":"Feature","geometry":{"type":"LineString","coordinates":[[107.6204529,-6.9619211],[107.6240011,-6.9634006]]},"properties":{"name":"Jalan Tol Padalarang–Cileunyi","ref":"4"}},
{"type":"Feature","geometry":{"type":"LineString","coordinates":[[107.629938,-6.9646675],[107.6376642,-6.9656491]]},"properties":{"name":"Jalan Tol Padalarang–Cileunyi","ref":"4"}},
{"type":"Feature","geometry":{"type":"LineString","coordinates":[[107.6016723,-6.9477582],[107.6025818,-6.9478249]]},"properties":{"name":"Jalan Soekarno-Hatta","ref":"11"}},
{"type":"Feature","geometry":{"type":"LineString","coordinates":[[107.5888658,-6.9451811],[107.5894219,-6.9454078]]},"properties":{"name":"Jalan Soekarno-Hatta","ref":"11"}},
{"type":"Feature","geometry":{"type":"LineString","coordinates":[[107.5951948,-6.9471897],[107.5952745,-6.9472037]]},"properties":{"name":"Jalan Soekarno-Hatta","ref":"11"}},
{"type":"Feature","geometry":{"type":"LineString","coordinates":[[107.5946801,-6.9470993],[107.5951948,-6.9471897]]},"properties":{"name":"Jalan Soekarno-Hatta","ref":"11"}},
{"type":"Feature","geometry":{"type":"LineString","coordinates":[[107.5920057,-6.9464327],[107.5934341,-6.9468277]]},"properties":{"name":"Jalan Soekarno-Hatta","ref":"11"}},
{"type":"Feature","geometry":{"type":"LineString","coordinates":[[107.5899638,-6.9456485],[107.5905372,-6.9458885]]},"properties":{"name":"Jalan Soekarno-Hatta","ref":"11"}},
{"type":"Feature","geometry":{"type":"LineString","coordinates":[[107.5897088,-6.945521],[107.5897693,-6.9455492]]},"properties":{"name":"Jalan Soekarno-Hatta","ref":"11"}},
{"type":"Feature","geometry":{"type":"LineString","coordinates":[[107.5844282,-6.9430135],[107.5849105,-6.9433545]]},"properties":{"name":"Jalan Soekarno-Hatta","ref":"11"}},
{"type":"Feature","geometry":{"type":"LineString","coordinates":[[107.5755137,-6.9269292],[107.5756277,-6.9276758]]},"properties":{"name":"Jalan Soekarno-Hatta","ref":"11"}},
{"type":"Feature","geometry":{"type":"LineString","coordinates":[[107.5759894,-6.9300668],[107.5760414,-6.9303848]]},"properties":{"name":"Jalan Soekarno-Hatta","ref":"11"}},
{"type":"Feature","geometry":{"type":"LineString","coordinates":[[107.5934341,-6.9468277],[107.5946801,-6.9470993]]},"properties":{"name":"Jalan Soekarno-Hatta","ref":"11"}},
{"type":"Feature","geometry":{"type":"LineString","coordinates":[[107.5766836,-6.9174697],[107.5766159,-6.9175515]]},"properties":{"name":"","ref":""}},
{"type":"Feature","geometry":{"type":"LineString","coordinates":[[107.6085312,-6.9569907],[107.6075633,-6.9573828],[107.6069192,-6.9579126],[107.6064008,-6.9587544],[107.6062444,-6.9594034]]},"properties":{"name":"Jalan Akses Tol Mohammad Toha","ref":""}},
{"type":"Feature","geometry":{"type":"LineString","coordinates":[[107.6119023,-6.955933],[107.6109823,-6.9562337]]},"properties":{"name":"Jalan Akses Tol Mohammad Toha","ref":""}},
{"type":"Feature","geometry":{"type":"LineString","coordinates":[[107.6118947,-6.9556604],[107.6119415,-6.9557973]]},"properties":{"name":"Jalan Mohammad Toha","ref":"161"}},
{"type":"Feature","geometry":{"type":"LineString","coordinates":[[107.6118897,-6.9556394],[107.6118947,-6.9556604]]},"properties":{"name":"Jalan Mohammad Toha","ref":"161"}},
{"type":"Feature","geometry":{"type":"LineString","coordinates":[[107.6119415,-6.9557973],[107.6119773,-6.9559046]]},"properties":{"name":"Jalan Mohammad Toha","ref":"161"}},
{"type":"Feature","geometry":{"type":"LineString","coordinates":[[107.575723,-6.9133498],[107.5758021,-6.913142]]},"properties":{"name":"Jalan Elang","ref":"11"}},
{"type":"Feature","geometry":{"type":"LineString","coordinates":[[107.5753136,-6.9144895],[107.575723,-6.9133498]]},"properties":{"name":"Jalan Elang","ref":"11"}},
{"type":"Feature","geometry":{"type":"LineString","coordinates":[[107.7722158,-6.9328953],[107.7723146,-6.932773]]},"properties":{"name":"Pangkalan DAMRI Jatinangor","ref":""}},
{"type":"Feature","geometry":{"type":"LineString","coordinates":[[107.7540569,-6.9408199],[107.7537453,-6.9404081]]},"properties":{"name":"","ref":"11"}},
{"type":"Feature","geometry":{"type":"LineString","coordinates":[[107.5823106,-6.941111],[107.5831212,-6.9419015]]},"properties":{"name":"Jalan Soekarno-Hatta","ref":"11"}},
{"type":"Feature","geometry":{"type":"LineString","coordinates":[[107.7523906,-6.9422036],[107.7526686,-6.9422553]]},"properties":{"name":"Simpang Susun Cileunyi","ref":""}},
{"type":"Feature","geometry":{"type":"LineString","coordinates":[[107.7679063,-6.934321],[107.7708274,-6.9334914],[107.7722158,-6.9328953]]},"properties":{"name":"Jalan Raya Jatinangor","ref":"11"}},
{"type":"Feature","geometry":{"type":"LineString","coordinates":[[107.5758021,-6.913142],[107.5761151,-6.9132715]]},"properties":{"name":"Jalan Rajawali Timur","ref":""}},
{"type":"Feature","geometry":{"type":"LineString","coordinates":[[107.5749738,-6.9155723],[107.5753136,-6.9144895]]},"properties":{"name":"Jalan Elang","ref":"11"}},
{"type":"Feature","geometry":{"type":"LineString","coordinates":[[107.6240196,-6.9635519],[107.6184121,-6.9613257],[107.6158342,-6.9609253],[107.613897,-6.960997]]},"properties":{"name":"Jalan Tol Padalarang–Cileunyi","ref":"4"}},
{"type":"Feature","geometry":{"type":"LineString","coordinates":[[107.6383527,-6.9658664],[107.6376421,-6.9657635]]},"properties":{"name":"Jalan Tol Padalarang–Cileunyi","ref":"4"}},
{"type":"Feature","geometry":{"type":"LineString","coordinates":[[107.6605412,-6.9665435],[107.6602749,-6.9664723]]},"properties":{"name":"Jalan Tol Padalarang–Cileunyi","ref":"4"}},
{"type":"Feature","geometry":{"type":"LineString","coordinates":[[107.6602749,-6.9664723],[107.657108,-6.9658428],[107.6492464,-6.964699],[107.6463564,-6.9649217],[107.6428164,-6.9657886]]},"properties":{"name":"Jalan Tol Padalarang–Cileunyi","ref":"4"}},
{"type":"Feature","geometry":{"type":"LineString","coordinates":[[107.7567382,-6.9389134],[107.7569138,-6.9398023],[107.7567934,-6.9405329],[107.7563528,-6.9411132],[107.7556492,-6.9414928]]},"properties":{"name":"Jalan Sindangsari","ref":"11"}},
{"type":"Feature","geometry":{"type":"LineString","coordinates":[[107.7275203,-6.955671],[107.7048594,-6.9675082]]},"properties":{"name":"Jalan Tol Padalarang–Cileunyi","ref":"4"}},
{"type":"Feature","geometry":{"type":"LineString","coordinates":[[107.7301632,-6.9542907],[107.7275203,-6.955671]]},"properties":{"name":"Jalan Tol Padalarang–Cileunyi","ref":"4"}},
{"type":"Feature","geometry":{"type":"LineString","coordinates":[[107.7008012,-6.9689116],[107.6969744,-6.969618],[107.6934312,-6.9697858],[107.6780871,-6.9683242]]},"properties":{"name":"Jalan Tol Padalarang–Cileunyi","ref":"4"}},
{"type":"Feature","geometry":{"type":"LineString","coordinates":[[107.613897,-6.960997],[107.6134261,-6.9610319]]},"properties":{"name":"Jalan Tol Padalarang–Cileunyi","ref":"4"}},
{"type":"Feature","geometry":{"type":"LineString","coordinates":[[107.6780871,-6.9683242],[107.6778075,-6.9682989]]},"properties":{"name":"Jalan Tol Padalarang–Cileunyi","ref":"4"}},
{"type":"Feature","geometry":{"type":"LineString","coordinates":[[107.7048594,-6.9675082],[107.7044989,-6.9676661]]},"properties":{"name":"Jalan Tol Padalarang–Cileunyi","ref":"4"}},
{"type":"Feature","geometry":{"type":"LineString","coordinates":[[107.6778075,-6.9682989],[107.6713623,-6.9676529]]},"properties":{"name":"Jalan Tol Padalarang–Cileunyi","ref":"4"}},
{"type":"Feature","geometry":{"type":"LineString","coordinates":[[107.6713623,-6.9676529],[107.671104,-6.967636]]},"properties":{"name":"Jalan Tol Padalarang–Cileunyi","ref":"4"}},
{"type":"Feature","geometry":{"type":"LineString","coordinates":[[107.6134261,-6.9610319],[107.609088,-6.9613408]]},"properties":{"name":"Jalan Tol Padalarang–Cileunyi","ref":"4"}},
{"type":"Feature","geometry":{"type":"LineString","coordinates":[[107.671104,-6.967636],[107.6670335,-6.9676825],[107.664696,-6.9675308],[107.6605412,-6.9665435]]},"properties":{"name":"Jalan Tol Padalarang–Cileunyi","ref":"4"}},
{"type":"Feature","geometry":{"type":"LineString","coordinates":[[107.7762363,-6.9317185],[107.7762652,-6.9325853]]},"properties":{"name":"","ref":"11"}},
{"type":"Feature","geometry":{"type":"LineString","coordinates":[[107.609088,-6.9613408],[107.6087547,-6.9613656]]},"properties":{"name":"Jalan Tol Padalarang–Cileunyi","ref":"4"}},
{"type":"Feature","geometry":{"type":"LineString","coordinates":[[107.6087547,-6.9613656],[107.6061709,-6.9615586],[107.6052772,-6.9616227]]},"properties":{"name":"Jalan Tol Padalarang–Cileunyi","ref":"4"}},
{"type":"Feature","geometry":{"type":"LineString","coordinates":[[107.6109871,-6.9561266],[107.6115714,-6.9559139]]},"properties":{"name":"Jalan Akses Tol Mohammad Toha","ref":""}},
{"type":"Feature","geometry":{"type":"LineString","coordinates":[[107.6108621,-6.9561653],[107.6109871,-6.9561266]]},"properties":{"name":"Jalan Akses Tol Mohammad Toha","ref":""}},
{"type":"Feature","geometry":{"type":"LineString","coordinates":[[107.5895751,-6.9456911],[107.5893262,-6.9455913]]},"properties":{"name":"Jalan Soekarno-Hatta","ref":"11"}},
{"type":"Feature","geometry":{"type":"LineString","coordinates":[[107.5758965,-6.9300827],[107.5754153,-6.9269421]]},"properties":{"name":"Jalan Soekarno-Hatta","ref":"11"}},
{"type":"Feature","geometry":{"type":"LineString","coordinates":[[107.5829792,-6.9419021],[107.5813405,-6.9400788],[107.5779644,-6.9351167],[107.576479,-6.932218]]},"properties":{"name":"Jalan Soekarno-Hatta","ref":"11"}},
{"type":"Feature","geometry":{"type":"LineString","coordinates":[[107.584417,-6.9431127],[107.584274,-6.9430061]]},"properties":{"name":"Jalan Soekarno-Hatta","ref":"11"}},
{"type":"Feature","geometry":{"type":"LineString","coordinates":[[107.5983479,-6.9476164],[107.597127,-6.9476247]]},"properties":{"name":"Jalan Soekarno-Hatta","ref":"11"}},
{"type":"Feature","geometry":{"type":"LineString","coordinates":[[107.6095322,-6.9486416],[107.6089974,-6.9483475]]},"properties":{"name":"","ref":""}},
{"type":"Feature","geometry":{"type":"LineString","coordinates":[[107.7640121,-6.9510671],[107.7641203,-6.9512651],[107.7638858,-6.9513467]]},"properties":{"name":"","ref":""}},
{"type":"Feature","geometry":{"type":"LineString","coordinates":[[107.7675768,-6.9350493],[107.7590556,-6.9375224],[107.7575017,-6.9377983]]},"properties":{"name":"Jalan Raya Jatinangor","ref":"11"}},
{"type":"Feature","geometry":{"type":"LineString","coordinates":[[107.7555143,-6.9419798],[107.7578933,-6.944712],[107.758233,-6.9461825]]},"properties":{"name":"Jalan Raya Cipacing","ref":"13"}},
{"type":"Feature","geometry":{"type":"LineString","coordinates":[[107.5750151,-6.9243818],[107.574331,-6.9194823]]},"properties":{"name":"Jalan Soekarno-Hatta","ref":"11"}},
{"type":"Feature","geometry":{"type":"LineString","coordinates":[[107.589865,-6.9458161],[107.5896397,-6.9457186]]},"properties":{"name":"Jalan Soekarno-Hatta","ref":"11"}},
{"type":"Feature","geometry":{"type":"LineString","coordinates":[[107.5941295,-6.9471881],[107.592997,-6.9469193]]},"properties":{"name":"Jalan Soekarno-Hatta","ref":"11"}},
{"type":"Feature","geometry":{"type":"LineString","coordinates":[[107.592997,-6.9469193],[107.5904505,-6.9460588]]},"properties":{"name":"Jalan Soekarno-Hatta","ref":"11"}},
{"type":"Feature","geometry":{"type":"LineString","coordinates":[[107.7733603,-6.9333503],[107.773198,-6.9333982]]},"properties":{"name":"Jalan Raya Jatinangor","ref":"11"}},
{"type":"Feature","geometry":{"type":"LineString","coordinates":[[107.7762652,-6.9325853],[107.7733603,-6.9333503]]},"properties":{"name":"Jalan Raya Jatinangor","ref":"11"}},
{"type":"Feature","geometry":{"type":"LineString","coordinates":[[107.7758563,-6.9316463],[107.7762363,-6.9317185]]},"properties":{"name":"Jalan Raya Jatinangor","ref":"11"}},
{"type":"Feature","geometry":{"type":"LineString","coordinates":[[107.6117909,-6.9555998],[107.6116741,-6.9552221]]},"properties":{"name":"Jalan Mohammad Toha","ref":"161"}},
{"type":"Feature","geometry":{"type":"LineString","coordinates":[[107.6116113,-6.9549027],[107.609996,-6.9500355]]},"properties":{"name":"Jalan Mohammad Toha","ref":"161"}},
{"type":"Feature","geometry":{"type":"LineString","coordinates":[[107.5759595,-6.9304856],[107.575943,-6.930415]]},"properties":{"name":"Jalan Soekarno-Hatta","ref":"11"}},
{"type":"Feature","geometry":{"type":"LineString","coordinates":[[107.7582047,-6.9463533],[107.7581185,-6.9462528]]},"properties":{"name":"Jalan Raya Cipacing","ref":"13"}},
{"type":"Feature","geometry":{"type":"LineString","coordinates":[[107.758233,-6.9461825],[107.7583334,-6.9463236]]},"properties":{"name":"Jalan Raya Cipacing","ref":"13"}},
{"type":"Feature","geometry":{"type":"LineString","coordinates":[[107.7583334,-6.9463236],[107.7630768,-6.9504644],[107.7640121,-6.9510671]]},"properties":{"name":"Jalan Raya Cipacing","ref":"13"}},
{"type":"Feature","geometry":{"type":"LineString","coordinates":[[107.7637278,-6.9512076],[107.7582047,-6.9463533]]},"properties":{"name":"Jalan Raya Cipacing","ref":"13"}},
{"type":"Feature","geometry":{"type":"LineString","coordinates":[[107.6041279,-6.9479901],[107.6039633,-6.9479796]]},"properties":{"name":"Jalan Soekarno-Hatta","ref":"11"}},
{"type":"Feature","geometry":{"type":"LineString","coordinates":[[107.6089974,-6.9483475],[107.6054314,-6.9481041]]},"properties":{"name":"Jalan Soekarno-Hatta","ref":"11"}},
{"type":"Feature","geometry":{"type":"LineString","coordinates":[[107.6242877,-6.9636447],[107.6240196,-6.9635519]]},"properties":{"name":"Jalan Tol Padalarang–Cileunyi","ref":"4"}},
{"type":"Feature","geometry":{"type":"LineString","coordinates":[[107.6280445,-6.9645778],[107.6242877,-6.9636447]]},"properties":{"name":"Jalan Tol Padalarang–Cileunyi","ref":"4"}},
{"type":"Feature","geometry":{"type":"LineString","coordinates":[[107.7500992,-6.9452682],[107.7496368,-6.9449014],[107.7492184,-6.9448102],[107.7471611,-6.9454913]]},"properties":{"name":"Simpang Susun Cileunyi","ref":""}},
{"type":"Feature","geometry":{"type":"LineString","coordinates":[[107.6115714,-6.9559139],[107.6117909,-6.9555998]]},"properties":{"name":"Jalan Akses Tol Mohammad Toha","ref":""}},
{"type":"Feature","geometry":{"type":"LineString","coordinates":[[107.6116741,-6.9552221],[107.6116113,-6.9549027]]},"properties":{"name":"Jalan Mohammad Toha","ref":"161"}},
{"type":"Feature","geometry":{"type":"LineString","coordinates":[[107.7471611,-6.9454913],[107.7455018,-6.9461073],[107.7429282,-6.9473374],[107.7301632,-6.9542907]]},"properties":{"name":"Jalan Tol Padalarang–Cileunyi","ref":"4"}},
{"type":"Feature","geometry":{"type":"LineString","coordinates":[[107.7010781,-6.9688314],[107.7008012,-6.9689116]]},"properties":{"name":"Jalan Tol Padalarang–Cileunyi","ref":"4"}},
{"type":"Feature","geometry":{"type":"LineString","coordinates":[[107.7044989,-6.9676661],[107.7010781,-6.9688314]]},"properties":{"name":"Jalan Tol Padalarang–Cileunyi","ref":"4"}},
{"type":"Feature","geometry":{"type":"LineString","coordinates":[[107.6428164,-6.9657886],[107.6419944,-6.9659046]]},"properties":{"name":"Jalan Tol Padalarang–Cileunyi","ref":"4"}},
{"type":"Feature","geometry":{"type":"LineString","coordinates":[[107.6419944,-6.9659046],[107.6408898,-6.9659908]]},"properties":{"name":"Jalan Tol Padalarang–Cileunyi","ref":"4"}},
{"type":"Feature","geometry":{"type":"LineString","coordinates":[[107.7575017,-6.9377983],[107.7573797,-6.9378122]]},"properties":{"name":"Jalan Raya Jatinangor","ref":"11"}},
{"type":"Feature","geometry":{"type":"LineString","coordinates":[[107.7573797,-6.9378122],[107.7567036,-6.9379558],[107.756603,-6.938276]]},"properties":{"name":"Jalan Raya Jatinangor","ref":"11"}},
{"type":"Feature","geometry":{"type":"LineString","coordinates":[[107.574331,-6.9194823],[107.5742937,-6.9173779]]},"properties":{"name":"Jalan Soekarno-Hatta","ref":"11"}},
{"type":"Feature","geometry":{"type":"LineString","coordinates":[[107.584274,-6.9430061],[107.5834854,-6.9423721]]},"properties":{"name":"Jalan Soekarno-Hatta","ref":"11"}},
{"type":"Feature","geometry":{"type":"LineString","coordinates":[[107.609996,-6.9500355],[107.6095322,-6.9486416]]},"properties":{"name":"Jalan Mohammad Toha","ref":"161"}},
{"type":"Feature","geometry":{"type":"LineString","coordinates":[[107.7520362,-6.9424513],[107.7513524,-6.9424168],[107.7509393,-6.9426483],[107.7508674,-6.9449095],[107.7505821,-6.94528],[107.7500992,-6.9452682]]},"properties":{"name":"Simpang Susun Cileunyi","ref":""}},
{"type":"Feature","geometry":{"type":"LineString","coordinates":[[107.7543319,-6.9418661],[107.7534411,-6.9423494],[107.7527053,-6.9424866]]},"properties":{"name":"Simpang Susun Cileunyi","ref":""}},
{"type":"Feature","geometry":{"type":"LineString","coordinates":[[107.7555798,-6.9424232],[107.754807,-6.9418299],[107.7543319,-6.9418661]]},"properties":{"name":"Simpang Susun Cileunyi","ref":""}},
{"type":"Feature","geometry":{"type":"LineString","coordinates":[[107.5754153,-6.9269421],[107.5750637,-6.9246314]]},"properties":{"name":"Jalan Soekarno-Hatta","ref":"11"}},
{"type":"Feature","geometry":{"type":"LineString","coordinates":[[107.5750637,-6.9246314],[107.5750151,-6.9243818]]},"properties":{"name":"Jalan Soekarno-Hatta","ref":"11"}},
{"type":"Feature","geometry":{"type":"LineString","coordinates":[[107.5741991,-6.9172935],[107.5741781,-6.9171402]]},"properties":{"name":"Bunderan Cibeureum","ref":"11"}},
{"type":"Feature","geometry":{"type":"LineString","coordinates":[[107.7581185,-6.9462528],[107.7577769,-6.9447825],[107.7555798,-6.9424232]]},"properties":{"name":"Jalan Raya Cipacing","ref":"13"}},
{"type":"Feature","geometry":{"type":"LineString","coordinates":[[107.7638858,-6.9513467],[107.7637278,-6.9512076]]},"properties":{"name":"Jalan Raya Cipacing","ref":"13"}},
{"type":"Feature","geometry":{"type":"LineString","coordinates":[[107.6054314,-6.9481041],[107.6041279,-6.9479901]]},"properties":{"name":"Jalan Soekarno-Hatta","ref":"11"}},
{"type":"Feature","geometry":{"type":"LineString","coordinates":[[107.5960773,-6.9475327],[107.595488,-6.9474391]]},"properties":{"name":"Jalan Soekarno-Hatta","ref":"11"}},
{"type":"Feature","geometry":{"type":"LineString","coordinates":[[107.595488,-6.9474391],[107.5952613,-6.9473935]]},"properties":{"name":"Jalan Soekarno-Hatta","ref":"11"}},
{"type":"Feature","geometry":{"type":"LineString","coordinates":[[107.6408898,-6.9659908],[107.6383527,-6.9658664]]},"properties":{"name":"Jalan Tol Padalarang–Cileunyi","ref":"4"}},
{"type":"Feature","geometry":{"type":"LineString","coordinates":[[107.5887948,-6.9453883],[107.5867185,-6.9445286]]},"properties":{"name":"Jalan Soekarno-Hatta","ref":"11"}},
{"type":"Feature","geometry":{"type":"LineString","coordinates":[[107.5893262,-6.9455913],[107.5887948,-6.9453883]]},"properties":{"name":"Jalan Soekarno-Hatta","ref":"11"}},
{"type":"Feature","geometry":{"type":"LineString","coordinates":[[107.602607,-6.947895],[107.5998819,-6.9477177]]},"properties":{"name":"Jalan Soekarno-Hatta","ref":"11"}},
{"type":"Feature","geometry":{"type":"LineString","coordinates":[[107.5744512,-6.9169972],[107.5749738,-6.9155723]]},"properties":{"name":"Jalan Elang","ref":"11"}},
{"type":"Feature","geometry":{"type":"LineString","coordinates":[[107.5742937,-6.9173779],[107.5741991,-6.9172935]]},"properties":{"name":"Bunderan Cibeureum","ref":"11"}},
{"type":"Feature","geometry":{"type":"LineString","coordinates":[[107.5743593,-6.9169831],[107.5741781,-6.9171402]]},"properties":{"name":"Bunderan Cibeureum","ref":"11"}},
{"type":"Feature","geometry":{"type":"LineString","coordinates":[[107.7736926,-6.9323109],[107.7751265,-6.9317665],[107.7758563,-6.9316463]]},"properties":{"name":"Jalan Raya Jatinangor","ref":"11"}},
{"type":"Feature","geometry":{"type":"LineString","coordinates":[[107.7734495,-6.9323206],[107.7736926,-6.9323109]]},"properties":{"name":"Pangkalan DAMRI Jatinangor","ref":""}},
{"type":"Feature","geometry":{"type":"LineString","coordinates":[[107.5997816,-6.9477112],[107.5983479,-6.9476164]]},"properties":{"name":"Jalan Soekarno-Hatta","ref":"11"}},
{"type":"Feature","geometry":{"type":"LineString","coordinates":[[107.5998819,-6.9477177],[107.5997816,-6.9477112]]},"properties":{"name":"Jalan Soekarno-Hatta","ref":"11"}},
{"type":"Feature","geometry":{"type":"LineString","coordinates":[[107.6376421,-6.9657635],[107.6327136,-6.9651719]]},"properties":{"name":"Jalan Tol Padalarang–Cileunyi","ref":"4"}},
{"type":"Feature","geometry":{"type":"LineString","coordinates":[[107.6039633,-6.9479796],[107.602607,-6.947895]]},"properties":{"name":"Jalan Soekarno-Hatta","ref":"11"}},
{"type":"Feature","geometry":{"type":"LineString","coordinates":[[107.5850394,-6.943526],[107.584417,-6.9431127]]},"properties":{"name":"Jalan Soekarno-Hatta","ref":"11"}},
{"type":"Feature","geometry":{"type":"LineString","coordinates":[[107.5904505,-6.9460588],[107.589865,-6.9458161]]},"properties":{"name":"Jalan Soekarno-Hatta","ref":"11"}},
{"type":"Feature","geometry":{"type":"LineString","coordinates":[[107.756603,-6.938276],[107.7567382,-6.9389134]]},"properties":{"name":"Jalan Sindangsari","ref":"11"}},
{"type":"Feature","geometry":{"type":"LineString","coordinates":[[107.7556492,-6.9414928],[107.755476,-6.9417148],[107.7555143,-6.9419798]]},"properties":{"name":"","ref":"13"}},
{"type":"Feature","geometry":{"type":"LineString","coordinates":[[107.5951905,-6.9473813],[107.5950013,-6.9473417]]},"properties":{"name":"Jalan Soekarno-Hatta","ref":"11"}},
{"type":"Feature","geometry":{"type":"LineString","coordinates":[[107.5744512,-6.9169972],[107.5743593,-6.9169831]]},"properties":{"name":"Bunderan Cibeureum","ref":"11"}},
{"type":"Feature","geometry":{"type":"LineString","coordinates":[[107.5867185,-6.9445286],[107.5850394,-6.943526]]},"properties":{"name":"Jalan Soekarno-Hatta","ref":"11"}},
{"type":"Feature","geometry":{"type":"LineString","coordinates":[[107.5952613,-6.9473935],[107.5951905,-6.9473813]]},"properties":{"name":"Jalan Soekarno-Hatta","ref":"11"}},
{"type":"Feature","geometry":{"type":"LineString","coordinates":[[107.5896397,-6.9457186],[107.5895751,-6.9456911]]},"properties":{"name":"Jalan Soekarno-Hatta","ref":"11"}},
{"type":"Feature","geometry":{"type":"LineString","coordinates":[[107.597127,-6.9476247],[107.5960773,-6.9475327]]},"properties":{"name":"Jalan Soekarno-Hatta","ref":"11"}},
{"type":"Feature","geometry":{"type":"LineString","coordinates":[[107.576479,-6.932218],[107.5760418,-6.9307684]]},"properties":{"name":"Jalan Soekarno-Hatta","ref":"11"}},
{"type":"Feature","geometry":{"type":"LineString","coordinates":[[107.5760418,-6.9307684],[107.5759595,-6.9304856]]},"properties":{"name":"Jalan Soekarno-Hatta","ref":"11"}},
{"type":"Feature","geometry":{"type":"LineString","coordinates":[[107.575943,-6.930415],[107.5758965,-6.9300827]]},"properties":{"name":"Jalan Soekarno-Hatta","ref":"11"}},
{"type":"Feature","geometry":{"type":"LineString","coordinates":[[107.5950013,-6.9473417],[107.5941295,-6.9471881]]},"properties":{"name":"Jalan Soekarno-Hatta","ref":"11"}},
{"type":"Feature","geometry":{"type":"LineString","coordinates":[[107.6085312,-6.9569907],[107.6108621,-6.9561653]]},"properties":{"name":"Jalan Akses Tol Mohammad Toha","ref":""}},
{"type":"Feature","geometry":{"type":"LineString","coordinates":[[107.6085312,-6.9569907],[107.6075633,-6.9573828],[107.6069192,-6.9579126],[107.6064008,-6.9587544],[107.6062444,-6.9594034]]},"properties":{"name":"Jalan Akses Tol Mohammad Toha","ref":""}},
{"type":"Feature","geometry":{"type":"LineString","coordinates":[[107.6059883,-6.9617334],[107.605815,-6.96263],[107.6054071,-6.9631065],[107.6045361,-6.9634063],[107.6038054,-6.9631817]]},"properties":{"name":"Simpang Susun Mohammad Toha","ref":""}},
{"type":"Feature","geometry":{"type":"LineString","coordinates":[[107.6060328,-6.9612843],[107.6059883,-6.9617334]]},"properties":{"name":"Simpang Susun Mohammad Toha","ref":""}},
{"type":"Feature","geometry":{"type":"LineString","coordinates":[[107.6052772,-6.9616227],[107.603762,-6.9618832],[107.6034793,-6.9620502],[107.6034723,-6.9627731],[107.6038054,-6.9631817]]},"properties":{"name":"Simpang Susun Mohammad Toha","ref":""}},
{"type":"Feature","geometry":{"type":"LineString","coordinates":[[107.6062444,-6.9594034],[107.6060328,-6.9612843]]},"properties":{"name":"Simpang Susun Mohammad Toha","ref":""}},
{"type":"Feature","geometry":{"type":"LineString","coordinates":[[107.7733061,-6.9323718],[107.7734495,-6.9323206]]},"properties":{"name":"Pangkalan DAMRI Jatinangor","ref":""}},
{"type":"Feature","geometry":{"type":"LineString","coordinates":[[107.5834854,-6.9423721],[107.5829792,-6.9419021]]},"properties":{"name":"Jalan Soekarno-Hatta","ref":"11"}},
{"type":"Feature","geometry":{"type":"LineString","coordinates":[[107.7527053,-6.9424866],[107.7523857,-6.9424652]]},"properties":{"name":"Simpang Susun Cileunyi","ref":""}},
{"type":"Feature","geometry":{"type":"LineString","coordinates":[[107.773198,-6.9333982],[107.7730158,-6.9334383]]},"properties":{"name":"Jalan Raya Jatinangor","ref":"11"}},
{"type":"Feature","geometry":{"type":"LineString","coordinates":[[107.7730158,-6.9334383],[107.7723042,-6.9336259]]},"properties":{"name":"Jalan Raya Jatinangor","ref":"11"}},
{"type":"Feature","geometry":{"type":"LineString","coordinates":[[107.7723042,-6.9336259],[107.7719763,-6.9337339]]},"properties":{"name":"Jalan Raya Jatinangor","ref":"11"}},
{"type":"Feature","geometry":{"type":"LineString","coordinates":[[107.7719763,-6.9337339],[107.7716528,-6.9338358]]},"properties":{"name":"Jalan Raya Jatinangor","ref":"11"}},
{"type":"Feature","geometry":{"type":"LineString","coordinates":[[107.7716528,-6.9338358],[107.7714354,-6.9339085]]},"properties":{"name":"Jalan Raya Jatinangor","ref":"11"}},
{"type":"Feature","geometry":{"type":"LineString","coordinates":[[107.7714354,-6.9339085],[107.7709605,-6.9340638]]},"properties":{"name":"Jalan Raya Jatinangor","ref":"11"}},
{"type":"Feature","geometry":{"type":"LineString","coordinates":[[107.7709605,-6.9340638],[107.7702364,-6.9342916]]},"properties":{"name":"Jalan Raya Jatinangor","ref":"11"}},
{"type":"Feature","geometry":{"type":"LineString","coordinates":[[107.7702364,-6.9342916],[107.7701854,-6.9343067]]},"properties":{"name":"Jalan Raya Jatinangor","ref":"11"}},
{"type":"Feature","geometry":{"type":"LineString","coordinates":[[107.7701854,-6.9343067],[107.7700339,-6.9343516]]},"properties":{"name":"Jalan Raya Jatinangor","ref":"11"}},
{"type":"Feature","geometry":{"type":"LineString","coordinates":[[107.7700339,-6.9343516],[107.7699868,-6.9343642]]},"properties":{"name":"Jalan Raya Jatinangor","ref":"11"}},
{"type":"Feature","geometry":{"type":"LineString","coordinates":[[107.7699868,-6.9343642],[107.7698756,-6.9343962]]},"properties":{"name":"Jalan Raya Jatinangor","ref":"11"}},
{"type":"Feature","geometry":{"type":"LineString","coordinates":[[107.7698756,-6.9343962],[107.7697367,-6.9344344]]},"properties":{"name":"Jalan Raya Jatinangor","ref":"11"}},
{"type":"Feature","geometry":{"type":"LineString","coordinates":[[107.7697367,-6.9344344],[107.7689424,-6.9346581]]},"properties":{"name":"Jalan Raya Jatinangor","ref":"11"}},
{"type":"Feature","geometry":{"type":"LineString","coordinates":[[107.7689424,-6.9346581],[107.7687964,-6.9347019]]},"properties":{"name":"Jalan Raya Jatinangor","ref":"11"}},
{"type":"Feature","geometry":{"type":"LineString","coordinates":[[107.7687964,-6.9347019],[107.7684592,-6.9347916]]},"properties":{"name":"Jalan Raya Jatinangor","ref":"11"}},
{"type":"Feature","geometry":{"type":"LineString","coordinates":[[107.7684592,-6.9347916],[107.7683791,-6.9348137]]},"properties":{"name":"Jalan Raya Jatinangor","ref":"11"}},
{"type":"Feature","geometry":{"type":"LineString","coordinates":[[107.7683791,-6.9348137],[107.7682046,-6.9348619]]},"properties":{"name":"Jalan Raya Jatinangor","ref":"11"}},
{"type":"Feature","geometry":{"type":"LineString","coordinates":[[107.7682046,-6.9348619],[107.7676197,-6.9350369]]},"properties":{"name":"Jalan Raya Jatinangor","ref":"11"}},
{"type":"Feature","geometry":{"type":"LineString","coordinates":[[107.7676197,-6.9350369],[107.7675768,-6.9350493]]},"properties":{"name":"Jalan Raya Jatinangor","ref":"11"}},
{"type":"Feature","geometry":{"type":"LineString","coordinates":[[107.7523857,-6.9424652],[107.7520362,-6.9424513]]},"properties":{"name":"Simpang Susun Cileunyi","ref":""}},
{"type":"Feature","geometry":{"type":"LineString","coordinates":[[107.6327136,-6.9651719],[107.6280445,-6.9645778]]},"properties":{"name":"Jalan Tol Padalarang–Cileunyi","ref":"4"}},
{"type":"Feature","geometry":{"type":"LineString","coordinates":[[107.6064546,-6.9210818],[107.6066712,-6.9189713]]},"properties":{"name":"Jalan Banceuy","ref":"2020"}},
{"type":"Feature","geometry":{"type":"LineString","coordinates":[[107.6066712,-6.9189713],[107.6076219,-6.919072],[107.6085661,-6.9196522]]},"properties":{"name":"Jalan ABC","ref":""}},
{"type":"Feature","geometry":{"type":"LineString","coordinates":[[107.6220155,-6.9328922],[107.6247775,-6.9349311]]},"properties":{"name":"Jalan Kyai Haji Ahmad Dahlan","ref":"3981"}},
{"type":"Feature","geometry":{"type":"LineString","coordinates":[[107.612647,-6.9262231],[107.6131443,-6.9269688]]},"properties":{"name":"Jalan Lengkong Besar","ref":"3367"}},
{"type":"Feature","geometry":{"type":"LineString","coordinates":[[107.7528851,-6.9391361],[107.7548022,-6.9381645],[107.7560525,-6.9379722]]},"properties":{"name":"Jalan Raya Cileunyi","ref":"11"}},
{"type":"Feature","geometry":{"type":"LineString","coordinates":[[107.7390535,-6.9395348],[107.7397842,-6.9398216]]},"properties":{"name":"Jalan Raya Cileunyi","ref":"11"}},
{"type":"Feature","geometry":{"type":"LineString","coordinates":[[107.7182965,-6.9349114],[107.7190343,-6.9349399]]},"properties":{"name":"Jalan Raya Cibiru","ref":"11"}},
{"type":"Feature","geometry":{"type":"LineString","coordinates":[[107.723025,-6.933527],[107.7242508,-6.9329639],[107.7253078,-6.9331296],[107.7263304,-6.9330795],[107.7279053,-6.9339437],[107.7281681,-6.9344058],[107.7282655,-6.935551]]},"properties":{"name":"Jalan Raya Cibiru","ref":"11"}},
{"type":"Feature","geometry":{"type":"LineString","coordinates":[[107.6075166,-6.9225267],[107.6076488,-6.9214983],[107.607526,-6.921273]]},"properties":{"name":"Jalan Alun-alun Timur","ref":""}},
{"type":"Feature","geometry":{"type":"LineString","coordinates":[[107.6067877,-6.9301452],[107.607029,-6.9274996]]},"properties":{"name":"Jalan Mohammad Toha","ref":""}},
{"type":"Feature","geometry":{"type":"LineString","coordinates":[[107.6088022,-6.9196932],[107.6099747,-6.9197157]]},"properties":{"name":"Jalan ABC","ref":""}},
{"type":"Feature","geometry":{"type":"LineString","coordinates":[[107.6085661,-6.9196522],[107.6088022,-6.9196932]]},"properties":{"name":"Jalan ABC","ref":""}},
{"type":"Feature","geometry":{"type":"LineString","coordinates":[[107.6122092,-6.9201091],[107.6120118,-6.9217387]]},"properties":{"name":"Jalan Tamblong","ref":""}},
{"type":"Feature","geometry":{"type":"LineString","coordinates":[[107.6120118,-6.9217387],[107.6118585,-6.9230332]]},"properties":{"name":"Jalan Lengkong Besar","ref":"3367"}},
{"type":"Feature","geometry":{"type":"LineString","coordinates":[[107.7762363,-6.9317185],[107.7765085,-6.9325281]]},"properties":{"name":"","ref":"11"}},
{"type":"Feature","geometry":{"type":"LineString","coordinates":[[107.6181273,-6.9318132],[107.6185305,-6.9315221],[107.6192569,-6.9313802]]},"properties":{"name":"Jalan Kyai Haji Ahmad Dahlan","ref":"3981"}},
{"type":"Feature","geometry":{"type":"LineString","coordinates":[[107.6254318,-6.9335047],[107.6255287,-6.9335306]]},"properties":{"name":"","ref":""}},
{"type":"Feature","geometry":{"type":"LineString","coordinates":[[107.6131443,-6.9269688],[107.6134072,-6.9273393]]},"properties":{"name":"Jalan Cikawao","ref":""}},
{"type":"Feature","geometry":{"type":"LineString","coordinates":[[107.6192569,-6.9313802],[107.6198275,-6.9314581],[107.6204269,-6.9317785]]},"properties":{"name":"Jalan Kyai Haji Ahmad Dahlan","ref":"3981"}},
{"type":"Feature","geometry":{"type":"LineString","coordinates":[[107.6157613,-6.9283977],[107.6134072,-6.9273393]]},"properties":{"name":"Jalan Cikawao","ref":""}},
{"type":"Feature","geometry":{"type":"LineString","coordinates":[[107.7765085,-6.9325281],[107.7802191,-6.9310666],[107.7803954,-6.9307176],[107.7805312,-6.9296353],[107.7812326,-6.9286927],[107.7818398,-6.9284682]]},"properties":{"name":"","ref":"11"}},
{"type":"Feature","geometry":{"type":"LineString","coordinates":[[107.7523492,-6.9395225],[107.7518448,-6.9399409],[107.7504316,-6.9401054]]},"properties":{"name":"Jalan Raya Cileunyi","ref":"11"}},
{"type":"Feature","geometry":{"type":"LineString","coordinates":[[107.6336406,-6.9478818],[107.6400988,-6.945893]]},"properties":{"name":"Jalan Soekarno-Hatta","ref":"11"}},
{"type":"Feature","geometry":{"type":"LineString","coordinates":[[107.6332291,-6.9477884],[107.6336406,-6.9478818]]},"properties":{"name":"","ref":""}},
{"type":"Feature","geometry":{"type":"LineString","coordinates":[[107.7820931,-6.9284571],[107.782685,-6.9286035],[107.7826952,-6.9288714],[107.7824099,-6.9293571],[107.7825421,-6.9295304],[107.7828304,-6.9294693],[107.7831713,-6.9290854],[107.7838323,-6.9289084],[107.7845136,-6.9273534],[107.7854075,-6.9266119],[107.7848791,-6.9258158],[107.7842065,-6.9258432],[107.783949,-6.9257113],[107.7838784,-6.9254039],[107.784052,-6.9249967],[107.7850554,-6.9244166],[107.7860485,-6.9233814],[107.7867023,-6.922984],[107.7904312,-6.9213026],[107.7904627,-6.9210689],[107.7901973,-6.9207977],[107.7902862,-6.920573],[107.7918589,-6.9193992],[107.7926981,-6.9184407],[107.79406,-6.9156638],[107.7939301,-6.9154414],[107.7933581,-6.9151363],[107.7927352,-6.9132373],[107.7930209,-6.9131221],[107.7936082,-6.9138005],[107.793922,-6.913892],[107.7942221,-6.9137925],[107.794592,-6.9132962],[107.7953159,-6.9112898],[107.7950655,-6.9098755],[107.7951348,-6.9091377],[107.7959097,-6.9079951]]},"properties":{"name":"","ref":"11"}},
{"type":"Feature","geometry":{"type":"LineString","coordinates":[[107.7818398,-6.9284682],[107.7820931,-6.9284571]]},"properties":{"name":"","ref":"11"}},
{"type":"Feature","geometry":{"type":"LineString","coordinates":[[107.6059177,-6.9273911],[107.6060915,-6.925705]]},"properties":{"name":"Jalan Dewi Sartika","ref":""}},
{"type":"Feature","geometry":{"type":"LineString","coordinates":[[107.6060915,-6.925705],[107.6062949,-6.9235169]]},"properties":{"name":"Jalan Dewi Sartika","ref":""}},
{"type":"Feature","geometry":{"type":"LineString","coordinates":[[107.6062949,-6.9235169],[107.6064249,-6.922423]]},"properties":{"name":"Jalan Dewi Sartika","ref":""}},
{"type":"Feature","geometry":{"type":"LineString","coordinates":[[107.6065203,-6.9224203],[107.6075166,-6.9225267]]},"properties":{"name":"Jalan Dalem Kaum","ref":""}},
{"type":"Feature","geometry":{"type":"LineString","coordinates":[[107.6072035,-6.9211727],[107.6071455,-6.9211653]]},"properties":{"name":"Jalan Asia Afrika","ref":""}},
{"type":"Feature","geometry":{"type":"LineString","coordinates":[[107.6122092,-6.9201091],[107.61015,-6.9197383]]},"properties":{"name":"Jalan Naripan","ref":""}},
{"type":"Feature","geometry":{"type":"LineString","coordinates":[[107.6255287,-6.9335306],[107.6252253,-6.9344866],[107.6248605,-6.9350024]]},"properties":{"name":"Jalan Pelajar Pejuang 45","ref":"376"}},
{"type":"Feature","geometry":{"type":"LineString","coordinates":[[107.61707,-6.9301863],[107.617411,-6.9311464],[107.617959,-6.9317935]]},"properties":{"name":"Jalan Sadakeling","ref":""}},
{"type":"Feature","geometry":{"type":"LineString","coordinates":[[107.6229766,-6.9368169],[107.6230261,-6.9372363]]},"properties":{"name":"","ref":""}},
{"type":"Feature","geometry":{"type":"LineString","coordinates":[[107.6400988,-6.945893],[107.6404015,-6.9458025]]},"properties":{"name":"Jalan Soekarno-Hatta","ref":"11"}},
{"type":"Feature","geometry":{"type":"LineString","coordinates":[[107.6526343,-6.9418642],[107.6528244,-6.9418009]]},"properties":{"name":"Jalan Soekarno-Hatta","ref":""}},
{"type":"Feature","geometry":{"type":"LineString","coordinates":[[107.6608909,-6.9394147],[107.6638937,-6.9389862],[107.6690273,-6.9386024]]},"properties":{"name":"Jalan Soekarno-Hatta","ref":""}},
{"type":"Feature","geometry":{"type":"LineString","coordinates":[[107.6820516,-6.9376753],[107.6845012,-6.9375117]]},"properties":{"name":"Jalan Soekarno-Hatta","ref":""}},
{"type":"Feature","geometry":{"type":"LineString","coordinates":[[107.6811571,-6.9377409],[107.6820516,-6.9376753]]},"properties":{"name":"Jalan Soekarno-Hatta","ref":""}},
{"type":"Feature","geometry":{"type":"LineString","coordinates":[[107.6773491,-6.9380105],[107.6803968,-6.9378003]]},"properties":{"name":"Soekarno Hatta Frontage Boulevard","ref":""}},
{"type":"Feature","geometry":{"type":"LineString","coordinates":[[107.6881164,-6.9372393],[107.6919976,-6.9369777]]},"properties":{"name":"Soekarno Hatta Frontage Boulevard","ref":""}},
{"type":"Feature","geometry":{"type":"LineString","coordinates":[[107.6157613,-6.9283977],[107.6164635,-6.9287163]]},"properties":{"name":"Jalan Cikawao","ref":""}},
{"type":"Feature","geometry":{"type":"LineString","coordinates":[[107.607029,-6.9274996],[107.6062469,-6.9274175]]},"properties":{"name":"Jalan Pungkur","ref":"3494"}},
{"type":"Feature","geometry":{"type":"LineString","coordinates":[[107.6204269,-6.9317785],[107.6219116,-6.9328188]]},"properties":{"name":"Jalan Kyai Haji Ahmad Dahlan","ref":"3981"}},
{"type":"Feature","geometry":{"type":"LineString","coordinates":[[107.6220155,-6.9328922],[107.6219116,-6.9328188]]},"properties":{"name":"Jalan Kyai Haji Ahmad Dahlan","ref":"3981"}},
{"type":"Feature","geometry":{"type":"LineString","coordinates":[[107.7560525,-6.9379722],[107.7565469,-6.9378853]]},"properties":{"name":"Jalan Raya Cileunyi","ref":"11"}},
{"type":"Feature","geometry":{"type":"LineString","coordinates":[[107.757487,-6.9377295],[107.7590419,-6.9374502],[107.7616581,-6.9367119],[107.7675131,-6.9348887]]},"properties":{"name":"Jalan Raya Jatinangor","ref":"11"}},
{"type":"Feature","geometry":{"type":"LineString","coordinates":[[107.7397842,-6.9398216],[107.7410652,-6.9399329],[107.7427168,-6.9398367],[107.7455016,-6.9391937],[107.748109,-6.9389402],[107.7489106,-6.9392402]]},"properties":{"name":"Jalan Raya Cileunyi","ref":"11"}},
{"type":"Feature","geometry":{"type":"LineString","coordinates":[[107.6404015,-6.9458025],[107.6413988,-6.945524]]},"properties":{"name":"Jalan Soekarno-Hatta","ref":"11"}},
{"type":"Feature","geometry":{"type":"LineString","coordinates":[[107.6322352,-6.9468242],[107.6332291,-6.9477884]]},"properties":{"name":"Jalan Buah Batu","ref":"364"}},
{"type":"Feature","geometry":{"type":"LineString","coordinates":[[107.6118585,-6.9230332],[107.6117224,-6.9249903],[107.612647,-6.9262231]]},"properties":{"name":"Jalan Lengkong Besar","ref":"3367"}},
{"type":"Feature","geometry":{"type":"LineString","coordinates":[[107.6248605,-6.9350024],[107.6236477,-6.9361789]]},"properties":{"name":"Jalan Pelajar Pejuang 45","ref":"376"}},
{"type":"Feature","geometry":{"type":"LineString","coordinates":[[107.7758563,-6.9316463],[107.7762363,-6.9317185]]},"properties":{"name":"Jalan Raya Jatinangor","ref":"11"}},
{"type":"Feature","geometry":{"type":"LineString","coordinates":[[107.6742862,-6.9382242],[107.6744202,-6.9382178]]},"properties":{"name":"Soekarno Hatta Frontage Boulevard","ref":""}},
{"type":"Feature","geometry":{"type":"LineString","coordinates":[[107.6728746,-6.9383241],[107.6742862,-6.9382242]]},"properties":{"name":"Jalan Soekarno-Hatta","ref":""}},
{"type":"Feature","geometry":{"type":"LineString","coordinates":[[107.6696795,-6.9385517],[107.6698031,-6.9385447]]},"properties":{"name":"Jalan Soekarno-Hatta","ref":""}},
{"type":"Feature","geometry":{"type":"LineString","coordinates":[[107.6698031,-6.9385447],[107.6725046,-6.9383493]]},"properties":{"name":"Jalan Soekarno-Hatta","ref":""}},
{"type":"Feature","geometry":{"type":"LineString","coordinates":[[107.6947974,-6.9367477],[107.6951573,-6.936726]]},"properties":{"name":"Jalan Soekarno-Hatta","ref":""}},
{"type":"Feature","geometry":{"type":"LineString","coordinates":[[107.6973063,-6.9365674],[107.6996008,-6.9363931]]},"properties":{"name":"Jalan Soekarno-Hatta","ref":""}},
{"type":"Feature","geometry":{"type":"LineString","coordinates":[[107.6845012,-6.9375117],[107.6847668,-6.9374899]]},"properties":{"name":"Soekarno Hatta Frontage Boulevard","ref":""}},
{"type":"Feature","geometry":{"type":"LineString","coordinates":[[107.6865016,-6.9373601],[107.6881164,-6.9372393]]},"properties":{"name":"Jalan Soekarno-Hatta","ref":""}},
{"type":"Feature","geometry":{"type":"LineString","coordinates":[[107.6164635,-6.9287163],[107.6171713,-6.9290845]]},"properties":{"name":"Jalan Sadakeling","ref":""}},
{"type":"Feature","geometry":{"type":"LineString","coordinates":[[107.6171713,-6.9290845],[107.6171381,-6.9291538]]},"properties":{"name":"Jalan Sadakeling","ref":""}},
{"type":"Feature","geometry":{"type":"LineString","coordinates":[[107.7573448,-6.9377483],[107.757487,-6.9377295]]},"properties":{"name":"Jalan Raya Jatinangor","ref":"11"}},
{"type":"Feature","geometry":{"type":"LineString","coordinates":[[107.7565469,-6.9378853],[107.7573448,-6.9377483]]},"properties":{"name":"Jalan Raya Jatinangor","ref":"11"}},
{"type":"Feature","geometry":{"type":"LineString","coordinates":[[107.6558473,-6.9408628],[107.6561907,-6.9407508]]},"properties":{"name":"Jalan Soekarno-Hatta","ref":""}},
{"type":"Feature","geometry":{"type":"LineString","coordinates":[[107.6528244,-6.9418009],[107.6558473,-6.9408628]]},"properties":{"name":"Jalan Soekarno-Hatta","ref":""}},
{"type":"Feature","geometry":{"type":"LineString","coordinates":[[107.69298,-6.9368731],[107.6943211,-6.9367804]]},"properties":{"name":"Jalan Soekarno-Hatta","ref":""}},
{"type":"Feature","geometry":{"type":"LineString","coordinates":[[107.6236477,-6.9361789],[107.6229766,-6.9368169]]},"properties":{"name":"Jalan Pelajar Pejuang 45","ref":"376"}},
{"type":"Feature","geometry":{"type":"LineString","coordinates":[[107.6230261,-6.9372363],[107.6248837,-6.9391749]]},"properties":{"name":"Jalan Buah Batu","ref":"364"}},
{"type":"Feature","geometry":{"type":"LineString","coordinates":[[107.7675131,-6.9348887],[107.7679063,-6.934321]]},"properties":{"name":"Jalan Raya Jatinangor","ref":"11"}},
{"type":"Feature","geometry":{"type":"LineString","coordinates":[[107.6279552,-6.9423722],[107.6320775,-6.9466684]]},"properties":{"name":"Jalan Buah Batu","ref":"364"}},
{"type":"Feature","geometry":{"type":"LineString","coordinates":[[107.7320931,-6.9375862],[107.7293518,-6.9364184]]},"properties":{"name":"Jalan Raya Cinunuk","ref":"11"}},
{"type":"Feature","geometry":{"type":"LineString","coordinates":[[107.6926303,-6.9369434],[107.6927341,-6.9369416]]},"properties":{"name":"Jalan Soekarno-Hatta","ref":"11"}},
{"type":"Feature","geometry":{"type":"LineString","coordinates":[[107.6487109,-6.9431279],[107.6526343,-6.9418642]]},"properties":{"name":"Jalan Soekarno-Hatta","ref":""}},
{"type":"Feature","geometry":{"type":"LineString","coordinates":[[107.6413988,-6.945524],[107.641837,-6.9453875]]},"properties":{"name":"Jalan Soekarno-Hatta","ref":"11"}},
{"type":"Feature","geometry":{"type":"LineString","coordinates":[[107.6419307,-6.9453525],[107.6422973,-6.9452119]]},"properties":{"name":"Jalan Soekarno-Hatta","ref":"11"}},
{"type":"Feature","geometry":{"type":"LineString","coordinates":[[107.6257709,-6.9400994],[107.627593,-6.9419978]]},"properties":{"name":"Jalan Buah Batu","ref":"364"}},
{"type":"Feature","geometry":{"type":"LineString","coordinates":[[107.7523492,-6.9395225],[107.7528851,-6.9391361]]},"properties":{"name":"Jalan Raya Cileunyi","ref":"11"}},
{"type":"Feature","geometry":{"type":"LineString","coordinates":[[107.7390535,-6.9395348],[107.737817,-6.9388449],[107.7343569,-6.9384683],[107.7322724,-6.9376624]]},"properties":{"name":"Jalan Raya Cinunuk","ref":"11"}},
{"type":"Feature","geometry":{"type":"LineString","coordinates":[[107.6247775,-6.9349311],[107.6251837,-6.9343381],[107.6254318,-6.9335047]]},"properties":{"name":"Jalan Pelajar Pejuang 45","ref":"376"}},
{"type":"Feature","geometry":{"type":"LineString","coordinates":[[107.617959,-6.9317935],[107.6181273,-6.9318132]]},"properties":{"name":"Jalan Sadakeling","ref":""}},
{"type":"Feature","geometry":{"type":"LineString","coordinates":[[107.6248837,-6.9391749],[107.6257709,-6.9400994]]},"properties":{"name":"Jalan Buah Batu","ref":"364"}},
{"type":"Feature","geometry":{"type":"LineString","coordinates":[[107.7736926,-6.9323109],[107.7751265,-6.9317665],[107.7758563,-6.9316463]]},"properties":{"name":"Jalan Raya Jatinangor","ref":"11"}},
{"type":"Feature","geometry":{"type":"LineString","coordinates":[[107.7722158,-6.9328953],[107.7736926,-6.9323109]]},"properties":{"name":"Jalan Raya Jatinangor","ref":"11"}},
{"type":"Feature","geometry":{"type":"LineString","coordinates":[[107.7282655,-6.935551],[107.7285144,-6.9360335],[107.7291448,-6.9363331]]},"properties":{"name":"Jalan Raya Cinunuk","ref":"11"}},
{"type":"Feature","geometry":{"type":"LineString","coordinates":[[107.6069278,-6.9211397],[107.6064546,-6.9210818]]},"properties":{"name":"Jalan Asia Afrika","ref":""}},
{"type":"Feature","geometry":{"type":"LineString","coordinates":[[107.7178073,-6.9347559],[107.7182965,-6.9349114]]},"properties":{"name":"Jalan Raya Cibiru","ref":"11"}},
{"type":"Feature","geometry":{"type":"LineString","coordinates":[[107.7190343,-6.9349399],[107.7197006,-6.9348205]]},"properties":{"name":"Jalan Raya Cibiru","ref":"11"}},
{"type":"Feature","geometry":{"type":"LineString","coordinates":[[107.6320775,-6.9466684],[107.6322352,-6.9468242]]},"properties":{"name":"Jalan Buah Batu","ref":"364"}},
{"type":"Feature","geometry":{"type":"LineString","coordinates":[[107.6927341,-6.9369416],[107.69298,-6.9368731]]},"properties":{"name":"Jalan Soekarno-Hatta","ref":""}},
{"type":"Feature","geometry":{"type":"LineString","coordinates":[[107.6922068,-6.9369654],[107.6925509,-6.9369475]]},"properties":{"name":"Jalan Soekarno-Hatta","ref":"11"}},
{"type":"Feature","geometry":{"type":"LineString","coordinates":[[107.6961144,-6.9366546],[107.6971378,-6.936579]]},"properties":{"name":"Jalan Soekarno-Hatta","ref":""}},
{"type":"Feature","geometry":{"type":"LineString","coordinates":[[107.6951573,-6.936726],[107.6961144,-6.9366546]]},"properties":{"name":"Jalan Soekarno-Hatta","ref":""}},
{"type":"Feature","geometry":{"type":"LineString","coordinates":[[107.7108932,-6.935568],[107.7114824,-6.9355257]]},"properties":{"name":"Jalan Soekarno-Hatta","ref":""}},
{"type":"Feature","geometry":{"type":"LineString","coordinates":[[107.706611,-6.935863],[107.7103429,-6.9355981]]},"properties":{"name":"Jalan Soekarno-Hatta","ref":""}},
{"type":"Feature","geometry":{"type":"LineString","coordinates":[[107.7174158,-6.9348982],[107.7177552,-6.9347327]]},"properties":{"name":"Bunderan Cibiru","ref":"11"}},
{"type":"Feature","geometry":{"type":"LineString","coordinates":[[107.715834,-6.9352156],[107.7169834,-6.9351648]]},"properties":{"name":"Jalan Soekarno-Hatta","ref":""}},
{"type":"Feature","geometry":{"type":"LineString","coordinates":[[107.7169834,-6.9351648],[107.7174158,-6.9348982]]},"properties":{"name":"Jalan Soekarno-Hatta","ref":"11"}},
{"type":"Feature","geometry":{"type":"LineString","coordinates":[[107.7501915,-6.9400812],[107.7504316,-6.9401054]]},"properties":{"name":"Jalan Raya Cileunyi","ref":"11"}},
{"type":"Feature","geometry":{"type":"LineString","coordinates":[[107.7489106,-6.9392402],[107.7498735,-6.940004]]},"properties":{"name":"Jalan Raya Cileunyi","ref":"11"}},
{"type":"Feature","geometry":{"type":"LineString","coordinates":[[107.7498735,-6.940004],[107.7501915,-6.9400812]]},"properties":{"name":"Jalan Raya Cileunyi","ref":"11"}},
{"type":"Feature","geometry":{"type":"LineString","coordinates":[[107.6744202,-6.9382178],[107.6773491,-6.9380105]]},"properties":{"name":"Jalan Soekarno-Hatta","ref":""}},
{"type":"Feature","geometry":{"type":"LineString","coordinates":[[107.6803968,-6.9378003],[107.6811571,-6.9377409]]},"properties":{"name":"Soekarno Hatta Frontage Boulevard","ref":""}},
{"type":"Feature","geometry":{"type":"LineString","coordinates":[[107.6859393,-6.9374022],[107.6865016,-6.9373601]]},"properties":{"name":"Soekarno Hatta Frontage Boulevard","ref":""}},
{"type":"Feature","geometry":{"type":"LineString","coordinates":[[107.6847668,-6.9374899],[107.6859393,-6.9374022]]},"properties":{"name":"Jalan Soekarno-Hatta","ref":""}},
{"type":"Feature","geometry":{"type":"LineString","coordinates":[[107.6943211,-6.9367804],[107.6947974,-6.9367477]]},"properties":{"name":"Jalan Soekarno-Hatta","ref":""}},
{"type":"Feature","geometry":{"type":"LineString","coordinates":[[107.6171381,-6.9291538],[107.61707,-6.9301863]]},"properties":{"name":"Jalan Sadakeling","ref":""}},
{"type":"Feature","geometry":{"type":"LineString","coordinates":[[107.627593,-6.9419978],[107.6279552,-6.9423722]]},"properties":{"name":"Jalan Buah Batu","ref":"364"}},
{"type":"Feature","geometry":{"type":"LineString","coordinates":[[107.6064249,-6.922423],[107.6065203,-6.9224203]]},"properties":{"name":"Jalan Dalem Kaum","ref":""}},
{"type":"Feature","geometry":{"type":"LineString","coordinates":[[107.6690273,-6.9386024],[107.6696795,-6.9385517]]},"properties":{"name":"Jalan Soekarno-Hatta","ref":""}},
{"type":"Feature","geometry":{"type":"LineString","coordinates":[[107.6422973,-6.9452119],[107.6425544,-6.9451302]]},"properties":{"name":"Jalan Soekarno-Hatta","ref":"11"}},
{"type":"Feature","geometry":{"type":"LineString","coordinates":[[107.6725046,-6.9383493],[107.6728746,-6.9383241]]},"properties":{"name":"Jalan Soekarno-Hatta","ref":""}},
{"type":"Feature","geometry":{"type":"LineString","coordinates":[[107.6469908,-6.9436739],[107.6487109,-6.9431279]]},"properties":{"name":"Jalan Soekarno-Hatta","ref":""}},
{"type":"Feature","geometry":{"type":"LineString","coordinates":[[107.6450949,-6.9442703],[107.6469908,-6.9436739]]},"properties":{"name":"Jalan Soekarno-Hatta","ref":""}},
{"type":"Feature","geometry":{"type":"LineString","coordinates":[[107.6425544,-6.9451302],[107.6450949,-6.9442703]]},"properties":{"name":"Jalan Soekarno-Hatta","ref":""}},
{"type":"Feature","geometry":{"type":"LineString","coordinates":[[107.641837,-6.9453875],[107.6419307,-6.9453525]]},"properties":{"name":"Jalan Soekarno-Hatta","ref":"11"}},
{"type":"Feature","geometry":{"type":"LineString","coordinates":[[107.6099747,-6.9197157],[107.61015,-6.9197383]]},"properties":{"name":"Jalan Naripan","ref":""}},
{"type":"Feature","geometry":{"type":"LineString","coordinates":[[107.6593041,-6.939778],[107.6608909,-6.9394147]]},"properties":{"name":"Jalan Soekarno-Hatta","ref":""}},
{"type":"Feature","geometry":{"type":"LineString","coordinates":[[107.6583101,-6.9400779],[107.6593041,-6.939778]]},"properties":{"name":"Jalan Soekarno-Hatta","ref":""}},
{"type":"Feature","geometry":{"type":"LineString","coordinates":[[107.6561907,-6.9407508],[107.6567851,-6.9405596]]},"properties":{"name":"Jalan Soekarno-Hatta","ref":""}},
{"type":"Feature","geometry":{"type":"LineString","coordinates":[[107.6567851,-6.9405596],[107.6583101,-6.9400779]]},"properties":{"name":"Jalan Soekarno-Hatta","ref":""}},
{"type":"Feature","geometry":{"type":"LineString","coordinates":[[107.7322323,-6.9376474],[107.732179,-6.9376234]]},"properties":{"name":"Jalan Raya Cinunuk","ref":"11"}},
{"type":"Feature","geometry":{"type":"LineString","coordinates":[[107.732179,-6.9376234],[107.7320931,-6.9375862]]},"properties":{"name":"Jalan Raya Cinunuk","ref":"11"}},
{"type":"Feature","geometry":{"type":"LineString","coordinates":[[107.7291448,-6.9363331],[107.7292319,-6.936367]]},"properties":{"name":"Jalan Raya Cinunuk","ref":"11"}},
{"type":"Feature","geometry":{"type":"LineString","coordinates":[[107.7292319,-6.936367],[107.7293518,-6.9364184]]},"properties":{"name":"Jalan Raya Cinunuk","ref":"11"}},
{"type":"Feature","geometry":{"type":"LineString","coordinates":[[107.6071455,-6.9211653],[107.6069278,-6.9211397]]},"properties":{"name":"Jalan Asia Afrika","ref":""}},
{"type":"Feature","geometry":{"type":"LineString","coordinates":[[107.7959097,-6.9079951],[107.7976741,-6.9057716]]},"properties":{"name":"","ref":"11"}},
{"type":"Feature","geometry":{"type":"LineString","coordinates":[[107.6996008,-6.9363931],[107.7012853,-6.9362612]]},"properties":{"name":"Jalan Soekarno-Hatta","ref":""}},
{"type":"Feature","geometry":{"type":"LineString","coordinates":[[107.7012853,-6.9362612],[107.706611,-6.935863]]},"properties":{"name":"Jalan Soekarno-Hatta","ref":""}},
{"type":"Feature","geometry":{"type":"LineString","coordinates":[[107.6919976,-6.9369777],[107.6922068,-6.9369654]]},"properties":{"name":"Jalan Soekarno-Hatta","ref":"11"}},
{"type":"Feature","geometry":{"type":"LineString","coordinates":[[107.6925509,-6.9369475],[107.6926303,-6.9369434]]},"properties":{"name":"Jalan Soekarno-Hatta","ref":"11"}},
{"type":"Feature","geometry":{"type":"LineString","coordinates":[[107.7177552,-6.9347327],[107.7178073,-6.9347559]]},"properties":{"name":"Bunderan Cibiru","ref":"11"}},
{"type":"Feature","geometry":{"type":"LineString","coordinates":[[107.7322724,-6.9376624],[107.7322323,-6.9376474]]},"properties":{"name":"Jalan Raya Cinunuk","ref":"11"}},
{"type":"Feature","geometry":{"type":"LineString","coordinates":[[107.7135427,-6.9353696],[107.715834,-6.9352156]]},"properties":{"name":"Jalan Soekarno-Hatta","ref":""}},
{"type":"Feature","geometry":{"type":"LineString","coordinates":[[107.7114824,-6.9355257],[107.7135427,-6.9353696]]},"properties":{"name":"Jalan Soekarno-Hatta","ref":""}},
{"type":"Feature","geometry":{"type":"LineString","coordinates":[[107.7977429,-6.905703],[107.7985167,-6.9058549]]},"properties":{"name":"","ref":""}},
{"type":"Feature","geometry":{"type":"LineString","coordinates":[[107.607526,-6.921273],[107.6072035,-6.9211727]]},"properties":{"name":"Jalan Asia Afrika","ref":""}},
{"type":"Feature","geometry":{"type":"LineString","coordinates":[[107.7976741,-6.9057716],[107.7977429,-6.905703]]},"properties":{"name":"","ref":"11"}},
{"type":"Feature","geometry":{"type":"LineString","coordinates":[[107.6062469,-6.9274175],[107.6059177,-6.9273911]]},"properties":{"name":"Jalan Pungkur","ref":"3494"}},
{"type":"Feature","geometry":{"type":"LineString","coordinates":[[107.6971378,-6.936579],[107.6973063,-6.9365674]]},"properties":{"name":"Jalan Soekarno-Hatta","ref":""}},
{"type":"Feature","geometry":{"type":"LineString","coordinates":[[107.7197006,-6.9348205],[107.7209059,-6.9345961],[107.7219508,-6.9340884]]},"properties":{"name":"Jalan Abdul Haris Nasution","ref":"11"}},
{"type":"Feature","geometry":{"type":"LineString","coordinates":[[107.7219508,-6.9340884],[107.7220243,-6.9340522]]},"properties":{"name":"Jalan Raya Cibiru","ref":"11"}},
{"type":"Feature","geometry":{"type":"LineString","coordinates":[[107.7679063,-6.934321],[107.7708274,-6.9334914],[107.7722158,-6.9328953]]},"properties":{"name":"Jalan Raya Jatinangor","ref":"11"}},
{"type":"Feature","geometry":{"type":"LineString","coordinates":[[107.7220243,-6.9340522],[107.723025,-6.933527]]},"properties":{"name":"Jalan Raya Cibiru","ref":"11"}},
{"type":"Feature","geometry":{"type":"LineString","coordinates":[[107.7103429,-6.9355981],[107.7108932,-6.935568]]},"properties":{"name":"Jalan Soekarno-Hatta","ref":""}},
{"type":"Feature","geometry":{"type":"LineString","coordinates":[[107.6062529,-6.9369183],[107.6066275,-6.9318519]]},"properties":{"name":"Jalan Mohammad Toha","ref":""}},
{"type":"Feature","geometry":{"type":"LineString","coordinates":[[107.723025,-6.933527],[107.7242508,-6.9329639],[107.7253078,-6.9331296],[107.7263304,-6.9330795],[107.7279053,-6.9339437],[107.7281681,-6.9344058],[107.7282655,-6.935551]]},"properties":{"name":"Jalan Raya Cibiru","ref":"11"}},
{"type":"Feature","geometry":{"type":"LineString","coordinates":[[107.7567382,-6.9389134],[107.7569138,-6.9398023],[107.7567934,-6.9405329],[107.7563528,-6.9411132],[107.7556492,-6.9414928]]},"properties":{"name":"Jalan Sindangsari","ref":"11"}},
{"type":"Feature","geometry":{"type":"LineString","coordinates":[[107.7765085,-6.9325281],[107.7762652,-6.9325853]]},"properties":{"name":"Jalan Raya Jatinangor","ref":"11"}},
{"type":"Feature","geometry":{"type":"LineString","coordinates":[[107.7765085,-6.9325281],[107.7802191,-6.9310666],[107.7803954,-6.9307176],[107.7805312,-6.9296353],[107.7812326,-6.9286927],[107.7818398,-6.9284682]]},"properties":{"name":"","ref":"11"}},
{"type":"Feature","geometry":{"type":"LineString","coordinates":[[107.7523492,-6.9395225],[107.7518448,-6.9399409],[107.7504316,-6.9401054]]},"properties":{"name":"Jalan Raya Cileunyi","ref":"11"}},
{"type":"Feature","geometry":{"type":"LineString","coordinates":[[107.6330945,-6.9481961],[107.630177,-6.949072],[107.6287343,-6.94934]]},"properties":{"name":"Jalan Soekarno-Hatta","ref":"11"}},
{"type":"Feature","geometry":{"type":"LineString","coordinates":[[107.6219865,-6.9493019],[107.6215623,-6.9492646]]},"properties":{"name":"Jalan Soekarno-Hatta","ref":"11"}},
{"type":"Feature","geometry":{"type":"LineString","coordinates":[[107.6215623,-6.9492646],[107.6214774,-6.9492594]]},"properties":{"name":"Jalan Soekarno-Hatta","ref":"11"}},
{"type":"Feature","geometry":{"type":"LineString","coordinates":[[107.7820931,-6.9284571],[107.782685,-6.9286035],[107.7826952,-6.9288714],[107.7824099,-6.9293571],[107.7825421,-6.9295304],[107.7828304,-6.9294693],[107.7831713,-6.9290854],[107.7838323,-6.9289084],[107.7845136,-6.9273534],[107.7854075,-6.9266119],[107.7848791,-6.9258158],[107.7842065,-6.9258432],[107.783949,-6.9257113],[107.7838784,-6.9254039],[107.784052,-6.9249967],[107.7850554,-6.9244166],[107.7860485,-6.9233814],[107.7867023,-6.922984],[107.7904312,-6.9213026],[107.7904627,-6.9210689],[107.7901973,-6.9207977],[107.7902862,-6.920573],[107.7918589,-6.9193992],[107.7926981,-6.9184407],[107.79406,-6.9156638],[107.7939301,-6.9154414],[107.7933581,-6.9151363],[107.7927352,-6.9132373],[107.7930209,-6.9131221],[107.7936082,-6.9138005],[107.793922,-6.913892],[107.7942221,-6.9137925],[107.794592,-6.9132962],[107.7953159,-6.9112898],[107.7950655,-6.9098755],[107.7951348,-6.9091377],[107.7959097,-6.9079951]]},"properties":{"name":"","ref":"11"}},
{"type":"Feature","geometry":{"type":"LineString","coordinates":[[107.7818398,-6.9284682],[107.7820931,-6.9284571]]},"properties":{"name":"","ref":"11"}},
{"type":"Feature","geometry":{"type":"LineString","coordinates":[[107.6061633,-6.9376173],[107.6061721,-6.9375256]]},"properties":{"name":"Jalan Mohammad Toha","ref":"161"}},
{"type":"Feature","geometry":{"type":"LineString","coordinates":[[107.619664,-6.9491378],[107.6124407,-6.9486128]]},"properties":{"name":"Jalan Soekarno-Hatta","ref":"11"}},
{"type":"Feature","geometry":{"type":"LineString","coordinates":[[107.6094437,-6.9483822],[107.6094101,-6.9482727]]},"properties":{"name":"Jalan Mohammad Toha","ref":"161"}},
{"type":"Feature","geometry":{"type":"LineString","coordinates":[[107.6086676,-6.9461425],[107.6076477,-6.9431556]]},"properties":{"name":"Jalan Mohammad Toha","ref":"161"}},
{"type":"Feature","geometry":{"type":"LineString","coordinates":[[107.6741648,-6.9384751],[107.6716586,-6.9386448]]},"properties":{"name":"Jalan Soekarno-Hatta","ref":""}},
{"type":"Feature","geometry":{"type":"LineString","coordinates":[[107.6528653,-6.94202],[107.652718,-6.9420676]]},"properties":{"name":"Jalan Soekarno-Hatta","ref":""}},
{"type":"Feature","geometry":{"type":"LineString","coordinates":[[107.681487,-6.9379454],[107.6780501,-6.938193]]},"properties":{"name":"Jalan Soekarno-Hatta","ref":""}},
{"type":"Feature","geometry":{"type":"LineString","coordinates":[[107.6824446,-6.9378809],[107.681487,-6.9379454]]},"properties":{"name":"Soekarno Hatta Frontage Boulevard","ref":""}},
{"type":"Feature","geometry":{"type":"LineString","coordinates":[[107.6871235,-6.937537],[107.6847875,-6.9377223]]},"properties":{"name":"Jalan Soekarno-Hatta","ref":""}},
{"type":"Feature","geometry":{"type":"LineString","coordinates":[[107.6922076,-6.9371573],[107.6880865,-6.9374746]]},"properties":{"name":"Soekarno Hatta Frontage Boulevard","ref":""}},
{"type":"Feature","geometry":{"type":"LineString","coordinates":[[107.7124165,-6.9357097],[107.7071588,-6.9360915]]},"properties":{"name":"Jalan Soekarno-Hatta","ref":""}},
{"type":"Feature","geometry":{"type":"LineString","coordinates":[[107.7537453,-6.9404081],[107.7535061,-6.9398592],[107.7529385,-6.9394875]]},"properties":{"name":"","ref":"11"}},
{"type":"Feature","geometry":{"type":"LineString","coordinates":[[107.7675768,-6.9350493],[107.7590556,-6.9375224],[107.7575017,-6.9377983]]},"properties":{"name":"Jalan Raya Jatinangor","ref":"11"}},
{"type":"Feature","geometry":{"type":"LineString","coordinates":[[107.6638999,-6.9392127],[107.6614189,-6.9395381],[107.6581816,-6.9403488]]},"properties":{"name":"Jalan Soekarno-Hatta","ref":""}},
{"type":"Feature","geometry":{"type":"LineString","coordinates":[[107.6644206,-6.9391582],[107.6638999,-6.9392127]]},"properties":{"name":"Jalan Soekarno-Hatta","ref":""}},
{"type":"Feature","geometry":{"type":"LineString","coordinates":[[107.7504316,-6.9401054],[107.7465803,-6.9404322],[107.7417784,-6.9410802],[107.7411013,-6.9409402],[107.7405167,-6.9405808]]},"properties":{"name":"Jalan Raya Percobaan","ref":"11"}},
{"type":"Feature","geometry":{"type":"LineString","coordinates":[[107.7396846,-6.9399765],[107.7390535,-6.9395348]]},"properties":{"name":"Jalan Raya Percobaan","ref":"11"}},
{"type":"Feature","geometry":{"type":"LineString","coordinates":[[107.7190202,-6.9350439],[107.7182706,-6.9352223]]},"properties":{"name":"Jalan Raya Cibiru","ref":"11"}},
{"type":"Feature","geometry":{"type":"LineString","coordinates":[[107.7733603,-6.9333503],[107.773198,-6.9333982]]},"properties":{"name":"Jalan Raya Jatinangor","ref":"11"}},
{"type":"Feature","geometry":{"type":"LineString","coordinates":[[107.7762652,-6.9325853],[107.7733603,-6.9333503]]},"properties":{"name":"Jalan Raya Jatinangor","ref":"11"}},
{"type":"Feature","geometry":{"type":"LineString","coordinates":[[107.6061483,-6.9378682],[107.6061633,-6.9376173]]},"properties":{"name":"Jalan Mohammad Toha","ref":"161"}},
{"type":"Feature","geometry":{"type":"LineString","coordinates":[[107.6743512,-6.9384618],[107.6741648,-6.9384751]]},"properties":{"name":"Soekarno Hatta Frontage Boulevard","ref":""}},
{"type":"Feature","geometry":{"type":"LineString","coordinates":[[107.6697839,-6.9387813],[107.6695923,-6.9387942]]},"properties":{"name":"Jalan Soekarno-Hatta","ref":""}},
{"type":"Feature","geometry":{"type":"LineString","coordinates":[[107.6661888,-6.9390351],[107.6644206,-6.9391582]]},"properties":{"name":"Jalan Soekarno-Hatta","ref":""}},
{"type":"Feature","geometry":{"type":"LineString","coordinates":[[107.6952302,-6.9369673],[107.6950526,-6.9369788]]},"properties":{"name":"Jalan Soekarno-Hatta","ref":""}},
{"type":"Feature","geometry":{"type":"LineString","coordinates":[[107.6847875,-6.9377223],[107.684578,-6.9377364]]},"properties":{"name":"Soekarno Hatta Frontage Boulevard","ref":""}},
{"type":"Feature","geometry":{"type":"LineString","coordinates":[[107.684578,-6.9377364],[107.6824446,-6.9378809]]},"properties":{"name":"Jalan Soekarno-Hatta","ref":""}},
{"type":"Feature","geometry":{"type":"LineString","coordinates":[[107.6950526,-6.9369788],[107.6932753,-6.9370734]]},"properties":{"name":"Jalan Soekarno-Hatta","ref":""}},
{"type":"Feature","geometry":{"type":"LineString","coordinates":[[107.6061749,-6.938344],[107.6061483,-6.9378682]]},"properties":{"name":"Jalan Mohammad Toha","ref":"161"}},
{"type":"Feature","geometry":{"type":"LineString","coordinates":[[107.6061721,-6.9375256],[107.6061838,-6.9374395]]},"properties":{"name":"Jalan Mohammad Toha","ref":""}},
{"type":"Feature","geometry":{"type":"LineString","coordinates":[[107.7575017,-6.9377983],[107.7573797,-6.9378122]]},"properties":{"name":"Jalan Raya Jatinangor","ref":"11"}},
{"type":"Feature","geometry":{"type":"LineString","coordinates":[[107.7573797,-6.9378122],[107.7567036,-6.9379558],[107.756603,-6.938276]]},"properties":{"name":"Jalan Raya Jatinangor","ref":"11"}},
{"type":"Feature","geometry":{"type":"LineString","coordinates":[[107.6062104,-6.9372527],[107.6062529,-6.9369183]]},"properties":{"name":"Jalan Mohammad Toha","ref":""}},
{"type":"Feature","geometry":{"type":"LineString","coordinates":[[107.7320931,-6.9375862],[107.7293518,-6.9364184]]},"properties":{"name":"Jalan Raya Cinunuk","ref":"11"}},
{"type":"Feature","geometry":{"type":"LineString","coordinates":[[107.7556492,-6.9414928],[107.7551045,-6.9416724],[107.7547449,-6.9415507]]},"properties":{"name":"","ref":"11"}},
{"type":"Feature","geometry":{"type":"LineString","coordinates":[[107.6926097,-6.9371315],[107.6922076,-6.9371573]]},"properties":{"name":"Jalan Soekarno-Hatta","ref":"11"}},
{"type":"Feature","geometry":{"type":"LineString","coordinates":[[107.6414451,-6.9456922],[107.6408496,-6.9458361]]},"properties":{"name":"Jalan Soekarno-Hatta","ref":"11"}},
{"type":"Feature","geometry":{"type":"LineString","coordinates":[[107.6404414,-6.9459162],[107.6401117,-6.9460015]]},"properties":{"name":"Jalan Soekarno-Hatta","ref":"11"}},
{"type":"Feature","geometry":{"type":"LineString","coordinates":[[107.63913,-6.9463163],[107.6379765,-6.9466862]]},"properties":{"name":"Jalan Soekarno-Hatta","ref":"11"}},
{"type":"Feature","geometry":{"type":"LineString","coordinates":[[107.6379765,-6.9466862],[107.6362655,-6.9471987]]},"properties":{"name":"Jalan Soekarno-Hatta","ref":"11"}},
{"type":"Feature","geometry":{"type":"LineString","coordinates":[[107.6362655,-6.9471987],[107.6356037,-6.9474143]]},"properties":{"name":"Jalan Soekarno-Hatta","ref":"11"}},
{"type":"Feature","geometry":{"type":"LineString","coordinates":[[107.6356037,-6.9474143],[107.6345119,-6.9477553]]},"properties":{"name":"Jalan Soekarno-Hatta","ref":"11"}},
{"type":"Feature","geometry":{"type":"LineString","coordinates":[[107.633797,-6.9479897],[107.6335261,-6.9480768]]},"properties":{"name":"Jalan Soekarno-Hatta","ref":"11"}},
{"type":"Feature","geometry":{"type":"LineString","coordinates":[[107.6345119,-6.9477553],[107.633797,-6.9479897]]},"properties":{"name":"Jalan Soekarno-Hatta","ref":"11"}},
{"type":"Feature","geometry":{"type":"LineString","coordinates":[[107.6334141,-6.9481055],[107.6330945,-6.9481961]]},"properties":{"name":"Jalan Soekarno-Hatta","ref":"11"}},
{"type":"Feature","geometry":{"type":"LineString","coordinates":[[107.6335261,-6.9480768],[107.6334141,-6.9481055]]},"properties":{"name":"Jalan Soekarno-Hatta","ref":"11"}},
{"type":"Feature","geometry":{"type":"LineString","coordinates":[[107.652718,-6.9420676],[107.6484748,-6.9434245]]},"properties":{"name":"Jalan Soekarno-Hatta","ref":""}},
{"type":"Feature","geometry":{"type":"LineString","coordinates":[[107.6423431,-6.9453982],[107.6419126,-6.9455527]]},"properties":{"name":"Jalan Soekarno-Hatta","ref":"11"}},
{"type":"Feature","geometry":{"type":"LineString","coordinates":[[107.6419126,-6.9455527],[107.6418208,-6.9455841]]},"properties":{"name":"Jalan Soekarno-Hatta","ref":"11"}},
{"type":"Feature","geometry":{"type":"LineString","coordinates":[[107.7175908,-6.9352673],[107.7164641,-6.9353471]]},"properties":{"name":"Jalan Soekarno-Hatta","ref":"11"}},
{"type":"Feature","geometry":{"type":"LineString","coordinates":[[107.6758204,-6.9383501],[107.6743512,-6.9384618]]},"properties":{"name":"Soekarno Hatta Frontage Boulevard","ref":""}},
{"type":"Feature","geometry":{"type":"LineString","coordinates":[[107.7160677,-6.9354371],[107.7133915,-6.9356385]]},"properties":{"name":"Jalan Soekarno-Hatta","ref":""}},
{"type":"Feature","geometry":{"type":"LineString","coordinates":[[107.6239296,-6.9494823],[107.6219865,-6.9493019]]},"properties":{"name":"Jalan Soekarno-Hatta","ref":"11"}},
{"type":"Feature","geometry":{"type":"LineString","coordinates":[[107.6094101,-6.9482727],[107.6093038,-6.9479813]]},"properties":{"name":"Jalan Mohammad Toha","ref":"161"}},
{"type":"Feature","geometry":{"type":"LineString","coordinates":[[107.7547449,-6.9415507],[107.7540569,-6.9408199]]},"properties":{"name":"","ref":"11"}},
{"type":"Feature","geometry":{"type":"LineString","coordinates":[[107.7529385,-6.9394875],[107.7523492,-6.9395225]]},"properties":{"name":"","ref":"11"}},
{"type":"Feature","geometry":{"type":"LineString","coordinates":[[107.7197006,-6.9348205],[107.7190202,-6.9350439]]},"properties":{"name":"Jalan Raya Cibiru","ref":"11"}},
{"type":"Feature","geometry":{"type":"LineString","coordinates":[[107.7390535,-6.9395348],[107.737817,-6.9388449],[107.7343569,-6.9384683],[107.7322724,-6.9376624]]},"properties":{"name":"Jalan Raya Cinunuk","ref":"11"}},
{"type":"Feature","geometry":{"type":"LineString","coordinates":[[107.6214774,-6.9492594],[107.6213965,-6.949255]]},"properties":{"name":"Jalan Soekarno-Hatta","ref":"11"}},
{"type":"Feature","geometry":{"type":"LineString","coordinates":[[107.7282655,-6.935551],[107.7285144,-6.9360335],[107.7291448,-6.9363331]]},"properties":{"name":"Jalan Raya Cinunuk","ref":"11"}},
{"type":"Feature","geometry":{"type":"LineString","coordinates":[[107.6425818,-6.9453091],[107.6423431,-6.9453982]]},"properties":{"name":"Jalan Soekarno-Hatta","ref":"11"}},
{"type":"Feature","geometry":{"type":"LineString","coordinates":[[107.6097349,-6.9483987],[107.6094437,-6.9483822]]},"properties":{"name":"Jalan Soekarno-Hatta","ref":"11"}},
{"type":"Feature","geometry":{"type":"LineString","coordinates":[[107.6124407,-6.9486128],[107.6097349,-6.9483987]]},"properties":{"name":"Jalan Soekarno-Hatta","ref":"11"}},
{"type":"Feature","geometry":{"type":"LineString","coordinates":[[107.6273421,-6.9495018],[107.6264304,-6.9495584]]},"properties":{"name":"Jalan Soekarno-Hatta","ref":"11"}},
{"type":"Feature","geometry":{"type":"LineString","coordinates":[[107.6264304,-6.9495584],[107.6259917,-6.9495692]]},"properties":{"name":"Jalan Soekarno-Hatta","ref":"11"}},
{"type":"Feature","geometry":{"type":"LineString","coordinates":[[107.6932753,-6.9370734],[107.6926097,-6.9371315]]},"properties":{"name":"Jalan Soekarno-Hatta","ref":"11"}},
{"type":"Feature","geometry":{"type":"LineString","coordinates":[[107.7002372,-6.9365967],[107.6971596,-6.9368254]]},"properties":{"name":"Jalan Soekarno-Hatta","ref":""}},
{"type":"Feature","geometry":{"type":"LineString","coordinates":[[107.7016283,-6.9364991],[107.7002372,-6.9365967]]},"properties":{"name":"Jalan Soekarno-Hatta","ref":""}},
{"type":"Feature","geometry":{"type":"LineString","coordinates":[[107.7023438,-6.9364465],[107.7016283,-6.9364991]]},"properties":{"name":"Jalan Soekarno-Hatta","ref":""}},
{"type":"Feature","geometry":{"type":"LineString","coordinates":[[107.6971596,-6.9368254],[107.6952302,-6.9369673]]},"properties":{"name":"Jalan Soekarno-Hatta","ref":""}},
{"type":"Feature","geometry":{"type":"LineString","coordinates":[[107.703533,-6.9363598],[107.7023438,-6.9364465]]},"properties":{"name":"Jalan Soekarno-Hatta","ref":""}},
{"type":"Feature","geometry":{"type":"LineString","coordinates":[[107.7164641,-6.9353471],[107.7160677,-6.9354371]]},"properties":{"name":"Jalan Soekarno-Hatta","ref":""}},
{"type":"Feature","geometry":{"type":"LineString","coordinates":[[107.756603,-6.938276],[107.7567382,-6.9389134]]},"properties":{"name":"Jalan Sindangsari","ref":"11"}},
{"type":"Feature","geometry":{"type":"LineString","coordinates":[[107.7405167,-6.9405808],[107.7396846,-6.9399765]]},"properties":{"name":"Jalan Raya Percobaan","ref":"11"}},
{"type":"Feature","geometry":{"type":"LineString","coordinates":[[107.6674513,-6.9389439],[107.6670598,-6.9389755]]},"properties":{"name":"Jalan Soekarno-Hatta","ref":""}},
{"type":"Feature","geometry":{"type":"LineString","coordinates":[[107.6670598,-6.9389755],[107.6661888,-6.9390351]]},"properties":{"name":"Jalan Soekarno-Hatta","ref":""}},
{"type":"Feature","geometry":{"type":"LineString","coordinates":[[107.6695923,-6.9387942],[107.6674513,-6.9389439]]},"properties":{"name":"Jalan Soekarno-Hatta","ref":""}},
{"type":"Feature","geometry":{"type":"LineString","coordinates":[[107.6712568,-6.9386784],[107.6697839,-6.9387813]]},"properties":{"name":"Jalan Soekarno-Hatta","ref":""}},
{"type":"Feature","geometry":{"type":"LineString","coordinates":[[107.6716586,-6.9386448],[107.6712568,-6.9386784]]},"properties":{"name":"Soekarno Hatta Frontage Boulevard","ref":""}},
{"type":"Feature","geometry":{"type":"LineString","coordinates":[[107.6773321,-6.938247],[107.6758204,-6.9383501]]},"properties":{"name":"Jalan Soekarno-Hatta","ref":""}},
{"type":"Feature","geometry":{"type":"LineString","coordinates":[[107.6780501,-6.938193],[107.6773321,-6.938247]]},"properties":{"name":"Soekarno Hatta Frontage Boulevard","ref":""}},
{"type":"Feature","geometry":{"type":"LineString","coordinates":[[107.6484748,-6.9434245],[107.6467958,-6.9439589]]},"properties":{"name":"Jalan Soekarno-Hatta","ref":""}},
{"type":"Feature","geometry":{"type":"LineString","coordinates":[[107.6467958,-6.9439589],[107.6425818,-6.9453091]]},"properties":{"name":"Jalan Soekarno-Hatta","ref":""}},
{"type":"Feature","geometry":{"type":"LineString","coordinates":[[107.6076477,-6.9431556],[107.6061749,-6.938344]]},"properties":{"name":"Jalan Mohammad Toha","ref":"161"}},
{"type":"Feature","geometry":{"type":"LineString","coordinates":[[107.6880865,-6.9374746],[107.6871235,-6.937537]]},"properties":{"name":"Jalan Soekarno-Hatta","ref":""}},
{"type":"Feature","geometry":{"type":"LineString","coordinates":[[107.6418208,-6.9455841],[107.6414451,-6.9456922]]},"properties":{"name":"Jalan Soekarno-Hatta","ref":"11"}},
{"type":"Feature","geometry":{"type":"LineString","coordinates":[[107.6213965,-6.949255],[107.619664,-6.9491378]]},"properties":{"name":"Jalan Soekarno-Hatta","ref":"11"}},
{"type":"Feature","geometry":{"type":"LineString","coordinates":[[107.7133915,-6.9356385],[107.7125299,-6.9357014]]},"properties":{"name":"Jalan Soekarno-Hatta","ref":""}},
{"type":"Feature","geometry":{"type":"LineString","coordinates":[[107.7125299,-6.9357014],[107.7124165,-6.9357097]]},"properties":{"name":"Jalan Soekarno-Hatta","ref":""}},
{"type":"Feature","geometry":{"type":"LineString","coordinates":[[107.6061838,-6.9374395],[107.6062104,-6.9372527]]},"properties":{"name":"Jalan Mohammad Toha","ref":""}},
{"type":"Feature","geometry":{"type":"LineString","coordinates":[[107.6401117,-6.9460015],[107.63913,-6.9463163]]},"properties":{"name":"Jalan Soekarno-Hatta","ref":"11"}},
{"type":"Feature","geometry":{"type":"LineString","coordinates":[[107.6287343,-6.94934],[107.6273421,-6.9495018]]},"properties":{"name":"Jalan Soekarno-Hatta","ref":"11"}},
{"type":"Feature","geometry":{"type":"LineString","coordinates":[[107.6581816,-6.9403488],[107.6569693,-6.9407256]]},"properties":{"name":"Jalan Soekarno-Hatta","ref":""}},
{"type":"Feature","geometry":{"type":"LineString","coordinates":[[107.6569693,-6.9407256],[107.6528653,-6.94202]]},"properties":{"name":"Jalan Soekarno-Hatta","ref":""}},
{"type":"Feature","geometry":{"type":"LineString","coordinates":[[107.6093038,-6.9479813],[107.6086676,-6.9461425]]},"properties":{"name":"Jalan Mohammad Toha","ref":"161"}},
{"type":"Feature","geometry":{"type":"LineString","coordinates":[[107.6259917,-6.9495692],[107.6239296,-6.9494823]]},"properties":{"name":"Jalan Soekarno-Hatta","ref":"11"}},
{"type":"Feature","geometry":{"type":"LineString","coordinates":[[107.7322323,-6.9376474],[107.732179,-6.9376234]]},"properties":{"name":"Jalan Raya Cinunuk","ref":"11"}},
{"type":"Feature","geometry":{"type":"LineString","coordinates":[[107.732179,-6.9376234],[107.7320931,-6.9375862]]},"properties":{"name":"Jalan Raya Cinunuk","ref":"11"}},
{"type":"Feature","geometry":{"type":"LineString","coordinates":[[107.7291448,-6.9363331],[107.7292319,-6.936367]]},"properties":{"name":"Jalan Raya Cinunuk","ref":"11"}},
{"type":"Feature","geometry":{"type":"LineString","coordinates":[[107.7292319,-6.936367],[107.7293518,-6.9364184]]},"properties":{"name":"Jalan Raya Cinunuk","ref":"11"}},
{"type":"Feature","geometry":{"type":"LineString","coordinates":[[107.7959097,-6.9079951],[107.7976741,-6.9057716]]},"properties":{"name":"","ref":"11"}},
{"type":"Feature","geometry":{"type":"LineString","coordinates":[[107.6066275,-6.9318519],[107.6067877,-6.9301452]]},"properties":{"name":"Jalan Mohammad Toha","ref":""}},
{"type":"Feature","geometry":{"type":"LineString","coordinates":[[107.7540569,-6.9408199],[107.7537453,-6.9404081]]},"properties":{"name":"","ref":"11"}},
{"type":"Feature","geometry":{"type":"LineString","coordinates":[[107.7322724,-6.9376624],[107.7322323,-6.9376474]]},"properties":{"name":"Jalan Raya Cinunuk","ref":"11"}},
{"type":"Feature","geometry":{"type":"LineString","coordinates":[[107.7182706,-6.9352223],[107.717711,-6.9352563]]},"properties":{"name":"Jalan Raya Cibiru","ref":"11"}},
{"type":"Feature","geometry":{"type":"LineString","coordinates":[[107.7066643,-6.9361306],[107.703533,-6.9363598]]},"properties":{"name":"Jalan Soekarno-Hatta","ref":""}},
{"type":"Feature","geometry":{"type":"LineString","coordinates":[[107.7071588,-6.9360915],[107.7066643,-6.9361306]]},"properties":{"name":"Jalan Soekarno-Hatta","ref":""}},
{"type":"Feature","geometry":{"type":"LineString","coordinates":[[107.7977429,-6.905703],[107.7985167,-6.9058549]]},"properties":{"name":"","ref":""}},
{"type":"Feature","geometry":{"type":"LineString","coordinates":[[107.7976741,-6.9057716],[107.7977429,-6.905703]]},"properties":{"name":"","ref":"11"}},
{"type":"Feature","geometry":{"type":"LineString","coordinates":[[107.717711,-6.9352563],[107.7175908,-6.9352673]]},"properties":{"name":"Jalan Soekarno-Hatta","ref":"11"}},
{"type":"Feature","geometry":{"type":"LineString","coordinates":[[107.7197006,-6.9348205],[107.7209059,-6.9345961],[107.7219508,-6.9340884]]},"properties":{"name":"Jalan Abdul Haris Nasution","ref":"11"}},
{"type":"Feature","geometry":{"type":"LineString","coordinates":[[107.7219508,-6.9340884],[107.7220243,-6.9340522]]},"properties":{"name":"Jalan Raya Cibiru","ref":"11"}},
{"type":"Feature","geometry":{"type":"LineString","coordinates":[[107.773198,-6.9333982],[107.7730158,-6.9334383]]},"properties":{"name":"Jalan Raya Jatinangor","ref":"11"}},
{"type":"Feature","geometry":{"type":"LineString","coordinates":[[107.7730158,-6.9334383],[107.7723042,-6.9336259]]},"properties":{"name":"Jalan Raya Jatinangor","ref":"11"}},
{"type":"Feature","geometry":{"type":"LineString","coordinates":[[107.7723042,-6.9336259],[107.7719763,-6.9337339]]},"properties":{"name":"Jalan Raya Jatinangor","ref":"11"}},
{"type":"Feature","geometry":{"type":"LineString","coordinates":[[107.7719763,-6.9337339],[107.7716528,-6.9338358]]},"properties":{"name":"Jalan Raya Jatinangor","ref":"11"}},
{"type":"Feature","geometry":{"type":"LineString","coordinates":[[107.7716528,-6.9338358],[107.7714354,-6.9339085]]},"properties":{"name":"Jalan Raya Jatinangor","ref":"11"}},
{"type":"Feature","geometry":{"type":"LineString","coordinates":[[107.7714354,-6.9339085],[107.7709605,-6.9340638]]},"properties":{"name":"Jalan Raya Jatinangor","ref":"11"}},
{"type":"Feature","geometry":{"type":"LineString","coordinates":[[107.7709605,-6.9340638],[107.7702364,-6.9342916]]},"properties":{"name":"Jalan Raya Jatinangor","ref":"11"}},
{"type":"Feature","geometry":{"type":"LineString","coordinates":[[107.7702364,-6.9342916],[107.7701854,-6.9343067]]},"properties":{"name":"Jalan Raya Jatinangor","ref":"11"}},
{"type":"Feature","geometry":{"type":"LineString","coordinates":[[107.7701854,-6.9343067],[107.7700339,-6.9343516]]},"properties":{"name":"Jalan Raya Jatinangor","ref":"11"}},
{"type":"Feature","geometry":{"type":"LineString","coordinates":[[107.7700339,-6.9343516],[107.7699868,-6.9343642]]},"properties":{"name":"Jalan Raya Jatinangor","ref":"11"}},
{"type":"Feature","geometry":{"type":"LineString","coordinates":[[107.7699868,-6.9343642],[107.7698756,-6.9343962]]},"properties":{"name":"Jalan Raya Jatinangor","ref":"11"}},
{"type":"Feature","geometry":{"type":"LineString","coordinates":[[107.7698756,-6.9343962],[107.7697367,-6.9344344]]},"properties":{"name":"Jalan Raya Jatinangor","ref":"11"}},
{"type":"Feature","geometry":{"type":"LineString","coordinates":[[107.7697367,-6.9344344],[107.7689424,-6.9346581]]},"properties":{"name":"Jalan Raya Jatinangor","ref":"11"}},
{"type":"Feature","geometry":{"type":"LineString","coordinates":[[107.7689424,-6.9346581],[107.7687964,-6.9347019]]},"properties":{"name":"Jalan Raya Jatinangor","ref":"11"}},
{"type":"Feature","geometry":{"type":"LineString","coordinates":[[107.7687964,-6.9347019],[107.7684592,-6.9347916]]},"properties":{"name":"Jalan Raya Jatinangor","ref":"11"}},
{"type":"Feature","geometry":{"type":"LineString","coordinates":[[107.7684592,-6.9347916],[107.7683791,-6.9348137]]},"properties":{"name":"Jalan Raya Jatinangor","ref":"11"}},
{"type":"Feature","geometry":{"type":"LineString","coordinates":[[107.7683791,-6.9348137],[107.7682046,-6.9348619]]},"properties":{"name":"Jalan Raya Jatinangor","ref":"11"}},
{"type":"Feature","geometry":{"type":"LineString","coordinates":[[107.7682046,-6.9348619],[107.7676197,-6.9350369]]},"properties":{"name":"Jalan Raya Jatinangor","ref":"11"}},
{"type":"Feature","geometry":{"type":"LineString","coordinates":[[107.7676197,-6.9350369],[107.7675768,-6.9350493]]},"properties":{"name":"Jalan Raya Jatinangor","ref":"11"}},
{"type":"Feature","geometry":{"type":"LineString","coordinates":[[107.7220243,-6.9340522],[107.723025,-6.933527]]},"properties":{"name":"Jalan Raya Cibiru","ref":"11"}},
{"type":"Feature","geometry":{"type":"LineString","coordinates":[[107.6408496,-6.9458361],[107.6404414,-6.9459162]]},"properties":{"name":"Jalan Soekarno-Hatta","ref":"11"}},
{"type":"Feature","geometry":{"type":"LineString","coordinates":[[107.6073865,-6.9076628],[107.6065225,-6.9072053],[107.6055894,-6.9071347]]},"properties":{"name":"Jalan Pajajaran","ref":""}},
{"type":"Feature","geometry":{"type":"LineString","coordinates":[[107.6044282,-6.9071102],[107.6043867,-6.9048271]]},"properties":{"name":"Jalan Cihampelas","ref":""}},
{"type":"Feature","geometry":{"type":"LineString","coordinates":[[107.5996034,-6.9021781],[107.5995001,-6.9020788]]},"properties":{"name":"Jalan Doktor Louis Otten","ref":""}},
{"type":"Feature","geometry":{"type":"LineString","coordinates":[[107.6071931,-6.9145156],[107.6073185,-6.9143005]]},"properties":{"name":"Jalan Perintis Kemerdekaan","ref":""}},
{"type":"Feature","geometry":{"type":"LineString","coordinates":[[107.6075641,-6.9142136],[107.6081711,-6.9139136],[107.6089516,-6.913844]]},"properties":{"name":"Jalan Perintis Kemerdekaan","ref":""}},
{"type":"Feature","geometry":{"type":"LineString","coordinates":[[107.6045889,-6.9148224],[107.6047205,-6.914736],[107.6064066,-6.9149399]]},"properties":{"name":"Jalan Stasiun Timur","ref":""}},
{"type":"Feature","geometry":{"type":"LineString","coordinates":[[107.604546,-6.9153572],[107.6045889,-6.9148224]]},"properties":{"name":"Jalan Otto Iskandardinata","ref":""}},
{"type":"Feature","geometry":{"type":"LineString","coordinates":[[107.6064546,-6.9210818],[107.6066712,-6.9189713]]},"properties":{"name":"Jalan Banceuy","ref":"2020"}},
{"type":"Feature","geometry":{"type":"LineString","coordinates":[[107.504802,-6.8563048],[107.504729,-6.8552426],[107.5045201,-6.8546613],[107.503915,-6.8539178],[107.5031739,-6.8535191]]},"properties":{"name":"Simpang Susun Padalarang","ref":""}},
{"type":"Feature","geometry":{"type":"LineString","coordinates":[[107.5310086,-6.8987754],[107.5311334,-6.8976156],[107.5310073,-6.8967702],[107.5299434,-6.8953609]]},"properties":{"name":"Simpang Susun Pasteur","ref":""}},
{"type":"Feature","geometry":{"type":"LineString","coordinates":[[107.5558136,-6.8891451],[107.5533407,-6.8904396]]},"properties":{"name":"Jalan Tol Pasteur","ref":"4"}},
{"type":"Feature","geometry":{"type":"LineString","coordinates":[[107.5563489,-6.8889378],[107.5558136,-6.8891451]]},"properties":{"name":"Jalan Tol Pasteur","ref":"4"}},
{"type":"Feature","geometry":{"type":"LineString","coordinates":[[107.5509845,-6.8918199],[107.5490065,-6.8932138],[107.5442686,-6.8972176],[107.5431886,-6.8979196]]},"properties":{"name":"Jalan Tol Pasteur","ref":"4"}},
{"type":"Feature","geometry":{"type":"LineString","coordinates":[[107.5514694,-6.8915293],[107.5509845,-6.8918199]]},"properties":{"name":"Jalan Tol Pasteur","ref":"4"}},
{"type":"Feature","geometry":{"type":"LineString","coordinates":[[107.5982442,-6.9003802],[107.5977337,-6.9003863]]},"properties":{"name":"Jalan Pasteur","ref":""}},
{"type":"Feature","geometry":{"type":"LineString","coordinates":[[107.4844613,-6.8592048],[107.4841467,-6.8592563],[107.4829814,-6.8600506],[107.4813933,-6.8614119]]},"properties":{"name":"Jalan Parahyangan","ref":""}},
{"type":"Feature","geometry":{"type":"LineString","coordinates":[[107.4764906,-6.8660919],[107.4747528,-6.8662824],[107.4727802,-6.8667489],[107.4709936,-6.8664781],[107.4698331,-6.8664607]]},"properties":{"name":"Jalan Parahyangan","ref":""}},
{"type":"Feature","geometry":{"type":"LineString","coordinates":[[107.4686667,-6.8664634],[107.467251,-6.8662533]]},"properties":{"name":"Jalan Parahyangan","ref":""}},
{"type":"Feature","geometry":{"type":"LineString","coordinates":[[107.4698331,-6.8664607],[107.469214,-6.8664584]]},"properties":{"name":"Jalan Parahyangan","ref":""}},
{"type":"Feature","geometry":{"type":"LineString","coordinates":[[107.4770978,-6.8659503],[107.4764906,-6.8660919]]},"properties":{"name":"Jalan Parahyangan","ref":""}},
{"type":"Feature","geometry":{"type":"LineString","coordinates":[[107.5296112,-6.8950487],[107.5256087,-6.8920989],[107.5234495,-6.8898728],[107.5220454,-6.8879462],[107.5147715,-6.8768555],[107.5089388,-6.8691275]]},"properties":{"name":"Jalan Tol Padalarang–Cileunyi","ref":"4"}},
{"type":"Feature","geometry":{"type":"LineString","coordinates":[[107.5047666,-6.8578271],[107.504802,-6.8563048]]},"properties":{"name":"Jalan Tol Padalarang–Cileunyi","ref":"4"}},
{"type":"Feature","geometry":{"type":"LineString","coordinates":[[107.5061105,-6.8643497],[107.5059016,-6.8638147]]},"properties":{"name":"Jalan Tol Padalarang–Cileunyi","ref":"4"}},
{"type":"Feature","geometry":{"type":"LineString","coordinates":[[107.6055894,-6.9071347],[107.6053829,-6.907135]]},"properties":{"name":"Jalan Pajajaran","ref":""}},
{"type":"Feature","geometry":{"type":"LineString","coordinates":[[107.6009396,-6.9034374],[107.5996034,-6.9021781]]},"properties":{"name":"Jalan Doktor Louis Otten","ref":""}},
{"type":"Feature","geometry":{"type":"LineString","coordinates":[[107.5995001,-6.9020788],[107.5985614,-6.9011751]]},"properties":{"name":"Jalan Doktor Louis Otten","ref":""}},
{"type":"Feature","geometry":{"type":"LineString","coordinates":[[107.6088855,-6.9102984],[107.6083912,-6.9093671]]},"properties":{"name":"Jalan Wastukancana","ref":""}},
{"type":"Feature","geometry":{"type":"LineString","coordinates":[[107.60248,-6.9044983],[107.6022483,-6.904811],[107.6015193,-6.9048777]]},"properties":{"name":"Jalan dr. Cipto","ref":"1066"}},
{"type":"Feature","geometry":{"type":"LineString","coordinates":[[107.6042585,-6.9043799],[107.6025713,-6.9045005]]},"properties":{"name":"Jalan Abdul Rivai","ref":"11111"}},
{"type":"Feature","geometry":{"type":"LineString","coordinates":[[107.5974469,-6.9003919],[107.5973654,-6.9003949]]},"properties":{"name":"Jalan Dokter Djunjunan","ref":""}},
{"type":"Feature","geometry":{"type":"LineString","coordinates":[[107.6043435,-6.9046277],[107.6042585,-6.9043799]]},"properties":{"name":"Jalan Cihampelas","ref":""}},
{"type":"Feature","geometry":{"type":"LineString","coordinates":[[107.6083912,-6.9093671],[107.608135,-6.9090242]]},"properties":{"name":"Jalan Wastukancana","ref":""}},
{"type":"Feature","geometry":{"type":"LineString","coordinates":[[107.608135,-6.9090242],[107.6076596,-6.9080052]]},"properties":{"name":"Jalan Wastukancana","ref":""}},
{"type":"Feature","geometry":{"type":"LineString","coordinates":[[107.6090309,-6.9137833],[107.609044,-6.9105515]]},"properties":{"name":"Jalan Wastukancana","ref":""}},
{"type":"Feature","geometry":{"type":"LineString","coordinates":[[107.5821877,-6.8923919],[107.5815675,-6.8923486]]},"properties":{"name":"Jalan Dr. Djunjunan","ref":""}},
{"type":"Feature","geometry":{"type":"LineString","coordinates":[[107.5950699,-6.8998783],[107.5934941,-6.8984211]]},"properties":{"name":"Jalan Dr. Djunjunan","ref":""}},
{"type":"Feature","geometry":{"type":"LineString","coordinates":[[107.5869781,-6.8940142],[107.5857839,-6.8931207],[107.5847557,-6.892607],[107.5833959,-6.8923362],[107.5821877,-6.8923919]]},"properties":{"name":"Jalan Dr. Djunjunan","ref":""}},
{"type":"Feature","geometry":{"type":"LineString","coordinates":[[107.5815675,-6.8923486],[107.5811037,-6.8922835]]},"properties":{"name":"Jalan Dr. Djunjunan","ref":""}},
{"type":"Feature","geometry":{"type":"LineString","coordinates":[[107.597049,-6.9003916],[107.5962775,-6.9003643],[107.5955089,-6.9001209]]},"properties":{"name":"Jalan Dr. Djunjunan","ref":""}},
{"type":"Feature","geometry":{"type":"LineString","coordinates":[[107.6070945,-6.9151362],[107.6071931,-6.9145156]]},"properties":{"name":"Jalan Perintis Kemerdekaan","ref":""}},
{"type":"Feature","geometry":{"type":"LineString","coordinates":[[107.6089516,-6.913844],[107.6090309,-6.9137833]]},"properties":{"name":"Jalan Perintis Kemerdekaan","ref":""}},
{"type":"Feature","geometry":{"type":"LineString","coordinates":[[107.6066712,-6.9189713],[107.6061407,-6.9166856],[107.6064947,-6.9161623],[107.6065499,-6.9154703]]},"properties":{"name":"Jalan Banceuy","ref":"2020"}},
{"type":"Feature","geometry":{"type":"LineString","coordinates":[[107.601339,-6.9048875],[107.6014033,-6.9046523]]},"properties":{"name":"Jalan Dokter Gunawan Mangunkusumo","ref":""}},
{"type":"Feature","geometry":{"type":"LineString","coordinates":[[107.6043867,-6.9048271],[107.6043435,-6.9046277]]},"properties":{"name":"Jalan Cihampelas","ref":""}},
{"type":"Feature","geometry":{"type":"LineString","coordinates":[[107.5984038,-6.9012736],[107.5982483,-6.9011405],[107.5982442,-6.9003802]]},"properties":{"name":"Jalan Doktor Louis Otten","ref":""}},
{"type":"Feature","geometry":{"type":"LineString","coordinates":[[107.6059861,-6.9155367],[107.6045054,-6.9158364]]},"properties":{"name":"Jalan Suniaraja","ref":""}},
{"type":"Feature","geometry":{"type":"LineString","coordinates":[[107.6025713,-6.9045005],[107.60248,-6.9044983]]},"properties":{"name":"Jalan Abdul Rivai","ref":"11111"}},
{"type":"Feature","geometry":{"type":"LineString","coordinates":[[107.6076596,-6.9080052],[107.6073865,-6.9076628]]},"properties":{"name":"Jalan Pajajaran","ref":""}},
{"type":"Feature","geometry":{"type":"LineString","coordinates":[[107.4688015,-6.8679657],[107.4688901,-6.8695299],[107.4690661,-6.87007],[107.4695696,-6.8709496],[107.4704379,-6.8718671]]},"properties":{"name":"Jalan Gelap Nyawang","ref":""}},
{"type":"Feature","geometry":{"type":"LineString","coordinates":[[107.4672411,-6.872249],[107.467055,-6.8718159],[107.4667984,-6.8717498]]},"properties":{"name":"Jalan Guru Gantangan","ref":""}},
{"type":"Feature","geometry":{"type":"LineString","coordinates":[[107.6053829,-6.907135],[107.6045,-6.907158]]},"properties":{"name":"Jalan Pajajaran","ref":""}},
{"type":"Feature","geometry":{"type":"LineString","coordinates":[[107.5934941,-6.8984211],[107.5925774,-6.8975709],[107.5892547,-6.895687],[107.5869781,-6.8940142]]},"properties":{"name":"Jalan Dr. Djunjunan","ref":""}},
{"type":"Feature","geometry":{"type":"LineString","coordinates":[[107.4947321,-6.8524979],[107.4942603,-6.8529458],[107.4933578,-6.8529232],[107.4925524,-6.8535363],[107.4919706,-6.8536414]]},"properties":{"name":"KBP East Entrance","ref":""}},
{"type":"Feature","geometry":{"type":"LineString","coordinates":[[107.4659014,-6.8717545],[107.4633305,-6.8717565],[107.4631079,-6.8719129],[107.4630465,-6.8747089],[107.4624158,-6.875637],[107.4624204,-6.8793289],[107.4621174,-6.8799177],[107.4616358,-6.8801176],[107.458073,-6.8802397],[107.4568408,-6.8807489],[107.4556668,-6.8817166]]},"properties":{"name":"Jalan Guru Gantangan","ref":""}},
{"type":"Feature","geometry":{"type":"LineString","coordinates":[[107.5402896,-6.8987996],[107.5401179,-6.8988242]]},"properties":{"name":"Jalan Tol Pasteur","ref":"4"}},
{"type":"Feature","geometry":{"type":"LineString","coordinates":[[107.5401179,-6.8988242],[107.5363965,-6.8994915]]},"properties":{"name":"Jalan Tol Pasteur","ref":"4"}},
{"type":"Feature","geometry":{"type":"LineString","coordinates":[[107.5059016,-6.8638147],[107.5049986,-6.8604981],[107.5047666,-6.8578271]]},"properties":{"name":"Jalan Tol Padalarang–Cileunyi","ref":"4"}},
{"type":"Feature","geometry":{"type":"LineString","coordinates":[[107.5613599,-6.8880368],[107.5594027,-6.888173],[107.5563489,-6.8889378]]},"properties":{"name":"Jalan Tol Pasteur","ref":"4"}},
{"type":"Feature","geometry":{"type":"LineString","coordinates":[[107.5622919,-6.8880634],[107.5613599,-6.8880368]]},"properties":{"name":"Jalan Tol Pasteur","ref":"4"}},
{"type":"Feature","geometry":{"type":"LineString","coordinates":[[107.4964588,-6.8520038],[107.4956306,-6.8518216],[107.495015,-6.8521548]]},"properties":{"name":"Jalan Layang Kota Baru Parahyangan","ref":""}},
{"type":"Feature","geometry":{"type":"LineString","coordinates":[[107.4654346,-6.8679999],[107.4685883,-6.8679937]]},"properties":{"name":"","ref":""}},
{"type":"Feature","geometry":{"type":"LineString","coordinates":[[107.5031739,-6.8535191],[107.5006494,-6.8529884]]},"properties":{"name":"Simpang Susun Padalarang","ref":""}},
{"type":"Feature","geometry":{"type":"LineString","coordinates":[[107.4871202,-6.8579424],[107.4849145,-6.8589012]]},"properties":{"name":"Jalan Panyawangan","ref":""}},
{"type":"Feature","geometry":{"type":"LineString","coordinates":[[107.4874813,-6.8578222],[107.4871202,-6.8579424]]},"properties":{"name":"Jalan Panyawangan","ref":""}},
{"type":"Feature","geometry":{"type":"LineString","coordinates":[[107.4987921,-6.852557],[107.4984456,-6.8523284]]},"properties":{"name":"Jalan Layang Kota Baru Parahyangan","ref":""}},
{"type":"Feature","geometry":{"type":"LineString","coordinates":[[107.4704379,-6.8718671],[107.4698429,-6.8724841],[107.4676155,-6.8724774],[107.4672411,-6.872249]]},"properties":{"name":"Jalan Guru Gantangan","ref":""}},
{"type":"Feature","geometry":{"type":"LineString","coordinates":[[107.6065499,-6.9154703],[107.6059861,-6.9155367]]},"properties":{"name":"Jalan Suniaraja","ref":""}},
{"type":"Feature","geometry":{"type":"LineString","coordinates":[[107.6045,-6.907158],[107.6044282,-6.9071102]]},"properties":{"name":"Jalan Pajajaran","ref":"369;371"}},
{"type":"Feature","geometry":{"type":"LineString","coordinates":[[107.606909,-6.9153005],[107.6070945,-6.9151362]]},"properties":{"name":"Jalan Stasiun Timur","ref":""}},
{"type":"Feature","geometry":{"type":"LineString","coordinates":[[107.5000665,-6.8528986],[107.4999132,-6.8528653]]},"properties":{"name":"Simpang Susun Padalarang","ref":""}},
{"type":"Feature","geometry":{"type":"LineString","coordinates":[[107.5299434,-6.8953609],[107.5296112,-6.8950487]]},"properties":{"name":"Jalan Tol Padalarang–Cileunyi","ref":"4"}},
{"type":"Feature","geometry":{"type":"LineString","coordinates":[[107.5977337,-6.9003863],[107.5974469,-6.9003919]]},"properties":{"name":"Jalan Pasteur","ref":""}},
{"type":"Feature","geometry":{"type":"LineString","coordinates":[[107.4687239,-6.8679702],[107.4688015,-6.8679657]]},"properties":{"name":"","ref":""}},
{"type":"Feature","geometry":{"type":"LineString","coordinates":[[107.4685883,-6.8679937],[107.4687239,-6.8679702]]},"properties":{"name":"","ref":""}},
{"type":"Feature","geometry":{"type":"LineString","coordinates":[[107.5796029,-6.8917381],[107.5794055,-6.8916493]]},"properties":{"name":"Jalan Tol Pasteur","ref":"4"}},
{"type":"Feature","geometry":{"type":"LineString","coordinates":[[107.4995416,-6.852775],[107.4992123,-6.8526895]]},"properties":{"name":"Simpang Susun Padalarang","ref":""}},
{"type":"Feature","geometry":{"type":"LineString","coordinates":[[107.5407922,-6.8987381],[107.5402896,-6.8987996]]},"properties":{"name":"Jalan Tol Pasteur","ref":"4"}},
{"type":"Feature","geometry":{"type":"LineString","coordinates":[[107.5409018,-6.8987169],[107.5407922,-6.8987381]]},"properties":{"name":"Jalan Tol Pasteur","ref":"4"}},
{"type":"Feature","geometry":{"type":"LineString","coordinates":[[107.4651877,-6.8666654],[107.4651865,-6.8667329]]},"properties":{"name":"","ref":""}},
{"type":"Feature","geometry":{"type":"LineString","coordinates":[[107.4984456,-6.8523284],[107.4978863,-6.852134],[107.4972734,-6.8521379],[107.4970313,-6.8521271],[107.4964588,-6.8520038]]},"properties":{"name":"Jalan Layang Kota Baru Parahyangan","ref":""}},
{"type":"Feature","geometry":{"type":"LineString","coordinates":[[107.581013,-6.8922632],[107.5796029,-6.8917381]]},"properties":{"name":"Jalan Tol Pasteur","ref":"4"}},
{"type":"Feature","geometry":{"type":"LineString","coordinates":[[107.4919706,-6.8536414],[107.4912795,-6.8543914],[107.490634,-6.8560715],[107.4901266,-6.8567205],[107.4894408,-6.8571858],[107.4874813,-6.8578222]]},"properties":{"name":"Jalan Panyawangan","ref":""}},
{"type":"Feature","geometry":{"type":"LineString","coordinates":[[107.495015,-6.8521548],[107.4947321,-6.8524979]]},"properties":{"name":"KBP East Entrance","ref":""}},
{"type":"Feature","geometry":{"type":"LineString","coordinates":[[107.609044,-6.9105515],[107.6088855,-6.9102984]]},"properties":{"name":"Jalan Wastukancana","ref":""}},
{"type":"Feature","geometry":{"type":"LineString","coordinates":[[107.6045054,-6.9158364],[107.604546,-6.9153572]]},"properties":{"name":"Jalan Otto Iskandardinata","ref":""}},
{"type":"Feature","geometry":{"type":"LineString","coordinates":[[107.5973654,-6.9003949],[107.597049,-6.9003916]]},"properties":{"name":"Jalan Dr. Djunjunan","ref":""}},
{"type":"Feature","geometry":{"type":"LineString","coordinates":[[107.5089388,-6.8691275],[107.5073871,-6.8668892],[107.5061105,-6.8643497]]},"properties":{"name":"Jalan Tol Padalarang–Cileunyi","ref":"4"}},
{"type":"Feature","geometry":{"type":"LineString","coordinates":[[107.4992123,-6.8526895],[107.4987921,-6.852557]]},"properties":{"name":"Simpang Susun Padalarang","ref":""}},
{"type":"Feature","geometry":{"type":"LineString","coordinates":[[107.5003651,-6.8529444],[107.5000665,-6.8528986]]},"properties":{"name":"Simpang Susun Padalarang","ref":""}},
{"type":"Feature","geometry":{"type":"LineString","coordinates":[[107.4997334,-6.8528219],[107.4995416,-6.852775]]},"properties":{"name":"Simpang Susun Padalarang","ref":""}},
{"type":"Feature","geometry":{"type":"LineString","coordinates":[[107.5006494,-6.8529884],[107.5003651,-6.8529444]]},"properties":{"name":"Simpang Susun Padalarang","ref":""}},
{"type":"Feature","geometry":{"type":"LineString","coordinates":[[107.4999132,-6.8528653],[107.4997334,-6.8528219]]},"properties":{"name":"Simpang Susun Padalarang","ref":""}},
{"type":"Feature","geometry":{"type":"LineString","coordinates":[[107.6064066,-6.9149399],[107.606909,-6.9153005]]},"properties":{"name":"Jalan Stasiun Timur","ref":""}},
{"type":"Feature","geometry":{"type":"LineString","coordinates":[[107.5955089,-6.9001209],[107.5950699,-6.8998783]]},"properties":{"name":"Jalan Dr. Djunjunan","ref":""}},
{"type":"Feature","geometry":{"type":"LineString","coordinates":[[107.5431886,-6.8979196],[107.5420423,-6.8984192],[107.5409018,-6.8987169]]},"properties":{"name":"Jalan Tol Pasteur","ref":"4"}},
{"type":"Feature","geometry":{"type":"LineString","coordinates":[[107.5985614,-6.9011751],[107.5984038,-6.9012736]]},"properties":{"name":"Jalan Doktor Louis Otten","ref":""}},
{"type":"Feature","geometry":{"type":"LineString","coordinates":[[107.469214,-6.8664584],[107.4687696,-6.8664642]]},"properties":{"name":"Jalan Parahyangan","ref":""}},
{"type":"Feature","geometry":{"type":"LineString","coordinates":[[107.532999,-6.900052],[107.532218,-6.9001163],[107.5316263,-6.8999078],[107.5311585,-6.8993858],[107.5310086,-6.8987754]]},"properties":{"name":"Simpang Susun Pasteur","ref":""}},
{"type":"Feature","geometry":{"type":"LineString","coordinates":[[107.5337442,-6.899912],[107.532999,-6.900052]]},"properties":{"name":"Simpang Susun Pasteur","ref":""}},
{"type":"Feature","geometry":{"type":"LineString","coordinates":[[107.5350997,-6.899669],[107.5337442,-6.899912]]},"properties":{"name":"Simpang Susun Pasteur","ref":""}},
{"type":"Feature","geometry":{"type":"LineString","coordinates":[[107.6069278,-6.9211397],[107.6064546,-6.9210818]]},"properties":{"name":"Jalan Asia Afrika","ref":""}},
{"type":"Feature","geometry":{"type":"LineString","coordinates":[[107.5811037,-6.8922835],[107.581013,-6.8922632]]},"properties":{"name":"Jalan Dr. Djunjunan","ref":""}},
{"type":"Feature","geometry":{"type":"LineString","coordinates":[[107.6009997,-6.9036058],[107.6009396,-6.9034374]]},"properties":{"name":"Jalan Doktor Louis Otten","ref":""}},
{"type":"Feature","geometry":{"type":"LineString","coordinates":[[107.6013604,-6.9040126],[107.6010968,-6.90402],[107.6009509,-6.9038503]]},"properties":{"name":"Bundaran Rajiman","ref":"1256"}},
{"type":"Feature","geometry":{"type":"LineString","coordinates":[[107.6009509,-6.9038503],[107.6009997,-6.9036058]]},"properties":{"name":"Bundaran Rajiman","ref":"1256"}},
{"type":"Feature","geometry":{"type":"LineString","coordinates":[[107.5356328,-6.8996101],[107.5350997,-6.899669]]},"properties":{"name":"Jalan Tol Pasteur","ref":"4"}},
{"type":"Feature","geometry":{"type":"LineString","coordinates":[[107.5363965,-6.8994915],[107.5356328,-6.8996101]]},"properties":{"name":"Jalan Tol Pasteur","ref":"4"}},
{"type":"Feature","geometry":{"type":"LineString","coordinates":[[107.5533407,-6.8904396],[107.5514694,-6.8915293]]},"properties":{"name":"Jalan Tol Pasteur","ref":"4"}},
{"type":"Feature","geometry":{"type":"LineString","coordinates":[[107.6073185,-6.9143005],[107.6075641,-6.9142136]]},"properties":{"name":"Jalan Perintis Kemerdekaan","ref":""}},
{"type":"Feature","geometry":{"type":"LineString","coordinates":[[107.467251,-6.8662533],[107.4661951,-6.8659828]]},"properties":{"name":"Jalan Parahyangan","ref":""}},
{"type":"Feature","geometry":{"type":"LineString","coordinates":[[107.4687696,-6.8664642],[107.4686667,-6.8664634]]},"properties":{"name":"Jalan Parahyangan","ref":""}},
{"type":"Feature","geometry":{"type":"LineString","coordinates":[[107.6071455,-6.9211653],[107.6069278,-6.9211397]]},"properties":{"name":"Jalan Asia Afrika","ref":""}},
{"type":"Feature","geometry":{"type":"LineString","coordinates":[[107.5794055,-6.8916493],[107.577673,-6.8910831],[107.5746663,-6.8908021],[107.5717755,-6.8899],[107.5650264,-6.8885041],[107.5637501,-6.8882528],[107.5622919,-6.8880634]]},"properties":{"name":"Jalan Tol Pasteur","ref":"4"}},
{"type":"Feature","geometry":{"type":"LineString","coordinates":[[107.4661951,-6.8659828],[107.4652055,-6.8656256]]},"properties":{"name":"Jalan Parahyangan","ref":""}},
{"type":"Feature","geometry":{"type":"LineString","coordinates":[[107.4849145,-6.8589012],[107.4847393,-6.8592136],[107.4844613,-6.8592048]]},"properties":{"name":"Jalan Kota Baru Parahyangan","ref":""}},
{"type":"Feature","geometry":{"type":"LineString","coordinates":[[107.6015193,-6.9048777],[107.601339,-6.9048875]]},"properties":{"name":"Jalan dr. Cipto","ref":"1066"}},
{"type":"Feature","geometry":{"type":"LineString","coordinates":[[107.6014033,-6.9046523],[107.6014361,-6.9042205]]},"properties":{"name":"Jalan Dokter Gunawan Mangunkusumo","ref":""}},
{"type":"Feature","geometry":{"type":"LineString","coordinates":[[107.6014361,-6.9042205],[107.6013604,-6.9040126]]},"properties":{"name":"Jalan Dokter Gunawan Mangunkusumo","ref":""}},
{"type":"Feature","geometry":{"type":"LineString","coordinates":[[107.4556535,-6.8818859],[107.4554476,-6.8818457],[107.4556334,-6.8816863]]},"properties":{"name":"Jalan Lokal","ref":""}},
{"type":"Feature","geometry":{"type":"LineString","coordinates":[[107.4556668,-6.8817166],[107.4556896,-6.8818236]]},"properties":{"name":"Jalan Lokal","ref":""}},
{"type":"Feature","geometry":{"type":"LineString","coordinates":[[107.4556896,-6.8818236],[107.4556535,-6.8818859]]},"properties":{"name":"Jalan Lokal","ref":""}},
{"type":"Feature","geometry":{"type":"LineString","coordinates":[[107.4652055,-6.8656256],[107.4651877,-6.8666654]]},"properties":{"name":"","ref":""}},
{"type":"Feature","geometry":{"type":"LineString","coordinates":[[107.4667984,-6.8717498],[107.4659014,-6.8717545]]},"properties":{"name":"Jalan Guru Gantangan","ref":""}},
{"type":"Feature","geometry":{"type":"LineString","coordinates":[[107.4813933,-6.8614119],[107.4813249,-6.8614742]]},"properties":{"name":"Jalan Parahyangan","ref":""}},
{"type":"Feature","geometry":{"type":"LineString","coordinates":[[107.4813249,-6.8614742],[107.4804538,-6.8623138]]},"properties":{"name":"Jalan Parahyangan","ref":""}},
{"type":"Feature","geometry":{"type":"LineString","coordinates":[[107.4804538,-6.8623138],[107.4803884,-6.8623796]]},"properties":{"name":"Jalan Parahyangan","ref":""}},
{"type":"Feature","geometry":{"type":"LineString","coordinates":[[107.4803884,-6.8623796],[107.4793841,-6.8637028]]},"properties":{"name":"Jalan Parahyangan","ref":""}},
{"type":"Feature","geometry":{"type":"LineString","coordinates":[[107.4793841,-6.8637028],[107.4793117,-6.8637987]]},"properties":{"name":"Jalan Parahyangan","ref":""}},
{"type":"Feature","geometry":{"type":"LineString","coordinates":[[107.4793117,-6.8637987],[107.4787391,-6.8645886]]},"properties":{"name":"Jalan Parahyangan","ref":""}},
{"type":"Feature","geometry":{"type":"LineString","coordinates":[[107.4787391,-6.8645886],[107.4779735,-6.8655351]]},"properties":{"name":"Jalan Parahyangan","ref":""}},
{"type":"Feature","geometry":{"type":"LineString","coordinates":[[107.4779735,-6.8655351],[107.4779258,-6.8655758]]},"properties":{"name":"Jalan Parahyangan","ref":""}},
{"type":"Feature","geometry":{"type":"LineString","coordinates":[[107.4779258,-6.8655758],[107.4770978,-6.8659503]]},"properties":{"name":"Jalan Parahyangan","ref":""}},
{"type":"Feature","geometry":{"type":"LineString","coordinates":[[107.4651865,-6.8667329],[107.4651824,-6.8680042]]},"properties":{"name":"","ref":""}},
{"type":"Feature","geometry":{"type":"LineString","coordinates":[[107.4651824,-6.8680042],[107.4654346,-6.8679999]]},"properties":{"name":"","ref":""}},
{"type":"Feature","geometry":{"type":"LineString","coordinates":[[107.6106377,-6.9069919],[107.610654,-6.909795]]},"properties":{"name":"Jalan Merdeka","ref":""}},
{"type":"Feature","geometry":{"type":"LineString","coordinates":[[107.6079412,-6.9065104],[107.6093359,-6.9068089]]},"properties":{"name":"Jalan L.L. RE. Martadinata","ref":"2318"}},
{"type":"Feature","geometry":{"type":"LineString","coordinates":[[107.6092086,-6.9161842],[107.610072,-6.9165602]]},"properties":{"name":"Jalan Lembong","ref":""}},
{"type":"Feature","geometry":{"type":"LineString","coordinates":[[107.6090254,-6.9139243],[107.6089988,-6.9152244]]},"properties":{"name":"Jalan Braga","ref":""}},
{"type":"Feature","geometry":{"type":"LineString","coordinates":[[107.6103525,-6.9136021],[107.6099474,-6.9139366],[107.609095,-6.9138574]]},"properties":{"name":"Jalan Perintis Kemerdekaan","ref":""}},
{"type":"Feature","geometry":{"type":"LineString","coordinates":[[107.5320142,-6.8974751],[107.5334807,-6.899242]]},"properties":{"name":"Simpang Susun Pasteur","ref":""}},
{"type":"Feature","geometry":{"type":"LineString","coordinates":[[107.5442018,-6.8971096],[107.5489471,-6.8931211],[107.5509038,-6.8917459]]},"properties":{"name":"Jalan Tol Pasteur","ref":"4"}},
{"type":"Feature","geometry":{"type":"LineString","coordinates":[[107.5557732,-6.8890435],[107.556287,-6.8888459]]},"properties":{"name":"Jalan Tol Pasteur","ref":"4"}},
{"type":"Feature","geometry":{"type":"LineString","coordinates":[[107.5766742,-6.8908459],[107.5784177,-6.891176],[107.5803089,-6.8919422]]},"properties":{"name":"Jalan Tol Pasteur","ref":"4"}},
{"type":"Feature","geometry":{"type":"LineString","coordinates":[[107.5509038,-6.8917459],[107.5514155,-6.8914498]]},"properties":{"name":"Jalan Tol Pasteur","ref":"4"}},
{"type":"Feature","geometry":{"type":"LineString","coordinates":[[107.5532875,-6.8903596],[107.5557732,-6.8890435]]},"properties":{"name":"Jalan Tol Pasteur","ref":"4"}},
{"type":"Feature","geometry":{"type":"LineString","coordinates":[[107.5049389,-6.8587713],[107.5053384,-6.8615268],[107.5060155,-6.8637752]]},"properties":{"name":"Jalan Tol Padalarang–Cileunyi","ref":"4"}},
{"type":"Feature","geometry":{"type":"LineString","coordinates":[[107.4843016,-6.858936],[107.4843572,-6.8587619]]},"properties":{"name":"Jalan Kota Baru Parahyangan","ref":""}},
{"type":"Feature","geometry":{"type":"LineString","coordinates":[[107.4940543,-6.8517636],[107.4942868,-6.8516703],[107.4952692,-6.8503346]]},"properties":{"name":"Jalan Kota Baru Parahyangan","ref":""}},
{"type":"Feature","geometry":{"type":"LineString","coordinates":[[107.4698236,-6.8663608],[107.4715875,-6.8664065],[107.4727666,-6.8666285],[107.4746263,-6.8661924],[107.4764356,-6.866007]]},"properties":{"name":"Jalan Parahyangan","ref":""}},
{"type":"Feature","geometry":{"type":"LineString","coordinates":[[107.4764356,-6.866007],[107.4770717,-6.8658522]]},"properties":{"name":"Jalan Parahyangan","ref":""}},
{"type":"Feature","geometry":{"type":"LineString","coordinates":[[107.4692162,-6.8663547],[107.4698236,-6.8663608]]},"properties":{"name":"Jalan Parahyangan","ref":""}},
{"type":"Feature","geometry":{"type":"LineString","coordinates":[[107.4770717,-6.8658522],[107.4778845,-6.8654372]]},"properties":{"name":"Jalan Parahyangan","ref":""}},
{"type":"Feature","geometry":{"type":"LineString","coordinates":[[107.5060155,-6.8637752],[107.5062217,-6.8643278]]},"properties":{"name":"Jalan Tol Padalarang–Cileunyi","ref":"4"}},
{"type":"Feature","geometry":{"type":"LineString","coordinates":[[107.6122092,-6.9201091],[107.6120118,-6.9217387]]},"properties":{"name":"Jalan Tamblong","ref":""}},
{"type":"Feature","geometry":{"type":"LineString","coordinates":[[107.6109278,-6.9169939],[107.6113378,-6.917202]]},"properties":{"name":"Jalan Lembong","ref":""}},
{"type":"Feature","geometry":{"type":"LineString","coordinates":[[107.6042016,-6.9003842],[107.604264,-6.9008715]]},"properties":{"name":"Jalan Cihampelas","ref":""}},
{"type":"Feature","geometry":{"type":"LineString","coordinates":[[107.6041803,-6.900144],[107.6041813,-6.9001579],[107.604189,-6.9002755],[107.6041992,-6.9003596],[107.6042016,-6.9003842]]},"properties":{"name":"Jalan Cihampelas","ref":""}},
{"type":"Feature","geometry":{"type":"LineString","coordinates":[[107.5810582,-6.8921467],[107.5811571,-6.8921678]]},"properties":{"name":"Jalan Dr. Djunjunan","ref":""}},
{"type":"Feature","geometry":{"type":"LineString","coordinates":[[107.5936018,-6.898303],[107.595629,-6.8999074]]},"properties":{"name":"Jalan Dr. Djunjunan","ref":""}},
{"type":"Feature","geometry":{"type":"LineString","coordinates":[[107.5993001,-6.900202],[107.6010655,-6.9002051]]},"properties":{"name":"Jalan Pasteur","ref":""}},
{"type":"Feature","geometry":{"type":"LineString","coordinates":[[107.604369,-6.9041823],[107.604454,-6.9042842]]},"properties":{"name":"Jalan Cihampelas","ref":""}},
{"type":"Feature","geometry":{"type":"LineString","coordinates":[[107.604454,-6.9042842],[107.6045194,-6.9042857]]},"properties":{"name":"Jalan Wastukencana","ref":""}},
{"type":"Feature","geometry":{"type":"LineString","coordinates":[[107.6075644,-6.9054686],[107.6076853,-6.905845]]},"properties":{"name":"Jalan Wastukancana","ref":""}},
{"type":"Feature","geometry":{"type":"LineString","coordinates":[[107.6106164,-6.9099691],[107.6103525,-6.9136021]]},"properties":{"name":"Jalan Merdeka","ref":""}},
{"type":"Feature","geometry":{"type":"LineString","coordinates":[[107.611899,-6.9174826],[107.6123749,-6.9178256],[107.6123918,-6.9182691]]},"properties":{"name":"","ref":""}},
{"type":"Feature","geometry":{"type":"LineString","coordinates":[[107.6093359,-6.9068089],[107.6105769,-6.9069872]]},"properties":{"name":"Jalan L.L. RE. Martadinata","ref":"2318"}},
{"type":"Feature","geometry":{"type":"LineString","coordinates":[[107.6077246,-6.9060495],[107.6079412,-6.9065104]]},"properties":{"name":"Jalan Wastukancana","ref":""}},
{"type":"Feature","geometry":{"type":"LineString","coordinates":[[107.595629,-6.8999074],[107.5970495,-6.9002074]]},"properties":{"name":"Jalan Dr. Djunjunan","ref":""}},
{"type":"Feature","geometry":{"type":"LineString","coordinates":[[107.5819472,-6.8922747],[107.5836678,-6.892264],[107.5845652,-6.8924203],[107.5858569,-6.8930235],[107.5871385,-6.8939896]]},"properties":{"name":"Jalan Dr. Djunjunan","ref":""}},
{"type":"Feature","geometry":{"type":"LineString","coordinates":[[107.5985704,-6.900207],[107.5988968,-6.9002096]]},"properties":{"name":"Jalan Pasteur","ref":""}},
{"type":"Feature","geometry":{"type":"LineString","coordinates":[[107.6072035,-6.9211727],[107.6071455,-6.9211653]]},"properties":{"name":"Jalan Asia Afrika","ref":""}},
{"type":"Feature","geometry":{"type":"LineString","coordinates":[[107.604907,-6.904268],[107.6052645,-6.9040341],[107.6056396,-6.9039773],[107.6065841,-6.9042698]]},"properties":{"name":"Jalan Wastukancana","ref":""}},
{"type":"Feature","geometry":{"type":"LineString","coordinates":[[107.604264,-6.9008715],[107.604369,-6.9041823]]},"properties":{"name":"Jalan Cihampelas","ref":""}},
{"type":"Feature","geometry":{"type":"LineString","coordinates":[[107.5811571,-6.8921678],[107.5819472,-6.8922747]]},"properties":{"name":"Jalan Dr. Djunjunan","ref":""}},
{"type":"Feature","geometry":{"type":"LineString","coordinates":[[107.5977317,-6.9002067],[107.5979866,-6.900214]]},"properties":{"name":"Jalan Pasteur","ref":""}},
{"type":"Feature","geometry":{"type":"LineString","coordinates":[[107.4971959,-6.8514713],[107.4973395,-6.8515925]]},"properties":{"name":"Jalan Raya Padalarang","ref":"11"}},
{"type":"Feature","geometry":{"type":"LineString","coordinates":[[107.4962036,-6.8508025],[107.4969413,-6.8513159]]},"properties":{"name":"Jalan Raya Padalarang","ref":"11"}},
{"type":"Feature","geometry":{"type":"LineString","coordinates":[[107.5062217,-6.8643278],[107.5079772,-6.8675862],[107.5152423,-6.877314],[107.5229882,-6.889066],[107.5251589,-6.8915162],[107.5268948,-6.8929457],[107.529746,-6.8949548],[107.5320142,-6.8974751]]},"properties":{"name":"Jalan Tol Padalarang–Cileunyi","ref":"4"}},
{"type":"Feature","geometry":{"type":"LineString","coordinates":[[107.5871385,-6.8939896],[107.5895178,-6.8957186],[107.5924064,-6.8973127],[107.5936018,-6.898303]]},"properties":{"name":"Jalan Dr. Djunjunan","ref":""}},
{"type":"Feature","geometry":{"type":"LineString","coordinates":[[107.5031961,-6.8533945],[107.5058435,-6.8540389],[107.5062686,-6.8543439],[107.5065689,-6.8548631],[107.5066388,-6.8553998],[107.5065032,-6.8558737],[107.5051903,-6.8573264],[107.5049389,-6.8587713]]},"properties":{"name":"Simpang Susun Padalarang","ref":""}},
{"type":"Feature","geometry":{"type":"LineString","coordinates":[[107.6120118,-6.9217387],[107.6118192,-6.9217111]]},"properties":{"name":"Jalan Asia Afrika","ref":""}},
{"type":"Feature","geometry":{"type":"LineString","coordinates":[[107.6077991,-6.9212366],[107.6072035,-6.9211727]]},"properties":{"name":"Jalan Asia Afrika","ref":""}},
{"type":"Feature","geometry":{"type":"LineString","coordinates":[[107.5401061,-6.8987269],[107.5403015,-6.8986938]]},"properties":{"name":"Jalan Tol Pasteur","ref":"4"}},
{"type":"Feature","geometry":{"type":"LineString","coordinates":[[107.6106377,-6.9069919],[107.6105769,-6.9069872]]},"properties":{"name":"Jalan L.L. RE. Martadinata","ref":"2318"}},
{"type":"Feature","geometry":{"type":"LineString","coordinates":[[107.5613488,-6.887945],[107.5623094,-6.8879609]]},"properties":{"name":"Jalan Tol Pasteur","ref":"4"}},
{"type":"Feature","geometry":{"type":"LineString","coordinates":[[107.556287,-6.8888459],[107.5593678,-6.8880771],[107.5613488,-6.887945]]},"properties":{"name":"Jalan Tol Pasteur","ref":"4"}},
{"type":"Feature","geometry":{"type":"LineString","coordinates":[[107.4956199,-6.8503909],[107.4962036,-6.8508025]]},"properties":{"name":"Jalan Raya Padalarang","ref":"11"}},
{"type":"Feature","geometry":{"type":"LineString","coordinates":[[107.4556334,-6.8816863],[107.4565357,-6.8808902],[107.4576874,-6.8803065],[107.4586664,-6.8800913],[107.4616237,-6.8800727],[107.4621114,-6.8798424],[107.4623622,-6.8793478],[107.4623542,-6.8756856],[107.4629764,-6.8747942],[107.4630659,-6.8718518],[107.4632809,-6.8717026],[107.4657143,-6.8716914]]},"properties":{"name":"Jalan Guru Gantangan","ref":""}},
{"type":"Feature","geometry":{"type":"LineString","coordinates":[[107.5732682,-6.8901054],[107.5742568,-6.8903203]]},"properties":{"name":"Jalan Tol Pasteur","ref":"4"}},
{"type":"Feature","geometry":{"type":"LineString","coordinates":[[107.5623094,-6.8879609],[107.5637612,-6.888141],[107.5663635,-6.8886612],[107.5668358,-6.8887555],[107.572397,-6.8899162]]},"properties":{"name":"Jalan Tol Pasteur","ref":"4"}},
{"type":"Feature","geometry":{"type":"LineString","coordinates":[[107.4870991,-6.8578224],[107.4874491,-6.8577118]]},"properties":{"name":"Jalan Panyawangan","ref":""}},
{"type":"Feature","geometry":{"type":"LineString","coordinates":[[107.4847723,-6.8586782],[107.4870991,-6.8578224]]},"properties":{"name":"Jalan Panyawangan","ref":""}},
{"type":"Feature","geometry":{"type":"LineString","coordinates":[[107.574635,-6.8904026],[107.5747721,-6.8904324]]},"properties":{"name":"Jalan Tol Pasteur","ref":"4"}},
{"type":"Feature","geometry":{"type":"LineString","coordinates":[[107.5742568,-6.8903203],[107.574635,-6.8904026]]},"properties":{"name":"Jalan Tol Pasteur","ref":"4"}},
{"type":"Feature","geometry":{"type":"LineString","coordinates":[[107.4988925,-6.8524025],[107.4991309,-6.8524626]]},"properties":{"name":"Simpang Susun Padalarang","ref":""}},
{"type":"Feature","geometry":{"type":"LineString","coordinates":[[107.61235,-6.918793],[107.6122092,-6.9201091]]},"properties":{"name":"Jalan Tamblong","ref":""}},
{"type":"Feature","geometry":{"type":"LineString","coordinates":[[107.5008416,-6.8528829],[107.5010864,-6.8529534]]},"properties":{"name":"Simpang Susun Padalarang","ref":""}},
{"type":"Feature","geometry":{"type":"LineString","coordinates":[[107.4999894,-6.8525406],[107.5001299,-6.8525699]]},"properties":{"name":"Simpang Susun Padalarang","ref":""}},
{"type":"Feature","geometry":{"type":"LineString","coordinates":[[107.5001299,-6.8525699],[107.5008416,-6.8528829]]},"properties":{"name":"Simpang Susun Padalarang","ref":""}},
{"type":"Feature","geometry":{"type":"LineString","coordinates":[[107.4992862,-6.852491],[107.4995212,-6.8525012]]},"properties":{"name":"Simpang Susun Padalarang","ref":""}},
{"type":"Feature","geometry":{"type":"LineString","coordinates":[[107.4991309,-6.8524626],[107.4992862,-6.852491]]},"properties":{"name":"Simpang Susun Padalarang","ref":""}},
{"type":"Feature","geometry":{"type":"LineString","coordinates":[[107.4952692,-6.8503346],[107.4955273,-6.8503217]]},"properties":{"name":"Jalan Raya Padalarang","ref":""}},
{"type":"Feature","geometry":{"type":"LineString","coordinates":[[107.609095,-6.9138574],[107.6090254,-6.9139243]]},"properties":{"name":"Jalan Perintis Kemerdekaan","ref":""}},
{"type":"Feature","geometry":{"type":"LineString","coordinates":[[107.4657143,-6.8716914],[107.4669833,-6.8716902],[107.4672949,-6.8722013]]},"properties":{"name":"Jalan Guru Gantangan","ref":""}},
{"type":"Feature","geometry":{"type":"LineString","coordinates":[[107.4672949,-6.8722013],[107.4676586,-6.8724237],[107.469765,-6.8724205],[107.4700417,-6.8722477],[107.4702856,-6.8717601]]},"properties":{"name":"Jalan Guru Gantangan","ref":""}},
{"type":"Feature","geometry":{"type":"LineString","coordinates":[[107.6080507,-6.92126],[107.6077991,-6.9212366]]},"properties":{"name":"Jalan Asia Afrika","ref":""}},
{"type":"Feature","geometry":{"type":"LineString","coordinates":[[107.607556,-6.9054463],[107.6075644,-6.9054686]]},"properties":{"name":"Jalan Wastukancana","ref":""}},
{"type":"Feature","geometry":{"type":"LineString","coordinates":[[107.4687239,-6.8679702],[107.4686667,-6.8664634]]},"properties":{"name":"Jalan Gelap Nyawang","ref":""}},
{"type":"Feature","geometry":{"type":"LineString","coordinates":[[107.4687633,-6.8663594],[107.4692162,-6.8663547]]},"properties":{"name":"Jalan Parahyangan","ref":""}},
{"type":"Feature","geometry":{"type":"LineString","coordinates":[[107.4874491,-6.8577118],[107.4892812,-6.8570951],[107.4899844,-6.8566524],[107.4904865,-6.8559994],[107.4913222,-6.8540756],[107.4934922,-6.8523177]]},"properties":{"name":"Jalan Panyawangan","ref":""}},
{"type":"Feature","geometry":{"type":"LineString","coordinates":[[107.5973566,-6.9002078],[107.5974384,-6.9002085]]},"properties":{"name":"Jalan Dokter Djundjunan Setiakusumah","ref":""}},
{"type":"Feature","geometry":{"type":"LineString","coordinates":[[107.4934922,-6.8523177],[107.4936319,-6.8519114],[107.4940543,-6.8517636]]},"properties":{"name":"Jalan Kota Baru Parahyangan","ref":""}},
{"type":"Feature","geometry":{"type":"LineString","coordinates":[[107.610654,-6.909795],[107.6106164,-6.9099691]]},"properties":{"name":"Jalan Merdeka","ref":""}},
{"type":"Feature","geometry":{"type":"LineString","coordinates":[[107.610072,-6.9165602],[107.6109278,-6.9169939]]},"properties":{"name":"Jalan Lembong","ref":""}},
{"type":"Feature","geometry":{"type":"LineString","coordinates":[[107.6089865,-6.9159412],[107.6092086,-6.9161842]]},"properties":{"name":"Jalan Lembong","ref":""}},
{"type":"Feature","geometry":{"type":"LineString","coordinates":[[107.4981443,-6.852042],[107.4987893,-6.852358]]},"properties":{"name":"Simpang Susun Padalarang","ref":""}},
{"type":"Feature","geometry":{"type":"LineString","coordinates":[[107.5010864,-6.8529534],[107.5031961,-6.8533945]]},"properties":{"name":"Simpang Susun Padalarang","ref":""}},
{"type":"Feature","geometry":{"type":"LineString","coordinates":[[107.4987893,-6.852358],[107.4988925,-6.8524025]]},"properties":{"name":"Simpang Susun Padalarang","ref":""}},
{"type":"Feature","geometry":{"type":"LineString","coordinates":[[107.4973395,-6.8515925],[107.4981443,-6.852042]]},"properties":{"name":"Simpang Susun Padalarang","ref":""}},
{"type":"Feature","geometry":{"type":"LineString","coordinates":[[107.4995212,-6.8525012],[107.4997348,-6.8525037]]},"properties":{"name":"Simpang Susun Padalarang","ref":""}},
{"type":"Feature","geometry":{"type":"LineString","coordinates":[[107.4997348,-6.8525037],[107.4999894,-6.8525406]]},"properties":{"name":"Simpang Susun Padalarang","ref":""}},
{"type":"Feature","geometry":{"type":"LineString","coordinates":[[107.5383108,-6.8990527],[107.5401061,-6.8987269]]},"properties":{"name":"Jalan Tol Pasteur","ref":"4"}},
{"type":"Feature","geometry":{"type":"LineString","coordinates":[[107.5334807,-6.899242],[107.5345655,-6.8996219],[107.5356184,-6.8995347]]},"properties":{"name":"Simpang Susun Pasteur","ref":""}},
{"type":"Feature","geometry":{"type":"LineString","coordinates":[[107.5429076,-6.8979358],[107.5442018,-6.8971096]]},"properties":{"name":"Jalan Tol Pasteur","ref":"4"}},
{"type":"Feature","geometry":{"type":"LineString","coordinates":[[107.5403015,-6.8986938],[107.5429076,-6.8979358]]},"properties":{"name":"Jalan Tol Pasteur","ref":"4"}},
{"type":"Feature","geometry":{"type":"LineString","coordinates":[[107.5747721,-6.8904324],[107.5766742,-6.8908459]]},"properties":{"name":"Jalan Tol Pasteur","ref":"4"}},
{"type":"Feature","geometry":{"type":"LineString","coordinates":[[107.572397,-6.8899162],[107.5732682,-6.8901054]]},"properties":{"name":"Jalan Tol Pasteur","ref":"4"}},
{"type":"Feature","geometry":{"type":"LineString","coordinates":[[107.6035214,-6.9002184],[107.6041803,-6.900144]]},"properties":{"name":"Jalan Pasteur","ref":""}},
{"type":"Feature","geometry":{"type":"LineString","coordinates":[[107.6031071,-6.9002112],[107.6035214,-6.9002184]]},"properties":{"name":"Jalan Pasteur","ref":""}},
{"type":"Feature","geometry":{"type":"LineString","coordinates":[[107.6047378,-6.9043028],[107.604907,-6.904268]]},"properties":{"name":"Jalan Wastukancana","ref":""}},
{"type":"Feature","geometry":{"type":"LineString","coordinates":[[107.6045194,-6.9042857],[107.6047378,-6.9043028]]},"properties":{"name":"Jalan Wastukancana","ref":""}},
{"type":"Feature","geometry":{"type":"LineString","coordinates":[[107.5803089,-6.8919422],[107.5810582,-6.8921467]]},"properties":{"name":"Jalan Tol Pasteur","ref":"4"}},
{"type":"Feature","geometry":{"type":"LineString","coordinates":[[107.5974384,-6.9002085],[107.5977317,-6.9002067]]},"properties":{"name":"Jalan Pasteur","ref":""}},
{"type":"Feature","geometry":{"type":"LineString","coordinates":[[107.6074587,-6.9052269],[107.607556,-6.9054463]]},"properties":{"name":"Jalan Wastukancana","ref":""}},
{"type":"Feature","geometry":{"type":"LineString","coordinates":[[107.5979866,-6.900214],[107.5985704,-6.900207]]},"properties":{"name":"Jalan Pasteur","ref":""}},
{"type":"Feature","geometry":{"type":"LineString","coordinates":[[107.4702856,-6.8717601],[107.4695079,-6.8709954],[107.4689821,-6.8700875],[107.4688047,-6.8695486],[107.4687239,-6.8679702]]},"properties":{"name":"Jalan Gelap Nyawang","ref":""}},
{"type":"Feature","geometry":{"type":"LineString","coordinates":[[107.6089988,-6.9152244],[107.6089865,-6.9159412]]},"properties":{"name":"Jalan Braga","ref":""}},
{"type":"Feature","geometry":{"type":"LineString","coordinates":[[107.6022753,-6.900203],[107.6031071,-6.9002112]]},"properties":{"name":"Jalan Pasteur","ref":""}},
{"type":"Feature","geometry":{"type":"LineString","coordinates":[[107.5970495,-6.9002074],[107.5973566,-6.9002078]]},"properties":{"name":"Jalan Dr. Djunjunan","ref":""}},
{"type":"Feature","geometry":{"type":"LineString","coordinates":[[107.5988968,-6.9002096],[107.5993001,-6.900202]]},"properties":{"name":"Jalan Pasteur","ref":""}},
{"type":"Feature","geometry":{"type":"LineString","coordinates":[[107.6076853,-6.905845],[107.6077246,-6.9060495]]},"properties":{"name":"Jalan Wastukancana","ref":""}},
{"type":"Feature","geometry":{"type":"LineString","coordinates":[[107.6070138,-6.9046],[107.6071411,-6.9047305]]},"properties":{"name":"Jalan Wastukancana","ref":""}},
{"type":"Feature","geometry":{"type":"LineString","coordinates":[[107.6071411,-6.9047305],[107.6074587,-6.9052269]]},"properties":{"name":"Jalan Wastukancana","ref":""}},
{"type":"Feature","geometry":{"type":"LineString","coordinates":[[107.5356184,-6.8995347],[107.5363457,-6.8993873]]},"properties":{"name":"Jalan Tol Pasteur","ref":"4"}},
{"type":"Feature","geometry":{"type":"LineString","coordinates":[[107.5363457,-6.8993873],[107.5383108,-6.8990527]]},"properties":{"name":"Jalan Tol Pasteur","ref":"4"}},
{"type":"Feature","geometry":{"type":"LineString","coordinates":[[107.5514155,-6.8914498],[107.5532875,-6.8903596]]},"properties":{"name":"Jalan Tol Pasteur","ref":"4"}},
{"type":"Feature","geometry":{"type":"LineString","coordinates":[[107.6069187,-6.9045127],[107.6070138,-6.9046]]},"properties":{"name":"Jalan Wastukancana","ref":""}},
{"type":"Feature","geometry":{"type":"LineString","coordinates":[[107.6065841,-6.9042698],[107.6069187,-6.9045127]]},"properties":{"name":"Jalan Wastukancana","ref":""}},
{"type":"Feature","geometry":{"type":"LineString","coordinates":[[107.4969413,-6.8513159],[107.4971959,-6.8514713]]},"properties":{"name":"Jalan Raya Padalarang","ref":"11"}},
{"type":"Feature","geometry":{"type":"LineString","coordinates":[[107.46866,-6.8663613],[107.4687633,-6.8663594]]},"properties":{"name":"Jalan Parahyangan","ref":""}},
{"type":"Feature","geometry":{"type":"LineString","coordinates":[[107.4686667,-6.8664634],[107.46866,-6.8663613]]},"properties":{"name":"Jalan Parahyangan","ref":""}},
{"type":"Feature","geometry":{"type":"LineString","coordinates":[[107.6010655,-6.9002051],[107.6022753,-6.900203]]},"properties":{"name":"Jalan Pasteur","ref":""}},
{"type":"Feature","geometry":{"type":"LineString","coordinates":[[107.6123918,-6.9182691],[107.61235,-6.918793]]},"properties":{"name":"Jalan Tamblong","ref":""}},
{"type":"Feature","geometry":{"type":"LineString","coordinates":[[107.4955273,-6.8503217],[107.4956199,-6.8503909]]},"properties":{"name":"Jalan Raya Padalarang","ref":"11"}},
{"type":"Feature","geometry":{"type":"LineString","coordinates":[[107.4843572,-6.8587619],[107.4847723,-6.8586782]]},"properties":{"name":"Jalan Kota Baru Parahyangan","ref":""}},
{"type":"Feature","geometry":{"type":"LineString","coordinates":[[107.4556535,-6.8818859],[107.4554476,-6.8818457],[107.4556334,-6.8816863]]},"properties":{"name":"Jalan Lokal","ref":""}},
{"type":"Feature","geometry":{"type":"LineString","coordinates":[[107.6113378,-6.917202],[107.6114765,-6.9172727]]},"properties":{"name":"Jalan Lembong","ref":""}},
{"type":"Feature","geometry":{"type":"LineString","coordinates":[[107.6114765,-6.9172727],[107.6115788,-6.9173248]]},"properties":{"name":"Jalan Lembong","ref":""}},
{"type":"Feature","geometry":{"type":"LineString","coordinates":[[107.6115788,-6.9173248],[107.611899,-6.9174826]]},"properties":{"name":"Jalan Lembong","ref":""}},
{"type":"Feature","geometry":{"type":"LineString","coordinates":[[107.6098247,-6.9214728],[107.6094601,-6.9214292]]},"properties":{"name":"Jalan Asia Afrika","ref":""}},
{"type":"Feature","geometry":{"type":"LineString","coordinates":[[107.6094601,-6.9214292],[107.6092781,-6.9214081]]},"properties":{"name":"Jalan Asia Afrika","ref":""}},
{"type":"Feature","geometry":{"type":"LineString","coordinates":[[107.6092781,-6.9214081],[107.6087887,-6.9213491]]},"properties":{"name":"Jalan Asia Afrika","ref":""}},
{"type":"Feature","geometry":{"type":"LineString","coordinates":[[107.6087887,-6.9213491],[107.6082703,-6.9212857]]},"properties":{"name":"Jalan Asia Afrika","ref":""}},
{"type":"Feature","geometry":{"type":"LineString","coordinates":[[107.6082703,-6.9212857],[107.6080507,-6.92126]]},"properties":{"name":"Jalan Asia Afrika","ref":""}},
{"type":"Feature","geometry":{"type":"LineString","coordinates":[[107.6118192,-6.9217111],[107.6114983,-6.9216723]]},"properties":{"name":"Jalan Asia Afrika","ref":""}},
{"type":"Feature","geometry":{"type":"LineString","coordinates":[[107.6114983,-6.9216723],[107.6114205,-6.9216629]]},"properties":{"name":"Jalan Asia Afrika","ref":""}},
{"type":"Feature","geometry":{"type":"LineString","coordinates":[[107.6114205,-6.9216629],[107.6112374,-6.9216415]]},"properties":{"name":"Jalan Asia Afrika","ref":""}},
{"type":"Feature","geometry":{"type":"LineString","coordinates":[[107.6112374,-6.9216415],[107.6108437,-6.9215945]]},"properties":{"name":"Jalan Asia Afrika","ref":""}},
{"type":"Feature","geometry":{"type":"LineString","coordinates":[[107.6108437,-6.9215945],[107.6106298,-6.9215692]]},"properties":{"name":"Jalan Asia Afrika","ref":""}},
{"type":"Feature","geometry":{"type":"LineString","coordinates":[[107.6106298,-6.9215692],[107.6104268,-6.9215449]]},"properties":{"name":"Jalan Asia Afrika","ref":""}},
{"type":"Feature","geometry":{"type":"LineString","coordinates":[[107.6104268,-6.9215449],[107.610212,-6.9215192]]},"properties":{"name":"Jalan Asia Afrika","ref":""}},
{"type":"Feature","geometry":{"type":"LineString","coordinates":[[107.610212,-6.9215192],[107.6101457,-6.9215112]]},"properties":{"name":"Jalan Asia Afrika","ref":""}},
{"type":"Feature","geometry":{"type":"LineString","coordinates":[[107.6101457,-6.9215112],[107.6099811,-6.9214915]]},"properties":{"name":"Jalan Asia Afrika","ref":""}},
{"type":"Feature","geometry":{"type":"LineString","coordinates":[[107.6099811,-6.9214915],[107.6098247,-6.9214728]]},"properties":{"name":"Jalan Asia Afrika","ref":""}},
{"type":"Feature","geometry":{"type":"LineString","coordinates":[[107.4778845,-6.8654372],[107.4779539,-6.8653639]]},"properties":{"name":"Jalan Parahyangan","ref":""}},
{"type":"Feature","geometry":{"type":"LineString","coordinates":[[107.4779539,-6.8653639],[107.478623,-6.8644852]]},"properties":{"name":"Jalan Parahyangan","ref":""}},
{"type":"Feature","geometry":{"type":"LineString","coordinates":[[107.478623,-6.8644852],[107.4787665,-6.8642969]]},"properties":{"name":"Jalan Parahyangan","ref":""}},
{"type":"Feature","geometry":{"type":"LineString","coordinates":[[107.4787665,-6.8642969],[107.4793221,-6.8635501]]},"properties":{"name":"Jalan Parahyangan","ref":""}},
{"type":"Feature","geometry":{"type":"LineString","coordinates":[[107.4793221,-6.8635501],[107.4800828,-6.862553]]},"properties":{"name":"Jalan Parahyangan","ref":""}},
{"type":"Feature","geometry":{"type":"LineString","coordinates":[[107.4800828,-6.862553],[107.4812216,-6.8613836]]},"properties":{"name":"Jalan Parahyangan","ref":""}},
{"type":"Feature","geometry":{"type":"LineString","coordinates":[[107.4812216,-6.8613836],[107.4812976,-6.8613194]]},"properties":{"name":"Jalan Parahyangan","ref":""}},
{"type":"Feature","geometry":{"type":"LineString","coordinates":[[107.4812976,-6.8613194],[107.4824943,-6.8602586]]},"properties":{"name":"Jalan Parahyangan","ref":""}},
{"type":"Feature","geometry":{"type":"LineString","coordinates":[[107.4824943,-6.8602586],[107.4841227,-6.8591076]]},"properties":{"name":"Jalan Parahyangan","ref":""}},
{"type":"Feature","geometry":{"type":"LineString","coordinates":[[107.4841227,-6.8591076],[107.4843016,-6.858936]]},"properties":{"name":"Jalan Parahyangan","ref":""}},
{"type":"Feature","geometry":{"type":"LineString","coordinates":[[107.5744266,-6.9194787],[107.575014,-6.9236585]]},"properties":{"name":"Jalan Soekarno-Hatta","ref":"11"}},
{"type":"Feature","geometry":{"type":"LineString","coordinates":[[107.5755571,-6.9135373],[107.5748897,-6.9155407]]},"properties":{"name":"Jalan Elang","ref":"11"}},
{"type":"Feature","geometry":{"type":"LineString","coordinates":[[107.6336406,-6.9478818],[107.6400988,-6.945893]]},"properties":{"name":"Jalan Soekarno-Hatta","ref":"11"}},
{"type":"Feature","geometry":{"type":"LineString","coordinates":[[107.621611,-6.9491677],[107.6219888,-6.9491964]]},"properties":{"name":"Jalan Soekarno-Hatta","ref":"11"}},
{"type":"Feature","geometry":{"type":"LineString","coordinates":[[107.6219888,-6.9491964],[107.6249026,-6.9494354]]},"properties":{"name":"Jalan Soekarno-Hatta","ref":"11"}},
{"type":"Feature","geometry":{"type":"LineString","coordinates":[[107.575014,-6.9236585],[107.5753412,-6.9258096]]},"properties":{"name":"Jalan Soekarno-Hatta","ref":"11"}},
{"type":"Feature","geometry":{"type":"LineString","coordinates":[[107.5863956,-6.9441848],[107.5888658,-6.9451811]]},"properties":{"name":"Jalan Soekarno-Hatta","ref":"11"}},
{"type":"Feature","geometry":{"type":"LineString","coordinates":[[107.5905372,-6.9458885],[107.5920057,-6.9464327]]},"properties":{"name":"Jalan Soekarno-Hatta","ref":"11"}},
{"type":"Feature","geometry":{"type":"LineString","coordinates":[[107.5760593,-6.9304537],[107.5761295,-6.9307327]]},"properties":{"name":"Jalan Soekarno-Hatta","ref":"11"}},
{"type":"Feature","geometry":{"type":"LineString","coordinates":[[107.6124767,-6.9485183],[107.6196694,-6.9490241]]},"properties":{"name":"Jalan Soekarno-Hatta","ref":"11"}},
{"type":"Feature","geometry":{"type":"LineString","coordinates":[[107.6215191,-6.9491613],[107.621611,-6.9491677]]},"properties":{"name":"Jalan Soekarno-Hatta","ref":"11"}},
{"type":"Feature","geometry":{"type":"LineString","coordinates":[[107.6094101,-6.9482727],[107.6097206,-6.9482923]]},"properties":{"name":"Jalan Soekarno-Hatta","ref":"11"}},
{"type":"Feature","geometry":{"type":"LineString","coordinates":[[107.6400988,-6.945893],[107.6404015,-6.9458025]]},"properties":{"name":"Jalan Soekarno-Hatta","ref":"11"}},
{"type":"Feature","geometry":{"type":"LineString","coordinates":[[107.6526343,-6.9418642],[107.6528244,-6.9418009]]},"properties":{"name":"Jalan Soekarno-Hatta","ref":""}},
{"type":"Feature","geometry":{"type":"LineString","coordinates":[[107.6608909,-6.9394147],[107.6638937,-6.9389862],[107.6690273,-6.9386024]]},"properties":{"name":"Jalan Soekarno-Hatta","ref":""}},
{"type":"Feature","geometry":{"type":"LineString","coordinates":[[107.6820516,-6.9376753],[107.6845012,-6.9375117]]},"properties":{"name":"Jalan Soekarno-Hatta","ref":""}},
{"type":"Feature","geometry":{"type":"LineString","coordinates":[[107.6811571,-6.9377409],[107.6820516,-6.9376753]]},"properties":{"name":"Jalan Soekarno-Hatta","ref":""}},
{"type":"Feature","geometry":{"type":"LineString","coordinates":[[107.6773491,-6.9380105],[107.6803968,-6.9378003]]},"properties":{"name":"Soekarno Hatta Frontage Boulevard","ref":""}},
{"type":"Feature","geometry":{"type":"LineString","coordinates":[[107.6881164,-6.9372393],[107.6919976,-6.9369777]]},"properties":{"name":"Soekarno Hatta Frontage Boulevard","ref":""}},
{"type":"Feature","geometry":{"type":"LineString","coordinates":[[107.5756277,-6.9276758],[107.5759894,-6.9300668]]},"properties":{"name":"Jalan Soekarno-Hatta","ref":"11"}},
{"type":"Feature","geometry":{"type":"LineString","coordinates":[[107.5761295,-6.9307327],[107.5766269,-6.9322818],[107.577519,-6.9342396],[107.5812002,-6.9397265],[107.5823106,-6.941111]]},"properties":{"name":"Jalan Soekarno-Hatta","ref":"11"}},
{"type":"Feature","geometry":{"type":"LineString","coordinates":[[107.6404015,-6.9458025],[107.6413988,-6.945524]]},"properties":{"name":"Jalan Soekarno-Hatta","ref":"11"}},
{"type":"Feature","geometry":{"type":"LineString","coordinates":[[107.5745791,-6.9171828],[107.5744512,-6.9169972]]},"properties":{"name":"Bunderan Cibeureum","ref":"11"}},
{"type":"Feature","geometry":{"type":"LineString","coordinates":[[107.6742862,-6.9382242],[107.6744202,-6.9382178]]},"properties":{"name":"Soekarno Hatta Frontage Boulevard","ref":""}},
{"type":"Feature","geometry":{"type":"LineString","coordinates":[[107.6728746,-6.9383241],[107.6742862,-6.9382242]]},"properties":{"name":"Jalan Soekarno-Hatta","ref":""}},
{"type":"Feature","geometry":{"type":"LineString","coordinates":[[107.6696795,-6.9385517],[107.6698031,-6.9385447]]},"properties":{"name":"Jalan Soekarno-Hatta","ref":""}},
{"type":"Feature","geometry":{"type":"LineString","coordinates":[[107.6698031,-6.9385447],[107.6725046,-6.9383493]]},"properties":{"name":"Jalan Soekarno-Hatta","ref":""}},
{"type":"Feature","geometry":{"type":"LineString","coordinates":[[107.6947974,-6.9367477],[107.6951573,-6.936726]]},"properties":{"name":"Jalan Soekarno-Hatta","ref":""}},
{"type":"Feature","geometry":{"type":"LineString","coordinates":[[107.6973063,-6.9365674],[107.6996008,-6.9363931]]},"properties":{"name":"Jalan Soekarno-Hatta","ref":""}},
{"type":"Feature","geometry":{"type":"LineString","coordinates":[[107.6845012,-6.9375117],[107.6847668,-6.9374899]]},"properties":{"name":"Soekarno Hatta Frontage Boulevard","ref":""}},
{"type":"Feature","geometry":{"type":"LineString","coordinates":[[107.6865016,-6.9373601],[107.6881164,-6.9372393]]},"properties":{"name":"Jalan Soekarno-Hatta","ref":""}},
{"type":"Feature","geometry":{"type":"LineString","coordinates":[[107.6054387,-6.9480071],[107.6089854,-6.9482416]]},"properties":{"name":"Jalan Soekarno-Hatta","ref":"11"}},
{"type":"Feature","geometry":{"type":"LineString","coordinates":[[107.6039667,-6.9478945],[107.6041277,-6.947905]]},"properties":{"name":"Jalan Soekarno-Hatta","ref":"11"}},
{"type":"Feature","geometry":{"type":"LineString","coordinates":[[107.5744159,-6.9173911],[107.5744266,-6.9194787]]},"properties":{"name":"Jalan Soekarno-Hatta","ref":"11"}},
{"type":"Feature","geometry":{"type":"LineString","coordinates":[[107.5831212,-6.9419015],[107.5844282,-6.9430135]]},"properties":{"name":"Jalan Soekarno-Hatta","ref":"11"}},
{"type":"Feature","geometry":{"type":"LineString","coordinates":[[107.6558473,-6.9408628],[107.6561907,-6.9407508]]},"properties":{"name":"Jalan Soekarno-Hatta","ref":""}},
{"type":"Feature","geometry":{"type":"LineString","coordinates":[[107.6528244,-6.9418009],[107.6558473,-6.9408628]]},"properties":{"name":"Jalan Soekarno-Hatta","ref":""}},
{"type":"Feature","geometry":{"type":"LineString","coordinates":[[107.69298,-6.9368731],[107.6943211,-6.9367804]]},"properties":{"name":"Jalan Soekarno-Hatta","ref":""}},
{"type":"Feature","geometry":{"type":"LineString","coordinates":[[107.6249026,-6.9494354],[107.6259741,-6.9494625]]},"properties":{"name":"Jalan Soekarno-Hatta","ref":"11"}},
{"type":"Feature","geometry":{"type":"LineString","coordinates":[[107.6262747,-6.9494594],[107.6285395,-6.9492726],[107.6309791,-6.9487354]]},"properties":{"name":"Jalan Soekarno-Hatta","ref":"11"}},
{"type":"Feature","geometry":{"type":"LineString","coordinates":[[107.6097206,-6.9482923],[107.6124767,-6.9485183]]},"properties":{"name":"Jalan Soekarno-Hatta","ref":"11"}},
{"type":"Feature","geometry":{"type":"LineString","coordinates":[[107.6926303,-6.9369434],[107.6927341,-6.9369416]]},"properties":{"name":"Jalan Soekarno-Hatta","ref":"11"}},
{"type":"Feature","geometry":{"type":"LineString","coordinates":[[107.6309791,-6.9487354],[107.6330447,-6.9480758]]},"properties":{"name":"Jalan Soekarno-Hatta","ref":"11"}},
{"type":"Feature","geometry":{"type":"LineString","coordinates":[[107.6330447,-6.9480758],[107.6332967,-6.9479888]]},"properties":{"name":"Jalan Soekarno-Hatta","ref":"11"}},
{"type":"Feature","geometry":{"type":"LineString","coordinates":[[107.6332967,-6.9479888],[107.6333973,-6.9479551]]},"properties":{"name":"Jalan Soekarno-Hatta","ref":"11"}},
{"type":"Feature","geometry":{"type":"LineString","coordinates":[[107.6487109,-6.9431279],[107.6526343,-6.9418642]]},"properties":{"name":"Jalan Soekarno-Hatta","ref":""}},
{"type":"Feature","geometry":{"type":"LineString","coordinates":[[107.6413988,-6.945524],[107.641837,-6.9453875]]},"properties":{"name":"Jalan Soekarno-Hatta","ref":"11"}},
{"type":"Feature","geometry":{"type":"LineString","coordinates":[[107.6419307,-6.9453525],[107.6422973,-6.9452119]]},"properties":{"name":"Jalan Soekarno-Hatta","ref":"11"}},
{"type":"Feature","geometry":{"type":"LineString","coordinates":[[107.5753412,-6.9258096],[107.5755137,-6.9269292]]},"properties":{"name":"Jalan Soekarno-Hatta","ref":"11"}},
{"type":"Feature","geometry":{"type":"LineString","coordinates":[[107.5745601,-6.9172787],[107.5744159,-6.9173911]]},"properties":{"name":"Bunderan Cibeureum","ref":"11"}},
{"type":"Feature","geometry":{"type":"LineString","coordinates":[[107.5897693,-6.9455492],[107.5899638,-6.9456485]]},"properties":{"name":"Jalan Soekarno-Hatta","ref":"11"}},
{"type":"Feature","geometry":{"type":"LineString","coordinates":[[107.5760414,-6.9303848],[107.5760593,-6.9304537]]},"properties":{"name":"Jalan Soekarno-Hatta","ref":"11"}},
{"type":"Feature","geometry":{"type":"LineString","coordinates":[[107.5894219,-6.9454078],[107.5897088,-6.945521]]},"properties":{"name":"Jalan Soekarno-Hatta","ref":"11"}},
{"type":"Feature","geometry":{"type":"LineString","coordinates":[[107.6041277,-6.947905],[107.6054387,-6.9480071]]},"properties":{"name":"Jalan Soekarno-Hatta","ref":"11"}},
{"type":"Feature","geometry":{"type":"LineString","coordinates":[[107.6089854,-6.9482416],[107.6094101,-6.9482727]]},"properties":{"name":"Jalan Soekarno-Hatta","ref":"11"}},
{"type":"Feature","geometry":{"type":"LineString","coordinates":[[107.5952745,-6.9472037],[107.5955093,-6.9472465]]},"properties":{"name":"Jalan Soekarno-Hatta","ref":"11"}},
{"type":"Feature","geometry":{"type":"LineString","coordinates":[[107.5849105,-6.9433545],[107.5863956,-6.9441848]]},"properties":{"name":"Jalan Soekarno-Hatta","ref":"11"}},
{"type":"Feature","geometry":{"type":"LineString","coordinates":[[107.5955093,-6.9472465],[107.598288,-6.947504]]},"properties":{"name":"Jalan Soekarno-Hatta","ref":"11"}},
{"type":"Feature","geometry":{"type":"LineString","coordinates":[[107.598288,-6.947504],[107.5999463,-6.9476316]]},"properties":{"name":"Jalan Soekarno-Hatta","ref":"11"}},
{"type":"Feature","geometry":{"type":"LineString","coordinates":[[107.6025818,-6.9478249],[107.6039667,-6.9478945]]},"properties":{"name":"Jalan Soekarno-Hatta","ref":"11"}},
{"type":"Feature","geometry":{"type":"LineString","coordinates":[[107.5748897,-6.9155407],[107.5743593,-6.9169831]]},"properties":{"name":"Jalan Elang","ref":"11"}},
{"type":"Feature","geometry":{"type":"LineString","coordinates":[[107.5745791,-6.9171828],[107.5745601,-6.9172787]]},"properties":{"name":"Bunderan Cibeureum","ref":"11"}},
{"type":"Feature","geometry":{"type":"LineString","coordinates":[[107.6000414,-6.9476386],[107.6016723,-6.9477582]]},"properties":{"name":"Jalan Soekarno-Hatta","ref":"11"}},
{"type":"Feature","geometry":{"type":"LineString","coordinates":[[107.5999463,-6.9476316],[107.6000414,-6.9476386]]},"properties":{"name":"Jalan Soekarno-Hatta","ref":"11"}},
{"type":"Feature","geometry":{"type":"LineString","coordinates":[[107.6016723,-6.9477582],[107.6025818,-6.9478249]]},"properties":{"name":"Jalan Soekarno-Hatta","ref":"11"}},
{"type":"Feature","geometry":{"type":"LineString","coordinates":[[107.6927341,-6.9369416],[107.69298,-6.9368731]]},"properties":{"name":"Jalan Soekarno-Hatta","ref":""}},
{"type":"Feature","geometry":{"type":"LineString","coordinates":[[107.6922068,-6.9369654],[107.6925509,-6.9369475]]},"properties":{"name":"Jalan Soekarno-Hatta","ref":"11"}},
{"type":"Feature","geometry":{"type":"LineString","coordinates":[[107.6961144,-6.9366546],[107.6971378,-6.936579]]},"properties":{"name":"Jalan Soekarno-Hatta","ref":""}},
{"type":"Feature","geometry":{"type":"LineString","coordinates":[[107.6951573,-6.936726],[107.6961144,-6.9366546]]},"properties":{"name":"Jalan Soekarno-Hatta","ref":""}},
{"type":"Feature","geometry":{"type":"LineString","coordinates":[[107.7108932,-6.935568],[107.7114824,-6.9355257]]},"properties":{"name":"Jalan Soekarno-Hatta","ref":""}},
{"type":"Feature","geometry":{"type":"LineString","coordinates":[[107.706611,-6.935863],[107.7103429,-6.9355981]]},"properties":{"name":"Jalan Soekarno-Hatta","ref":""}},
{"type":"Feature","geometry":{"type":"LineString","coordinates":[[107.7178073,-6.9347559],[107.7179278,-6.9350723],[107.717711,-6.9352563]]},"properties":{"name":"Bunderan Cibiru","ref":"11"}},
{"type":"Feature","geometry":{"type":"LineString","coordinates":[[107.7174158,-6.9348982],[107.7177552,-6.9347327]]},"properties":{"name":"Bunderan Cibiru","ref":"11"}},
{"type":"Feature","geometry":{"type":"LineString","coordinates":[[107.715834,-6.9352156],[107.7169834,-6.9351648]]},"properties":{"name":"Jalan Soekarno-Hatta","ref":""}},
{"type":"Feature","geometry":{"type":"LineString","coordinates":[[107.7169834,-6.9351648],[107.7174158,-6.9348982]]},"properties":{"name":"Jalan Soekarno-Hatta","ref":"11"}},
{"type":"Feature","geometry":{"type":"LineString","coordinates":[[107.5888658,-6.9451811],[107.5894219,-6.9454078]]},"properties":{"name":"Jalan Soekarno-Hatta","ref":"11"}},
{"type":"Feature","geometry":{"type":"LineString","coordinates":[[107.6744202,-6.9382178],[107.6773491,-6.9380105]]},"properties":{"name":"Jalan Soekarno-Hatta","ref":""}},
{"type":"Feature","geometry":{"type":"LineString","coordinates":[[107.6803968,-6.9378003],[107.6811571,-6.9377409]]},"properties":{"name":"Soekarno Hatta Frontage Boulevard","ref":""}},
{"type":"Feature","geometry":{"type":"LineString","coordinates":[[107.6859393,-6.9374022],[107.6865016,-6.9373601]]},"properties":{"name":"Soekarno Hatta Frontage Boulevard","ref":""}},
{"type":"Feature","geometry":{"type":"LineString","coordinates":[[107.6847668,-6.9374899],[107.6859393,-6.9374022]]},"properties":{"name":"Jalan Soekarno-Hatta","ref":""}},
{"type":"Feature","geometry":{"type":"LineString","coordinates":[[107.6943211,-6.9367804],[107.6947974,-6.9367477]]},"properties":{"name":"Jalan Soekarno-Hatta","ref":""}},
{"type":"Feature","geometry":{"type":"LineString","coordinates":[[107.5951948,-6.9471897],[107.5952745,-6.9472037]]},"properties":{"name":"Jalan Soekarno-Hatta","ref":"11"}},
{"type":"Feature","geometry":{"type":"LineString","coordinates":[[107.5946801,-6.9470993],[107.5951948,-6.9471897]]},"properties":{"name":"Jalan Soekarno-Hatta","ref":"11"}},
{"type":"Feature","geometry":{"type":"LineString","coordinates":[[107.5920057,-6.9464327],[107.5934341,-6.9468277]]},"properties":{"name":"Jalan Soekarno-Hatta","ref":"11"}},
{"type":"Feature","geometry":{"type":"LineString","coordinates":[[107.5899638,-6.9456485],[107.5905372,-6.9458885]]},"properties":{"name":"Jalan Soekarno-Hatta","ref":"11"}},
{"type":"Feature","geometry":{"type":"LineString","coordinates":[[107.6333973,-6.9479551],[107.6336406,-6.9478818]]},"properties":{"name":"Jalan Soekarno-Hatta","ref":"11"}},
{"type":"Feature","geometry":{"type":"LineString","coordinates":[[107.6690273,-6.9386024],[107.6696795,-6.9385517]]},"properties":{"name":"Jalan Soekarno-Hatta","ref":""}},
{"type":"Feature","geometry":{"type":"LineString","coordinates":[[107.6422973,-6.9452119],[107.6425544,-6.9451302]]},"properties":{"name":"Jalan Soekarno-Hatta","ref":"11"}},
{"type":"Feature","geometry":{"type":"LineString","coordinates":[[107.6725046,-6.9383493],[107.6728746,-6.9383241]]},"properties":{"name":"Jalan Soekarno-Hatta","ref":""}},
{"type":"Feature","geometry":{"type":"LineString","coordinates":[[107.6214527,-6.9491566],[107.6215191,-6.9491613]]},"properties":{"name":"Jalan Soekarno-Hatta","ref":"11"}},
{"type":"Feature","geometry":{"type":"LineString","coordinates":[[107.6196694,-6.9490241],[107.6214527,-6.9491566]]},"properties":{"name":"Jalan Soekarno-Hatta","ref":"11"}},
{"type":"Feature","geometry":{"type":"LineString","coordinates":[[107.5744512,-6.9169972],[107.5743593,-6.9169831]]},"properties":{"name":"Bunderan Cibeureum","ref":"11"}},
{"type":"Feature","geometry":{"type":"LineString","coordinates":[[107.6469908,-6.9436739],[107.6487109,-6.9431279]]},"properties":{"name":"Jalan Soekarno-Hatta","ref":""}},
{"type":"Feature","geometry":{"type":"LineString","coordinates":[[107.6450949,-6.9442703],[107.6469908,-6.9436739]]},"properties":{"name":"Jalan Soekarno-Hatta","ref":""}},
{"type":"Feature","geometry":{"type":"LineString","coordinates":[[107.6425544,-6.9451302],[107.6450949,-6.9442703]]},"properties":{"name":"Jalan Soekarno-Hatta","ref":""}},
{"type":"Feature","geometry":{"type":"LineString","coordinates":[[107.641837,-6.9453875],[107.6419307,-6.9453525]]},"properties":{"name":"Jalan Soekarno-Hatta","ref":"11"}},
{"type":"Feature","geometry":{"type":"LineString","coordinates":[[107.5897088,-6.945521],[107.5897693,-6.9455492]]},"properties":{"name":"Jalan Soekarno-Hatta","ref":"11"}},
{"type":"Feature","geometry":{"type":"LineString","coordinates":[[107.6593041,-6.939778],[107.6608909,-6.9394147]]},"properties":{"name":"Jalan Soekarno-Hatta","ref":""}},
{"type":"Feature","geometry":{"type":"LineString","coordinates":[[107.6583101,-6.9400779],[107.6593041,-6.939778]]},"properties":{"name":"Jalan Soekarno-Hatta","ref":""}},
{"type":"Feature","geometry":{"type":"LineString","coordinates":[[107.5844282,-6.9430135],[107.5849105,-6.9433545]]},"properties":{"name":"Jalan Soekarno-Hatta","ref":"11"}},
{"type":"Feature","geometry":{"type":"LineString","coordinates":[[107.6561907,-6.9407508],[107.6567851,-6.9405596]]},"properties":{"name":"Jalan Soekarno-Hatta","ref":""}},
{"type":"Feature","geometry":{"type":"LineString","coordinates":[[107.6567851,-6.9405596],[107.6583101,-6.9400779]]},"properties":{"name":"Jalan Soekarno-Hatta","ref":""}},
{"type":"Feature","geometry":{"type":"LineString","coordinates":[[107.6259741,-6.9494625],[107.6262747,-6.9494594]]},"properties":{"name":"Jalan Soekarno-Hatta","ref":"11"}},
{"type":"Feature","geometry":{"type":"LineString","coordinates":[[107.5755137,-6.9269292],[107.5756277,-6.9276758]]},"properties":{"name":"Jalan Soekarno-Hatta","ref":"11"}},
{"type":"Feature","geometry":{"type":"LineString","coordinates":[[107.5759894,-6.9300668],[107.5760414,-6.9303848]]},"properties":{"name":"Jalan Soekarno-Hatta","ref":"11"}},
{"type":"Feature","geometry":{"type":"LineString","coordinates":[[107.5934341,-6.9468277],[107.5946801,-6.9470993]]},"properties":{"name":"Jalan Soekarno-Hatta","ref":"11"}},
{"type":"Feature","geometry":{"type":"LineString","coordinates":[[107.6996008,-6.9363931],[107.7012853,-6.9362612]]},"properties":{"name":"Jalan Soekarno-Hatta","ref":""}},
{"type":"Feature","geometry":{"type":"LineString","coordinates":[[107.7012853,-6.9362612],[107.706611,-6.935863]]},"properties":{"name":"Jalan Soekarno-Hatta","ref":""}},
{"type":"Feature","geometry":{"type":"LineString","coordinates":[[107.6919976,-6.9369777],[107.6922068,-6.9369654]]},"properties":{"name":"Jalan Soekarno-Hatta","ref":"11"}},
{"type":"Feature","geometry":{"type":"LineString","coordinates":[[107.6925509,-6.9369475],[107.6926303,-6.9369434]]},"properties":{"name":"Jalan Soekarno-Hatta","ref":"11"}},
{"type":"Feature","geometry":{"type":"LineString","coordinates":[[107.7177552,-6.9347327],[107.7178073,-6.9347559]]},"properties":{"name":"Bunderan Cibiru","ref":"11"}},
{"type":"Feature","geometry":{"type":"LineString","coordinates":[[107.7135427,-6.9353696],[107.715834,-6.9352156]]},"properties":{"name":"Jalan Soekarno-Hatta","ref":""}},
{"type":"Feature","geometry":{"type":"LineString","coordinates":[[107.7114824,-6.9355257],[107.7135427,-6.9353696]]},"properties":{"name":"Jalan Soekarno-Hatta","ref":""}},
{"type":"Feature","geometry":{"type":"LineString","coordinates":[[107.5823106,-6.941111],[107.5831212,-6.9419015]]},"properties":{"name":"Jalan Soekarno-Hatta","ref":"11"}},
{"type":"Feature","geometry":{"type":"LineString","coordinates":[[107.717711,-6.9352563],[107.7175908,-6.9352673]]},"properties":{"name":"Jalan Soekarno-Hatta","ref":"11"}},
{"type":"Feature","geometry":{"type":"LineString","coordinates":[[107.6971378,-6.936579],[107.6973063,-6.9365674]]},"properties":{"name":"Jalan Soekarno-Hatta","ref":""}},
{"type":"Feature","geometry":{"type":"LineString","coordinates":[[107.7103429,-6.9355981],[107.7108932,-6.935568]]},"properties":{"name":"Jalan Soekarno-Hatta","ref":""}},
{"type":"Feature","geometry":{"type":"LineString","coordinates":[[107.5741991,-6.9172935],[107.5725721,-6.916133]]},"properties":{"name":"Jalan Jendral Sudirman","ref":"11"}},
{"type":"Feature","geometry":{"type":"LineString","coordinates":[[107.6330945,-6.9481961],[107.630177,-6.949072],[107.6287343,-6.94934]]},"properties":{"name":"Jalan Soekarno-Hatta","ref":"11"}},
{"type":"Feature","geometry":{"type":"LineString","coordinates":[[107.6219865,-6.9493019],[107.6215623,-6.9492646]]},"properties":{"name":"Jalan Soekarno-Hatta","ref":"11"}},
{"type":"Feature","geometry":{"type":"LineString","coordinates":[[107.6215623,-6.9492646],[107.6214774,-6.9492594]]},"properties":{"name":"Jalan Soekarno-Hatta","ref":"11"}},
{"type":"Feature","geometry":{"type":"LineString","coordinates":[[107.5693569,-6.9106219],[107.5729282,-6.9120185]]},"properties":{"name":"Jalan Rajawali Barat","ref":"11"}},
{"type":"Feature","geometry":{"type":"LineString","coordinates":[[107.5895751,-6.9456911],[107.5893262,-6.9455913]]},"properties":{"name":"Jalan Soekarno-Hatta","ref":"11"}},
{"type":"Feature","geometry":{"type":"LineString","coordinates":[[107.5758965,-6.9300827],[107.5754153,-6.9269421]]},"properties":{"name":"Jalan Soekarno-Hatta","ref":"11"}},
{"type":"Feature","geometry":{"type":"LineString","coordinates":[[107.5829792,-6.9419021],[107.5813405,-6.9400788],[107.5779644,-6.9351167],[107.576479,-6.932218]]},"properties":{"name":"Jalan Soekarno-Hatta","ref":"11"}},
{"type":"Feature","geometry":{"type":"LineString","coordinates":[[107.584417,-6.9431127],[107.584274,-6.9430061]]},"properties":{"name":"Jalan Soekarno-Hatta","ref":"11"}},
{"type":"Feature","geometry":{"type":"LineString","coordinates":[[107.619664,-6.9491378],[107.6124407,-6.9486128]]},"properties":{"name":"Jalan Soekarno-Hatta","ref":"11"}},
{"type":"Feature","geometry":{"type":"LineString","coordinates":[[107.5983479,-6.9476164],[107.597127,-6.9476247]]},"properties":{"name":"Jalan Soekarno-Hatta","ref":"11"}},
{"type":"Feature","geometry":{"type":"LineString","coordinates":[[107.6741648,-6.9384751],[107.6716586,-6.9386448]]},"properties":{"name":"Jalan Soekarno-Hatta","ref":""}},
{"type":"Feature","geometry":{"type":"LineString","coordinates":[[107.6528653,-6.94202],[107.652718,-6.9420676]]},"properties":{"name":"Jalan Soekarno-Hatta","ref":""}},
{"type":"Feature","geometry":{"type":"LineString","coordinates":[[107.681487,-6.9379454],[107.6780501,-6.938193]]},"properties":{"name":"Jalan Soekarno-Hatta","ref":""}},
{"type":"Feature","geometry":{"type":"LineString","coordinates":[[107.6824446,-6.9378809],[107.681487,-6.9379454]]},"properties":{"name":"Soekarno Hatta Frontage Boulevard","ref":""}},
{"type":"Feature","geometry":{"type":"LineString","coordinates":[[107.6871235,-6.937537],[107.6847875,-6.9377223]]},"properties":{"name":"Jalan Soekarno-Hatta","ref":""}},
{"type":"Feature","geometry":{"type":"LineString","coordinates":[[107.6922076,-6.9371573],[107.6880865,-6.9374746]]},"properties":{"name":"Soekarno Hatta Frontage Boulevard","ref":""}},
{"type":"Feature","geometry":{"type":"LineString","coordinates":[[107.7124165,-6.9357097],[107.7071588,-6.9360915]]},"properties":{"name":"Jalan Soekarno-Hatta","ref":""}},
{"type":"Feature","geometry":{"type":"LineString","coordinates":[[107.6638999,-6.9392127],[107.6614189,-6.9395381],[107.6581816,-6.9403488]]},"properties":{"name":"Jalan Soekarno-Hatta","ref":""}},
{"type":"Feature","geometry":{"type":"LineString","coordinates":[[107.6644206,-6.9391582],[107.6638999,-6.9392127]]},"properties":{"name":"Jalan Soekarno-Hatta","ref":""}},
{"type":"Feature","geometry":{"type":"LineString","coordinates":[[107.5708773,-6.9135594],[107.5703429,-6.9126894]]},"properties":{"name":"Jalan Jendral Sudirman","ref":"11"}},
{"type":"Feature","geometry":{"type":"LineString","coordinates":[[107.5750151,-6.9243818],[107.574331,-6.9194823]]},"properties":{"name":"Jalan Soekarno-Hatta","ref":"11"}},
{"type":"Feature","geometry":{"type":"LineString","coordinates":[[107.589865,-6.9458161],[107.5896397,-6.9457186]]},"properties":{"name":"Jalan Soekarno-Hatta","ref":"11"}},
{"type":"Feature","geometry":{"type":"LineString","coordinates":[[107.5941295,-6.9471881],[107.592997,-6.9469193]]},"properties":{"name":"Jalan Soekarno-Hatta","ref":"11"}},
{"type":"Feature","geometry":{"type":"LineString","coordinates":[[107.592997,-6.9469193],[107.5904505,-6.9460588]]},"properties":{"name":"Jalan Soekarno-Hatta","ref":"11"}},
{"type":"Feature","geometry":{"type":"LineString","coordinates":[[107.5759595,-6.9304856],[107.575943,-6.930415]]},"properties":{"name":"Jalan Soekarno-Hatta","ref":"11"}},
{"type":"Feature","geometry":{"type":"LineString","coordinates":[[107.6743512,-6.9384618],[107.6741648,-6.9384751]]},"properties":{"name":"Soekarno Hatta Frontage Boulevard","ref":""}},
{"type":"Feature","geometry":{"type":"LineString","coordinates":[[107.6697839,-6.9387813],[107.6695923,-6.9387942]]},"properties":{"name":"Jalan Soekarno-Hatta","ref":""}},
{"type":"Feature","geometry":{"type":"LineString","coordinates":[[107.6661888,-6.9390351],[107.6644206,-6.9391582]]},"properties":{"name":"Jalan Soekarno-Hatta","ref":""}},
{"type":"Feature","geometry":{"type":"LineString","coordinates":[[107.6952302,-6.9369673],[107.6950526,-6.9369788]]},"properties":{"name":"Jalan Soekarno-Hatta","ref":""}},
{"type":"Feature","geometry":{"type":"LineString","coordinates":[[107.6847875,-6.9377223],[107.684578,-6.9377364]]},"properties":{"name":"Soekarno Hatta Frontage Boulevard","ref":""}},
{"type":"Feature","geometry":{"type":"LineString","coordinates":[[107.684578,-6.9377364],[107.6824446,-6.9378809]]},"properties":{"name":"Jalan Soekarno-Hatta","ref":""}},
{"type":"Feature","geometry":{"type":"LineString","coordinates":[[107.6950526,-6.9369788],[107.6932753,-6.9370734]]},"properties":{"name":"Jalan Soekarno-Hatta","ref":""}},
{"type":"Feature","geometry":{"type":"LineString","coordinates":[[107.6041279,-6.9479901],[107.6039633,-6.9479796]]},"properties":{"name":"Jalan Soekarno-Hatta","ref":"11"}},
{"type":"Feature","geometry":{"type":"LineString","coordinates":[[107.6089974,-6.9483475],[107.6054314,-6.9481041]]},"properties":{"name":"Jalan Soekarno-Hatta","ref":"11"}},
{"type":"Feature","geometry":{"type":"LineString","coordinates":[[107.5715151,-6.9146659],[107.5708773,-6.9135594]]},"properties":{"name":"Jalan Jendral Sudirman","ref":"11"}},
{"type":"Feature","geometry":{"type":"LineString","coordinates":[[107.574331,-6.9194823],[107.5742937,-6.9173779]]},"properties":{"name":"Jalan Soekarno-Hatta","ref":"11"}},
{"type":"Feature","geometry":{"type":"LineString","coordinates":[[107.584274,-6.9430061],[107.5834854,-6.9423721]]},"properties":{"name":"Jalan Soekarno-Hatta","ref":"11"}},
{"type":"Feature","geometry":{"type":"LineString","coordinates":[[107.5703429,-6.9126894],[107.5698951,-6.9119365]]},"properties":{"name":"Jalan Jendral Sudirman","ref":"11"}},
{"type":"Feature","geometry":{"type":"LineString","coordinates":[[107.6926097,-6.9371315],[107.6922076,-6.9371573]]},"properties":{"name":"Jalan Soekarno-Hatta","ref":"11"}},
{"type":"Feature","geometry":{"type":"LineString","coordinates":[[107.6414451,-6.9456922],[107.6408496,-6.9458361]]},"properties":{"name":"Jalan Soekarno-Hatta","ref":"11"}},
{"type":"Feature","geometry":{"type":"LineString","coordinates":[[107.6404414,-6.9459162],[107.6401117,-6.9460015]]},"properties":{"name":"Jalan Soekarno-Hatta","ref":"11"}},
{"type":"Feature","geometry":{"type":"LineString","coordinates":[[107.63913,-6.9463163],[107.6379765,-6.9466862]]},"properties":{"name":"Jalan Soekarno-Hatta","ref":"11"}},
{"type":"Feature","geometry":{"type":"LineString","coordinates":[[107.6379765,-6.9466862],[107.6362655,-6.9471987]]},"properties":{"name":"Jalan Soekarno-Hatta","ref":"11"}},
{"type":"Feature","geometry":{"type":"LineString","coordinates":[[107.6362655,-6.9471987],[107.6356037,-6.9474143]]},"properties":{"name":"Jalan Soekarno-Hatta","ref":"11"}},
{"type":"Feature","geometry":{"type":"LineString","coordinates":[[107.6356037,-6.9474143],[107.6345119,-6.9477553]]},"properties":{"name":"Jalan Soekarno-Hatta","ref":"11"}},
{"type":"Feature","geometry":{"type":"LineString","coordinates":[[107.633797,-6.9479897],[107.6335261,-6.9480768]]},"properties":{"name":"Jalan Soekarno-Hatta","ref":"11"}},
{"type":"Feature","geometry":{"type":"LineString","coordinates":[[107.6345119,-6.9477553],[107.633797,-6.9479897]]},"properties":{"name":"Jalan Soekarno-Hatta","ref":"11"}},
{"type":"Feature","geometry":{"type":"LineString","coordinates":[[107.6334141,-6.9481055],[107.6330945,-6.9481961]]},"properties":{"name":"Jalan Soekarno-Hatta","ref":"11"}},
{"type":"Feature","geometry":{"type":"LineString","coordinates":[[107.6335261,-6.9480768],[107.6334141,-6.9481055]]},"properties":{"name":"Jalan Soekarno-Hatta","ref":"11"}},
{"type":"Feature","geometry":{"type":"LineString","coordinates":[[107.652718,-6.9420676],[107.6484748,-6.9434245]]},"properties":{"name":"Jalan Soekarno-Hatta","ref":""}},
{"type":"Feature","geometry":{"type":"LineString","coordinates":[[107.6423431,-6.9453982],[107.6419126,-6.9455527]]},"properties":{"name":"Jalan Soekarno-Hatta","ref":"11"}},
{"type":"Feature","geometry":{"type":"LineString","coordinates":[[107.6419126,-6.9455527],[107.6418208,-6.9455841]]},"properties":{"name":"Jalan Soekarno-Hatta","ref":"11"}},
{"type":"Feature","geometry":{"type":"LineString","coordinates":[[107.7175908,-6.9352673],[107.7164641,-6.9353471]]},"properties":{"name":"Jalan Soekarno-Hatta","ref":"11"}},
{"type":"Feature","geometry":{"type":"LineString","coordinates":[[107.5698951,-6.9119365],[107.5699632,-6.911882]]},"properties":{"name":"","ref":""}},
{"type":"Feature","geometry":{"type":"LineString","coordinates":[[107.6758204,-6.9383501],[107.6743512,-6.9384618]]},"properties":{"name":"Soekarno Hatta Frontage Boulevard","ref":""}},
{"type":"Feature","geometry":{"type":"LineString","coordinates":[[107.7160677,-6.9354371],[107.7133915,-6.9356385]]},"properties":{"name":"Jalan Soekarno-Hatta","ref":""}},
{"type":"Feature","geometry":{"type":"LineString","coordinates":[[107.6239296,-6.9494823],[107.6219865,-6.9493019]]},"properties":{"name":"Jalan Soekarno-Hatta","ref":"11"}},
{"type":"Feature","geometry":{"type":"LineString","coordinates":[[107.5754153,-6.9269421],[107.5750637,-6.9246314]]},"properties":{"name":"Jalan Soekarno-Hatta","ref":"11"}},
{"type":"Feature","geometry":{"type":"LineString","coordinates":[[107.5750637,-6.9246314],[107.5750151,-6.9243818]]},"properties":{"name":"Jalan Soekarno-Hatta","ref":"11"}},
{"type":"Feature","geometry":{"type":"LineString","coordinates":[[107.5699632,-6.911882],[107.5692858,-6.9107802],[107.5693569,-6.9106219]]},"properties":{"name":"Jalan Jendral Sudirman","ref":"11"}},
{"type":"Feature","geometry":{"type":"LineString","coordinates":[[107.6094437,-6.9483822],[107.6089974,-6.9483475]]},"properties":{"name":"Jalan Soekarno-Hatta","ref":"11"}},
{"type":"Feature","geometry":{"type":"LineString","coordinates":[[107.6054314,-6.9481041],[107.6041279,-6.9479901]]},"properties":{"name":"Jalan Soekarno-Hatta","ref":"11"}},
{"type":"Feature","geometry":{"type":"LineString","coordinates":[[107.5960773,-6.9475327],[107.595488,-6.9474391]]},"properties":{"name":"Jalan Soekarno-Hatta","ref":"11"}},
{"type":"Feature","geometry":{"type":"LineString","coordinates":[[107.595488,-6.9474391],[107.5952613,-6.9473935]]},"properties":{"name":"Jalan Soekarno-Hatta","ref":"11"}},
{"type":"Feature","geometry":{"type":"LineString","coordinates":[[107.6214774,-6.9492594],[107.6213965,-6.949255]]},"properties":{"name":"Jalan Soekarno-Hatta","ref":"11"}},
{"type":"Feature","geometry":{"type":"LineString","coordinates":[[107.5887948,-6.9453883],[107.5867185,-6.9445286]]},"properties":{"name":"Jalan Soekarno-Hatta","ref":"11"}},
{"type":"Feature","geometry":{"type":"LineString","coordinates":[[107.5893262,-6.9455913],[107.5887948,-6.9453883]]},"properties":{"name":"Jalan Soekarno-Hatta","ref":"11"}},
{"type":"Feature","geometry":{"type":"LineString","coordinates":[[107.602607,-6.947895],[107.5998819,-6.9477177]]},"properties":{"name":"Jalan Soekarno-Hatta","ref":"11"}},
{"type":"Feature","geometry":{"type":"LineString","coordinates":[[107.5742937,-6.9173779],[107.5741991,-6.9172935]]},"properties":{"name":"Bunderan Cibeureum","ref":"11"}},
{"type":"Feature","geometry":{"type":"LineString","coordinates":[[107.5997816,-6.9477112],[107.5983479,-6.9476164]]},"properties":{"name":"Jalan Soekarno-Hatta","ref":"11"}},
{"type":"Feature","geometry":{"type":"LineString","coordinates":[[107.5998819,-6.9477177],[107.5997816,-6.9477112]]},"properties":{"name":"Jalan Soekarno-Hatta","ref":"11"}},
{"type":"Feature","geometry":{"type":"LineString","coordinates":[[107.6425818,-6.9453091],[107.6423431,-6.9453982]]},"properties":{"name":"Jalan Soekarno-Hatta","ref":"11"}},
{"type":"Feature","geometry":{"type":"LineString","coordinates":[[107.6039633,-6.9479796],[107.602607,-6.947895]]},"properties":{"name":"Jalan Soekarno-Hatta","ref":"11"}},
{"type":"Feature","geometry":{"type":"LineString","coordinates":[[107.6097349,-6.9483987],[107.6094437,-6.9483822]]},"properties":{"name":"Jalan Soekarno-Hatta","ref":"11"}},
{"type":"Feature","geometry":{"type":"LineString","coordinates":[[107.6124407,-6.9486128],[107.6097349,-6.9483987]]},"properties":{"name":"Jalan Soekarno-Hatta","ref":"11"}},
{"type":"Feature","geometry":{"type":"LineString","coordinates":[[107.6273421,-6.9495018],[107.6264304,-6.9495584]]},"properties":{"name":"Jalan Soekarno-Hatta","ref":"11"}},
{"type":"Feature","geometry":{"type":"LineString","coordinates":[[107.6264304,-6.9495584],[107.6259917,-6.9495692]]},"properties":{"name":"Jalan Soekarno-Hatta","ref":"11"}},
{"type":"Feature","geometry":{"type":"LineString","coordinates":[[107.6932753,-6.9370734],[107.6926097,-6.9371315]]},"properties":{"name":"Jalan Soekarno-Hatta","ref":"11"}},
{"type":"Feature","geometry":{"type":"LineString","coordinates":[[107.7002372,-6.9365967],[107.6971596,-6.9368254]]},"properties":{"name":"Jalan Soekarno-Hatta","ref":""}},
{"type":"Feature","geometry":{"type":"LineString","coordinates":[[107.7016283,-6.9364991],[107.7002372,-6.9365967]]},"properties":{"name":"Jalan Soekarno-Hatta","ref":""}},
{"type":"Feature","geometry":{"type":"LineString","coordinates":[[107.7023438,-6.9364465],[107.7016283,-6.9364991]]},"properties":{"name":"Jalan Soekarno-Hatta","ref":""}},
{"type":"Feature","geometry":{"type":"LineString","coordinates":[[107.6971596,-6.9368254],[107.6952302,-6.9369673]]},"properties":{"name":"Jalan Soekarno-Hatta","ref":""}},
{"type":"Feature","geometry":{"type":"LineString","coordinates":[[107.703533,-6.9363598],[107.7023438,-6.9364465]]},"properties":{"name":"Jalan Soekarno-Hatta","ref":""}},
{"type":"Feature","geometry":{"type":"LineString","coordinates":[[107.7164641,-6.9353471],[107.7160677,-6.9354371]]},"properties":{"name":"Jalan Soekarno-Hatta","ref":""}},
{"type":"Feature","geometry":{"type":"LineString","coordinates":[[107.5850394,-6.943526],[107.584417,-6.9431127]]},"properties":{"name":"Jalan Soekarno-Hatta","ref":"11"}},
{"type":"Feature","geometry":{"type":"LineString","coordinates":[[107.5904505,-6.9460588],[107.589865,-6.9458161]]},"properties":{"name":"Jalan Soekarno-Hatta","ref":"11"}},
{"type":"Feature","geometry":{"type":"LineString","coordinates":[[107.6674513,-6.9389439],[107.6670598,-6.9389755]]},"properties":{"name":"Jalan Soekarno-Hatta","ref":""}},
{"type":"Feature","geometry":{"type":"LineString","coordinates":[[107.6670598,-6.9389755],[107.6661888,-6.9390351]]},"properties":{"name":"Jalan Soekarno-Hatta","ref":""}},
{"type":"Feature","geometry":{"type":"LineString","coordinates":[[107.6695923,-6.9387942],[107.6674513,-6.9389439]]},"properties":{"name":"Jalan Soekarno-Hatta","ref":""}},
{"type":"Feature","geometry":{"type":"LineString","coordinates":[[107.6712568,-6.9386784],[107.6697839,-6.9387813]]},"properties":{"name":"Jalan Soekarno-Hatta","ref":""}},
{"type":"Feature","geometry":{"type":"LineString","coordinates":[[107.6716586,-6.9386448],[107.6712568,-6.9386784]]},"properties":{"name":"Soekarno Hatta Frontage Boulevard","ref":""}},
{"type":"Feature","geometry":{"type":"LineString","coordinates":[[107.6773321,-6.938247],[107.6758204,-6.9383501]]},"properties":{"name":"Jalan Soekarno-Hatta","ref":""}},
{"type":"Feature","geometry":{"type":"LineString","coordinates":[[107.6780501,-6.938193],[107.6773321,-6.938247]]},"properties":{"name":"Soekarno Hatta Frontage Boulevard","ref":""}},
{"type":"Feature","geometry":{"type":"LineString","coordinates":[[107.6484748,-6.9434245],[107.6467958,-6.9439589]]},"properties":{"name":"Jalan Soekarno-Hatta","ref":""}},
{"type":"Feature","geometry":{"type":"LineString","coordinates":[[107.6467958,-6.9439589],[107.6425818,-6.9453091]]},"properties":{"name":"Jalan Soekarno-Hatta","ref":""}},
{"type":"Feature","geometry":{"type":"LineString","coordinates":[[107.6880865,-6.9374746],[107.6871235,-6.937537]]},"properties":{"name":"Jalan Soekarno-Hatta","ref":""}},
{"type":"Feature","geometry":{"type":"LineString","coordinates":[[107.6418208,-6.9455841],[107.6414451,-6.9456922]]},"properties":{"name":"Jalan Soekarno-Hatta","ref":"11"}},
{"type":"Feature","geometry":{"type":"LineString","coordinates":[[107.5951905,-6.9473813],[107.5950013,-6.9473417]]},"properties":{"name":"Jalan Soekarno-Hatta","ref":"11"}},
{"type":"Feature","geometry":{"type":"LineString","coordinates":[[107.6213965,-6.949255],[107.619664,-6.9491378]]},"properties":{"name":"Jalan Soekarno-Hatta","ref":"11"}},
{"type":"Feature","geometry":{"type":"LineString","coordinates":[[107.5729282,-6.9120185],[107.5753653,-6.9129722]]},"properties":{"name":"Jalan Rajawali Barat","ref":"11"}},
{"type":"Feature","geometry":{"type":"LineString","coordinates":[[107.7133915,-6.9356385],[107.7125299,-6.9357014]]},"properties":{"name":"Jalan Soekarno-Hatta","ref":""}},
{"type":"Feature","geometry":{"type":"LineString","coordinates":[[107.7125299,-6.9357014],[107.7124165,-6.9357097]]},"properties":{"name":"Jalan Soekarno-Hatta","ref":""}},
{"type":"Feature","geometry":{"type":"LineString","coordinates":[[107.5867185,-6.9445286],[107.5850394,-6.943526]]},"properties":{"name":"Jalan Soekarno-Hatta","ref":"11"}},
{"type":"Feature","geometry":{"type":"LineString","coordinates":[[107.5952613,-6.9473935],[107.5951905,-6.9473813]]},"properties":{"name":"Jalan Soekarno-Hatta","ref":"11"}},
{"type":"Feature","geometry":{"type":"LineString","coordinates":[[107.6401117,-6.9460015],[107.63913,-6.9463163]]},"properties":{"name":"Jalan Soekarno-Hatta","ref":"11"}},
{"type":"Feature","geometry":{"type":"LineString","coordinates":[[107.6287343,-6.94934],[107.6273421,-6.9495018]]},"properties":{"name":"Jalan Soekarno-Hatta","ref":"11"}},
{"type":"Feature","geometry":{"type":"LineString","coordinates":[[107.5896397,-6.9457186],[107.5895751,-6.9456911]]},"properties":{"name":"Jalan Soekarno-Hatta","ref":"11"}},
{"type":"Feature","geometry":{"type":"LineString","coordinates":[[107.597127,-6.9476247],[107.5960773,-6.9475327]]},"properties":{"name":"Jalan Soekarno-Hatta","ref":"11"}},
{"type":"Feature","geometry":{"type":"LineString","coordinates":[[107.6581816,-6.9403488],[107.6569693,-6.9407256]]},"properties":{"name":"Jalan Soekarno-Hatta","ref":""}},
{"type":"Feature","geometry":{"type":"LineString","coordinates":[[107.6569693,-6.9407256],[107.6528653,-6.94202]]},"properties":{"name":"Jalan Soekarno-Hatta","ref":""}},
{"type":"Feature","geometry":{"type":"LineString","coordinates":[[107.6259917,-6.9495692],[107.6239296,-6.9494823]]},"properties":{"name":"Jalan Soekarno-Hatta","ref":"11"}},
{"type":"Feature","geometry":{"type":"LineString","coordinates":[[107.576479,-6.932218],[107.5760418,-6.9307684]]},"properties":{"name":"Jalan Soekarno-Hatta","ref":"11"}},
{"type":"Feature","geometry":{"type":"LineString","coordinates":[[107.5760418,-6.9307684],[107.5759595,-6.9304856]]},"properties":{"name":"Jalan Soekarno-Hatta","ref":"11"}},
{"type":"Feature","geometry":{"type":"LineString","coordinates":[[107.575943,-6.930415],[107.5758965,-6.9300827]]},"properties":{"name":"Jalan Soekarno-Hatta","ref":"11"}},
{"type":"Feature","geometry":{"type":"LineString","coordinates":[[107.5950013,-6.9473417],[107.5941295,-6.9471881]]},"properties":{"name":"Jalan Soekarno-Hatta","ref":"11"}},
{"type":"Feature","geometry":{"type":"LineString","coordinates":[[107.7066643,-6.9361306],[107.703533,-6.9363598]]},"properties":{"name":"Jalan Soekarno-Hatta","ref":""}},
{"type":"Feature","geometry":{"type":"LineString","coordinates":[[107.7071588,-6.9360915],[107.7066643,-6.9361306]]},"properties":{"name":"Jalan Soekarno-Hatta","ref":""}},
{"type":"Feature","geometry":{"type":"LineString","coordinates":[[107.575721,-6.9131092],[107.5755571,-6.9135373]]},"properties":{"name":"Jalan Elang","ref":"11"}},
{"type":"Feature","geometry":{"type":"LineString","coordinates":[[107.5725721,-6.916133],[107.5715151,-6.9146659]]},"properties":{"name":"Jalan Jendral Sudirman","ref":"11"}},
{"type":"Feature","geometry":{"type":"LineString","coordinates":[[107.5834854,-6.9423721],[107.5829792,-6.9419021]]},"properties":{"name":"Jalan Soekarno-Hatta","ref":"11"}},
{"type":"Feature","geometry":{"type":"LineString","coordinates":[[107.5753653,-6.9129722],[107.575721,-6.9131092]]},"properties":{"name":"Jalan Rajawali Barat","ref":"11"}},
{"type":"Feature","geometry":{"type":"LineString","coordinates":[[107.6408496,-6.9458361],[107.6404414,-6.9459162]]},"properties":{"name":"Jalan Soekarno-Hatta","ref":"11"}},
{"type":"Feature","geometry":{"type":"LineString","coordinates":[[107.5534922,-6.9385783],[107.5532021,-6.9387215]]},"properties":{"name":"Jalan Tol Soreang–Pasirkoja","ref":"4"}},
{"type":"Feature","geometry":{"type":"LineString","coordinates":[[107.5550122,-6.9378206],[107.5534922,-6.9385783]]},"properties":{"name":"Jalan Tol Soreang–Pasirkoja","ref":"4"}},
{"type":"Feature","geometry":{"type":"LineString","coordinates":[[107.5305806,-7.0239887],[107.5306717,-7.0246544],[107.530046,-7.0259904],[107.5292156,-7.0272486],[107.5285313,-7.0297016]]},"properties":{"name":"Jalan Terusan Al-Fathu","ref":"10"}},
{"type":"Feature","geometry":{"type":"LineString","coordinates":[[107.5687225,-6.9315744],[107.5667242,-6.9321425],[107.5606578,-6.9351042]]},"properties":{"name":"Jalan Akses Tol Pasirkoja","ref":"4"}},
{"type":"Feature","geometry":{"type":"LineString","coordinates":[[107.5760593,-6.9304537],[107.5759595,-6.9304856]]},"properties":{"name":"","ref":"4"}},
{"type":"Feature","geometry":{"type":"LineString","coordinates":[[107.5816898,-6.9282976],[107.5783628,-6.9295826]]},"properties":{"name":"Jalan Terusan Pasir Koja","ref":"373"}},
{"type":"Feature","geometry":{"type":"LineString","coordinates":[[107.593264,-6.9458573],[107.5930568,-6.9457799],[107.5928976,-6.9450391]]},"properties":{"name":"Jalur Bus Kota Terminal Leuwipanjang","ref":""}},
{"type":"Feature","geometry":{"type":"LineString","coordinates":[[107.5920724,-6.9418438],[107.5948299,-6.9373141]]},"properties":{"name":"Jalan Kyai Haji Wahid Hasyim","ref":"106"}},
{"type":"Feature","geometry":{"type":"LineString","coordinates":[[107.5763738,-6.9303407],[107.5760593,-6.9304537]]},"properties":{"name":"Jalan Terusan Pasir Koja","ref":"373"}},
{"type":"Feature","geometry":{"type":"LineString","coordinates":[[107.5941,-6.9365167],[107.5914306,-6.9346026],[107.58773,-6.9298868]]},"properties":{"name":"Jalan Peta","ref":"374"}},
{"type":"Feature","geometry":{"type":"LineString","coordinates":[[107.5928874,-6.9447537],[107.5926774,-6.944414],[107.592084,-6.9440521]]},"properties":{"name":"Jalan Keluar Terminal Leuwipanjang","ref":""}},
{"type":"Feature","geometry":{"type":"LineString","coordinates":[[107.5756757,-6.930606],[107.5734943,-6.9313232],[107.5719439,-6.9314645]]},"properties":{"name":"Jalan Akses Tol Pasirkoja","ref":"4"}},
{"type":"Feature","geometry":{"type":"LineString","coordinates":[[107.547289,-6.94328],[107.5426795,-6.9566175],[107.5423645,-6.9586582],[107.5427674,-6.9607529]]},"properties":{"name":"Jalan Tol Soreang–Pasirkoja","ref":"4"}},
{"type":"Feature","geometry":{"type":"LineString","coordinates":[[107.5948299,-6.9373141],[107.5948141,-6.9369602]]},"properties":{"name":"","ref":"106"}},
{"type":"Feature","geometry":{"type":"LineString","coordinates":[[107.5603421,-6.9352541],[107.557835,-6.9364571]]},"properties":{"name":"Jalan Akses Tol Pasirkoja","ref":"4"}},
{"type":"Feature","geometry":{"type":"LineString","coordinates":[[107.5606578,-6.9351042],[107.5603421,-6.9352541]]},"properties":{"name":"Jalan Akses Tol Pasirkoja","ref":"4"}},
{"type":"Feature","geometry":{"type":"LineString","coordinates":[[107.5461625,-6.9722339],[107.5446081,-6.978344],[107.5434481,-6.981455],[107.5420815,-6.9841589],[107.536108,-6.9937323],[107.5355731,-6.9948222]]},"properties":{"name":"Jalan Tol Soreang–Pasirkoja","ref":"4"}},
{"type":"Feature","geometry":{"type":"LineString","coordinates":[[107.5340609,-7.0018713],[107.5333779,-7.0064575],[107.5325631,-7.0093]]},"properties":{"name":"Jalan Tol Soreang–Pasirkoja","ref":"4"}},
{"type":"Feature","geometry":{"type":"LineString","coordinates":[[107.5341636,-7.0011664],[107.5340609,-7.0018713]]},"properties":{"name":"Jalan Tol Soreang–Pasirkoja","ref":"4"}},
{"type":"Feature","geometry":{"type":"LineString","coordinates":[[107.5463032,-6.9707723],[107.5461625,-6.9722339]]},"properties":{"name":"Jalan Tol Soreang–Pasirkoja","ref":"4"}},
{"type":"Feature","geometry":{"type":"LineString","coordinates":[[107.5918309,-6.9439338],[107.5916419,-6.9438523]]},"properties":{"name":"Jalan Keluar Terminal Leuwipanjang","ref":""}},
{"type":"Feature","geometry":{"type":"LineString","coordinates":[[107.592084,-6.9440521],[107.5918309,-6.9439338]]},"properties":{"name":"Jalan Keluar Terminal Leuwipanjang","ref":""}},
{"type":"Feature","geometry":{"type":"LineString","coordinates":[[107.5530582,-6.9387916],[107.5515,-6.9395161]]},"properties":{"name":"Jalan Tol Soreang–Pasirkoja","ref":"4"}},
{"type":"Feature","geometry":{"type":"LineString","coordinates":[[107.5503741,-6.9399028],[107.5493319,-6.9404774],[107.5484673,-6.9412378],[107.5477939,-6.942167],[107.547289,-6.94328]]},"properties":{"name":"Jalan Tol Soreang–Pasirkoja","ref":"4"}},
{"type":"Feature","geometry":{"type":"LineString","coordinates":[[107.5285313,-7.0297016],[107.5321788,-7.0305988],[107.535563,-7.0317255],[107.5405641,-7.0321106]]},"properties":{"name":"Jalan Raya Soreang","ref":"587"}},
{"type":"Feature","geometry":{"type":"LineString","coordinates":[[107.5355731,-6.9948222],[107.535482,-6.9950632]]},"properties":{"name":"Jalan Tol Soreang–Pasirkoja","ref":"4"}},
{"type":"Feature","geometry":{"type":"LineString","coordinates":[[107.535482,-6.9950632],[107.5348717,-6.9968744]]},"properties":{"name":"Jalan Tol Soreang–Pasirkoja","ref":"4"}},
{"type":"Feature","geometry":{"type":"LineString","coordinates":[[107.529373,-7.021029],[107.5302928,-7.0232792]]},"properties":{"name":"Jalan Al-Fathu","ref":"10"}},
{"type":"Feature","geometry":{"type":"LineString","coordinates":[[107.5710193,-6.9316559],[107.56991,-6.9316424]]},"properties":{"name":"Jalan Akses Tol Pasirkoja","ref":"4"}},
{"type":"Feature","geometry":{"type":"LineString","coordinates":[[107.56991,-6.9316424],[107.5687225,-6.9315744]]},"properties":{"name":"Jalan Akses Tol Pasirkoja","ref":"4"}},
{"type":"Feature","geometry":{"type":"LineString","coordinates":[[107.5348001,-6.997157],[107.5341636,-7.0011664]]},"properties":{"name":"Jalan Tol Soreang–Pasirkoja","ref":"4"}},
{"type":"Feature","geometry":{"type":"LineString","coordinates":[[107.5348717,-6.9968744],[107.5348001,-6.997157]]},"properties":{"name":"Jalan Tol Soreang–Pasirkoja","ref":"4"}},
{"type":"Feature","geometry":{"type":"LineString","coordinates":[[107.5842232,-6.9273144],[107.5840952,-6.927361]]},"properties":{"name":"Jalan Terusan Pasir Koja","ref":"373"}},
{"type":"Feature","geometry":{"type":"LineString","coordinates":[[107.5852085,-6.9269571],[107.5842232,-6.9273144]]},"properties":{"name":"Jalan Terusan Pasir Koja","ref":"373"}},
{"type":"Feature","geometry":{"type":"LineString","coordinates":[[107.5819475,-6.9282057],[107.5816898,-6.9282976]]},"properties":{"name":"Jalan Terusan Pasir Koja","ref":"373"}},
{"type":"Feature","geometry":{"type":"LineString","coordinates":[[107.5840952,-6.927361],[107.5819475,-6.9282057]]},"properties":{"name":"Jalan Terusan Pasir Koja","ref":"373"}},
{"type":"Feature","geometry":{"type":"LineString","coordinates":[[107.5948141,-6.9369602],[107.5941,-6.9365167]]},"properties":{"name":"Jalan Peta","ref":"374"}},
{"type":"Feature","geometry":{"type":"LineString","coordinates":[[107.5427674,-6.9607529],[107.5430109,-6.9613207]]},"properties":{"name":"Jalan Tol Soreang–Pasirkoja","ref":"4"}},
{"type":"Feature","geometry":{"type":"LineString","coordinates":[[107.5430109,-6.9613207],[107.5448012,-6.964571]]},"properties":{"name":"Jalan Tol Soreang–Pasirkoja","ref":"4"}},
{"type":"Feature","geometry":{"type":"LineString","coordinates":[[107.5515,-6.9395161],[107.5503741,-6.9399028]]},"properties":{"name":"Jalan Tol Soreang–Pasirkoja","ref":"4"}},
{"type":"Feature","geometry":{"type":"LineString","coordinates":[[107.5405641,-7.0321106],[107.540859,-7.0319143]]},"properties":{"name":"Jalan Gading Tutuka","ref":"552"}},
{"type":"Feature","geometry":{"type":"LineString","coordinates":[[107.5322663,-7.0101983],[107.5313844,-7.0128549]]},"properties":{"name":"Jalan Tol Soreang–Pasirkoja","ref":"4"}},
{"type":"Feature","geometry":{"type":"LineString","coordinates":[[107.5290433,-7.020223],[107.529373,-7.021029]]},"properties":{"name":"Jalan Al-Fathu","ref":"10"}},
{"type":"Feature","geometry":{"type":"LineString","coordinates":[[107.5408878,-7.0307863],[107.541164,-7.030892]]},"properties":{"name":"","ref":""}},
{"type":"Feature","geometry":{"type":"LineString","coordinates":[[107.5870069,-6.9287166],[107.5855099,-6.9268473]]},"properties":{"name":"Jalan Peta","ref":"374"}},
{"type":"Feature","geometry":{"type":"LineString","coordinates":[[107.5302928,-7.0232792],[107.5305458,-7.0239026]]},"properties":{"name":"Jalan Al-Fathu","ref":"10"}},
{"type":"Feature","geometry":{"type":"LineString","coordinates":[[107.5719439,-6.9314645],[107.5710193,-6.9316559]]},"properties":{"name":"Jalan Akses Tol Pasirkoja","ref":"4"}},
{"type":"Feature","geometry":{"type":"LineString","coordinates":[[107.5290841,-7.0197549],[107.5290433,-7.020223]]},"properties":{"name":"Jalan Akses Tol Soreang","ref":"682"}},
{"type":"Feature","geometry":{"type":"LineString","coordinates":[[107.5325631,-7.0093],[107.5322663,-7.0101983]]},"properties":{"name":"Jalan Tol Soreang–Pasirkoja","ref":"4"}},
{"type":"Feature","geometry":{"type":"LineString","coordinates":[[107.5855099,-6.9268473],[107.5852085,-6.9269571]]},"properties":{"name":"Jalan Terusan Pasir Koja","ref":"373"}},
{"type":"Feature","geometry":{"type":"LineString","coordinates":[[107.58773,-6.9298868],[107.5870069,-6.9287166]]},"properties":{"name":"Jalan Peta","ref":"374"}},
{"type":"Feature","geometry":{"type":"LineString","coordinates":[[107.5783628,-6.9295826],[107.5763738,-6.9303407]]},"properties":{"name":"Jalan Terusan Pasir Koja","ref":"373"}},
{"type":"Feature","geometry":{"type":"LineString","coordinates":[[107.5759595,-6.9304856],[107.5756757,-6.930606]]},"properties":{"name":"Jalan Akses Tol Pasirkoja","ref":"4"}},
{"type":"Feature","geometry":{"type":"LineString","coordinates":[[107.5916419,-6.9438523],[107.5910269,-6.9435481]]},"properties":{"name":"Jalan Keluar Terminal Leuwipanjang","ref":""}},
{"type":"Feature","geometry":{"type":"LineString","coordinates":[[107.5313844,-7.0128549],[107.5312345,-7.0132534]]},"properties":{"name":"Jalan Akses Tol Soreang","ref":"682"}},
{"type":"Feature","geometry":{"type":"LineString","coordinates":[[107.540859,-7.0319143],[107.5408746,-7.0318558]]},"properties":{"name":"Jalan Gading Tutuka","ref":"552"}},
{"type":"Feature","geometry":{"type":"LineString","coordinates":[[107.5305458,-7.0239026],[107.5305806,-7.0239887]]},"properties":{"name":"","ref":""}},
{"type":"Feature","geometry":{"type":"LineString","coordinates":[[107.5532021,-6.9387215],[107.5530582,-6.9387916]]},"properties":{"name":"Jalan Tol Soreang–Pasirkoja","ref":"4"}},
{"type":"Feature","geometry":{"type":"LineString","coordinates":[[107.5910269,-6.9435481],[107.5920724,-6.9418438]]},"properties":{"name":"Jalan Kyai Haji Wahid Hasyim","ref":"106"}},
{"type":"Feature","geometry":{"type":"LineString","coordinates":[[107.5448012,-6.964571],[107.5457989,-6.9669785],[107.5462992,-6.9698098]]},"properties":{"name":"Jalan Tol Soreang–Pasirkoja","ref":"4"}},
{"type":"Feature","geometry":{"type":"LineString","coordinates":[[107.5462992,-6.9698098],[107.5463032,-6.9707723]]},"properties":{"name":"Jalan Tol Soreang–Pasirkoja","ref":"4"}},
{"type":"Feature","geometry":{"type":"LineString","coordinates":[[107.5563903,-6.9371305],[107.5550122,-6.9378206]]},"properties":{"name":"Jalan Akses Tol Pasirkoja","ref":"4"}},
{"type":"Feature","geometry":{"type":"LineString","coordinates":[[107.5928976,-6.9450391],[107.5928874,-6.9447537]]},"properties":{"name":"Jalan Keluar Terminal Leuwipanjang","ref":""}},
{"type":"Feature","geometry":{"type":"LineString","coordinates":[[107.5304543,-7.0156539],[107.529314,-7.0190738]]},"properties":{"name":"Jalan Akses Tol Soreang","ref":"682"}},
{"type":"Feature","geometry":{"type":"LineString","coordinates":[[107.529314,-7.0190738],[107.5290841,-7.0197549]]},"properties":{"name":"Jalan Akses Tol Soreang","ref":"682"}},
{"type":"Feature","geometry":{"type":"LineString","coordinates":[[107.5312345,-7.0132534],[107.5304543,-7.0156539]]},"properties":{"name":"Jalan Akses Tol Soreang","ref":"682"}},
{"type":"Feature","geometry":{"type":"LineString","coordinates":[[107.5408746,-7.0318558],[107.5409402,-7.0315904]]},"properties":{"name":"Jalan Gading Tutuka","ref":"552"}},
{"type":"Feature","geometry":{"type":"LineString","coordinates":[[107.5409402,-7.0315904],[107.541164,-7.030892]]},"properties":{"name":"Jalan Gading Tutuka","ref":"552"}},
{"type":"Feature","geometry":{"type":"LineString","coordinates":[[107.5408878,-7.0307863],[107.540623,-7.0306898]]},"properties":{"name":"","ref":""}},
{"type":"Feature","geometry":{"type":"LineString","coordinates":[[107.557835,-6.9364571],[107.5563903,-6.9371305]]},"properties":{"name":"Jalan Akses Tol Pasirkoja","ref":"4"}},
{"type":"Feature","geometry":{"type":"LineString","coordinates":[[107.5606012,-6.935005],[107.5667381,-6.9320309],[107.5681123,-6.9315698],[107.5693822,-6.9314079]]},"properties":{"name":"Jalan Akses Tol Pasirkoja","ref":"4"}},
{"type":"Feature","geometry":{"type":"LineString","coordinates":[[107.5412032,-7.0307741],[107.5429694,-7.0259368],[107.542693,-7.0238492],[107.5423537,-7.0229108],[107.5402532,-7.0202552]]},"properties":{"name":"Jalan Gading Tutuka","ref":"552"}},
{"type":"Feature","geometry":{"type":"LineString","coordinates":[[107.5863956,-6.9441848],[107.5888658,-6.9451811]]},"properties":{"name":"Jalan Soekarno-Hatta","ref":"11"}},
{"type":"Feature","geometry":{"type":"LineString","coordinates":[[107.5905372,-6.9458885],[107.5920057,-6.9464327]]},"properties":{"name":"Jalan Soekarno-Hatta","ref":"11"}},
{"type":"Feature","geometry":{"type":"LineString","coordinates":[[107.5760593,-6.9304537],[107.5761295,-6.9307327]]},"properties":{"name":"Jalan Soekarno-Hatta","ref":"11"}},
{"type":"Feature","geometry":{"type":"LineString","coordinates":[[107.5946801,-6.9470993],[107.5950591,-6.9470659],[107.5952184,-6.9469031]]},"properties":{"name":"","ref":""}},
{"type":"Feature","geometry":{"type":"LineString","coordinates":[[107.5761295,-6.9307327],[107.5766269,-6.9322818],[107.577519,-6.9342396],[107.5812002,-6.9397265],[107.5823106,-6.941111]]},"properties":{"name":"Jalan Soekarno-Hatta","ref":"11"}},
{"type":"Feature","geometry":{"type":"LineString","coordinates":[[107.542689,-6.9608414],[107.5422652,-6.9588952],[107.5424516,-6.956957],[107.5474078,-6.9425753]]},"properties":{"name":"Jalan Tol Soreang–Pasirkoja","ref":"4"}},
{"type":"Feature","geometry":{"type":"LineString","coordinates":[[107.5493278,-6.9399411],[107.5499403,-6.939543]]},"properties":{"name":"Jalan Tol Soreang–Pasirkoja","ref":"4"}},
{"type":"Feature","geometry":{"type":"LineString","coordinates":[[107.5570986,-6.9366757],[107.5602849,-6.9351615]]},"properties":{"name":"Jalan Akses Tol Pasirkoja","ref":"4"}},
{"type":"Feature","geometry":{"type":"LineString","coordinates":[[107.5354867,-6.9947733],[107.5365105,-6.9928229],[107.5416327,-6.9847133],[107.5432884,-6.9815374],[107.5447315,-6.9775692],[107.5460445,-6.9722326]]},"properties":{"name":"Jalan Tol Soreang–Pasirkoja","ref":"4"}},
{"type":"Feature","geometry":{"type":"LineString","coordinates":[[107.5323504,-7.0095726],[107.5332612,-7.0064294],[107.53396,-7.0018411]]},"properties":{"name":"Jalan Tol Soreang–Pasirkoja","ref":"4"}},
{"type":"Feature","geometry":{"type":"LineString","coordinates":[[107.5312589,-7.0127591],[107.5313315,-7.0125519]]},"properties":{"name":"Jalan Tol Soreang–Pasirkoja","ref":"4"}},
{"type":"Feature","geometry":{"type":"LineString","coordinates":[[107.53396,-7.0018411],[107.5340563,-7.0011717]]},"properties":{"name":"Jalan Tol Soreang–Pasirkoja","ref":"4"}},
{"type":"Feature","geometry":{"type":"LineString","coordinates":[[107.5534988,-6.9381945],[107.5549656,-6.9377145]]},"properties":{"name":"Jalan Tol Soreang–Pasirkoja","ref":"4"}},
{"type":"Feature","geometry":{"type":"LineString","coordinates":[[107.5499403,-6.939543],[107.5513912,-6.9387516],[107.5534988,-6.9381945]]},"properties":{"name":"Jalan Tol Soreang–Pasirkoja","ref":"4"}},
{"type":"Feature","geometry":{"type":"LineString","coordinates":[[107.5460445,-6.9722326],[107.5461875,-6.9707668]]},"properties":{"name":"Jalan Tol Soreang–Pasirkoja","ref":"4"}},
{"type":"Feature","geometry":{"type":"LineString","coordinates":[[107.5602849,-6.9351615],[107.5606012,-6.935005]]},"properties":{"name":"Jalan Akses Tol Pasirkoja","ref":"4"}},
{"type":"Feature","geometry":{"type":"LineString","coordinates":[[107.5474078,-6.9425753],[107.5480426,-6.941002],[107.5493278,-6.9399411]]},"properties":{"name":"Jalan Tol Soreang–Pasirkoja","ref":"4"}},
{"type":"Feature","geometry":{"type":"LineString","coordinates":[[107.5331372,-7.014147],[107.5315339,-7.0130845],[107.5312345,-7.0132534]]},"properties":{"name":"Jalan Gading Tutuka","ref":"552"}},
{"type":"Feature","geometry":{"type":"LineString","coordinates":[[107.5353934,-6.9950152],[107.5354867,-6.9947733]]},"properties":{"name":"Jalan Tol Soreang–Pasirkoja","ref":"4"}},
{"type":"Feature","geometry":{"type":"LineString","coordinates":[[107.5347798,-6.9968331],[107.5353934,-6.9950152]]},"properties":{"name":"Jalan Tol Soreang–Pasirkoja","ref":"4"}},
{"type":"Feature","geometry":{"type":"LineString","coordinates":[[107.5693822,-6.9314079],[107.5705886,-6.9314328]]},"properties":{"name":"Jalan Akses Tol Pasirkoja","ref":"4"}},
{"type":"Feature","geometry":{"type":"LineString","coordinates":[[107.5707265,-6.9314331],[107.5717838,-6.9313641]]},"properties":{"name":"Jalan Akses Tol Pasirkoja","ref":"4"}},
{"type":"Feature","geometry":{"type":"LineString","coordinates":[[107.5705886,-6.9314328],[107.5707265,-6.9314331]]},"properties":{"name":"Jalan Tol Soreang–Pasirkoja","ref":"4"}},
{"type":"Feature","geometry":{"type":"LineString","coordinates":[[107.5347076,-6.9971326],[107.5347798,-6.9968331]]},"properties":{"name":"Jalan Tol Soreang–Pasirkoja","ref":"4"}},
{"type":"Feature","geometry":{"type":"LineString","coordinates":[[107.5340563,-7.0011717],[107.5347076,-6.9971326]]},"properties":{"name":"Jalan Tol Soreang–Pasirkoja","ref":"4"}},
{"type":"Feature","geometry":{"type":"LineString","coordinates":[[107.5831212,-6.9419015],[107.5844282,-6.9430135]]},"properties":{"name":"Jalan Soekarno-Hatta","ref":"11"}},
{"type":"Feature","geometry":{"type":"LineString","coordinates":[[107.540107,-7.0200579],[107.5397853,-7.0196465]]},"properties":{"name":"Jalan Gading Tutuka","ref":"552"}},
{"type":"Feature","geometry":{"type":"LineString","coordinates":[[107.5402239,-7.0202089],[107.540107,-7.0200579]]},"properties":{"name":"Jalan Gading Tutuka","ref":"552"}},
{"type":"Feature","geometry":{"type":"LineString","coordinates":[[107.542925,-6.9613859],[107.542689,-6.9608414]]},"properties":{"name":"Jalan Tol Soreang–Pasirkoja","ref":"4"}},
{"type":"Feature","geometry":{"type":"LineString","coordinates":[[107.5461875,-6.9707668],[107.5459887,-6.968244],[107.5451801,-6.9656401]]},"properties":{"name":"Jalan Tol Soreang–Pasirkoja","ref":"4"}},
{"type":"Feature","geometry":{"type":"LineString","coordinates":[[107.5397853,-7.0196465],[107.5365507,-7.0156508],[107.535595,-7.015081],[107.5340411,-7.0146336],[107.5331372,-7.014147]]},"properties":{"name":"Jalan Gading Tutuka","ref":"552"}},
{"type":"Feature","geometry":{"type":"LineString","coordinates":[[107.5406481,-7.0314933],[107.5399283,-7.0312164],[107.5401469,-7.0305795],[107.540623,-7.0306898]]},"properties":{"name":"","ref":""}},
{"type":"Feature","geometry":{"type":"LineString","coordinates":[[107.5265997,-7.018774],[107.5285377,-7.0191053],[107.5287867,-7.0195608]]},"properties":{"name":"Jalan Al-Fathu","ref":"10"}},
{"type":"Feature","geometry":{"type":"LineString","coordinates":[[107.5286986,-7.019602],[107.5284695,-7.0191801],[107.5265568,-7.0188458]]},"properties":{"name":"Jalan Al-Fathu","ref":"10"}},
{"type":"Feature","geometry":{"type":"LineString","coordinates":[[107.5313315,-7.0125519],[107.5323504,-7.0095726]]},"properties":{"name":"Jalan Tol Soreang–Pasirkoja","ref":"4"}},
{"type":"Feature","geometry":{"type":"LineString","coordinates":[[107.528828,-7.0199473],[107.5287341,-7.0196866]]},"properties":{"name":"Jalan Al-Fathu","ref":"10"}},
{"type":"Feature","geometry":{"type":"LineString","coordinates":[[107.5287341,-7.0196866],[107.5286986,-7.019602]]},"properties":{"name":"Jalan Al-Fathu","ref":"10"}},
{"type":"Feature","geometry":{"type":"LineString","coordinates":[[107.5289135,-7.0199053],[107.528828,-7.0199473]]},"properties":{"name":"Jalan Akses Tol Soreang","ref":"682"}},
{"type":"Feature","geometry":{"type":"LineString","coordinates":[[107.5897693,-6.9455492],[107.5899638,-6.9456485]]},"properties":{"name":"Jalan Soekarno-Hatta","ref":"11"}},
{"type":"Feature","geometry":{"type":"LineString","coordinates":[[107.5952184,-6.9469031],[107.595295,-6.9458786]]},"properties":{"name":"Jalan Leuwi Panjang","ref":"4118"}},
{"type":"Feature","geometry":{"type":"LineString","coordinates":[[107.5549656,-6.9377145],[107.5570986,-6.9366757]]},"properties":{"name":"Jalan Akses Tol Pasirkoja","ref":"4"}},
{"type":"Feature","geometry":{"type":"LineString","coordinates":[[107.575943,-6.930415],[107.5760414,-6.9303848]]},"properties":{"name":"","ref":"4"}},
{"type":"Feature","geometry":{"type":"LineString","coordinates":[[107.5760414,-6.9303848],[107.5760593,-6.9304537]]},"properties":{"name":"Jalan Soekarno-Hatta","ref":"11"}},
{"type":"Feature","geometry":{"type":"LineString","coordinates":[[107.5894219,-6.9454078],[107.5897088,-6.945521]]},"properties":{"name":"Jalan Soekarno-Hatta","ref":"11"}},
{"type":"Feature","geometry":{"type":"LineString","coordinates":[[107.5265997,-7.018774],[107.5265568,-7.0188458]]},"properties":{"name":"","ref":"10"}},
{"type":"Feature","geometry":{"type":"LineString","coordinates":[[107.5312233,-7.0128581],[107.5312589,-7.0127591]]},"properties":{"name":"Jalan Akses Tol Soreang","ref":"682"}},
{"type":"Feature","geometry":{"type":"LineString","coordinates":[[107.5717838,-6.9313641],[107.5737087,-6.9312089],[107.5755067,-6.9305697]]},"properties":{"name":"Jalan Akses Tol Pasirkoja","ref":"4"}},
{"type":"Feature","geometry":{"type":"LineString","coordinates":[[107.5755067,-6.9305697],[107.575943,-6.930415]]},"properties":{"name":"Jalan Akses Tol Pasirkoja","ref":"4"}},
{"type":"Feature","geometry":{"type":"LineString","coordinates":[[107.5849105,-6.9433545],[107.5863956,-6.9441848]]},"properties":{"name":"Jalan Soekarno-Hatta","ref":"11"}},
{"type":"Feature","geometry":{"type":"LineString","coordinates":[[107.5938141,-6.9457411],[107.5936574,-6.9459061],[107.593264,-6.9458573]]},"properties":{"name":"Jalur Bus Kota Terminal Leuwipanjang","ref":""}},
{"type":"Feature","geometry":{"type":"LineString","coordinates":[[107.5290841,-7.0197549],[107.5289135,-7.0199053]]},"properties":{"name":"Jalan Akses Tol Soreang","ref":"682"}},
{"type":"Feature","geometry":{"type":"LineString","coordinates":[[107.5888658,-6.9451811],[107.5894219,-6.9454078]]},"properties":{"name":"Jalan Soekarno-Hatta","ref":"11"}},
{"type":"Feature","geometry":{"type":"LineString","coordinates":[[107.595295,-6.9458786],[107.5947542,-6.9458158]]},"properties":{"name":"Jalur Masuk Bus","ref":""}},
{"type":"Feature","geometry":{"type":"LineString","coordinates":[[107.5944877,-6.9457804],[107.5940855,-6.9457238]]},"properties":{"name":"Jalur Bus Kota dan AKAP","ref":""}},
{"type":"Feature","geometry":{"type":"LineString","coordinates":[[107.5920057,-6.9464327],[107.5934341,-6.9468277]]},"properties":{"name":"Jalan Soekarno-Hatta","ref":"11"}},
{"type":"Feature","geometry":{"type":"LineString","coordinates":[[107.5899638,-6.9456485],[107.5905372,-6.9458885]]},"properties":{"name":"Jalan Soekarno-Hatta","ref":"11"}},
{"type":"Feature","geometry":{"type":"LineString","coordinates":[[107.5897088,-6.945521],[107.5897693,-6.9455492]]},"properties":{"name":"Jalan Soekarno-Hatta","ref":"11"}},
{"type":"Feature","geometry":{"type":"LineString","coordinates":[[107.5844282,-6.9430135],[107.5849105,-6.9433545]]},"properties":{"name":"Jalan Soekarno-Hatta","ref":"11"}},
{"type":"Feature","geometry":{"type":"LineString","coordinates":[[107.5934341,-6.9468277],[107.5946801,-6.9470993]]},"properties":{"name":"Jalan Soekarno-Hatta","ref":"11"}},
{"type":"Feature","geometry":{"type":"LineString","coordinates":[[107.5940315,-6.9457129],[107.5939798,-6.9457037]]},"properties":{"name":"Jalur Bus Kota dan AKAP","ref":""}},
{"type":"Feature","geometry":{"type":"LineString","coordinates":[[107.5940855,-6.9457238],[107.5940315,-6.9457129]]},"properties":{"name":"Jalur Bus Kota dan AKAP","ref":""}},
{"type":"Feature","geometry":{"type":"LineString","coordinates":[[107.5947542,-6.9458158],[107.5944877,-6.9457804]]},"properties":{"name":"Jalur Bus Kota dan AKAP","ref":""}},
{"type":"Feature","geometry":{"type":"LineString","coordinates":[[107.5402532,-7.0202552],[107.5402239,-7.0202089]]},"properties":{"name":"Jalan Gading Tutuka","ref":"552"}},
{"type":"Feature","geometry":{"type":"LineString","coordinates":[[107.5287867,-7.0195608],[107.5290759,-7.0193315]]},"properties":{"name":"Jalan Akses Tol Soreang","ref":"682"}},
{"type":"Feature","geometry":{"type":"LineString","coordinates":[[107.5823106,-6.941111],[107.5831212,-6.9419015]]},"properties":{"name":"Jalan Soekarno-Hatta","ref":"11"}},
{"type":"Feature","geometry":{"type":"LineString","coordinates":[[107.5451801,-6.9656401],[107.542925,-6.9613859]]},"properties":{"name":"Jalan Tol Soreang–Pasirkoja","ref":"4"}},
{"type":"Feature","geometry":{"type":"LineString","coordinates":[[107.5290759,-7.0193315],[107.5291835,-7.0190348]]},"properties":{"name":"Jalan Akses Tol Soreang","ref":"682"}},
{"type":"Feature","geometry":{"type":"LineString","coordinates":[[107.5291835,-7.0190348],[107.5303646,-7.0152811]]},"properties":{"name":"Jalan Akses Tol Soreang","ref":"682"}},
{"type":"Feature","geometry":{"type":"LineString","coordinates":[[107.5939798,-6.9457037],[107.5938141,-6.9457411]]},"properties":{"name":"Jalur Bus Kota","ref":""}},
{"type":"Feature","geometry":{"type":"LineString","coordinates":[[107.5304543,-7.0156539],[107.529314,-7.0190738]]},"properties":{"name":"Jalan Akses Tol Soreang","ref":"682"}},
{"type":"Feature","geometry":{"type":"LineString","coordinates":[[107.5311458,-7.0130733],[107.5312233,-7.0128581]]},"properties":{"name":"Jalan Akses Tol Soreang","ref":"682"}},
{"type":"Feature","geometry":{"type":"LineString","coordinates":[[107.5307352,-7.0141665],[107.5311458,-7.0130733]]},"properties":{"name":"Jalan Akses Tol Soreang","ref":"682"}},
{"type":"Feature","geometry":{"type":"LineString","coordinates":[[107.529314,-7.0190738],[107.5290841,-7.0197549]]},"properties":{"name":"Jalan Akses Tol Soreang","ref":"682"}},
{"type":"Feature","geometry":{"type":"LineString","coordinates":[[107.5303646,-7.0152811],[107.5307352,-7.0141665]]},"properties":{"name":"Jalan Akses Tol Soreang","ref":"682"}},
{"type":"Feature","geometry":{"type":"LineString","coordinates":[[107.5312345,-7.0132534],[107.5304543,-7.0156539]]},"properties":{"name":"Jalan Akses Tol Soreang","ref":"682"}},
{"type":"Feature","geometry":{"type":"LineString","coordinates":[[107.5409402,-7.0315904],[107.5406481,-7.0314933]]},"properties":{"name":"","ref":""}},
{"type":"Feature","geometry":{"type":"LineString","coordinates":[[107.5409402,-7.0315904],[107.541164,-7.030892]]},"properties":{"name":"Jalan Gading Tutuka","ref":"552"}},
{"type":"Feature","geometry":{"type":"LineString","coordinates":[[107.541164,-7.030892],[107.5412032,-7.0307741]]},"properties":{"name":"Jalan Gading Tutuka","ref":"552"}},
{"type":"Feature","geometry":{"type":"LineString","coordinates":[[107.6040992,-6.9208034],[107.6022243,-6.92058]]},"properties":{"name":"Jalan Jendral Sudirman","ref":""}},
{"type":"Feature","geometry":{"type":"LineString","coordinates":[[107.5741991,-6.9172935],[107.5725721,-6.916133]]},"properties":{"name":"Jalan Jendral Sudirman","ref":"11"}},
{"type":"Feature","geometry":{"type":"LineString","coordinates":[[107.4844613,-6.8592048],[107.4841467,-6.8592563],[107.4829814,-6.8600506],[107.4813933,-6.8614119]]},"properties":{"name":"Jalan Parahyangan","ref":""}},
{"type":"Feature","geometry":{"type":"LineString","coordinates":[[107.4764906,-6.8660919],[107.4747528,-6.8662824],[107.4727802,-6.8667489],[107.4709936,-6.8664781],[107.4698331,-6.8664607]]},"properties":{"name":"Jalan Parahyangan","ref":""}},
{"type":"Feature","geometry":{"type":"LineString","coordinates":[[107.4686667,-6.8664634],[107.467251,-6.8662533]]},"properties":{"name":"Jalan Parahyangan","ref":""}},
{"type":"Feature","geometry":{"type":"LineString","coordinates":[[107.4698331,-6.8664607],[107.469214,-6.8664584]]},"properties":{"name":"Jalan Parahyangan","ref":""}},
{"type":"Feature","geometry":{"type":"LineString","coordinates":[[107.4770978,-6.8659503],[107.4764906,-6.8660919]]},"properties":{"name":"Jalan Parahyangan","ref":""}},
{"type":"Feature","geometry":{"type":"LineString","coordinates":[[107.5429927,-6.8805087],[107.540539,-6.8794301]]},"properties":{"name":"Jalan Gedung Empat","ref":"2"}},
{"type":"Feature","geometry":{"type":"LineString","coordinates":[[107.5616845,-6.8983006],[107.5589596,-6.8938395]]},"properties":{"name":"Jalan Layang Cimindi","ref":"11"}},
{"type":"Feature","geometry":{"type":"LineString","coordinates":[[107.5432961,-6.8803887],[107.5429927,-6.8805087]]},"properties":{"name":"Jalan Gedung Empat","ref":"2"}},
{"type":"Feature","geometry":{"type":"LineString","coordinates":[[107.5156622,-6.866132],[107.5160919,-6.8663299]]},"properties":{"name":"Jalan Raya Gadobangkong","ref":"11"}},
{"type":"Feature","geometry":{"type":"LineString","coordinates":[[107.5169868,-6.8667469],[107.5183058,-6.8673783],[107.5220823,-6.8684515]]},"properties":{"name":"Jalan Raya Gadobangkong","ref":"11"}},
{"type":"Feature","geometry":{"type":"LineString","coordinates":[[107.6021351,-6.9205669],[107.5997986,-6.9202943]]},"properties":{"name":"Jalan Jendral Sudirman","ref":""}},
{"type":"Feature","geometry":{"type":"LineString","coordinates":[[107.5956564,-6.9197851],[107.5929349,-6.9194577]]},"properties":{"name":"Jalan Jendral Sudirman","ref":""}},
{"type":"Feature","geometry":{"type":"LineString","coordinates":[[107.5766159,-6.9175515],[107.5745601,-6.9172787]]},"properties":{"name":"Jalan Jendral Sudirman","ref":""}},
{"type":"Feature","geometry":{"type":"LineString","coordinates":[[107.5901371,-6.9191162],[107.5869453,-6.9187552]]},"properties":{"name":"Jalan Jendral Sudirman","ref":""}},
{"type":"Feature","geometry":{"type":"LineString","coordinates":[[107.5811963,-6.9181036],[107.5781061,-6.9177006]]},"properties":{"name":"Jalan Jendral Sudirman","ref":""}},
{"type":"Feature","geometry":{"type":"LineString","coordinates":[[107.6064546,-6.9210818],[107.6040992,-6.9208034]]},"properties":{"name":"Jalan Asia Afrika","ref":""}},
{"type":"Feature","geometry":{"type":"LineString","coordinates":[[107.4971791,-6.8515469],[107.4963507,-6.8510217]]},"properties":{"name":"Jalan Raya Padalarang","ref":"10;11"}},
{"type":"Feature","geometry":{"type":"LineString","coordinates":[[107.5708773,-6.9135594],[107.5703429,-6.9126894]]},"properties":{"name":"Jalan Jendral Sudirman","ref":"11"}},
{"type":"Feature","geometry":{"type":"LineString","coordinates":[[107.5584996,-6.89319],[107.557194,-6.8909422],[107.5566781,-6.8901125],[107.556216,-6.8893169],[107.5561065,-6.8891389],[107.5556898,-6.8884357],[107.5556524,-6.888377]]},"properties":{"name":"Jalan Jend. H. Amir Machmud","ref":"11"}},
{"type":"Feature","geometry":{"type":"LineString","coordinates":[[107.561879,-6.8986119],[107.5616845,-6.8983006]]},"properties":{"name":"Jalan Layang Cimindi","ref":"11"}},
{"type":"Feature","geometry":{"type":"LineString","coordinates":[[107.5359218,-6.8702457],[107.534761,-6.8698508]]},"properties":{"name":"Jalan Jend. H. Amir Machmud","ref":"11"}},
{"type":"Feature","geometry":{"type":"LineString","coordinates":[[107.4975965,-6.8527156],[107.4975599,-6.8526317]]},"properties":{"name":"Jalan Raya Simpang","ref":"10;11"}},
{"type":"Feature","geometry":{"type":"LineString","coordinates":[[107.540539,-6.8794301],[107.5401392,-6.8792514]]},"properties":{"name":"Jalan Gedung Empat","ref":"2"}},
{"type":"Feature","geometry":{"type":"LineString","coordinates":[[107.5444652,-6.8783241],[107.5434454,-6.8798383],[107.5432961,-6.8803887]]},"properties":{"name":"Jalan Gatot Subroto","ref":"170"}},
{"type":"Feature","geometry":{"type":"LineString","coordinates":[[107.5415376,-6.8743705],[107.5419486,-6.8736407]]},"properties":{"name":"Jalan Gandawijaya","ref":"3"}},
{"type":"Feature","geometry":{"type":"LineString","coordinates":[[107.5034117,-6.8632727],[107.5047344,-6.8639832]]},"properties":{"name":"Jalan Raya Cimareme","ref":"11"}},
{"type":"Feature","geometry":{"type":"LineString","coordinates":[[107.5261248,-6.8684369],[107.5277986,-6.8691038],[107.5313217,-6.8686505],[107.5330853,-6.8692167]]},"properties":{"name":"Jalan Jend. H. Amir Machmud","ref":"11"}},
{"type":"Feature","geometry":{"type":"LineString","coordinates":[[107.5419486,-6.8736407],[107.5416146,-6.8733007]]},"properties":{"name":"Jalan Jend. H. Amir Machmud","ref":"11"}},
{"type":"Feature","geometry":{"type":"LineString","coordinates":[[107.5470087,-6.8765884],[107.5462018,-6.8760976],[107.5459671,-6.8762377]]},"properties":{"name":"Jalan Jend. H. Amir Machmud","ref":"11"}},
{"type":"Feature","geometry":{"type":"LineString","coordinates":[[107.5398907,-6.878911],[107.5403903,-6.8766233],[107.5412818,-6.8748394]]},"properties":{"name":"Jalan Gandawijaya","ref":"3"}},
{"type":"Feature","geometry":{"type":"LineString","coordinates":[[107.5401392,-6.8792514],[107.5399008,-6.8791016],[107.5398907,-6.878911]]},"properties":{"name":"Jalan Gandawijaya","ref":"3"}},
{"type":"Feature","geometry":{"type":"LineString","coordinates":[[107.5869453,-6.9187552],[107.5865662,-6.9187469]]},"properties":{"name":"Jalan Jendral Sudirman","ref":""}},
{"type":"Feature","geometry":{"type":"LineString","coordinates":[[107.494909,-6.852067],[107.4944522,-6.8524499]]},"properties":{"name":"Jalan Layang Kota Baru Parahyangan","ref":""}},
{"type":"Feature","geometry":{"type":"LineString","coordinates":[[107.4974224,-6.8519939],[107.4971791,-6.8515469]]},"properties":{"name":"Jalan Raya Padalarang","ref":"10;11"}},
{"type":"Feature","geometry":{"type":"LineString","coordinates":[[107.4987182,-6.8581066],[107.4988952,-6.8590747],[107.4995891,-6.8599902],[107.5018806,-6.8623184],[107.5034117,-6.8632727]]},"properties":{"name":"Jalan Raya Cimareme","ref":"10;11"}},
{"type":"Feature","geometry":{"type":"LineString","coordinates":[[107.5471213,-6.876653],[107.5470087,-6.8765884]]},"properties":{"name":"Jalan Jend. H. Amir Machmud","ref":"11"}},
{"type":"Feature","geometry":{"type":"LineString","coordinates":[[107.548903,-6.8778074],[107.5471213,-6.876653]]},"properties":{"name":"Jalan Jend. H. Amir Machmud","ref":"11"}},
{"type":"Feature","geometry":{"type":"LineString","coordinates":[[107.5416146,-6.8733007],[107.5411979,-6.8730525]]},"properties":{"name":"Jalan Jend. H. Amir Machmud","ref":"11"}},
{"type":"Feature","geometry":{"type":"LineString","coordinates":[[107.5409753,-6.8729215],[107.5408723,-6.8728609]]},"properties":{"name":"Jalan Jend. H. Amir Machmud","ref":"11"}},
{"type":"Feature","geometry":{"type":"LineString","coordinates":[[107.5391134,-6.8717381],[107.5396118,-6.872043]]},"properties":{"name":"Jalan Jend. H. Amir Machmud","ref":"11"}},
{"type":"Feature","geometry":{"type":"LineString","coordinates":[[107.5396118,-6.872043],[107.540747,-6.8727452]]},"properties":{"name":"Jalan Jend. H. Amir Machmud","ref":"11"}},
{"type":"Feature","geometry":{"type":"LineString","coordinates":[[107.5957158,-6.919791],[107.5956564,-6.9197851]]},"properties":{"name":"Jalan Jendral Sudirman","ref":""}},
{"type":"Feature","geometry":{"type":"LineString","coordinates":[[107.5978841,-6.9200556],[107.5957158,-6.919791]]},"properties":{"name":"Jalan Jendral Sudirman","ref":""}},
{"type":"Feature","geometry":{"type":"LineString","coordinates":[[107.5698951,-6.9119365],[107.5689887,-6.9104164]]},"properties":{"name":"Jalan Jendral Sudirman","ref":"11"}},
{"type":"Feature","geometry":{"type":"LineString","coordinates":[[107.5047344,-6.8639832],[107.5055404,-6.864229]]},"properties":{"name":"Jalan Raya Cimareme","ref":"11"}},
{"type":"Feature","geometry":{"type":"LineString","coordinates":[[107.5063671,-6.864027],[107.5096207,-6.8632683],[107.5156622,-6.866132]]},"properties":{"name":"Jalan Raya Gadobangkong","ref":"11"}},
{"type":"Feature","geometry":{"type":"LineString","coordinates":[[107.5160919,-6.8663299],[107.5169868,-6.8667469]]},"properties":{"name":"Jalan Raya Gadobangkong","ref":"11"}},
{"type":"Feature","geometry":{"type":"LineString","coordinates":[[107.5586991,-6.8935235],[107.5586896,-6.8935077]]},"properties":{"name":"Jalan Jend. H. Amir Machmud","ref":"11"}},
{"type":"Feature","geometry":{"type":"LineString","coordinates":[[107.5586388,-6.8934232],[107.5584996,-6.89319]]},"properties":{"name":"Jalan Jend. H. Amir Machmud","ref":"11"}},
{"type":"Feature","geometry":{"type":"LineString","coordinates":[[107.5588855,-6.8937179],[107.5586991,-6.8935235]]},"properties":{"name":"Jalan Layang Cimindi","ref":"11"}},
{"type":"Feature","geometry":{"type":"LineString","coordinates":[[107.5715151,-6.9146659],[107.5708773,-6.9135594]]},"properties":{"name":"Jalan Jendral Sudirman","ref":"11"}},
{"type":"Feature","geometry":{"type":"LineString","coordinates":[[107.5532991,-6.8845055],[107.549812,-6.8787698]]},"properties":{"name":"Jalan Jend. H. Amir Machmud","ref":"11"}},
{"type":"Feature","geometry":{"type":"LineString","coordinates":[[107.549812,-6.8787698],[107.5493436,-6.8781455]]},"properties":{"name":"Jalan Jend. H. Amir Machmud","ref":"11"}},
{"type":"Feature","geometry":{"type":"LineString","coordinates":[[107.565673,-6.9049534],[107.5619186,-6.8987547]]},"properties":{"name":"Jalan Jend. H. Amir Machmud","ref":"11"}},
{"type":"Feature","geometry":{"type":"LineString","coordinates":[[107.5619186,-6.8987547],[107.561879,-6.8986119]]},"properties":{"name":"Jalan Layang Cimindi","ref":"11"}},
{"type":"Feature","geometry":{"type":"LineString","coordinates":[[107.5407965,-6.8728151],[107.540747,-6.8727452]]},"properties":{"name":"Jalan Jend. H. Amir Machmud","ref":"11"}},
{"type":"Feature","geometry":{"type":"LineString","coordinates":[[107.533145,-6.8692367],[107.5343842,-6.869692]]},"properties":{"name":"Jalan Jend. H. Amir Machmud","ref":"11"}},
{"type":"Feature","geometry":{"type":"LineString","coordinates":[[107.5330853,-6.8692167],[107.533145,-6.8692367]]},"properties":{"name":"Jalan Jend. H. Amir Machmud","ref":"11"}},
{"type":"Feature","geometry":{"type":"LineString","coordinates":[[107.4871202,-6.8579424],[107.4849145,-6.8589012]]},"properties":{"name":"Jalan Panyawangan","ref":""}},
{"type":"Feature","geometry":{"type":"LineString","coordinates":[[107.4874813,-6.8578222],[107.4871202,-6.8579424]]},"properties":{"name":"Jalan Panyawangan","ref":""}},
{"type":"Feature","geometry":{"type":"LineString","coordinates":[[107.4977859,-6.8538237],[107.4978121,-6.8539405]]},"properties":{"name":"Jalan Raya Caringin","ref":"10;11"}},
{"type":"Feature","geometry":{"type":"LineString","coordinates":[[107.4975965,-6.8527156],[107.4977859,-6.8538237]]},"properties":{"name":"Jalan Raya Simpang","ref":"10;11"}},
{"type":"Feature","geometry":{"type":"LineString","coordinates":[[107.5865662,-6.9187469],[107.5863762,-6.9187298]]},"properties":{"name":"Jalan Jendral Sudirman","ref":""}},
{"type":"Feature","geometry":{"type":"LineString","coordinates":[[107.5238237,-6.8685111],[107.5220823,-6.8684515]]},"properties":{"name":"Jalan Raya Gadobangkong","ref":"11"}},
{"type":"Feature","geometry":{"type":"LineString","coordinates":[[107.5363431,-6.8704044],[107.5376817,-6.8709329],[107.5391134,-6.8717381]]},"properties":{"name":"Jalan Jend. H. Amir Machmud","ref":"11"}},
{"type":"Feature","geometry":{"type":"LineString","coordinates":[[107.5863762,-6.9187298],[107.585017,-6.9185426]]},"properties":{"name":"Jalan Jendral Sudirman","ref":""}},
{"type":"Feature","geometry":{"type":"LineString","coordinates":[[107.4974571,-6.8521186],[107.4974224,-6.8519939]]},"properties":{"name":"Jalan Raya Padalarang","ref":"10;11"}},
{"type":"Feature","geometry":{"type":"LineString","coordinates":[[107.549261,-6.8780613],[107.548903,-6.8778074]]},"properties":{"name":"Jalan Jend. H. Amir Machmud","ref":"11"}},
{"type":"Feature","geometry":{"type":"LineString","coordinates":[[107.5703429,-6.9126894],[107.5698951,-6.9119365]]},"properties":{"name":"Jalan Jendral Sudirman","ref":"11"}},
{"type":"Feature","geometry":{"type":"LineString","coordinates":[[107.4975599,-6.8526317],[107.4974957,-6.8522961]]},"properties":{"name":"Jalan Raya Padalarang","ref":"10;11"}},
{"type":"Feature","geometry":{"type":"LineString","coordinates":[[107.5408723,-6.8728609],[107.5407965,-6.8728151]]},"properties":{"name":"Jalan Jend. H. Amir Machmud","ref":"11"}},
{"type":"Feature","geometry":{"type":"LineString","coordinates":[[107.4961444,-6.8512857],[107.4959822,-6.8515478],[107.4952644,-6.8517336],[107.494909,-6.852067]]},"properties":{"name":"Jalan Kota Baru Parahyangan","ref":""}},
{"type":"Feature","geometry":{"type":"LineString","coordinates":[[107.5556524,-6.888377],[107.5540996,-6.8858644]]},"properties":{"name":"Jalan Jend. H. Amir Machmud","ref":"11"}},
{"type":"Feature","geometry":{"type":"LineString","coordinates":[[107.5540996,-6.8858644],[107.5532991,-6.8845055]]},"properties":{"name":"Jalan Jend. H. Amir Machmud","ref":"11"}},
{"type":"Feature","geometry":{"type":"LineString","coordinates":[[107.5493436,-6.8781455],[107.549261,-6.8780613]]},"properties":{"name":"Jalan Jend. H. Amir Machmud","ref":"11"}},
{"type":"Feature","geometry":{"type":"LineString","coordinates":[[107.5459671,-6.8762377],[107.5444652,-6.8783241]]},"properties":{"name":"Jalan Gatot Subroto","ref":"170"}},
{"type":"Feature","geometry":{"type":"LineString","coordinates":[[107.534761,-6.8698508],[107.5343842,-6.869692]]},"properties":{"name":"Jalan Jend. H. Amir Machmud","ref":"11"}},
{"type":"Feature","geometry":{"type":"LineString","coordinates":[[107.5411979,-6.8730525],[107.5409753,-6.8729215]]},"properties":{"name":"Jalan Jend. H. Amir Machmud","ref":"11"}},
{"type":"Feature","geometry":{"type":"LineString","coordinates":[[107.4987021,-6.8578894],[107.4987182,-6.8581066]]},"properties":{"name":"Jalan Raya Caringin","ref":"10;11"}},
{"type":"Feature","geometry":{"type":"LineString","coordinates":[[107.4978121,-6.8539405],[107.4986032,-6.8567807],[107.4987021,-6.8578894]]},"properties":{"name":"Jalan Raya Caringin","ref":"10;11"}},
{"type":"Feature","geometry":{"type":"LineString","coordinates":[[107.4919706,-6.8536414],[107.4912795,-6.8543914],[107.490634,-6.8560715],[107.4901266,-6.8567205],[107.4894408,-6.8571858],[107.4874813,-6.8578222]]},"properties":{"name":"Jalan Panyawangan","ref":""}},
{"type":"Feature","geometry":{"type":"LineString","coordinates":[[107.5745601,-6.9172787],[107.5744159,-6.9173911]]},"properties":{"name":"Bunderan Cibeureum","ref":"11"}},
{"type":"Feature","geometry":{"type":"LineString","coordinates":[[107.5412818,-6.8748394],[107.5415376,-6.8743705]]},"properties":{"name":"Jalan Gandawijaya","ref":"3"}},
{"type":"Feature","geometry":{"type":"LineString","coordinates":[[107.5586896,-6.8935077],[107.5586388,-6.8934232]]},"properties":{"name":"Jalan Jend. H. Amir Machmud","ref":"11"}},
{"type":"Feature","geometry":{"type":"LineString","coordinates":[[107.5589596,-6.8938395],[107.5588855,-6.8937179]]},"properties":{"name":"Jalan Layang Cimindi","ref":"11"}},
{"type":"Feature","geometry":{"type":"LineString","coordinates":[[107.5983386,-6.9201181],[107.5978841,-6.9200556]]},"properties":{"name":"Jalan Jendral Sudirman","ref":""}},
{"type":"Feature","geometry":{"type":"LineString","coordinates":[[107.5742937,-6.9173779],[107.5741991,-6.9172935]]},"properties":{"name":"Bunderan Cibeureum","ref":"11"}},
{"type":"Feature","geometry":{"type":"LineString","coordinates":[[107.5744159,-6.9173911],[107.5742937,-6.9173779]]},"properties":{"name":"Bunderan Cibeureum","ref":"11"}},
{"type":"Feature","geometry":{"type":"LineString","coordinates":[[107.469214,-6.8664584],[107.4687696,-6.8664642]]},"properties":{"name":"Jalan Parahyangan","ref":""}},
{"type":"Feature","geometry":{"type":"LineString","coordinates":[[107.6069278,-6.9211397],[107.6064546,-6.9210818]]},"properties":{"name":"Jalan Asia Afrika","ref":""}},
{"type":"Feature","geometry":{"type":"LineString","coordinates":[[107.5929349,-6.9194577],[107.5901371,-6.9191162]]},"properties":{"name":"Jalan Jendral Sudirman","ref":""}},
{"type":"Feature","geometry":{"type":"LineString","coordinates":[[107.6022243,-6.92058],[107.6021351,-6.9205669]]},"properties":{"name":"Jalan Jendral Sudirman","ref":""}},
{"type":"Feature","geometry":{"type":"LineString","coordinates":[[107.5781061,-6.9177006],[107.5767383,-6.9175655]]},"properties":{"name":"Jalan Jendral Sudirman","ref":""}},
{"type":"Feature","geometry":{"type":"LineString","coordinates":[[107.585017,-6.9185426],[107.5811963,-6.9181036]]},"properties":{"name":"Jalan Jendral Sudirman","ref":""}},
{"type":"Feature","geometry":{"type":"LineString","coordinates":[[107.5767383,-6.9175655],[107.5766159,-6.9175515]]},"properties":{"name":"Jalan Jendral Sudirman","ref":""}},
{"type":"Feature","geometry":{"type":"LineString","coordinates":[[107.4687696,-6.8664642],[107.4686667,-6.8664634]]},"properties":{"name":"Jalan Parahyangan","ref":""}},
{"type":"Feature","geometry":{"type":"LineString","coordinates":[[107.4944522,-6.8524499],[107.4940916,-6.852747],[107.4936415,-6.8526143]]},"properties":{"name":"Jalan Kota Baru Parahyangan","ref":""}},
{"type":"Feature","geometry":{"type":"LineString","coordinates":[[107.6071455,-6.9211653],[107.6069278,-6.9211397]]},"properties":{"name":"Jalan Asia Afrika","ref":""}},
{"type":"Feature","geometry":{"type":"LineString","coordinates":[[107.5359218,-6.8702457],[107.5363078,-6.8703903]]},"properties":{"name":"Jalan Jend. H. Amir Machmud","ref":"11"}},
{"type":"Feature","geometry":{"type":"LineString","coordinates":[[107.5363078,-6.8703903],[107.5363431,-6.8704044]]},"properties":{"name":"Jalan Jend. H. Amir Machmud","ref":"11"}},
{"type":"Feature","geometry":{"type":"LineString","coordinates":[[107.467251,-6.8662533],[107.4671459,-6.8665408],[107.4668097,-6.8663512]]},"properties":{"name":"","ref":""}},
{"type":"Feature","geometry":{"type":"LineString","coordinates":[[107.4936415,-6.8526143],[107.493089,-6.8528142],[107.4919706,-6.8536414]]},"properties":{"name":"Jalan Panyawangan","ref":""}},
{"type":"Feature","geometry":{"type":"LineString","coordinates":[[107.5997986,-6.9202943],[107.5997449,-6.9202871]]},"properties":{"name":"Jalan Jendral Sudirman","ref":""}},
{"type":"Feature","geometry":{"type":"LineString","coordinates":[[107.5997449,-6.9202871],[107.5983386,-6.9201181]]},"properties":{"name":"Jalan Jendral Sudirman","ref":""}},
{"type":"Feature","geometry":{"type":"LineString","coordinates":[[107.5725721,-6.916133],[107.5715151,-6.9146659]]},"properties":{"name":"Jalan Jendral Sudirman","ref":"11"}},
{"type":"Feature","geometry":{"type":"LineString","coordinates":[[107.5238237,-6.8685111],[107.525547,-6.8683413],[107.5261248,-6.8684369]]},"properties":{"name":"Jalan Raya Gadobangkong","ref":"11"}},
{"type":"Feature","geometry":{"type":"LineString","coordinates":[[107.4849145,-6.8589012],[107.4847393,-6.8592136],[107.4844613,-6.8592048]]},"properties":{"name":"Jalan Kota Baru Parahyangan","ref":""}},
{"type":"Feature","geometry":{"type":"LineString","coordinates":[[107.4974957,-6.8522961],[107.4974571,-6.8521186]]},"properties":{"name":"Jalan Raya Padalarang","ref":"10;11"}},
{"type":"Feature","geometry":{"type":"LineString","coordinates":[[107.5055404,-6.864229],[107.5056235,-6.864215],[107.505703,-6.8641943],[107.5063671,-6.864027]]},"properties":{"name":"Jalan Raya Cimareme","ref":"11"}},
{"type":"Feature","geometry":{"type":"LineString","coordinates":[[107.4963507,-6.8510217],[107.4961444,-6.8512857]]},"properties":{"name":"Jalan Kota Baru Parahyangan","ref":""}},
{"type":"Feature","geometry":{"type":"LineString","coordinates":[[107.4813933,-6.8614119],[107.4813249,-6.8614742]]},"properties":{"name":"Jalan Parahyangan","ref":""}},
{"type":"Feature","geometry":{"type":"LineString","coordinates":[[107.4813249,-6.8614742],[107.4804538,-6.8623138]]},"properties":{"name":"Jalan Parahyangan","ref":""}},
{"type":"Feature","geometry":{"type":"LineString","coordinates":[[107.4804538,-6.8623138],[107.4803884,-6.8623796]]},"properties":{"name":"Jalan Parahyangan","ref":""}},
{"type":"Feature","geometry":{"type":"LineString","coordinates":[[107.4803884,-6.8623796],[107.4793841,-6.8637028]]},"properties":{"name":"Jalan Parahyangan","ref":""}},
{"type":"Feature","geometry":{"type":"LineString","coordinates":[[107.4793841,-6.8637028],[107.4793117,-6.8637987]]},"properties":{"name":"Jalan Parahyangan","ref":""}},
{"type":"Feature","geometry":{"type":"LineString","coordinates":[[107.4793117,-6.8637987],[107.4787391,-6.8645886]]},"properties":{"name":"Jalan Parahyangan","ref":""}},
{"type":"Feature","geometry":{"type":"LineString","coordinates":[[107.4787391,-6.8645886],[107.4779735,-6.8655351]]},"properties":{"name":"Jalan Parahyangan","ref":""}},
{"type":"Feature","geometry":{"type":"LineString","coordinates":[[107.4779735,-6.8655351],[107.4779258,-6.8655758]]},"properties":{"name":"Jalan Parahyangan","ref":""}},
{"type":"Feature","geometry":{"type":"LineString","coordinates":[[107.4779258,-6.8655758],[107.4770978,-6.8659503]]},"properties":{"name":"Jalan Parahyangan","ref":""}},
{"type":"Feature","geometry":{"type":"LineString","coordinates":[[107.5689887,-6.9104164],[107.565673,-6.9049534]]},"properties":{"name":"Jalan Jend. H. Amir Machmud","ref":"11"}},
{"type":"Feature","geometry":{"type":"LineString","coordinates":[[107.6092086,-6.9161842],[107.610072,-6.9165602]]},"properties":{"name":"Jalan Lembong","ref":""}},
{"type":"Feature","geometry":{"type":"LineString","coordinates":[[107.5984551,-6.9163007],[107.6022008,-6.9161702]]},"properties":{"name":"Jalan Kebon Jati","ref":""}},
{"type":"Feature","geometry":{"type":"LineString","coordinates":[[107.5933422,-6.9165018],[107.5958562,-6.9163894]]},"properties":{"name":"Jalan Kebon Jati","ref":""}},
{"type":"Feature","geometry":{"type":"LineString","coordinates":[[107.5761151,-6.9132715],[107.5776073,-6.9136496]]},"properties":{"name":"Jalan Rajawali Timur","ref":""}},
{"type":"Feature","geometry":{"type":"LineString","coordinates":[[107.6090254,-6.9139243],[107.6089988,-6.9152244]]},"properties":{"name":"Jalan Braga","ref":""}},
{"type":"Feature","geometry":{"type":"LineString","coordinates":[[107.6071931,-6.9145156],[107.6073185,-6.9143005]]},"properties":{"name":"Jalan Perintis Kemerdekaan","ref":""}},
{"type":"Feature","geometry":{"type":"LineString","coordinates":[[107.6075641,-6.9142136],[107.6081711,-6.9139136],[107.6089516,-6.913844]]},"properties":{"name":"Jalan Perintis Kemerdekaan","ref":""}},
{"type":"Feature","geometry":{"type":"LineString","coordinates":[[107.6045889,-6.9148224],[107.6047205,-6.914736],[107.6064066,-6.9149399]]},"properties":{"name":"Jalan Stasiun Timur","ref":""}},
{"type":"Feature","geometry":{"type":"LineString","coordinates":[[107.604546,-6.9153572],[107.6045889,-6.9148224]]},"properties":{"name":"Jalan Otto Iskandardinata","ref":""}},
{"type":"Feature","geometry":{"type":"LineString","coordinates":[[107.6299627,-6.9157488],[107.6300393,-6.9157014]]},"properties":{"name":"Jalan Jenderal Ahmad Yani","ref":"378"}},
{"type":"Feature","geometry":{"type":"LineString","coordinates":[[107.6546526,-6.9025812],[107.6550496,-6.9021051]]},"properties":{"name":"Jalan Jenderal Ahmad Yani","ref":""}},
{"type":"Feature","geometry":{"type":"LineString","coordinates":[[107.6157093,-6.9194533],[107.6178524,-6.9204334]]},"properties":{"name":"Jalan Veteran","ref":""}},
{"type":"Feature","geometry":{"type":"LineString","coordinates":[[107.611899,-6.9174826],[107.6127815,-6.9179662]]},"properties":{"name":"Jalan Lembong","ref":""}},
{"type":"Feature","geometry":{"type":"LineString","coordinates":[[107.6343866,-6.9134014],[107.6345495,-6.9133508]]},"properties":{"name":"Jalan Jenderal Ahmad Yani","ref":""}},
{"type":"Feature","geometry":{"type":"LineString","coordinates":[[107.6445308,-6.9080265],[107.6473541,-6.9065376]]},"properties":{"name":"Jalan Jenderal Ahmad Yani","ref":""}},
{"type":"Feature","geometry":{"type":"LineString","coordinates":[[107.6296541,-6.9159333],[107.6299627,-6.9157488]]},"properties":{"name":"Jalan Jenderal Ahmad Yani","ref":""}},
{"type":"Feature","geometry":{"type":"LineString","coordinates":[[107.6109278,-6.9169939],[107.6113378,-6.917202]]},"properties":{"name":"Jalan Lembong","ref":""}},
{"type":"Feature","geometry":{"type":"LineString","coordinates":[[107.6342643,-6.9134642],[107.6343866,-6.9134014]]},"properties":{"name":"Jalan Jenderal Ahmad Yani","ref":"378"}},
{"type":"Feature","geometry":{"type":"LineString","coordinates":[[107.6027081,-6.91612],[107.6031079,-6.9160834]]},"properties":{"name":"Jalan Suniaraja","ref":""}},
{"type":"Feature","geometry":{"type":"LineString","coordinates":[[107.6024325,-6.9161432],[107.6027081,-6.91612]]},"properties":{"name":"Jalan Suniaraja","ref":""}},
{"type":"Feature","geometry":{"type":"LineString","coordinates":[[107.5776073,-6.9136496],[107.5825032,-6.9147967]]},"properties":{"name":"Jalan Rajawali Timur","ref":""}},
{"type":"Feature","geometry":{"type":"LineString","coordinates":[[107.6345495,-6.9133508],[107.6418763,-6.9094368]]},"properties":{"name":"Jalan Jenderal Ahmad Yani","ref":""}},
{"type":"Feature","geometry":{"type":"LineString","coordinates":[[107.6070945,-6.9151362],[107.6071931,-6.9145156]]},"properties":{"name":"Jalan Perintis Kemerdekaan","ref":""}},
{"type":"Feature","geometry":{"type":"LineString","coordinates":[[107.5833434,-6.9150421],[107.5852167,-6.9156963]]},"properties":{"name":"Jalan Rajawali Timur","ref":""}},
{"type":"Feature","geometry":{"type":"LineString","coordinates":[[107.5858296,-6.9159179],[107.5904668,-6.9165055]]},"properties":{"name":"Jalan Rajawali Timur","ref":""}},
{"type":"Feature","geometry":{"type":"LineString","coordinates":[[107.5852167,-6.9156963],[107.5858296,-6.9159179]]},"properties":{"name":"Jalan Rajawali Timur","ref":""}},
{"type":"Feature","geometry":{"type":"LineString","coordinates":[[107.6228594,-6.9195533],[107.6194592,-6.9213499]]},"properties":{"name":"Jalan Jenderal Ahmad Yani","ref":""}},
{"type":"Feature","geometry":{"type":"LineString","coordinates":[[107.6311335,-6.9151604],[107.6333413,-6.9139888]]},"properties":{"name":"Jalan Jenderal Ahmad Yani","ref":"378"}},
{"type":"Feature","geometry":{"type":"LineString","coordinates":[[107.6290306,-6.9162928],[107.6274434,-6.9171135]]},"properties":{"name":"Jalan Jenderal Ahmad Yani","ref":""}},
{"type":"Feature","geometry":{"type":"LineString","coordinates":[[107.6241356,-6.9188768],[107.627332,-6.9171495]]},"properties":{"name":"Jalan Jenderal Ahmad Yani","ref":""}},
{"type":"Feature","geometry":{"type":"LineString","coordinates":[[107.5982102,-6.9163251],[107.5982729,-6.9163191]]},"properties":{"name":"Jalan Kebon Jati","ref":""}},
{"type":"Feature","geometry":{"type":"LineString","coordinates":[[107.5910563,-6.9165244],[107.5933422,-6.9165018]]},"properties":{"name":"Jalan Kebon Jati","ref":""}},
{"type":"Feature","geometry":{"type":"LineString","coordinates":[[107.6504237,-6.9049308],[107.6505268,-6.9048727]]},"properties":{"name":"Jalan Jenderal Ahmad Yani","ref":""}},
{"type":"Feature","geometry":{"type":"LineString","coordinates":[[107.6505268,-6.9048727],[107.65401,-6.9030256]]},"properties":{"name":"Jalan Jenderal Ahmad Yani","ref":""}},
{"type":"Feature","geometry":{"type":"LineString","coordinates":[[107.5958562,-6.9163894],[107.5959698,-6.9163849]]},"properties":{"name":"Jalan Kebon Jati","ref":""}},
{"type":"Feature","geometry":{"type":"LineString","coordinates":[[107.5959698,-6.9163849],[107.5982102,-6.9163251]]},"properties":{"name":"Jalan Kebon Jati","ref":""}},
{"type":"Feature","geometry":{"type":"LineString","coordinates":[[107.65401,-6.9030256],[107.6546526,-6.9025812]]},"properties":{"name":"Jalan Jenderal Ahmad Yani","ref":""}},
{"type":"Feature","geometry":{"type":"LineString","coordinates":[[107.6561365,-6.9020684],[107.6567969,-6.9021302]]},"properties":{"name":"Jalan Jenderal Ahmad Yani","ref":""}},
{"type":"Feature","geometry":{"type":"LineString","coordinates":[[107.6567969,-6.9021302],[107.6571681,-6.9021368]]},"properties":{"name":"Jalan Jenderal Ahmad Yani","ref":""}},
{"type":"Feature","geometry":{"type":"LineString","coordinates":[[107.6303085,-6.9155587],[107.6311335,-6.9151604]]},"properties":{"name":"Jalan Jenderal Ahmad Yani","ref":"378"}},
{"type":"Feature","geometry":{"type":"LineString","coordinates":[[107.6290306,-6.9162928],[107.6296541,-6.9159333]]},"properties":{"name":"Jalan Jenderal Ahmad Yani","ref":""}},
{"type":"Feature","geometry":{"type":"LineString","coordinates":[[107.627332,-6.9171495],[107.6274434,-6.9171135]]},"properties":{"name":"Jalan Jenderal Ahmad Yani","ref":""}},
{"type":"Feature","geometry":{"type":"LineString","coordinates":[[107.6473937,-6.9065187],[107.6504237,-6.9049308]]},"properties":{"name":"Jalan Jenderal Ahmad Yani","ref":""}},
{"type":"Feature","geometry":{"type":"LineString","coordinates":[[107.6473541,-6.9065376],[107.6473937,-6.9065187]]},"properties":{"name":"Jalan Jenderal Ahmad Yani","ref":""}},
{"type":"Feature","geometry":{"type":"LineString","coordinates":[[107.6418763,-6.9094368],[107.6437801,-6.9083798]]},"properties":{"name":"Jalan Jenderal Ahmad Yani","ref":""}},
{"type":"Feature","geometry":{"type":"LineString","coordinates":[[107.6337961,-6.9137089],[107.6342643,-6.9134642]]},"properties":{"name":"Jalan Jenderal Ahmad Yani","ref":"378"}},
{"type":"Feature","geometry":{"type":"LineString","coordinates":[[107.606909,-6.9153005],[107.6070945,-6.9151362]]},"properties":{"name":"Jalan Stasiun Timur","ref":""}},
{"type":"Feature","geometry":{"type":"LineString","coordinates":[[107.6437801,-6.9083798],[107.6445308,-6.9080265]]},"properties":{"name":"Jalan Jenderal Ahmad Yani","ref":""}},
{"type":"Feature","geometry":{"type":"LineString","coordinates":[[107.6551205,-6.9020246],[107.6553398,-6.9020357]]},"properties":{"name":"Jalan Jenderal Ahmad Yani","ref":""}},
{"type":"Feature","geometry":{"type":"LineString","coordinates":[[107.6571681,-6.9021368],[107.6571633,-6.9022188]]},"properties":{"name":"","ref":""}},
{"type":"Feature","geometry":{"type":"LineString","coordinates":[[107.6089516,-6.913844],[107.6090254,-6.9139243]]},"properties":{"name":"Jalan Perintis Kemerdekaan","ref":""}},
{"type":"Feature","geometry":{"type":"LineString","coordinates":[[107.6031079,-6.9160834],[107.6045054,-6.9158364]]},"properties":{"name":"Jalan Suniaraja","ref":""}},
{"type":"Feature","geometry":{"type":"LineString","coordinates":[[107.6045054,-6.9158364],[107.604546,-6.9153572]]},"properties":{"name":"Jalan Otto Iskandardinata","ref":""}},
{"type":"Feature","geometry":{"type":"LineString","coordinates":[[107.610072,-6.9165602],[107.6109278,-6.9169939]]},"properties":{"name":"Jalan Lembong","ref":""}},
{"type":"Feature","geometry":{"type":"LineString","coordinates":[[107.6333413,-6.9139888],[107.6337961,-6.9137089]]},"properties":{"name":"Jalan Jenderal Ahmad Yani","ref":"378"}},
{"type":"Feature","geometry":{"type":"LineString","coordinates":[[107.6089865,-6.9159412],[107.6092086,-6.9161842]]},"properties":{"name":"Jalan Lembong","ref":""}},
{"type":"Feature","geometry":{"type":"LineString","coordinates":[[107.6571633,-6.9022188],[107.6571624,-6.902364]]},"properties":{"name":"","ref":""}},
{"type":"Feature","geometry":{"type":"LineString","coordinates":[[107.5825032,-6.9147967],[107.5833434,-6.9150421]]},"properties":{"name":"Jalan Rajawali Timur","ref":""}},
{"type":"Feature","geometry":{"type":"LineString","coordinates":[[107.6064066,-6.9149399],[107.606909,-6.9153005]]},"properties":{"name":"Jalan Stasiun Timur","ref":""}},
{"type":"Feature","geometry":{"type":"LineString","coordinates":[[107.6569974,-6.9026679],[107.6569854,-6.9023139]]},"properties":{"name":"","ref":""}},
{"type":"Feature","geometry":{"type":"LineString","coordinates":[[107.6300393,-6.9157014],[107.6303085,-6.9155587]]},"properties":{"name":"Jalan Jenderal Ahmad Yani","ref":"378"}},
{"type":"Feature","geometry":{"type":"LineString","coordinates":[[107.6569854,-6.9023139],[107.6565637,-6.902329]]},"properties":{"name":"","ref":""}},
{"type":"Feature","geometry":{"type":"LineString","coordinates":[[107.6557405,-6.9020533],[107.6561365,-6.9020684]]},"properties":{"name":"Jalan Jenderal Ahmad Yani","ref":""}},
{"type":"Feature","geometry":{"type":"LineString","coordinates":[[107.6089988,-6.9152244],[107.6089865,-6.9159412]]},"properties":{"name":"Jalan Braga","ref":""}},
{"type":"Feature","geometry":{"type":"LineString","coordinates":[[107.6022008,-6.9161702],[107.6024325,-6.9161432]]},"properties":{"name":"Jalan Suniaraja","ref":""}},
{"type":"Feature","geometry":{"type":"LineString","coordinates":[[107.6178524,-6.9204334],[107.6190743,-6.9209818],[107.6194592,-6.9213499]]},"properties":{"name":"Jalan Veteran","ref":""}},
{"type":"Feature","geometry":{"type":"LineString","coordinates":[[107.5904668,-6.9165055],[107.5910563,-6.9165244]]},"properties":{"name":"Jalan Kebon Jati","ref":""}},
{"type":"Feature","geometry":{"type":"LineString","coordinates":[[107.6550496,-6.9021051],[107.6551205,-6.9020246]]},"properties":{"name":"Jalan Jenderal Ahmad Yani","ref":""}},
{"type":"Feature","geometry":{"type":"LineString","coordinates":[[107.6241356,-6.9188768],[107.6228594,-6.9195533]]},"properties":{"name":"Jalan Jenderal Ahmad Yani","ref":""}},
{"type":"Feature","geometry":{"type":"LineString","coordinates":[[107.6127815,-6.9179662],[107.6157093,-6.9194533]]},"properties":{"name":"Jalan Veteran","ref":""}},
{"type":"Feature","geometry":{"type":"LineString","coordinates":[[107.6073185,-6.9143005],[107.6075641,-6.9142136]]},"properties":{"name":"Jalan Perintis Kemerdekaan","ref":""}},
{"type":"Feature","geometry":{"type":"LineString","coordinates":[[107.575723,-6.9133498],[107.5758021,-6.913142]]},"properties":{"name":"Jalan Elang","ref":"11"}},
{"type":"Feature","geometry":{"type":"LineString","coordinates":[[107.6571624,-6.902364],[107.6569974,-6.9026679]]},"properties":{"name":"","ref":""}},
{"type":"Feature","geometry":{"type":"LineString","coordinates":[[107.5982729,-6.9163191],[107.5984551,-6.9163007]]},"properties":{"name":"Jalan Kebon Jati","ref":""}},
{"type":"Feature","geometry":{"type":"LineString","coordinates":[[107.6553398,-6.9020357],[107.6557405,-6.9020533]]},"properties":{"name":"Jalan Jenderal Ahmad Yani","ref":""}},
{"type":"Feature","geometry":{"type":"LineString","coordinates":[[107.6113378,-6.917202],[107.6114765,-6.9172727]]},"properties":{"name":"Jalan Lembong","ref":""}},
{"type":"Feature","geometry":{"type":"LineString","coordinates":[[107.6114765,-6.9172727],[107.6115788,-6.9173248]]},"properties":{"name":"Jalan Lembong","ref":""}},
{"type":"Feature","geometry":{"type":"LineString","coordinates":[[107.6115788,-6.9173248],[107.611899,-6.9174826]]},"properties":{"name":"Jalan Lembong","ref":""}},
{"type":"Feature","geometry":{"type":"LineString","coordinates":[[107.5758021,-6.913142],[107.5761151,-6.9132715]]},"properties":{"name":"Jalan Rajawali Timur","ref":""}},
{"type":"Feature","geometry":{"type":"LineString","coordinates":[[107.6040992,-6.9208034],[107.6022243,-6.92058]]},"properties":{"name":"Jalan Jendral Sudirman","ref":""}},
{"type":"Feature","geometry":{"type":"LineString","coordinates":[[107.5749738,-6.9155723],[107.5753136,-6.9144895]]},"properties":{"name":"Jalan Elang","ref":"11"}},
{"type":"Feature","geometry":{"type":"LineString","coordinates":[[107.5741991,-6.9172935],[107.5725721,-6.916133]]},"properties":{"name":"Jalan Jendral Sudirman","ref":"11"}},
{"type":"Feature","geometry":{"type":"LineString","coordinates":[[107.6562379,-6.9021633],[107.6557174,-6.902134]]},"properties":{"name":"Jalan Jenderal Ahmad Yani","ref":""}},
{"type":"Feature","geometry":{"type":"LineString","coordinates":[[107.6445308,-6.9080265],[107.6437989,-6.9084471]]},"properties":{"name":"Jalan Jenderal Ahmad Yani","ref":""}},
{"type":"Feature","geometry":{"type":"LineString","coordinates":[[107.6445308,-6.9080265],[107.6473541,-6.9065376]]},"properties":{"name":"Jalan Jenderal Ahmad Yani","ref":""}},
{"type":"Feature","geometry":{"type":"LineString","coordinates":[[107.5755571,-6.9135373],[107.5748897,-6.9155407]]},"properties":{"name":"Jalan Elang","ref":"11"}},
{"type":"Feature","geometry":{"type":"LineString","coordinates":[[107.6021351,-6.9205669],[107.5997986,-6.9202943]]},"properties":{"name":"Jalan Jendral Sudirman","ref":""}},
{"type":"Feature","geometry":{"type":"LineString","coordinates":[[107.5956564,-6.9197851],[107.5929349,-6.9194577]]},"properties":{"name":"Jalan Jendral Sudirman","ref":""}},
{"type":"Feature","geometry":{"type":"LineString","coordinates":[[107.5766159,-6.9175515],[107.5745601,-6.9172787]]},"properties":{"name":"Jalan Jendral Sudirman","ref":""}},
{"type":"Feature","geometry":{"type":"LineString","coordinates":[[107.5693569,-6.9106219],[107.5729282,-6.9120185]]},"properties":{"name":"Jalan Rajawali Barat","ref":"11"}},
{"type":"Feature","geometry":{"type":"LineString","coordinates":[[107.6434964,-6.9113612],[107.643636,-6.9130175]]},"properties":{"name":"Jalan H. Ibrahim Adjie","ref":""}},
{"type":"Feature","geometry":{"type":"LineString","coordinates":[[107.6194592,-6.9213499],[107.6187221,-6.9217512]]},"properties":{"name":"Jalan Jenderal Ahmad Yani","ref":""}},
{"type":"Feature","geometry":{"type":"LineString","coordinates":[[107.5901371,-6.9191162],[107.5869453,-6.9187552]]},"properties":{"name":"Jalan Jendral Sudirman","ref":""}},
{"type":"Feature","geometry":{"type":"LineString","coordinates":[[107.5811963,-6.9181036],[107.5781061,-6.9177006]]},"properties":{"name":"Jalan Jendral Sudirman","ref":""}},
{"type":"Feature","geometry":{"type":"LineString","coordinates":[[107.6064546,-6.9210818],[107.6040992,-6.9208034]]},"properties":{"name":"Jalan Asia Afrika","ref":""}},
{"type":"Feature","geometry":{"type":"LineString","coordinates":[[107.6072035,-6.9211727],[107.6071455,-6.9211653]]},"properties":{"name":"Jalan Asia Afrika","ref":""}},
{"type":"Feature","geometry":{"type":"LineString","coordinates":[[107.6228594,-6.9195533],[107.6194592,-6.9213499]]},"properties":{"name":"Jalan Jenderal Ahmad Yani","ref":""}},
{"type":"Feature","geometry":{"type":"LineString","coordinates":[[107.6557174,-6.902134],[107.6547053,-6.9026773]]},"properties":{"name":"Jalan Jenderal Ahmad Yani","ref":""}},
{"type":"Feature","geometry":{"type":"LineString","coordinates":[[107.6374221,-6.9145133],[107.6374071,-6.9145151]]},"properties":{"name":"Jalan Jakarta","ref":""}},
{"type":"Feature","geometry":{"type":"LineString","coordinates":[[107.6375505,-6.9144979],[107.6374221,-6.9145133]]},"properties":{"name":"Jalan Jakarta","ref":""}},
{"type":"Feature","geometry":{"type":"LineString","coordinates":[[107.6311335,-6.9151604],[107.6333413,-6.9139888]]},"properties":{"name":"Jalan Jenderal Ahmad Yani","ref":"378"}},
{"type":"Feature","geometry":{"type":"LineString","coordinates":[[107.6417884,-6.9139622],[107.6376149,-6.9144902]]},"properties":{"name":"Jalan Jakarta","ref":""}},
{"type":"Feature","geometry":{"type":"LineString","coordinates":[[107.6373588,-6.9145209],[107.6362076,-6.9146671],[107.6356516,-6.9145514]]},"properties":{"name":"Jalan Jakarta","ref":""}},
{"type":"Feature","geometry":{"type":"LineString","coordinates":[[107.6290306,-6.9162928],[107.6274434,-6.9171135]]},"properties":{"name":"Jalan Jenderal Ahmad Yani","ref":""}},
{"type":"Feature","geometry":{"type":"LineString","coordinates":[[107.6433608,-6.9099796],[107.6434964,-6.9113612]]},"properties":{"name":"Jalan H. Ibrahim Adjie","ref":""}},
{"type":"Feature","geometry":{"type":"LineString","coordinates":[[107.5708773,-6.9135594],[107.5703429,-6.9126894]]},"properties":{"name":"Jalan Jendral Sudirman","ref":"11"}},
{"type":"Feature","geometry":{"type":"LineString","coordinates":[[107.6504237,-6.9049308],[107.6505268,-6.9048727]]},"properties":{"name":"Jalan Jenderal Ahmad Yani","ref":""}},
{"type":"Feature","geometry":{"type":"LineString","coordinates":[[107.6505268,-6.9048727],[107.65401,-6.9030256]]},"properties":{"name":"Jalan Jenderal Ahmad Yani","ref":""}},
{"type":"Feature","geometry":{"type":"LineString","coordinates":[[107.5869453,-6.9187552],[107.5865662,-6.9187469]]},"properties":{"name":"Jalan Jendral Sudirman","ref":""}},
{"type":"Feature","geometry":{"type":"LineString","coordinates":[[107.6120118,-6.9217387],[107.6118192,-6.9217111]]},"properties":{"name":"Jalan Asia Afrika","ref":""}},
{"type":"Feature","geometry":{"type":"LineString","coordinates":[[107.6077991,-6.9212366],[107.6072035,-6.9211727]]},"properties":{"name":"Jalan Asia Afrika","ref":""}},
{"type":"Feature","geometry":{"type":"LineString","coordinates":[[107.5957158,-6.919791],[107.5956564,-6.9197851]]},"properties":{"name":"Jalan Jendral Sudirman","ref":""}},
{"type":"Feature","geometry":{"type":"LineString","coordinates":[[107.5978841,-6.9200556],[107.5957158,-6.919791]]},"properties":{"name":"Jalan Jendral Sudirman","ref":""}},
{"type":"Feature","geometry":{"type":"LineString","coordinates":[[107.6311335,-6.9151604],[107.6303391,-6.9156149]]},"properties":{"name":"Jalan Jenderal Ahmad Yani","ref":"378"}},
{"type":"Feature","geometry":{"type":"LineString","coordinates":[[107.6303391,-6.9156149],[107.6300714,-6.9157678]]},"properties":{"name":"Jalan Jenderal Ahmad Yani","ref":"378"}},
{"type":"Feature","geometry":{"type":"LineString","coordinates":[[107.6299922,-6.9158161],[107.6298144,-6.9159137]]},"properties":{"name":"Jalan Jenderal Ahmad Yani","ref":""}},
{"type":"Feature","geometry":{"type":"LineString","coordinates":[[107.6298144,-6.9159137],[107.6290306,-6.9162928]]},"properties":{"name":"Jalan Jenderal Ahmad Yani","ref":""}},
{"type":"Feature","geometry":{"type":"LineString","coordinates":[[107.6273596,-6.9171941],[107.6263141,-6.9177504]]},"properties":{"name":"Jalan Jenderal Ahmad Yani","ref":""}},
{"type":"Feature","geometry":{"type":"LineString","coordinates":[[107.6422888,-6.9139602],[107.6417884,-6.9139622]]},"properties":{"name":"Jalan Jakarta","ref":""}},
{"type":"Feature","geometry":{"type":"LineString","coordinates":[[107.6473937,-6.9065187],[107.6504237,-6.9049308]]},"properties":{"name":"Jalan Jenderal Ahmad Yani","ref":""}},
{"type":"Feature","geometry":{"type":"LineString","coordinates":[[107.6473541,-6.9065376],[107.6473937,-6.9065187]]},"properties":{"name":"Jalan Jenderal Ahmad Yani","ref":""}},
{"type":"Feature","geometry":{"type":"LineString","coordinates":[[107.5715151,-6.9146659],[107.5708773,-6.9135594]]},"properties":{"name":"Jalan Jendral Sudirman","ref":"11"}},
{"type":"Feature","geometry":{"type":"LineString","coordinates":[[107.6435428,-6.9085842],[107.6434582,-6.9086288]]},"properties":{"name":"Jalan Jenderal Ahmad Yani","ref":""}},
{"type":"Feature","geometry":{"type":"LineString","coordinates":[[107.6432718,-6.9087579],[107.6433049,-6.9094542]]},"properties":{"name":"Jalan H. Ibrahim Adjie","ref":""}},
{"type":"Feature","geometry":{"type":"LineString","coordinates":[[107.5865662,-6.9187469],[107.5863762,-6.9187298]]},"properties":{"name":"Jalan Jendral Sudirman","ref":""}},
{"type":"Feature","geometry":{"type":"LineString","coordinates":[[107.5863762,-6.9187298],[107.585017,-6.9185426]]},"properties":{"name":"Jalan Jendral Sudirman","ref":""}},
{"type":"Feature","geometry":{"type":"LineString","coordinates":[[107.6434893,-6.9136739],[107.6434317,-6.9138202]]},"properties":{"name":"","ref":""}},
{"type":"Feature","geometry":{"type":"LineString","coordinates":[[107.6179492,-6.9221334],[107.6177239,-6.9222411]]},"properties":{"name":"Jalan Jenderal Ahmad Yani","ref":""}},
{"type":"Feature","geometry":{"type":"LineString","coordinates":[[107.6177239,-6.9222411],[107.6176409,-6.9222818]]},"properties":{"name":"Jalan Jenderal Ahmad Yani","ref":""}},
{"type":"Feature","geometry":{"type":"LineString","coordinates":[[107.6187221,-6.9217512],[107.6179492,-6.9221334]]},"properties":{"name":"Jalan Jenderal Ahmad Yani","ref":"378"}},
{"type":"Feature","geometry":{"type":"LineString","coordinates":[[107.6172559,-6.9223968],[107.6170144,-6.9223672]]},"properties":{"name":"Jalan Asia Afrika","ref":""}},
{"type":"Feature","geometry":{"type":"LineString","coordinates":[[107.6176409,-6.9222818],[107.6172559,-6.9223968]]},"properties":{"name":"Jalan Jenderal Ahmad Yani","ref":""}},
{"type":"Feature","geometry":{"type":"LineString","coordinates":[[107.5703429,-6.9126894],[107.5698951,-6.9119365]]},"properties":{"name":"Jalan Jendral Sudirman","ref":"11"}},
{"type":"Feature","geometry":{"type":"LineString","coordinates":[[107.643636,-6.9130175],[107.6436341,-6.913395]]},"properties":{"name":"Jalan H. Ibrahim Adjie","ref":""}},
{"type":"Feature","geometry":{"type":"LineString","coordinates":[[107.6436341,-6.913395],[107.6434893,-6.9136739]]},"properties":{"name":"","ref":""}},
{"type":"Feature","geometry":{"type":"LineString","coordinates":[[107.6429791,-6.9138756],[107.6422888,-6.9139602]]},"properties":{"name":"Jalan Jakarta","ref":""}},
{"type":"Feature","geometry":{"type":"LineString","coordinates":[[107.6356516,-6.9145514],[107.634859,-6.9143394]]},"properties":{"name":"Jalan Jakarta","ref":""}},
{"type":"Feature","geometry":{"type":"LineString","coordinates":[[107.6080507,-6.92126],[107.6077991,-6.9212366]]},"properties":{"name":"Jalan Asia Afrika","ref":""}},
{"type":"Feature","geometry":{"type":"LineString","coordinates":[[107.5698951,-6.9119365],[107.5699632,-6.911882]]},"properties":{"name":"","ref":""}},
{"type":"Feature","geometry":{"type":"LineString","coordinates":[[107.6437989,-6.9084471],[107.6435428,-6.9085842]]},"properties":{"name":"Jalan Jenderal Ahmad Yani","ref":""}},
{"type":"Feature","geometry":{"type":"LineString","coordinates":[[107.5699632,-6.911882],[107.5692858,-6.9107802],[107.5693569,-6.9106219]]},"properties":{"name":"Jalan Jendral Sudirman","ref":"11"}},
{"type":"Feature","geometry":{"type":"LineString","coordinates":[[107.5745601,-6.9172787],[107.5744159,-6.9173911]]},"properties":{"name":"Bunderan Cibeureum","ref":"11"}},
{"type":"Feature","geometry":{"type":"LineString","coordinates":[[107.634287,-6.9135464],[107.633493,-6.913944]]},"properties":{"name":"Jalan Jenderal Ahmad Yani","ref":"378"}},
{"type":"Feature","geometry":{"type":"LineString","coordinates":[[107.633493,-6.913944],[107.6334401,-6.9139699]]},"properties":{"name":"Jalan Jenderal Ahmad Yani","ref":""}},
{"type":"Feature","geometry":{"type":"LineString","coordinates":[[107.6334401,-6.9139699],[107.6333413,-6.9139888]]},"properties":{"name":"Jalan Jenderal Ahmad Yani","ref":""}},
{"type":"Feature","geometry":{"type":"LineString","coordinates":[[107.6547053,-6.9026773],[107.65401,-6.9030256]]},"properties":{"name":"Jalan Jenderal Ahmad Yani","ref":""}},
{"type":"Feature","geometry":{"type":"LineString","coordinates":[[107.6434582,-6.9086288],[107.6432718,-6.9087579]]},"properties":{"name":"Jalan Jenderal Ahmad Yani","ref":""}},
{"type":"Feature","geometry":{"type":"LineString","coordinates":[[107.6433049,-6.9094542],[107.6433608,-6.9099796]]},"properties":{"name":"Jalan H. Ibrahim Adjie","ref":""}},
{"type":"Feature","geometry":{"type":"LineString","coordinates":[[107.5983386,-6.9201181],[107.5978841,-6.9200556]]},"properties":{"name":"Jalan Jendral Sudirman","ref":""}},
{"type":"Feature","geometry":{"type":"LineString","coordinates":[[107.5748897,-6.9155407],[107.5749738,-6.9155723]]},"properties":{"name":"","ref":""}},
{"type":"Feature","geometry":{"type":"LineString","coordinates":[[107.634859,-6.9143394],[107.634287,-6.9135464]]},"properties":{"name":"Jalan Jakarta","ref":""}},
{"type":"Feature","geometry":{"type":"LineString","coordinates":[[107.5742937,-6.9173779],[107.5741991,-6.9172935]]},"properties":{"name":"Bunderan Cibeureum","ref":"11"}},
{"type":"Feature","geometry":{"type":"LineString","coordinates":[[107.5744159,-6.9173911],[107.5742937,-6.9173779]]},"properties":{"name":"Bunderan Cibeureum","ref":"11"}},
{"type":"Feature","geometry":{"type":"LineString","coordinates":[[107.6069278,-6.9211397],[107.6064546,-6.9210818]]},"properties":{"name":"Jalan Asia Afrika","ref":""}},
{"type":"Feature","geometry":{"type":"LineString","coordinates":[[107.6300714,-6.9157678],[107.6299922,-6.9158161]]},"properties":{"name":"Jalan Jenderal Ahmad Yani","ref":"378"}},
{"type":"Feature","geometry":{"type":"LineString","coordinates":[[107.6563322,-6.9022588],[107.6563227,-6.9021785]]},"properties":{"name":"","ref":""}},
{"type":"Feature","geometry":{"type":"LineString","coordinates":[[107.6374071,-6.9145151],[107.6373588,-6.9145209]]},"properties":{"name":"Jalan Jakarta","ref":""}},
{"type":"Feature","geometry":{"type":"LineString","coordinates":[[107.6375655,-6.9144961],[107.6375505,-6.9144979]]},"properties":{"name":"Jalan Jakarta","ref":""}},
{"type":"Feature","geometry":{"type":"LineString","coordinates":[[107.6376149,-6.9144902],[107.6375655,-6.9144961]]},"properties":{"name":"Jalan Jakarta","ref":""}},
{"type":"Feature","geometry":{"type":"LineString","coordinates":[[107.6563227,-6.9021785],[107.6562379,-6.9021633]]},"properties":{"name":"Jalan Jenderal Ahmad Yani","ref":""}},
{"type":"Feature","geometry":{"type":"LineString","coordinates":[[107.6242238,-6.9188675],[107.6241356,-6.9188768]]},"properties":{"name":"Jalan Jenderal Ahmad Yani","ref":""}},
{"type":"Feature","geometry":{"type":"LineString","coordinates":[[107.5929349,-6.9194577],[107.5901371,-6.9191162]]},"properties":{"name":"Jalan Jendral Sudirman","ref":""}},
{"type":"Feature","geometry":{"type":"LineString","coordinates":[[107.6247558,-6.9185827],[107.6242238,-6.9188675]]},"properties":{"name":"Jalan Jenderal Ahmad Yani","ref":""}},
{"type":"Feature","geometry":{"type":"LineString","coordinates":[[107.6022243,-6.92058],[107.6021351,-6.9205669]]},"properties":{"name":"Jalan Jendral Sudirman","ref":""}},
{"type":"Feature","geometry":{"type":"LineString","coordinates":[[107.5729282,-6.9120185],[107.5753653,-6.9129722]]},"properties":{"name":"Jalan Rajawali Barat","ref":"11"}},
{"type":"Feature","geometry":{"type":"LineString","coordinates":[[107.6250751,-6.9184012],[107.6247558,-6.9185827]]},"properties":{"name":"Jalan Jenderal Ahmad Yani","ref":""}},
{"type":"Feature","geometry":{"type":"LineString","coordinates":[[107.6241356,-6.9188768],[107.6228594,-6.9195533]]},"properties":{"name":"Jalan Jenderal Ahmad Yani","ref":""}},
{"type":"Feature","geometry":{"type":"LineString","coordinates":[[107.6158891,-6.9222189],[107.6137702,-6.9219439]]},"properties":{"name":"Jalan Asia Afrika","ref":""}},
{"type":"Feature","geometry":{"type":"LineString","coordinates":[[107.6137702,-6.9219439],[107.6120118,-6.9217387]]},"properties":{"name":"Jalan Asia Afrika","ref":""}},
{"type":"Feature","geometry":{"type":"LineString","coordinates":[[107.6263141,-6.9177504],[107.6250751,-6.9184012]]},"properties":{"name":"Jalan Jenderal Ahmad Yani","ref":""}},
{"type":"Feature","geometry":{"type":"LineString","coordinates":[[107.5781061,-6.9177006],[107.5767383,-6.9175655]]},"properties":{"name":"Jalan Jendral Sudirman","ref":""}},
{"type":"Feature","geometry":{"type":"LineString","coordinates":[[107.585017,-6.9185426],[107.5811963,-6.9181036]]},"properties":{"name":"Jalan Jendral Sudirman","ref":""}},
{"type":"Feature","geometry":{"type":"LineString","coordinates":[[107.5767383,-6.9175655],[107.5766159,-6.9175515]]},"properties":{"name":"Jalan Jendral Sudirman","ref":""}},
{"type":"Feature","geometry":{"type":"LineString","coordinates":[[107.6563498,-6.9023352],[107.6563322,-6.9022588]]},"properties":{"name":"","ref":""}},
{"type":"Feature","geometry":{"type":"LineString","coordinates":[[107.6565637,-6.902329],[107.6563498,-6.9023352]]},"properties":{"name":"","ref":""}},
{"type":"Feature","geometry":{"type":"LineString","coordinates":[[107.6071455,-6.9211653],[107.6069278,-6.9211397]]},"properties":{"name":"Jalan Asia Afrika","ref":""}},
{"type":"Feature","geometry":{"type":"LineString","coordinates":[[107.6274434,-6.9171135],[107.6273596,-6.9171941]]},"properties":{"name":"Jalan Jenderal Ahmad Yani","ref":""}},
{"type":"Feature","geometry":{"type":"LineString","coordinates":[[107.6434317,-6.9138202],[107.6429791,-6.9138756]]},"properties":{"name":"Jalan Jakarta","ref":""}},
{"type":"Feature","geometry":{"type":"LineString","coordinates":[[107.5753136,-6.9144895],[107.575723,-6.9133498]]},"properties":{"name":"Jalan Elang","ref":"11"}},
{"type":"Feature","geometry":{"type":"LineString","coordinates":[[107.5997986,-6.9202943],[107.5997449,-6.9202871]]},"properties":{"name":"Jalan Jendral Sudirman","ref":""}},
{"type":"Feature","geometry":{"type":"LineString","coordinates":[[107.5997449,-6.9202871],[107.5983386,-6.9201181]]},"properties":{"name":"Jalan Jendral Sudirman","ref":""}},
{"type":"Feature","geometry":{"type":"LineString","coordinates":[[107.575721,-6.9131092],[107.5755571,-6.9135373]]},"properties":{"name":"Jalan Elang","ref":"11"}},
{"type":"Feature","geometry":{"type":"LineString","coordinates":[[107.5725721,-6.916133],[107.5715151,-6.9146659]]},"properties":{"name":"Jalan Jendral Sudirman","ref":"11"}},
{"type":"Feature","geometry":{"type":"LineString","coordinates":[[107.5753653,-6.9129722],[107.575721,-6.9131092]]},"properties":{"name":"Jalan Rajawali Barat","ref":"11"}},
{"type":"Feature","geometry":{"type":"LineString","coordinates":[[107.6169174,-6.9223549],[107.6168586,-6.9223467]]},"properties":{"name":"Jalan Asia Afrika","ref":""}},
{"type":"Feature","geometry":{"type":"LineString","coordinates":[[107.6168586,-6.9223467],[107.6164036,-6.9222867]]},"properties":{"name":"Jalan Asia Afrika","ref":""}},
{"type":"Feature","geometry":{"type":"LineString","coordinates":[[107.6164036,-6.9222867],[107.6160352,-6.9222381]]},"properties":{"name":"Jalan Asia Afrika","ref":""}},
{"type":"Feature","geometry":{"type":"LineString","coordinates":[[107.6160352,-6.9222381],[107.6158891,-6.9222189]]},"properties":{"name":"Jalan Asia Afrika","ref":""}},
{"type":"Feature","geometry":{"type":"LineString","coordinates":[[107.6170144,-6.9223672],[107.6169174,-6.9223549]]},"properties":{"name":"Jalan Asia Afrika","ref":""}},
{"type":"Feature","geometry":{"type":"LineString","coordinates":[[107.6098247,-6.9214728],[107.6094601,-6.9214292]]},"properties":{"name":"Jalan Asia Afrika","ref":""}},
{"type":"Feature","geometry":{"type":"LineString","coordinates":[[107.6094601,-6.9214292],[107.6092781,-6.9214081]]},"properties":{"name":"Jalan Asia Afrika","ref":""}},
{"type":"Feature","geometry":{"type":"LineString","coordinates":[[107.6092781,-6.9214081],[107.6087887,-6.9213491]]},"properties":{"name":"Jalan Asia Afrika","ref":""}},
{"type":"Feature","geometry":{"type":"LineString","coordinates":[[107.6087887,-6.9213491],[107.6082703,-6.9212857]]},"properties":{"name":"Jalan Asia Afrika","ref":""}},
{"type":"Feature","geometry":{"type":"LineString","coordinates":[[107.6082703,-6.9212857],[107.6080507,-6.92126]]},"properties":{"name":"Jalan Asia Afrika","ref":""}},
{"type":"Feature","geometry":{"type":"LineString","coordinates":[[107.6118192,-6.9217111],[107.6114983,-6.9216723]]},"properties":{"name":"Jalan Asia Afrika","ref":""}},
{"type":"Feature","geometry":{"type":"LineString","coordinates":[[107.6114983,-6.9216723],[107.6114205,-6.9216629]]},"properties":{"name":"Jalan Asia Afrika","ref":""}},
{"type":"Feature","geometry":{"type":"LineString","coordinates":[[107.6114205,-6.9216629],[107.6112374,-6.9216415]]},"properties":{"name":"Jalan Asia Afrika","ref":""}},
{"type":"Feature","geometry":{"type":"LineString","coordinates":[[107.6112374,-6.9216415],[107.6108437,-6.9215945]]},"properties":{"name":"Jalan Asia Afrika","ref":""}},
{"type":"Feature","geometry":{"type":"LineString","coordinates":[[107.6108437,-6.9215945],[107.6106298,-6.9215692]]},"properties":{"name":"Jalan Asia Afrika","ref":""}},
{"type":"Feature","geometry":{"type":"LineString","coordinates":[[107.6106298,-6.9215692],[107.6104268,-6.9215449]]},"properties":{"name":"Jalan Asia Afrika","ref":""}},
{"type":"Feature","geometry":{"type":"LineString","coordinates":[[107.6104268,-6.9215449],[107.610212,-6.9215192]]},"properties":{"name":"Jalan Asia Afrika","ref":""}},
{"type":"Feature","geometry":{"type":"LineString","coordinates":[[107.610212,-6.9215192],[107.6101457,-6.9215112]]},"properties":{"name":"Jalan Asia Afrika","ref":""}},
{"type":"Feature","geometry":{"type":"LineString","coordinates":[[107.6101457,-6.9215112],[107.6099811,-6.9214915]]},"properties":{"name":"Jalan Asia Afrika","ref":""}},
{"type":"Feature","geometry":{"type":"LineString","coordinates":[[107.6099811,-6.9214915],[107.6098247,-6.9214728]]},"properties":{"name":"Jalan Asia Afrika","ref":""}},
{"type":"Feature","geometry":{"type":"LineString","coordinates":[[107.6092086,-6.9161842],[107.610072,-6.9165602]]},"properties":{"name":"Jalan Lembong","ref":""}},
{"type":"Feature","geometry":{"type":"LineString","coordinates":[[107.5984551,-6.9163007],[107.6022008,-6.9161702]]},"properties":{"name":"Jalan Kebon Jati","ref":""}},
{"type":"Feature","geometry":{"type":"LineString","coordinates":[[107.5933422,-6.9165018],[107.5958562,-6.9163894]]},"properties":{"name":"Jalan Kebon Jati","ref":""}},
{"type":"Feature","geometry":{"type":"LineString","coordinates":[[107.5761151,-6.9132715],[107.5776073,-6.9136496]]},"properties":{"name":"Jalan Rajawali Timur","ref":""}},
{"type":"Feature","geometry":{"type":"LineString","coordinates":[[107.6090254,-6.9139243],[107.6089988,-6.9152244]]},"properties":{"name":"Jalan Braga","ref":""}},
{"type":"Feature","geometry":{"type":"LineString","coordinates":[[107.6071931,-6.9145156],[107.6073185,-6.9143005]]},"properties":{"name":"Jalan Perintis Kemerdekaan","ref":""}},
{"type":"Feature","geometry":{"type":"LineString","coordinates":[[107.6075641,-6.9142136],[107.6081711,-6.9139136],[107.6089516,-6.913844]]},"properties":{"name":"Jalan Perintis Kemerdekaan","ref":""}},
{"type":"Feature","geometry":{"type":"LineString","coordinates":[[107.5690911,-6.9104213],[107.5693569,-6.9106219]]},"properties":{"name":"Jalan Rajawali Barat","ref":"11"}},
{"type":"Feature","geometry":{"type":"LineString","coordinates":[[107.6045889,-6.9148224],[107.6047205,-6.914736],[107.6064066,-6.9149399]]},"properties":{"name":"Jalan Stasiun Timur","ref":""}},
{"type":"Feature","geometry":{"type":"LineString","coordinates":[[107.604546,-6.9153572],[107.6045889,-6.9148224]]},"properties":{"name":"Jalan Otto Iskandardinata","ref":""}},
{"type":"Feature","geometry":{"type":"LineString","coordinates":[[107.4973395,-6.8515925],[107.4975063,-6.8519776]]},"properties":{"name":"Jalan Raya Padalarang","ref":"10;11"}},
{"type":"Feature","geometry":{"type":"LineString","coordinates":[[107.4956075,-6.8425396],[107.4949577,-6.8425409],[107.4918702,-6.8476904]]},"properties":{"name":"Jalan Gedong Lima","ref":""}},
{"type":"Feature","geometry":{"type":"LineString","coordinates":[[107.4980377,-6.8447794],[107.4971035,-6.8512732]]},"properties":{"name":"Jalan Panaris","ref":"10"}},
{"type":"Feature","geometry":{"type":"LineString","coordinates":[[107.5666016,-6.9063054],[107.5690911,-6.9104213]]},"properties":{"name":"Jalan Jend. H. Amir Machmud","ref":"11"}},
{"type":"Feature","geometry":{"type":"LineString","coordinates":[[107.541619,-6.8732394],[107.5435214,-6.8743778]]},"properties":{"name":"Jalan Jend. H. Amir Machmud","ref":"11"}},
{"type":"Feature","geometry":{"type":"LineString","coordinates":[[107.4843016,-6.858936],[107.4843572,-6.8587619]]},"properties":{"name":"Jalan Kota Baru Parahyangan","ref":""}},
{"type":"Feature","geometry":{"type":"LineString","coordinates":[[107.4940543,-6.8517636],[107.4942868,-6.8516703],[107.4952692,-6.8503346]]},"properties":{"name":"Jalan Kota Baru Parahyangan","ref":""}},
{"type":"Feature","geometry":{"type":"LineString","coordinates":[[107.4698236,-6.8663608],[107.4715875,-6.8664065],[107.4727666,-6.8666285],[107.4746263,-6.8661924],[107.4764356,-6.866007]]},"properties":{"name":"Jalan Parahyangan","ref":""}},
{"type":"Feature","geometry":{"type":"LineString","coordinates":[[107.4764356,-6.866007],[107.4770717,-6.8658522]]},"properties":{"name":"Jalan Parahyangan","ref":""}},
{"type":"Feature","geometry":{"type":"LineString","coordinates":[[107.4692162,-6.8663547],[107.4698236,-6.8663608]]},"properties":{"name":"Jalan Parahyangan","ref":""}},
{"type":"Feature","geometry":{"type":"LineString","coordinates":[[107.4770717,-6.8658522],[107.4778845,-6.8654372]]},"properties":{"name":"Jalan Parahyangan","ref":""}},
{"type":"Feature","geometry":{"type":"LineString","coordinates":[[107.6122092,-6.9201091],[107.6120118,-6.9217387]]},"properties":{"name":"Jalan Tamblong","ref":""}},
{"type":"Feature","geometry":{"type":"LineString","coordinates":[[107.5456552,-6.8757181],[107.5470332,-6.8765381]]},"properties":{"name":"Jalan Jend. H. Amir Machmud","ref":"11"}},
{"type":"Feature","geometry":{"type":"LineString","coordinates":[[107.6109278,-6.9169939],[107.6113378,-6.917202]]},"properties":{"name":"Jalan Lembong","ref":""}},
{"type":"Feature","geometry":{"type":"LineString","coordinates":[[107.5616845,-6.8983006],[107.5589596,-6.8938395]]},"properties":{"name":"Jalan Layang Cimindi","ref":"11"}},
{"type":"Feature","geometry":{"type":"LineString","coordinates":[[107.5156622,-6.866132],[107.5160919,-6.8663299]]},"properties":{"name":"Jalan Raya Gadobangkong","ref":"11"}},
{"type":"Feature","geometry":{"type":"LineString","coordinates":[[107.5169868,-6.8667469],[107.5183058,-6.8673783],[107.5220823,-6.8684515]]},"properties":{"name":"Jalan Raya Gadobangkong","ref":"11"}},
{"type":"Feature","geometry":{"type":"LineString","coordinates":[[107.611899,-6.9174826],[107.6123749,-6.9178256],[107.6123918,-6.9182691]]},"properties":{"name":"","ref":""}},
{"type":"Feature","geometry":{"type":"LineString","coordinates":[[107.6027081,-6.91612],[107.6031079,-6.9160834]]},"properties":{"name":"Jalan Suniaraja","ref":""}},
{"type":"Feature","geometry":{"type":"LineString","coordinates":[[107.6024325,-6.9161432],[107.6027081,-6.91612]]},"properties":{"name":"Jalan Suniaraja","ref":""}},
{"type":"Feature","geometry":{"type":"LineString","coordinates":[[107.5693569,-6.9106219],[107.5729282,-6.9120185]]},"properties":{"name":"Jalan Rajawali Barat","ref":"11"}},
{"type":"Feature","geometry":{"type":"LineString","coordinates":[[107.5776073,-6.9136496],[107.5825032,-6.9147967]]},"properties":{"name":"Jalan Rajawali Timur","ref":""}},
{"type":"Feature","geometry":{"type":"LineString","coordinates":[[107.6070945,-6.9151362],[107.6071931,-6.9145156]]},"properties":{"name":"Jalan Perintis Kemerdekaan","ref":""}},
{"type":"Feature","geometry":{"type":"LineString","coordinates":[[107.5833434,-6.9150421],[107.5852167,-6.9156963]]},"properties":{"name":"Jalan Rajawali Timur","ref":""}},
{"type":"Feature","geometry":{"type":"LineString","coordinates":[[107.5858296,-6.9159179],[107.5904668,-6.9165055]]},"properties":{"name":"Jalan Rajawali Timur","ref":""}},
{"type":"Feature","geometry":{"type":"LineString","coordinates":[[107.5852167,-6.9156963],[107.5858296,-6.9159179]]},"properties":{"name":"Jalan Rajawali Timur","ref":""}},
{"type":"Feature","geometry":{"type":"LineString","coordinates":[[107.6072035,-6.9211727],[107.6071455,-6.9211653]]},"properties":{"name":"Jalan Asia Afrika","ref":""}},
{"type":"Feature","geometry":{"type":"LineString","coordinates":[[107.5982102,-6.9163251],[107.5982729,-6.9163191]]},"properties":{"name":"Jalan Kebon Jati","ref":""}},
{"type":"Feature","geometry":{"type":"LineString","coordinates":[[107.5910563,-6.9165244],[107.5933422,-6.9165018]]},"properties":{"name":"Jalan Kebon Jati","ref":""}},
{"type":"Feature","geometry":{"type":"LineString","coordinates":[[107.575721,-6.9131092],[107.5758021,-6.913142]]},"properties":{"name":"Jalan Rajawali Barat","ref":""}},
{"type":"Feature","geometry":{"type":"LineString","coordinates":[[107.561879,-6.8986119],[107.5616845,-6.8983006]]},"properties":{"name":"Jalan Layang Cimindi","ref":"11"}},
{"type":"Feature","geometry":{"type":"LineString","coordinates":[[107.5439581,-6.8746902],[107.5456552,-6.8757181]]},"properties":{"name":"Jalan Jend. H. Amir Machmud","ref":"11"}},
{"type":"Feature","geometry":{"type":"LineString","coordinates":[[107.4971959,-6.8514713],[107.4973395,-6.8515925]]},"properties":{"name":"Jalan Raya Padalarang","ref":"11"}},
{"type":"Feature","geometry":{"type":"LineString","coordinates":[[107.5410215,-6.8728785],[107.5412215,-6.8730016]]},"properties":{"name":"Jalan Jend. H. Amir Machmud","ref":"11"}},
{"type":"Feature","geometry":{"type":"LineString","coordinates":[[107.4962036,-6.8508025],[107.4969413,-6.8513159]]},"properties":{"name":"Jalan Raya Padalarang","ref":"11"}},
{"type":"Feature","geometry":{"type":"LineString","coordinates":[[107.5620012,-6.8987045],[107.5657545,-6.9049096]]},"properties":{"name":"Jalan Jend. H. Amir Machmud","ref":"11"}},
{"type":"Feature","geometry":{"type":"LineString","coordinates":[[107.5034117,-6.8632727],[107.5047344,-6.8639832]]},"properties":{"name":"Jalan Raya Cimareme","ref":"11"}},
{"type":"Feature","geometry":{"type":"LineString","coordinates":[[107.4975473,-6.8521126],[107.4975711,-6.8522828]]},"properties":{"name":"Jalan Raya Padalarang","ref":"10;11"}},
{"type":"Feature","geometry":{"type":"LineString","coordinates":[[107.5261248,-6.8684369],[107.5277986,-6.8691038],[107.5313217,-6.8686505],[107.5330853,-6.8692167]]},"properties":{"name":"Jalan Jend. H. Amir Machmud","ref":"11"}},
{"type":"Feature","geometry":{"type":"LineString","coordinates":[[107.4975063,-6.8519776],[107.4975473,-6.8521126]]},"properties":{"name":"Jalan Raya Padalarang","ref":"10;11"}},
{"type":"Feature","geometry":{"type":"LineString","coordinates":[[107.496525,-6.8427291],[107.498048,-6.8441045],[107.498091,-6.8444891]]},"properties":{"name":"Jalan Cihaliwung","ref":"10"}},
{"type":"Feature","geometry":{"type":"LineString","coordinates":[[107.4987182,-6.8581066],[107.4988952,-6.8590747],[107.4995891,-6.8599902],[107.5018806,-6.8623184],[107.5034117,-6.8632727]]},"properties":{"name":"Jalan Raya Cimareme","ref":"10;11"}},
{"type":"Feature","geometry":{"type":"LineString","coordinates":[[107.5470332,-6.8765381],[107.5471154,-6.8765898]]},"properties":{"name":"Jalan Jend. H. Amir Machmud","ref":"11"}},
{"type":"Feature","geometry":{"type":"LineString","coordinates":[[107.5471154,-6.8765898],[107.548959,-6.8777456]]},"properties":{"name":"Jalan Jend. H. Amir Machmud","ref":"11"}},
{"type":"Feature","geometry":{"type":"LineString","coordinates":[[107.6120118,-6.9217387],[107.6118192,-6.9217111]]},"properties":{"name":"Jalan Asia Afrika","ref":""}},
{"type":"Feature","geometry":{"type":"LineString","coordinates":[[107.6077991,-6.9212366],[107.6072035,-6.9211727]]},"properties":{"name":"Jalan Asia Afrika","ref":""}},
{"type":"Feature","geometry":{"type":"LineString","coordinates":[[107.5408249,-6.872758],[107.5408995,-6.8728035]]},"properties":{"name":"Jalan Jend. H. Amir Machmud","ref":"11"}},
{"type":"Feature","geometry":{"type":"LineString","coordinates":[[107.5391134,-6.8717381],[107.5396118,-6.872043]]},"properties":{"name":"Jalan Jend. H. Amir Machmud","ref":"11"}},
{"type":"Feature","geometry":{"type":"LineString","coordinates":[[107.5396118,-6.872043],[107.540747,-6.8727452]]},"properties":{"name":"Jalan Jend. H. Amir Machmud","ref":"11"}},
{"type":"Feature","geometry":{"type":"LineString","coordinates":[[107.5958562,-6.9163894],[107.5959698,-6.9163849]]},"properties":{"name":"Jalan Kebon Jati","ref":""}},
{"type":"Feature","geometry":{"type":"LineString","coordinates":[[107.5959698,-6.9163849],[107.5982102,-6.9163251]]},"properties":{"name":"Jalan Kebon Jati","ref":""}},
{"type":"Feature","geometry":{"type":"LineString","coordinates":[[107.5047344,-6.8639832],[107.5055404,-6.864229]]},"properties":{"name":"Jalan Raya Cimareme","ref":"11"}},
{"type":"Feature","geometry":{"type":"LineString","coordinates":[[107.5063671,-6.864027],[107.5096207,-6.8632683],[107.5156622,-6.866132]]},"properties":{"name":"Jalan Raya Gadobangkong","ref":"11"}},
{"type":"Feature","geometry":{"type":"LineString","coordinates":[[107.5160919,-6.8663299],[107.5169868,-6.8667469]]},"properties":{"name":"Jalan Raya Gadobangkong","ref":"11"}},
{"type":"Feature","geometry":{"type":"LineString","coordinates":[[107.5587275,-6.8933688],[107.5587783,-6.8934551]]},"properties":{"name":"Jalan Jend. H. Amir Machmud","ref":"11"}},
{"type":"Feature","geometry":{"type":"LineString","coordinates":[[107.558593,-6.8931439],[107.5587275,-6.8933688]]},"properties":{"name":"Jalan Jend. H. Amir Machmud","ref":"11"}},
{"type":"Feature","geometry":{"type":"LineString","coordinates":[[107.5587916,-6.8934809],[107.5588855,-6.8937179]]},"properties":{"name":"Jalan Layang Cimindi","ref":"11"}},
{"type":"Feature","geometry":{"type":"LineString","coordinates":[[107.5532991,-6.8845055],[107.549812,-6.8787698]]},"properties":{"name":"Jalan Jend. H. Amir Machmud","ref":"11"}},
{"type":"Feature","geometry":{"type":"LineString","coordinates":[[107.5554797,-6.8879517],[107.5559962,-6.8887905],[107.5562442,-6.8891982],[107.5568497,-6.8902446],[107.5576545,-6.8915256],[107.558593,-6.8931439]]},"properties":{"name":"Jalan Jend. H. Amir Machmud","ref":"11"}},
{"type":"Feature","geometry":{"type":"LineString","coordinates":[[107.4956199,-6.8503909],[107.4962036,-6.8508025]]},"properties":{"name":"Jalan Raya Padalarang","ref":"11"}},
{"type":"Feature","geometry":{"type":"LineString","coordinates":[[107.4633398,-6.864904],[107.4631703,-6.8650632],[107.4628636,-6.8650574]]},"properties":{"name":"","ref":""}},
{"type":"Feature","geometry":{"type":"LineString","coordinates":[[107.5494026,-6.8780936],[107.549812,-6.8787698]]},"properties":{"name":"Jalan Jend. H. Amir Machmud","ref":"11"}},
{"type":"Feature","geometry":{"type":"LineString","coordinates":[[107.540747,-6.8727452],[107.5408249,-6.872758]]},"properties":{"name":"Jalan Jend. H. Amir Machmud","ref":"11"}},
{"type":"Feature","geometry":{"type":"LineString","coordinates":[[107.533145,-6.8692367],[107.5343842,-6.869692]]},"properties":{"name":"Jalan Jend. H. Amir Machmud","ref":"11"}},
{"type":"Feature","geometry":{"type":"LineString","coordinates":[[107.5330853,-6.8692167],[107.533145,-6.8692367]]},"properties":{"name":"Jalan Jend. H. Amir Machmud","ref":"11"}},
{"type":"Feature","geometry":{"type":"LineString","coordinates":[[107.4870991,-6.8578224],[107.4874491,-6.8577118]]},"properties":{"name":"Jalan Panyawangan","ref":""}},
{"type":"Feature","geometry":{"type":"LineString","coordinates":[[107.4847723,-6.8586782],[107.4870991,-6.8578224]]},"properties":{"name":"Jalan Panyawangan","ref":""}},
{"type":"Feature","geometry":{"type":"LineString","coordinates":[[107.4977859,-6.8538237],[107.4978121,-6.8539405]]},"properties":{"name":"Jalan Raya Caringin","ref":"10;11"}},
{"type":"Feature","geometry":{"type":"LineString","coordinates":[[107.4975965,-6.8527156],[107.4977859,-6.8538237]]},"properties":{"name":"Jalan Raya Simpang","ref":"10;11"}},
{"type":"Feature","geometry":{"type":"LineString","coordinates":[[107.5220823,-6.8684515],[107.523407,-6.8684708]]},"properties":{"name":"Jalan Raya Gadobangkong","ref":"11"}},
{"type":"Feature","geometry":{"type":"LineString","coordinates":[[107.523407,-6.8684708],[107.5238237,-6.8685111]]},"properties":{"name":"Jalan Raya Gadobangkong","ref":"11"}},
{"type":"Feature","geometry":{"type":"LineString","coordinates":[[107.5363431,-6.8704044],[107.5376817,-6.8709329],[107.5391134,-6.8717381]]},"properties":{"name":"Jalan Jend. H. Amir Machmud","ref":"11"}},
{"type":"Feature","geometry":{"type":"LineString","coordinates":[[107.561879,-6.8986119],[107.5620012,-6.8987045]]},"properties":{"name":"Jalan Layang Cimindi","ref":"11"}},
{"type":"Feature","geometry":{"type":"LineString","coordinates":[[107.606909,-6.9153005],[107.6070945,-6.9151362]]},"properties":{"name":"Jalan Stasiun Timur","ref":""}},
{"type":"Feature","geometry":{"type":"LineString","coordinates":[[107.5435214,-6.8743778],[107.5439581,-6.8746902]]},"properties":{"name":"Jalan Jend. H. Amir Machmud","ref":"11"}},
{"type":"Feature","geometry":{"type":"LineString","coordinates":[[107.61235,-6.918793],[107.6122092,-6.9201091]]},"properties":{"name":"Jalan Tamblong","ref":""}},
{"type":"Feature","geometry":{"type":"LineString","coordinates":[[107.5587783,-6.8934551],[107.5587916,-6.8934809]]},"properties":{"name":"Jalan Jend. H. Amir Machmud","ref":"11"}},
{"type":"Feature","geometry":{"type":"LineString","coordinates":[[107.548959,-6.8777456],[107.549317,-6.8779991]]},"properties":{"name":"Jalan Jend. H. Amir Machmud","ref":"11"}},
{"type":"Feature","geometry":{"type":"LineString","coordinates":[[107.4976114,-6.852603],[107.4975965,-6.8527156]]},"properties":{"name":"Jalan Raya Simpang","ref":"10;11"}},
{"type":"Feature","geometry":{"type":"LineString","coordinates":[[107.4952692,-6.8503346],[107.4955273,-6.8503217]]},"properties":{"name":"Jalan Raya Padalarang","ref":""}},
{"type":"Feature","geometry":{"type":"LineString","coordinates":[[107.6089516,-6.913844],[107.6090254,-6.9139243]]},"properties":{"name":"Jalan Perintis Kemerdekaan","ref":""}},
{"type":"Feature","geometry":{"type":"LineString","coordinates":[[107.4940514,-6.8492327],[107.4955273,-6.8503217]]},"properties":{"name":"Jalan Raya Padalarang","ref":"10;11"}},
{"type":"Feature","geometry":{"type":"LineString","coordinates":[[107.4969413,-6.8513159],[107.4971035,-6.8512732]]},"properties":{"name":"Jalan Panaris","ref":"10"}},
{"type":"Feature","geometry":{"type":"LineString","coordinates":[[107.5408995,-6.8728035],[107.5410215,-6.8728785]]},"properties":{"name":"Jalan Jend. H. Amir Machmud","ref":"11"}},
{"type":"Feature","geometry":{"type":"LineString","coordinates":[[107.6080507,-6.92126],[107.6077991,-6.9212366]]},"properties":{"name":"Jalan Asia Afrika","ref":""}},
{"type":"Feature","geometry":{"type":"LineString","coordinates":[[107.5541694,-6.8858165],[107.5554797,-6.8879517]]},"properties":{"name":"Jalan Jend. H. Amir Machmud","ref":"11"}},
{"type":"Feature","geometry":{"type":"LineString","coordinates":[[107.5532991,-6.8845055],[107.5541694,-6.8858165]]},"properties":{"name":"Jalan Jend. H. Amir Machmud","ref":"11"}},
{"type":"Feature","geometry":{"type":"LineString","coordinates":[[107.549317,-6.8779991],[107.5494026,-6.8780936]]},"properties":{"name":"Jalan Jend. H. Amir Machmud","ref":"11"}},
{"type":"Feature","geometry":{"type":"LineString","coordinates":[[107.5343842,-6.869692],[107.5347789,-6.8698083]]},"properties":{"name":"Jalan Jend. H. Amir Machmud","ref":"11"}},
{"type":"Feature","geometry":{"type":"LineString","coordinates":[[107.5347789,-6.8698083],[107.5359218,-6.8702457]]},"properties":{"name":"Jalan Jend. H. Amir Machmud","ref":"11"}},
{"type":"Feature","geometry":{"type":"LineString","coordinates":[[107.5412215,-6.8730016],[107.541619,-6.8732394]]},"properties":{"name":"Jalan Jend. H. Amir Machmud","ref":"11"}},
{"type":"Feature","geometry":{"type":"LineString","coordinates":[[107.4633741,-6.8648197],[107.4662287,-6.8658962]]},"properties":{"name":"Jalan Parahyangan","ref":""}},
{"type":"Feature","geometry":{"type":"LineString","coordinates":[[107.4987021,-6.8578894],[107.4987182,-6.8581066]]},"properties":{"name":"Jalan Raya Caringin","ref":"10;11"}},
{"type":"Feature","geometry":{"type":"LineString","coordinates":[[107.4978121,-6.8539405],[107.4986032,-6.8567807],[107.4987021,-6.8578894]]},"properties":{"name":"Jalan Raya Caringin","ref":"10;11"}},
{"type":"Feature","geometry":{"type":"LineString","coordinates":[[107.4687633,-6.8663594],[107.4692162,-6.8663547]]},"properties":{"name":"Jalan Parahyangan","ref":""}},
{"type":"Feature","geometry":{"type":"LineString","coordinates":[[107.4874491,-6.8577118],[107.4892812,-6.8570951],[107.4899844,-6.8566524],[107.4904865,-6.8559994],[107.4913222,-6.8540756],[107.4934922,-6.8523177]]},"properties":{"name":"Jalan Panyawangan","ref":""}},
{"type":"Feature","geometry":{"type":"LineString","coordinates":[[107.6031079,-6.9160834],[107.6045054,-6.9158364]]},"properties":{"name":"Jalan Suniaraja","ref":""}},
{"type":"Feature","geometry":{"type":"LineString","coordinates":[[107.6045054,-6.9158364],[107.604546,-6.9153572]]},"properties":{"name":"Jalan Otto Iskandardinata","ref":""}},
{"type":"Feature","geometry":{"type":"LineString","coordinates":[[107.4668097,-6.8663512],[107.4659042,-6.8662309],[107.4661021,-6.866168]]},"properties":{"name":"","ref":""}},
{"type":"Feature","geometry":{"type":"LineString","coordinates":[[107.4934922,-6.8523177],[107.4936319,-6.8519114],[107.4940543,-6.8517636]]},"properties":{"name":"Jalan Kota Baru Parahyangan","ref":""}},
{"type":"Feature","geometry":{"type":"LineString","coordinates":[[107.610072,-6.9165602],[107.6109278,-6.9169939]]},"properties":{"name":"Jalan Lembong","ref":""}},
{"type":"Feature","geometry":{"type":"LineString","coordinates":[[107.6089865,-6.9159412],[107.6092086,-6.9161842]]},"properties":{"name":"Jalan Lembong","ref":""}},
{"type":"Feature","geometry":{"type":"LineString","coordinates":[[107.5589596,-6.8938395],[107.5588855,-6.8937179]]},"properties":{"name":"Jalan Layang Cimindi","ref":"11"}},
{"type":"Feature","geometry":{"type":"LineString","coordinates":[[107.5825032,-6.9147967],[107.5833434,-6.9150421]]},"properties":{"name":"Jalan Rajawali Timur","ref":""}},
{"type":"Feature","geometry":{"type":"LineString","coordinates":[[107.6064066,-6.9149399],[107.606909,-6.9153005]]},"properties":{"name":"Jalan Stasiun Timur","ref":""}},
{"type":"Feature","geometry":{"type":"LineString","coordinates":[[107.462684,-6.8646423],[107.4628188,-6.8644565],[107.4631545,-6.8644173],[107.4633741,-6.8648197]]},"properties":{"name":"","ref":""}},
{"type":"Feature","geometry":{"type":"LineString","coordinates":[[107.6089988,-6.9152244],[107.6089865,-6.9159412]]},"properties":{"name":"Jalan Braga","ref":""}},
{"type":"Feature","geometry":{"type":"LineString","coordinates":[[107.6022008,-6.9161702],[107.6024325,-6.9161432]]},"properties":{"name":"Jalan Suniaraja","ref":""}},
{"type":"Feature","geometry":{"type":"LineString","coordinates":[[107.5657545,-6.9049096],[107.5666016,-6.9063054]]},"properties":{"name":"Jalan Jend. H. Amir Machmud","ref":"11"}},
{"type":"Feature","geometry":{"type":"LineString","coordinates":[[107.5904668,-6.9165055],[107.5910563,-6.9165244]]},"properties":{"name":"Jalan Kebon Jati","ref":""}},
{"type":"Feature","geometry":{"type":"LineString","coordinates":[[107.5729282,-6.9120185],[107.5753653,-6.9129722]]},"properties":{"name":"Jalan Rajawali Barat","ref":"11"}},
{"type":"Feature","geometry":{"type":"LineString","coordinates":[[107.498091,-6.8444891],[107.4980377,-6.8447794]]},"properties":{"name":"Jalan Panaris","ref":"10"}},
{"type":"Feature","geometry":{"type":"LineString","coordinates":[[107.6073185,-6.9143005],[107.6075641,-6.9142136]]},"properties":{"name":"Jalan Perintis Kemerdekaan","ref":""}},
{"type":"Feature","geometry":{"type":"LineString","coordinates":[[107.4918702,-6.8476904],[107.4937107,-6.8489854]]},"properties":{"name":"Jalan Raya Padalarang","ref":"10;11"}},
{"type":"Feature","geometry":{"type":"LineString","coordinates":[[107.4937107,-6.8489854],[107.4940514,-6.8492327]]},"properties":{"name":"Jalan Raya Padalarang","ref":"10;11"}},
{"type":"Feature","geometry":{"type":"LineString","coordinates":[[107.4652055,-6.8656256],[107.4633398,-6.864904]]},"properties":{"name":"Jalan Parahyangan","ref":""}},
{"type":"Feature","geometry":{"type":"LineString","coordinates":[[107.4661021,-6.866168],[107.466303,-6.8661769],[107.4661951,-6.8659828]]},"properties":{"name":"","ref":""}},
{"type":"Feature","geometry":{"type":"LineString","coordinates":[[107.4662287,-6.8658962],[107.46866,-6.8663613]]},"properties":{"name":"Jalan Parahyangan","ref":""}},
{"type":"Feature","geometry":{"type":"LineString","coordinates":[[107.4969413,-6.8513159],[107.4971959,-6.8514713]]},"properties":{"name":"Jalan Raya Padalarang","ref":"11"}},
{"type":"Feature","geometry":{"type":"LineString","coordinates":[[107.46866,-6.8663613],[107.4687633,-6.8663594]]},"properties":{"name":"Jalan Parahyangan","ref":""}},
{"type":"Feature","geometry":{"type":"LineString","coordinates":[[107.5359218,-6.8702457],[107.5363078,-6.8703903]]},"properties":{"name":"Jalan Jend. H. Amir Machmud","ref":"11"}},
{"type":"Feature","geometry":{"type":"LineString","coordinates":[[107.5363078,-6.8703903],[107.5363431,-6.8704044]]},"properties":{"name":"Jalan Jend. H. Amir Machmud","ref":"11"}},
{"type":"Feature","geometry":{"type":"LineString","coordinates":[[107.6123918,-6.9182691],[107.61235,-6.918793]]},"properties":{"name":"Jalan Tamblong","ref":""}},
{"type":"Feature","geometry":{"type":"LineString","coordinates":[[107.4661951,-6.8659828],[107.4652055,-6.8656256]]},"properties":{"name":"Jalan Parahyangan","ref":""}},
{"type":"Feature","geometry":{"type":"LineString","coordinates":[[107.5982729,-6.9163191],[107.5984551,-6.9163007]]},"properties":{"name":"Jalan Kebon Jati","ref":""}},
{"type":"Feature","geometry":{"type":"LineString","coordinates":[[107.5753653,-6.9129722],[107.575721,-6.9131092]]},"properties":{"name":"Jalan Rajawali Barat","ref":"11"}},
{"type":"Feature","geometry":{"type":"LineString","coordinates":[[107.496525,-6.8427291],[107.4961019,-6.8426579]]},"properties":{"name":"Jalan Gedong Lima","ref":""}},
{"type":"Feature","geometry":{"type":"LineString","coordinates":[[107.4961019,-6.8426579],[107.4956075,-6.8425396]]},"properties":{"name":"Jalan Gedong Lima","ref":""}},
{"type":"Feature","geometry":{"type":"LineString","coordinates":[[107.4955273,-6.8503217],[107.4956199,-6.8503909]]},"properties":{"name":"Jalan Raya Padalarang","ref":"11"}},
{"type":"Feature","geometry":{"type":"LineString","coordinates":[[107.5238237,-6.8685111],[107.525547,-6.8683413],[107.5261248,-6.8684369]]},"properties":{"name":"Jalan Raya Gadobangkong","ref":"11"}},
{"type":"Feature","geometry":{"type":"LineString","coordinates":[[107.4843572,-6.8587619],[107.4847723,-6.8586782]]},"properties":{"name":"Jalan Kota Baru Parahyangan","ref":""}},
{"type":"Feature","geometry":{"type":"LineString","coordinates":[[107.5055404,-6.864229],[107.5056235,-6.864215],[107.505703,-6.8641943],[107.5063671,-6.864027]]},"properties":{"name":"Jalan Raya Cimareme","ref":"11"}},
{"type":"Feature","geometry":{"type":"LineString","coordinates":[[107.6113378,-6.917202],[107.6114765,-6.9172727]]},"properties":{"name":"Jalan Lembong","ref":""}},
{"type":"Feature","geometry":{"type":"LineString","coordinates":[[107.6114765,-6.9172727],[107.6115788,-6.9173248]]},"properties":{"name":"Jalan Lembong","ref":""}},
{"type":"Feature","geometry":{"type":"LineString","coordinates":[[107.6115788,-6.9173248],[107.611899,-6.9174826]]},"properties":{"name":"Jalan Lembong","ref":""}},
{"type":"Feature","geometry":{"type":"LineString","coordinates":[[107.6098247,-6.9214728],[107.6094601,-6.9214292]]},"properties":{"name":"Jalan Asia Afrika","ref":""}},
{"type":"Feature","geometry":{"type":"LineString","coordinates":[[107.6094601,-6.9214292],[107.6092781,-6.9214081]]},"properties":{"name":"Jalan Asia Afrika","ref":""}},
{"type":"Feature","geometry":{"type":"LineString","coordinates":[[107.6092781,-6.9214081],[107.6087887,-6.9213491]]},"properties":{"name":"Jalan Asia Afrika","ref":""}},
{"type":"Feature","geometry":{"type":"LineString","coordinates":[[107.6087887,-6.9213491],[107.6082703,-6.9212857]]},"properties":{"name":"Jalan Asia Afrika","ref":""}},
{"type":"Feature","geometry":{"type":"LineString","coordinates":[[107.6082703,-6.9212857],[107.6080507,-6.92126]]},"properties":{"name":"Jalan Asia Afrika","ref":""}},
{"type":"Feature","geometry":{"type":"LineString","coordinates":[[107.6118192,-6.9217111],[107.6114983,-6.9216723]]},"properties":{"name":"Jalan Asia Afrika","ref":""}},
{"type":"Feature","geometry":{"type":"LineString","coordinates":[[107.6114983,-6.9216723],[107.6114205,-6.9216629]]},"properties":{"name":"Jalan Asia Afrika","ref":""}},
{"type":"Feature","geometry":{"type":"LineString","coordinates":[[107.6114205,-6.9216629],[107.6112374,-6.9216415]]},"properties":{"name":"Jalan Asia Afrika","ref":""}},
{"type":"Feature","geometry":{"type":"LineString","coordinates":[[107.6112374,-6.9216415],[107.6108437,-6.9215945]]},"properties":{"name":"Jalan Asia Afrika","ref":""}},
{"type":"Feature","geometry":{"type":"LineString","coordinates":[[107.6108437,-6.9215945],[107.6106298,-6.9215692]]},"properties":{"name":"Jalan Asia Afrika","ref":""}},
{"type":"Feature","geometry":{"type":"LineString","coordinates":[[107.6106298,-6.9215692],[107.6104268,-6.9215449]]},"properties":{"name":"Jalan Asia Afrika","ref":""}},
{"type":"Feature","geometry":{"type":"LineString","coordinates":[[107.6104268,-6.9215449],[107.610212,-6.9215192]]},"properties":{"name":"Jalan Asia Afrika","ref":""}},
{"type":"Feature","geometry":{"type":"LineString","coordinates":[[107.610212,-6.9215192],[107.6101457,-6.9215112]]},"properties":{"name":"Jalan Asia Afrika","ref":""}},
{"type":"Feature","geometry":{"type":"LineString","coordinates":[[107.6101457,-6.9215112],[107.6099811,-6.9214915]]},"properties":{"name":"Jalan Asia Afrika","ref":""}},
{"type":"Feature","geometry":{"type":"LineString","coordinates":[[107.6099811,-6.9214915],[107.6098247,-6.9214728]]},"properties":{"name":"Jalan Asia Afrika","ref":""}},
{"type":"Feature","geometry":{"type":"LineString","coordinates":[[107.5758021,-6.913142],[107.5761151,-6.9132715]]},"properties":{"name":"Jalan Rajawali Timur","ref":""}},
{"type":"Feature","geometry":{"type":"LineString","coordinates":[[107.4975711,-6.8522828],[107.4976114,-6.852603]]},"properties":{"name":"Jalan Raya Padalarang","ref":"10;11"}},
{"type":"Feature","geometry":{"type":"LineString","coordinates":[[107.4628636,-6.8650574],[107.462669,-6.8647455]]},"properties":{"name":"","ref":""}},
{"type":"Feature","geometry":{"type":"LineString","coordinates":[[107.462669,-6.8647455],[107.462684,-6.8646423]]},"properties":{"name":"","ref":""}},
{"type":"Feature","geometry":{"type":"LineString","coordinates":[[107.4778845,-6.8654372],[107.4779539,-6.8653639]]},"properties":{"name":"Jalan Parahyangan","ref":""}},
{"type":"Feature","geometry":{"type":"LineString","coordinates":[[107.4779539,-6.8653639],[107.478623,-6.8644852]]},"properties":{"name":"Jalan Parahyangan","ref":""}},
{"type":"Feature","geometry":{"type":"LineString","coordinates":[[107.478623,-6.8644852],[107.4787665,-6.8642969]]},"properties":{"name":"Jalan Parahyangan","ref":""}},
{"type":"Feature","geometry":{"type":"LineString","coordinates":[[107.4787665,-6.8642969],[107.4793221,-6.8635501]]},"properties":{"name":"Jalan Parahyangan","ref":""}},
{"type":"Feature","geometry":{"type":"LineString","coordinates":[[107.4793221,-6.8635501],[107.4800828,-6.862553]]},"properties":{"name":"Jalan Parahyangan","ref":""}},
{"type":"Feature","geometry":{"type":"LineString","coordinates":[[107.4800828,-6.862553],[107.4812216,-6.8613836]]},"properties":{"name":"Jalan Parahyangan","ref":""}},
{"type":"Feature","geometry":{"type":"LineString","coordinates":[[107.4812216,-6.8613836],[107.4812976,-6.8613194]]},"properties":{"name":"Jalan Parahyangan","ref":""}},
{"type":"Feature","geometry":{"type":"LineString","coordinates":[[107.4812976,-6.8613194],[107.4824943,-6.8602586]]},"properties":{"name":"Jalan Parahyangan","ref":""}},
{"type":"Feature","geometry":{"type":"LineString","coordinates":[[107.4824943,-6.8602586],[107.4841227,-6.8591076]]},"properties":{"name":"Jalan Parahyangan","ref":""}},
{"type":"Feature","geometry":{"type":"LineString","coordinates":[[107.4841227,-6.8591076],[107.4843016,-6.858936]]},"properties":{"name":"Jalan Parahyangan","ref":""}},
{"type":"Feature","geometry":{"type":"LineString","coordinates":[[107.6093744,-6.9081456],[107.6092981,-6.9091183],[107.6085607,-6.9091266]]},"properties":{"name":"Jalan Purnawarman","ref":"10216"}},
{"type":"Feature","geometry":{"type":"LineString","coordinates":[[107.6040992,-6.9208034],[107.6039369,-6.9231152]]},"properties":{"name":"Jalan Otto Iskandardinata","ref":""}},
{"type":"Feature","geometry":{"type":"LineString","coordinates":[[107.6085607,-6.9091266],[107.6083912,-6.9093671]]},"properties":{"name":"Jalan Purnawarman","ref":"10216"}},
{"type":"Feature","geometry":{"type":"LineString","coordinates":[[107.6122092,-6.9201091],[107.6120118,-6.9217387]]},"properties":{"name":"Jalan Tamblong","ref":""}},
{"type":"Feature","geometry":{"type":"LineString","coordinates":[[107.6378206,-6.9660771],[107.6368934,-6.9701783]]},"properties":{"name":"Jalan Raya Bojongsoang","ref":"365"}},
{"type":"Feature","geometry":{"type":"LineString","coordinates":[[107.6032238,-6.935481],[107.6031505,-6.9365689]]},"properties":{"name":"Jalan Otto Iskandardinata","ref":""}},
{"type":"Feature","geometry":{"type":"LineString","coordinates":[[107.6088855,-6.9102984],[107.6083912,-6.9093671]]},"properties":{"name":"Jalan Wastukancana","ref":""}},
{"type":"Feature","geometry":{"type":"LineString","coordinates":[[107.6312405,-7.0048462],[107.631148,-7.0052776],[107.6302832,-7.0059623],[107.6261913,-7.0059527]]},"properties":{"name":"Jalan Jaksa Naranata","ref":"101"}},
{"type":"Feature","geometry":{"type":"LineString","coordinates":[[107.6109278,-6.9169939],[107.6113378,-6.917202]]},"properties":{"name":"Jalan Lembong","ref":""}},
{"type":"Feature","geometry":{"type":"LineString","coordinates":[[107.6333973,-6.9479551],[107.6335261,-6.9480768]]},"properties":{"name":"Jalan Buah Batu","ref":"364"}},
{"type":"Feature","geometry":{"type":"LineString","coordinates":[[107.6335261,-6.9480768],[107.6337288,-6.9482852]]},"properties":{"name":"Jalan Buah Batu","ref":"364"}},
{"type":"Feature","geometry":{"type":"LineString","coordinates":[[107.621611,-6.9491677],[107.6219888,-6.9491964]]},"properties":{"name":"Jalan Soekarno-Hatta","ref":"11"}},
{"type":"Feature","geometry":{"type":"LineString","coordinates":[[107.6219888,-6.9491964],[107.6249026,-6.9494354]]},"properties":{"name":"Jalan Soekarno-Hatta","ref":"11"}},
{"type":"Feature","geometry":{"type":"LineString","coordinates":[[107.6320736,-6.9900649],[107.6313361,-6.9924993]]},"properties":{"name":"Jalan Terusan Bojongsoang","ref":"365"}},
{"type":"Feature","geometry":{"type":"LineString","coordinates":[[107.6106164,-6.9099691],[107.6103525,-6.9136021]]},"properties":{"name":"Jalan Merdeka","ref":""}},
{"type":"Feature","geometry":{"type":"LineString","coordinates":[[107.611899,-6.9174826],[107.6123749,-6.9178256],[107.6123918,-6.9182691]]},"properties":{"name":"","ref":""}},
{"type":"Feature","geometry":{"type":"LineString","coordinates":[[107.6038724,-6.923931],[107.6036918,-6.9271992]]},"properties":{"name":"Jalan Otto Iskandardinata","ref":""}},
{"type":"Feature","geometry":{"type":"LineString","coordinates":[[107.6036918,-6.9271992],[107.603397,-6.9314278]]},"properties":{"name":"Jalan Otto Iskandardinata","ref":""}},
{"type":"Feature","geometry":{"type":"LineString","coordinates":[[107.6039369,-6.9231152],[107.6039303,-6.9231867]]},"properties":{"name":"Jalan Otto Iskandardinata","ref":""}},
{"type":"Feature","geometry":{"type":"LineString","coordinates":[[107.6032256,-6.9338577],[107.6032159,-6.9342862]]},"properties":{"name":"Jalan Otto Iskandardinata","ref":""}},
{"type":"Feature","geometry":{"type":"LineString","coordinates":[[107.603397,-6.9314278],[107.6032256,-6.9338577]]},"properties":{"name":"Jalan Otto Iskandardinata","ref":""}},
{"type":"Feature","geometry":{"type":"LineString","coordinates":[[107.6092148,-6.9103044],[107.6105905,-6.9098058]]},"properties":{"name":"Jalan Aceh","ref":""}},
{"type":"Feature","geometry":{"type":"LineString","coordinates":[[107.6392468,-6.9552162],[107.6394517,-6.956606]]},"properties":{"name":"Jalan Buah Batu","ref":"364"}},
{"type":"Feature","geometry":{"type":"LineString","coordinates":[[107.6124767,-6.9485183],[107.6196694,-6.9490241]]},"properties":{"name":"Jalan Soekarno-Hatta","ref":"11"}},
{"type":"Feature","geometry":{"type":"LineString","coordinates":[[107.6215191,-6.9491613],[107.621611,-6.9491677]]},"properties":{"name":"Jalan Soekarno-Hatta","ref":"11"}},
{"type":"Feature","geometry":{"type":"LineString","coordinates":[[107.6086676,-6.9461425],[107.6076477,-6.9431556]]},"properties":{"name":"Jalan Mohammad Toha","ref":"161"}},
{"type":"Feature","geometry":{"type":"LineString","coordinates":[[107.6064546,-6.9210818],[107.6040992,-6.9208034]]},"properties":{"name":"Jalan Asia Afrika","ref":""}},
{"type":"Feature","geometry":{"type":"LineString","coordinates":[[107.6072035,-6.9211727],[107.6071455,-6.9211653]]},"properties":{"name":"Jalan Asia Afrika","ref":""}},
{"type":"Feature","geometry":{"type":"LineString","coordinates":[[107.6093038,-6.9479813],[107.6097206,-6.9482923]]},"properties":{"name":"","ref":""}},
{"type":"Feature","geometry":{"type":"LineString","coordinates":[[107.6232362,-7.007083],[107.6261231,-7.0081095]]},"properties":{"name":"","ref":""}},
{"type":"Feature","geometry":{"type":"LineString","coordinates":[[107.6361046,-6.9507159],[107.6365624,-6.9511515]]},"properties":{"name":"Jalan Buah Batu","ref":"364"}},
{"type":"Feature","geometry":{"type":"LineString","coordinates":[[107.6059434,-6.9375062],[107.6061721,-6.9375256]]},"properties":{"name":"Jalan Peta","ref":"374"}},
{"type":"Feature","geometry":{"type":"LineString","coordinates":[[107.6328922,-6.9855671],[107.6322368,-6.9895932]]},"properties":{"name":"Jalan Terusan Bojongsoang","ref":"365"}},
{"type":"Feature","geometry":{"type":"LineString","coordinates":[[107.6387597,-6.953529],[107.6388448,-6.9537201]]},"properties":{"name":"Jalan Buah Batu","ref":"364"}},
{"type":"Feature","geometry":{"type":"LineString","coordinates":[[107.6120118,-6.9217387],[107.6118192,-6.9217111]]},"properties":{"name":"Jalan Asia Afrika","ref":""}},
{"type":"Feature","geometry":{"type":"LineString","coordinates":[[107.6077991,-6.9212366],[107.6072035,-6.9211727]]},"properties":{"name":"Jalan Asia Afrika","ref":""}},
{"type":"Feature","geometry":{"type":"LineString","coordinates":[[107.6031033,-6.9370152],[107.6033103,-6.9372436]]},"properties":{"name":"","ref":""}},
{"type":"Feature","geometry":{"type":"LineString","coordinates":[[107.606228,-6.9376212],[107.6062191,-6.9378081]]},"properties":{"name":"Jalan Mohammad Toha","ref":"161"}},
{"type":"Feature","geometry":{"type":"LineString","coordinates":[[107.6062191,-6.9378081],[107.6061749,-6.938344]]},"properties":{"name":"Jalan Mohammad Toha","ref":"161"}},
{"type":"Feature","geometry":{"type":"LineString","coordinates":[[107.6062333,-6.9375301],[107.606228,-6.9376212]]},"properties":{"name":"Jalan Mohammad Toha","ref":"161"}},
{"type":"Feature","geometry":{"type":"LineString","coordinates":[[107.6389544,-6.9539868],[107.6391061,-6.954383]]},"properties":{"name":"Jalan Buah Batu","ref":"364"}},
{"type":"Feature","geometry":{"type":"LineString","coordinates":[[107.6388448,-6.9537201],[107.6389544,-6.9539868]]},"properties":{"name":"Jalan Buah Batu","ref":"364"}},
{"type":"Feature","geometry":{"type":"LineString","coordinates":[[107.6261365,-7.008087],[107.6261375,-7.0067058]]},"properties":{"name":"Jalan Anggadireja","ref":"110"}},
{"type":"Feature","geometry":{"type":"LineString","coordinates":[[107.6322368,-6.9895932],[107.6320736,-6.9900649]]},"properties":{"name":"Jalan Terusan Bojongsoang","ref":"365"}},
{"type":"Feature","geometry":{"type":"LineString","coordinates":[[107.6313361,-6.9924993],[107.6310419,-6.9935157]]},"properties":{"name":"Jalan Terusan Bojongsoang","ref":"365"}},
{"type":"Feature","geometry":{"type":"LineString","coordinates":[[107.6351294,-6.9497169],[107.6361046,-6.9507159]]},"properties":{"name":"Jalan Buah Batu","ref":"364"}},
{"type":"Feature","geometry":{"type":"LineString","coordinates":[[107.6038803,-6.9238302],[107.6038724,-6.923931]]},"properties":{"name":"Jalan Otto Iskandardinata","ref":""}},
{"type":"Feature","geometry":{"type":"LineString","coordinates":[[107.6249026,-6.9494354],[107.6259741,-6.9494625]]},"properties":{"name":"Jalan Soekarno-Hatta","ref":"11"}},
{"type":"Feature","geometry":{"type":"LineString","coordinates":[[107.61235,-6.918793],[107.6122092,-6.9201091]]},"properties":{"name":"Jalan Tamblong","ref":""}},
{"type":"Feature","geometry":{"type":"LineString","coordinates":[[107.6262747,-6.9494594],[107.6285395,-6.9492726],[107.6309791,-6.9487354]]},"properties":{"name":"Jalan Soekarno-Hatta","ref":"11"}},
{"type":"Feature","geometry":{"type":"LineString","coordinates":[[107.6101984,-6.9153866],[107.610072,-6.9165602]]},"properties":{"name":"Jalan Merdeka","ref":""}},
{"type":"Feature","geometry":{"type":"LineString","coordinates":[[107.6088855,-6.9102984],[107.6092148,-6.9103044]]},"properties":{"name":"Jalan Aceh","ref":""}},
{"type":"Feature","geometry":{"type":"LineString","coordinates":[[107.6097206,-6.9482923],[107.6124767,-6.9485183]]},"properties":{"name":"Jalan Soekarno-Hatta","ref":"11"}},
{"type":"Feature","geometry":{"type":"LineString","coordinates":[[107.6309791,-6.9487354],[107.6330447,-6.9480758]]},"properties":{"name":"Jalan Soekarno-Hatta","ref":"11"}},
{"type":"Feature","geometry":{"type":"LineString","coordinates":[[107.6330447,-6.9480758],[107.6332967,-6.9479888]]},"properties":{"name":"Jalan Soekarno-Hatta","ref":"11"}},
{"type":"Feature","geometry":{"type":"LineString","coordinates":[[107.6332967,-6.9479888],[107.6333973,-6.9479551]]},"properties":{"name":"Jalan Soekarno-Hatta","ref":"11"}},
{"type":"Feature","geometry":{"type":"LineString","coordinates":[[107.6080507,-6.92126],[107.6077991,-6.9212366]]},"properties":{"name":"Jalan Asia Afrika","ref":""}},
{"type":"Feature","geometry":{"type":"LineString","coordinates":[[107.6105905,-6.9098058],[107.6106164,-6.9099691]]},"properties":{"name":"Jalan Merdeka","ref":""}},
{"type":"Feature","geometry":{"type":"LineString","coordinates":[[107.610072,-6.9165602],[107.6109278,-6.9169939]]},"properties":{"name":"Jalan Lembong","ref":""}},
{"type":"Feature","geometry":{"type":"LineString","coordinates":[[107.6061721,-6.9375256],[107.6062333,-6.9375301]]},"properties":{"name":"Jalan BKR","ref":"375"}},
{"type":"Feature","geometry":{"type":"LineString","coordinates":[[107.6310419,-6.9935157],[107.6309877,-6.9937096]]},"properties":{"name":"Jalan Terusan Bojongsoang","ref":"365"}},
{"type":"Feature","geometry":{"type":"LineString","coordinates":[[107.6232362,-7.007083],[107.6232548,-7.0059631]]},"properties":{"name":"Jalan Adipati Agung","ref":"096"}},
{"type":"Feature","geometry":{"type":"LineString","coordinates":[[107.6261231,-7.0081095],[107.6261365,-7.008087]]},"properties":{"name":"","ref":""}},
{"type":"Feature","geometry":{"type":"LineString","coordinates":[[107.6047707,-6.9373901],[107.6059434,-6.9375062]]},"properties":{"name":"Jalan Peta","ref":"374"}},
{"type":"Feature","geometry":{"type":"LineString","coordinates":[[107.6033103,-6.9372436],[107.6047707,-6.9373901]]},"properties":{"name":"Jalan Peta","ref":"374"}},
{"type":"Feature","geometry":{"type":"LineString","coordinates":[[107.6031782,-6.9351372],[107.6032238,-6.935481]]},"properties":{"name":"Jalan Otto Iskandardinata","ref":""}},
{"type":"Feature","geometry":{"type":"LineString","coordinates":[[107.6031505,-6.9365689],[107.6031033,-6.9370152]]},"properties":{"name":"Jalan Otto Iskandardinata","ref":""}},
{"type":"Feature","geometry":{"type":"LineString","coordinates":[[107.6032159,-6.9342862],[107.6031782,-6.9351372]]},"properties":{"name":"Jalan Otto Iskandardinata","ref":""}},
{"type":"Feature","geometry":{"type":"LineString","coordinates":[[107.6337288,-6.9482852],[107.6351294,-6.9497169]]},"properties":{"name":"Jalan Buah Batu","ref":"364"}},
{"type":"Feature","geometry":{"type":"LineString","coordinates":[[107.6368934,-6.9701783],[107.6362682,-6.9724362]]},"properties":{"name":"Jalan Raya Bojongsoang","ref":"365"}},
{"type":"Feature","geometry":{"type":"LineString","coordinates":[[107.6362682,-6.9724362],[107.6356773,-6.9746727]]},"properties":{"name":"Jalan Raya Bojongsoang","ref":"365"}},
{"type":"Feature","geometry":{"type":"LineString","coordinates":[[107.6356773,-6.9746727],[107.6345019,-6.9790759]]},"properties":{"name":"Jalan Raya Bojongsoang","ref":"365"}},
{"type":"Feature","geometry":{"type":"LineString","coordinates":[[107.6345019,-6.9790759],[107.6341275,-6.9803984],[107.6341207,-6.9813165],[107.6337834,-6.9822627]]},"properties":{"name":"Jalan Raya Bojongsoang","ref":"365"}},
{"type":"Feature","geometry":{"type":"LineString","coordinates":[[107.6039303,-6.9231867],[107.6038803,-6.9238302]]},"properties":{"name":"Jalan Otto Iskandardinata","ref":""}},
{"type":"Feature","geometry":{"type":"LineString","coordinates":[[107.6069278,-6.9211397],[107.6064546,-6.9210818]]},"properties":{"name":"Jalan Asia Afrika","ref":""}},
{"type":"Feature","geometry":{"type":"LineString","coordinates":[[107.6103525,-6.9136021],[107.6102982,-6.9141706]]},"properties":{"name":"Jalan Merdeka","ref":""}},
{"type":"Feature","geometry":{"type":"LineString","coordinates":[[107.6076477,-6.9431556],[107.6061749,-6.938344]]},"properties":{"name":"Jalan Mohammad Toha","ref":"161"}},
{"type":"Feature","geometry":{"type":"LineString","coordinates":[[107.6391061,-6.954383],[107.6391514,-6.9545526]]},"properties":{"name":"Jalan Buah Batu","ref":"364"}},
{"type":"Feature","geometry":{"type":"LineString","coordinates":[[107.6214527,-6.9491566],[107.6215191,-6.9491613]]},"properties":{"name":"Jalan Soekarno-Hatta","ref":"11"}},
{"type":"Feature","geometry":{"type":"LineString","coordinates":[[107.6196694,-6.9490241],[107.6214527,-6.9491566]]},"properties":{"name":"Jalan Soekarno-Hatta","ref":"11"}},
{"type":"Feature","geometry":{"type":"LineString","coordinates":[[107.6259741,-6.9494625],[107.6262747,-6.9494594]]},"properties":{"name":"Jalan Soekarno-Hatta","ref":"11"}},
{"type":"Feature","geometry":{"type":"LineString","coordinates":[[107.6093038,-6.9479813],[107.6086676,-6.9461425]]},"properties":{"name":"Jalan Mohammad Toha","ref":"161"}},
{"type":"Feature","geometry":{"type":"LineString","coordinates":[[107.6378206,-6.9660771],[107.6379086,-6.9657162]]},"properties":{"name":"Jalan Raya Bojongsoang","ref":""}},
{"type":"Feature","geometry":{"type":"LineString","coordinates":[[107.6102982,-6.9141706],[107.6102674,-6.9146071]]},"properties":{"name":"Jalan Merdeka","ref":""}},
{"type":"Feature","geometry":{"type":"LineString","coordinates":[[107.6261913,-7.0059527],[107.6235977,-7.0059629]]},"properties":{"name":"Jalan Jaksa Naranata","ref":"101"}},
{"type":"Feature","geometry":{"type":"LineString","coordinates":[[107.6071455,-6.9211653],[107.6069278,-6.9211397]]},"properties":{"name":"Jalan Asia Afrika","ref":""}},
{"type":"Feature","geometry":{"type":"LineString","coordinates":[[107.6386939,-6.961947],[107.6379965,-6.9653319]]},"properties":{"name":"Jalan Buah Batu","ref":"364"}},
{"type":"Feature","geometry":{"type":"LineString","coordinates":[[107.6337834,-6.9822627],[107.6336739,-6.9827042]]},"properties":{"name":"Jalan Terusan Bojongsoang","ref":"365"}},
{"type":"Feature","geometry":{"type":"LineString","coordinates":[[107.6123918,-6.9182691],[107.61235,-6.918793]]},"properties":{"name":"Jalan Tamblong","ref":""}},
{"type":"Feature","geometry":{"type":"LineString","coordinates":[[107.6336739,-6.9827042],[107.633615,-6.9828912]]},"properties":{"name":"Jalan Terusan Bojongsoang","ref":"365"}},
{"type":"Feature","geometry":{"type":"LineString","coordinates":[[107.6379086,-6.9657162],[107.6379887,-6.9653666],[107.6379965,-6.9653319]]},"properties":{"name":"Jalan Buah Batu","ref":""}},
{"type":"Feature","geometry":{"type":"LineString","coordinates":[[107.6235977,-7.0059629],[107.6232548,-7.0059631]]},"properties":{"name":"Jalan Jaksa Naranata","ref":"101"}},
{"type":"Feature","geometry":{"type":"LineString","coordinates":[[107.610206,-6.915247],[107.6101984,-6.9153866]]},"properties":{"name":"Jalan Merdeka","ref":""}},
{"type":"Feature","geometry":{"type":"LineString","coordinates":[[107.6309877,-6.9937096],[107.6309524,-6.9938605]]},"properties":{"name":"Jalan Terusan Bojongsoang","ref":"365"}},
{"type":"Feature","geometry":{"type":"LineString","coordinates":[[107.6309524,-6.9938605],[107.6309343,-6.9939642]]},"properties":{"name":"Jalan Terusan Bojongsoang","ref":"365"}},
{"type":"Feature","geometry":{"type":"LineString","coordinates":[[107.6309343,-6.9939642],[107.6308714,-6.9943251]]},"properties":{"name":"Jalan Terusan Bojongsoang","ref":"365"}},
{"type":"Feature","geometry":{"type":"LineString","coordinates":[[107.6308714,-6.9943251],[107.6307767,-6.9949068]]},"properties":{"name":"Jalan Terusan Bojongsoang","ref":"365"}},
{"type":"Feature","geometry":{"type":"LineString","coordinates":[[107.6307767,-6.9949068],[107.6307642,-6.9949973]]},"properties":{"name":"Jalan Terusan Bojongsoang","ref":"365"}},
{"type":"Feature","geometry":{"type":"LineString","coordinates":[[107.6307642,-6.9949973],[107.6307513,-6.9951191]]},"properties":{"name":"Jalan Terusan Bojongsoang","ref":"365"}},
{"type":"Feature","geometry":{"type":"LineString","coordinates":[[107.6307513,-6.9951191],[107.6307466,-6.995583]]},"properties":{"name":"Jalan Terusan Bojongsoang","ref":"365"}},
{"type":"Feature","geometry":{"type":"LineString","coordinates":[[107.6307466,-6.995583],[107.6308707,-6.9965927]]},"properties":{"name":"Jalan Terusan Bojongsoang","ref":"365"}},
{"type":"Feature","geometry":{"type":"LineString","coordinates":[[107.6308707,-6.9965927],[107.6309996,-6.9971489]]},"properties":{"name":"Jalan Terusan Bojongsoang","ref":"365"}},
{"type":"Feature","geometry":{"type":"LineString","coordinates":[[107.6309996,-6.9971489],[107.6311094,-6.9977754]]},"properties":{"name":"Jalan Terusan Bojongsoang","ref":"365"}},
{"type":"Feature","geometry":{"type":"LineString","coordinates":[[107.6311094,-6.9977754],[107.6311198,-6.9978516]]},"properties":{"name":"Jalan Terusan Bojongsoang","ref":"365"}},
{"type":"Feature","geometry":{"type":"LineString","coordinates":[[107.6311198,-6.9978516],[107.6311368,-6.9979105]]},"properties":{"name":"Jalan Terusan Bojongsoang","ref":"365"}},
{"type":"Feature","geometry":{"type":"LineString","coordinates":[[107.6311368,-6.9979105],[107.6312073,-6.9980755]]},"properties":{"name":"Jalan Terusan Bojongsoang","ref":"365"}},
{"type":"Feature","geometry":{"type":"LineString","coordinates":[[107.6312073,-6.9980755],[107.631235,-6.9981448]]},"properties":{"name":"Jalan Terusan Bojongsoang","ref":"365"}},
{"type":"Feature","geometry":{"type":"LineString","coordinates":[[107.631235,-6.9981448],[107.6312562,-6.998198]]},"properties":{"name":"Jalan Terusan Bojongsoang","ref":"365"}},
{"type":"Feature","geometry":{"type":"LineString","coordinates":[[107.6312562,-6.998198],[107.6313266,-6.9983338]]},"properties":{"name":"Jalan Terusan Bojongsoang","ref":"365"}},
{"type":"Feature","geometry":{"type":"LineString","coordinates":[[107.6313266,-6.9983338],[107.6314265,-6.9985454]]},"properties":{"name":"Jalan Terusan Bojongsoang","ref":"365"}},
{"type":"Feature","geometry":{"type":"LineString","coordinates":[[107.6314265,-6.9985454],[107.6316025,-6.9989284]]},"properties":{"name":"Jalan Terusan Bojongsoang","ref":"365"}},
{"type":"Feature","geometry":{"type":"LineString","coordinates":[[107.6316025,-6.9989284],[107.6316699,-6.9990672]]},"properties":{"name":"Jalan Terusan Bojongsoang","ref":"365"}},
{"type":"Feature","geometry":{"type":"LineString","coordinates":[[107.6316699,-6.9990672],[107.6318386,-6.9995318]]},"properties":{"name":"Jalan Terusan Bojongsoang","ref":"365"}},
{"type":"Feature","geometry":{"type":"LineString","coordinates":[[107.6318386,-6.9995318],[107.6318678,-6.9996123]]},"properties":{"name":"Jalan Terusan Bojongsoang","ref":"365"}},
{"type":"Feature","geometry":{"type":"LineString","coordinates":[[107.6318678,-6.9996123],[107.6318943,-6.9996808]]},"properties":{"name":"Jalan Terusan Bojongsoang","ref":"365"}},
{"type":"Feature","geometry":{"type":"LineString","coordinates":[[107.6318943,-6.9996808],[107.6319395,-6.999798]]},"properties":{"name":"Jalan Terusan Bojongsoang","ref":"365"}},
{"type":"Feature","geometry":{"type":"LineString","coordinates":[[107.6319395,-6.999798],[107.6318805,-7.0001847]]},"properties":{"name":"Jalan Terusan Bojongsoang","ref":"365"}},
{"type":"Feature","geometry":{"type":"LineString","coordinates":[[107.6318805,-7.0001847],[107.6316364,-7.0014605]]},"properties":{"name":"Jalan Terusan Bojongsoang","ref":"365"}},
{"type":"Feature","geometry":{"type":"LineString","coordinates":[[107.6316364,-7.0014605],[107.6313964,-7.0027517]]},"properties":{"name":"Jalan Terusan Bojongsoang","ref":"365"}},
{"type":"Feature","geometry":{"type":"LineString","coordinates":[[107.6313964,-7.0027517],[107.6313132,-7.0032895]]},"properties":{"name":"Jalan Terusan Bojongsoang","ref":"365"}},
{"type":"Feature","geometry":{"type":"LineString","coordinates":[[107.6313132,-7.0032895],[107.6312636,-7.0039683]]},"properties":{"name":"Jalan Terusan Bojongsoang","ref":"365"}},
{"type":"Feature","geometry":{"type":"LineString","coordinates":[[107.6312636,-7.0039683],[107.6312522,-7.0043111]]},"properties":{"name":"Jalan Terusan Bojongsoang","ref":"365"}},
{"type":"Feature","geometry":{"type":"LineString","coordinates":[[107.6312522,-7.0043111],[107.6312529,-7.0043683]]},"properties":{"name":"Jalan Terusan Bojongsoang","ref":"365"}},
{"type":"Feature","geometry":{"type":"LineString","coordinates":[[107.6312529,-7.0043683],[107.6312405,-7.0048462]]},"properties":{"name":"Jalan Terusan Bojongsoang","ref":"365"}},
{"type":"Feature","geometry":{"type":"LineString","coordinates":[[107.6113378,-6.917202],[107.6114765,-6.9172727]]},"properties":{"name":"Jalan Lembong","ref":""}},
{"type":"Feature","geometry":{"type":"LineString","coordinates":[[107.6114765,-6.9172727],[107.6115788,-6.9173248]]},"properties":{"name":"Jalan Lembong","ref":""}},
{"type":"Feature","geometry":{"type":"LineString","coordinates":[[107.6115788,-6.9173248],[107.611899,-6.9174826]]},"properties":{"name":"Jalan Lembong","ref":""}},
{"type":"Feature","geometry":{"type":"LineString","coordinates":[[107.6102674,-6.9146071],[107.610206,-6.915247]]},"properties":{"name":"Jalan Merdeka","ref":""}},
{"type":"Feature","geometry":{"type":"LineString","coordinates":[[107.6394517,-6.956606],[107.6395289,-6.9570266]]},"properties":{"name":"Jalan Buah Batu","ref":"364"}},
{"type":"Feature","geometry":{"type":"LineString","coordinates":[[107.6395289,-6.9570266],[107.6395491,-6.9571696]]},"properties":{"name":"Jalan Buah Batu","ref":"364"}},
{"type":"Feature","geometry":{"type":"LineString","coordinates":[[107.6395491,-6.9571696],[107.6395984,-6.9579307],[107.6394347,-6.9587335]]},"properties":{"name":"Jalan Buah Batu","ref":"364"}},
{"type":"Feature","geometry":{"type":"LineString","coordinates":[[107.6394347,-6.9587335],[107.6392201,-6.9597843]]},"properties":{"name":"Jalan Buah Batu","ref":"364"}},
{"type":"Feature","geometry":{"type":"LineString","coordinates":[[107.6392201,-6.9597843],[107.6391051,-6.960282]]},"properties":{"name":"Jalan Buah Batu","ref":"364"}},
{"type":"Feature","geometry":{"type":"LineString","coordinates":[[107.6391051,-6.960282],[107.6389921,-6.9607716]]},"properties":{"name":"Jalan Buah Batu","ref":"364"}},
{"type":"Feature","geometry":{"type":"LineString","coordinates":[[107.6389921,-6.9607716],[107.6386939,-6.961947]]},"properties":{"name":"Jalan Buah Batu","ref":"364"}},
{"type":"Feature","geometry":{"type":"LineString","coordinates":[[107.6374606,-6.9520354],[107.6377182,-6.952308]]},"properties":{"name":"Jalan Buah Batu","ref":"364"}},
{"type":"Feature","geometry":{"type":"LineString","coordinates":[[107.6377182,-6.952308],[107.6377782,-6.9523724]]},"properties":{"name":"Jalan Buah Batu","ref":"364"}},
{"type":"Feature","geometry":{"type":"LineString","coordinates":[[107.6377782,-6.9523724],[107.6379835,-6.952571]]},"properties":{"name":"Jalan Buah Batu","ref":"364"}},
{"type":"Feature","geometry":{"type":"LineString","coordinates":[[107.6379835,-6.952571],[107.6380427,-6.9526321]]},"properties":{"name":"Jalan Buah Batu","ref":"364"}},
{"type":"Feature","geometry":{"type":"LineString","coordinates":[[107.6380427,-6.9526321],[107.6387597,-6.953529]]},"properties":{"name":"Jalan Buah Batu","ref":"364"}},
{"type":"Feature","geometry":{"type":"LineString","coordinates":[[107.6365624,-6.9511515],[107.6369488,-6.9515306]]},"properties":{"name":"Jalan Buah Batu","ref":"364"}},
{"type":"Feature","geometry":{"type":"LineString","coordinates":[[107.6369488,-6.9515306],[107.6374606,-6.9520354]]},"properties":{"name":"Jalan Buah Batu","ref":"364"}},
{"type":"Feature","geometry":{"type":"LineString","coordinates":[[107.6391514,-6.9545526],[107.6392468,-6.9552162]]},"properties":{"name":"Jalan Buah Batu","ref":"364"}},
{"type":"Feature","geometry":{"type":"LineString","coordinates":[[107.6098247,-6.9214728],[107.6094601,-6.9214292]]},"properties":{"name":"Jalan Asia Afrika","ref":""}},
{"type":"Feature","geometry":{"type":"LineString","coordinates":[[107.6094601,-6.9214292],[107.6092781,-6.9214081]]},"properties":{"name":"Jalan Asia Afrika","ref":""}},
{"type":"Feature","geometry":{"type":"LineString","coordinates":[[107.6092781,-6.9214081],[107.6087887,-6.9213491]]},"properties":{"name":"Jalan Asia Afrika","ref":""}},
{"type":"Feature","geometry":{"type":"LineString","coordinates":[[107.6087887,-6.9213491],[107.6082703,-6.9212857]]},"properties":{"name":"Jalan Asia Afrika","ref":""}},
{"type":"Feature","geometry":{"type":"LineString","coordinates":[[107.6082703,-6.9212857],[107.6080507,-6.92126]]},"properties":{"name":"Jalan Asia Afrika","ref":""}},
{"type":"Feature","geometry":{"type":"LineString","coordinates":[[107.6118192,-6.9217111],[107.6114983,-6.9216723]]},"properties":{"name":"Jalan Asia Afrika","ref":""}},
{"type":"Feature","geometry":{"type":"LineString","coordinates":[[107.6114983,-6.9216723],[107.6114205,-6.9216629]]},"properties":{"name":"Jalan Asia Afrika","ref":""}},
{"type":"Feature","geometry":{"type":"LineString","coordinates":[[107.6114205,-6.9216629],[107.6112374,-6.9216415]]},"properties":{"name":"Jalan Asia Afrika","ref":""}},
{"type":"Feature","geometry":{"type":"LineString","coordinates":[[107.6112374,-6.9216415],[107.6108437,-6.9215945]]},"properties":{"name":"Jalan Asia Afrika","ref":""}},
{"type":"Feature","geometry":{"type":"LineString","coordinates":[[107.6108437,-6.9215945],[107.6106298,-6.9215692]]},"properties":{"name":"Jalan Asia Afrika","ref":""}},
{"type":"Feature","geometry":{"type":"LineString","coordinates":[[107.6106298,-6.9215692],[107.6104268,-6.9215449]]},"properties":{"name":"Jalan Asia Afrika","ref":""}},
{"type":"Feature","geometry":{"type":"LineString","coordinates":[[107.6104268,-6.9215449],[107.610212,-6.9215192]]},"properties":{"name":"Jalan Asia Afrika","ref":""}},
{"type":"Feature","geometry":{"type":"LineString","coordinates":[[107.610212,-6.9215192],[107.6101457,-6.9215112]]},"properties":{"name":"Jalan Asia Afrika","ref":""}},
{"type":"Feature","geometry":{"type":"LineString","coordinates":[[107.6101457,-6.9215112],[107.6099811,-6.9214915]]},"properties":{"name":"Jalan Asia Afrika","ref":""}},
{"type":"Feature","geometry":{"type":"LineString","coordinates":[[107.6099811,-6.9214915],[107.6098247,-6.9214728]]},"properties":{"name":"Jalan Asia Afrika","ref":""}},
{"type":"Feature","geometry":{"type":"LineString","coordinates":[[107.633615,-6.9828912],[107.6328922,-6.9855671]]},"properties":{"name":"Jalan Terusan Bojongsoang","ref":"365"}},
{"type":"Feature","geometry":{"type":"LineString","coordinates":[[107.6044417,-6.9072201],[107.6044917,-6.9087943],[107.60413,-6.9100304],[107.6039561,-6.9125447]]},"properties":{"name":"Jalan Cicendo","ref":"369"}},
{"type":"Feature","geometry":{"type":"LineString","coordinates":[[107.6079412,-6.9065104],[107.6093359,-6.9068089]]},"properties":{"name":"Jalan L.L. RE. Martadinata","ref":"2318"}},
{"type":"Feature","geometry":{"type":"LineString","coordinates":[[107.6073865,-6.9076628],[107.6065225,-6.9072053],[107.6055894,-6.9071347]]},"properties":{"name":"Jalan Pajajaran","ref":""}},
{"type":"Feature","geometry":{"type":"LineString","coordinates":[[107.6044282,-6.9071102],[107.6043867,-6.9048271]]},"properties":{"name":"Jalan Cihampelas","ref":""}},
{"type":"Feature","geometry":{"type":"LineString","coordinates":[[107.5982527,-6.912368],[107.5979805,-6.912262]]},"properties":{"name":"Jalan Kebon Kawung","ref":"370"}},
{"type":"Feature","geometry":{"type":"LineString","coordinates":[[107.6019305,-6.9125353],[107.601745,-6.9125245]]},"properties":{"name":"Jalan Kebon Kawung","ref":"370"}},
{"type":"Feature","geometry":{"type":"LineString","coordinates":[[107.6071931,-6.9145156],[107.6073185,-6.9143005]]},"properties":{"name":"Jalan Perintis Kemerdekaan","ref":""}},
{"type":"Feature","geometry":{"type":"LineString","coordinates":[[107.6075641,-6.9142136],[107.6081711,-6.9139136],[107.6089516,-6.913844]]},"properties":{"name":"Jalan Perintis Kemerdekaan","ref":""}},
{"type":"Feature","geometry":{"type":"LineString","coordinates":[[107.6045889,-6.9148224],[107.6047205,-6.914736],[107.6064066,-6.9149399]]},"properties":{"name":"Jalan Stasiun Timur","ref":""}},
{"type":"Feature","geometry":{"type":"LineString","coordinates":[[107.604546,-6.9153572],[107.6045889,-6.9148224]]},"properties":{"name":"Jalan Otto Iskandardinata","ref":""}},
{"type":"Feature","geometry":{"type":"LineString","coordinates":[[107.6064546,-6.9210818],[107.6066712,-6.9189713]]},"properties":{"name":"Jalan Banceuy","ref":"2020"}},
{"type":"Feature","geometry":{"type":"LineString","coordinates":[[107.6062529,-6.9369183],[107.6066275,-6.9318519]]},"properties":{"name":"Jalan Mohammad Toha","ref":""}},
{"type":"Feature","geometry":{"type":"LineString","coordinates":[[107.6075166,-6.9225267],[107.6076488,-6.9214983],[107.607526,-6.921273]]},"properties":{"name":"Jalan Alun-alun Timur","ref":""}},
{"type":"Feature","geometry":{"type":"LineString","coordinates":[[107.6067877,-6.9301452],[107.607029,-6.9274996]]},"properties":{"name":"Jalan Mohammad Toha","ref":""}},
{"type":"Feature","geometry":{"type":"LineString","coordinates":[[107.6055894,-6.9071347],[107.6053829,-6.907135]]},"properties":{"name":"Jalan Pajajaran","ref":""}},
{"type":"Feature","geometry":{"type":"LineString","coordinates":[[107.6378206,-6.9660771],[107.6368934,-6.9701783]]},"properties":{"name":"Jalan Raya Bojongsoang","ref":"365"}},
{"type":"Feature","geometry":{"type":"LineString","coordinates":[[107.6088855,-6.9102984],[107.6083912,-6.9093671]]},"properties":{"name":"Jalan Wastukancana","ref":""}},
{"type":"Feature","geometry":{"type":"LineString","coordinates":[[107.6312405,-7.0048462],[107.631148,-7.0052776],[107.6302832,-7.0059623],[107.6261913,-7.0059527]]},"properties":{"name":"Jalan Jaksa Naranata","ref":"101"}},
{"type":"Feature","geometry":{"type":"LineString","coordinates":[[107.60248,-6.9044983],[107.6022483,-6.904811],[107.6015193,-6.9048777]]},"properties":{"name":"Jalan dr. Cipto","ref":"1066"}},
{"type":"Feature","geometry":{"type":"LineString","coordinates":[[107.6024466,-6.9041854],[107.6026381,-6.9042582]]},"properties":{"name":"Jalan Abdul Rivai","ref":"11111"}},
{"type":"Feature","geometry":{"type":"LineString","coordinates":[[107.6042585,-6.9043799],[107.6025713,-6.9045005]]},"properties":{"name":"Jalan Abdul Rivai","ref":"11111"}},
{"type":"Feature","geometry":{"type":"LineString","coordinates":[[107.6330945,-6.9481961],[107.630177,-6.949072],[107.6287343,-6.94934]]},"properties":{"name":"Jalan Soekarno-Hatta","ref":"11"}},
{"type":"Feature","geometry":{"type":"LineString","coordinates":[[107.6336417,-6.9483304],[107.6330945,-6.9481961]]},"properties":{"name":"","ref":""}},
{"type":"Feature","geometry":{"type":"LineString","coordinates":[[107.5979469,-6.9117824],[107.5979313,-6.9116207]]},"properties":{"name":"Jalan HOS. Cokroaminoto","ref":"372"}},
{"type":"Feature","geometry":{"type":"LineString","coordinates":[[107.6219865,-6.9493019],[107.6215623,-6.9492646]]},"properties":{"name":"Jalan Soekarno-Hatta","ref":"11"}},
{"type":"Feature","geometry":{"type":"LineString","coordinates":[[107.6215623,-6.9492646],[107.6214774,-6.9492594]]},"properties":{"name":"Jalan Soekarno-Hatta","ref":"11"}},
{"type":"Feature","geometry":{"type":"LineString","coordinates":[[107.6320736,-6.9900649],[107.6313361,-6.9924993]]},"properties":{"name":"Jalan Terusan Bojongsoang","ref":"365"}},
{"type":"Feature","geometry":{"type":"LineString","coordinates":[[107.6043435,-6.9046277],[107.6042585,-6.9043799]]},"properties":{"name":"Jalan Cihampelas","ref":""}},
{"type":"Feature","geometry":{"type":"LineString","coordinates":[[107.604454,-6.9042842],[107.6045194,-6.9042857]]},"properties":{"name":"Jalan Wastukencana","ref":""}},
{"type":"Feature","geometry":{"type":"LineString","coordinates":[[107.60432,-6.9042886],[107.604454,-6.9042842]]},"properties":{"name":"Jalan Abdul Rivai","ref":"11111"}},
{"type":"Feature","geometry":{"type":"LineString","coordinates":[[107.6075644,-6.9054686],[107.6076853,-6.905845]]},"properties":{"name":"Jalan Wastukancana","ref":""}},
{"type":"Feature","geometry":{"type":"LineString","coordinates":[[107.6083912,-6.9093671],[107.608135,-6.9090242]]},"properties":{"name":"Jalan Wastukancana","ref":""}},
{"type":"Feature","geometry":{"type":"LineString","coordinates":[[107.6059177,-6.9273911],[107.6060915,-6.925705]]},"properties":{"name":"Jalan Dewi Sartika","ref":""}},
{"type":"Feature","geometry":{"type":"LineString","coordinates":[[107.5978766,-6.9065641],[107.5987941,-6.906746]]},"properties":{"name":"Jalan Pajajaran","ref":"371"}},
{"type":"Feature","geometry":{"type":"LineString","coordinates":[[107.608135,-6.9090242],[107.6076596,-6.9080052]]},"properties":{"name":"Jalan Wastukancana","ref":""}},
{"type":"Feature","geometry":{"type":"LineString","coordinates":[[107.6029269,-6.904267],[107.60432,-6.9042886]]},"properties":{"name":"Jalan Abdul Rivai","ref":"11111"}},
{"type":"Feature","geometry":{"type":"LineString","coordinates":[[107.6077246,-6.9060495],[107.6079412,-6.9065104]]},"properties":{"name":"Jalan Wastukancana","ref":""}},
{"type":"Feature","geometry":{"type":"LineString","coordinates":[[107.6060915,-6.925705],[107.6062949,-6.9235169]]},"properties":{"name":"Jalan Dewi Sartika","ref":""}},
{"type":"Feature","geometry":{"type":"LineString","coordinates":[[107.6090309,-6.9137833],[107.609044,-6.9105515]]},"properties":{"name":"Jalan Wastukancana","ref":""}},
{"type":"Feature","geometry":{"type":"LineString","coordinates":[[107.6061633,-6.9376173],[107.6061721,-6.9375256]]},"properties":{"name":"Jalan Mohammad Toha","ref":"161"}},
{"type":"Feature","geometry":{"type":"LineString","coordinates":[[107.6070945,-6.9151362],[107.6071931,-6.9145156]]},"properties":{"name":"Jalan Perintis Kemerdekaan","ref":""}},
{"type":"Feature","geometry":{"type":"LineString","coordinates":[[107.5976288,-6.9073749],[107.5976301,-6.9066034],[107.5978766,-6.9065641]]},"properties":{"name":"Jalan HOS. Cokroaminoto","ref":""}},
{"type":"Feature","geometry":{"type":"LineString","coordinates":[[107.6089516,-6.913844],[107.6090309,-6.9137833]]},"properties":{"name":"Jalan Perintis Kemerdekaan","ref":""}},
{"type":"Feature","geometry":{"type":"LineString","coordinates":[[107.619664,-6.9491378],[107.6124407,-6.9486128]]},"properties":{"name":"Jalan Soekarno-Hatta","ref":"11"}},
{"type":"Feature","geometry":{"type":"LineString","coordinates":[[107.6094437,-6.9483822],[107.6094101,-6.9482727]]},"properties":{"name":"Jalan Mohammad Toha","ref":"161"}},
{"type":"Feature","geometry":{"type":"LineString","coordinates":[[107.6086676,-6.9461425],[107.6076477,-6.9431556]]},"properties":{"name":"Jalan Mohammad Toha","ref":"161"}},
{"type":"Feature","geometry":{"type":"LineString","coordinates":[[107.601582,-6.9069752],[107.6043882,-6.9071529]]},"properties":{"name":"Jalan Pajajaran","ref":"371"}},
{"type":"Feature","geometry":{"type":"LineString","coordinates":[[107.6062949,-6.9235169],[107.6064249,-6.922423]]},"properties":{"name":"Jalan Dewi Sartika","ref":""}},
{"type":"Feature","geometry":{"type":"LineString","coordinates":[[107.6065203,-6.9224203],[107.6075166,-6.9225267]]},"properties":{"name":"Jalan Dalem Kaum","ref":""}},
{"type":"Feature","geometry":{"type":"LineString","coordinates":[[107.6072035,-6.9211727],[107.6071455,-6.9211653]]},"properties":{"name":"Jalan Asia Afrika","ref":""}},
{"type":"Feature","geometry":{"type":"LineString","coordinates":[[107.6066712,-6.9189713],[107.6061407,-6.9166856],[107.6064947,-6.9161623],[107.6065499,-6.9154703]]},"properties":{"name":"Jalan Banceuy","ref":"2020"}},
{"type":"Feature","geometry":{"type":"LineString","coordinates":[[107.604907,-6.904268],[107.6052645,-6.9040341],[107.6056396,-6.9039773],[107.6065841,-6.9042698]]},"properties":{"name":"Jalan Wastukancana","ref":""}},
{"type":"Feature","geometry":{"type":"LineString","coordinates":[[107.607029,-6.9274996],[107.6062469,-6.9274175]]},"properties":{"name":"Jalan Pungkur","ref":"3494"}},
{"type":"Feature","geometry":{"type":"LineString","coordinates":[[107.6043867,-6.9048271],[107.6043435,-6.9046277]]},"properties":{"name":"Jalan Cihampelas","ref":""}},
{"type":"Feature","geometry":{"type":"LineString","coordinates":[[107.5979313,-6.9116207],[107.5976288,-6.9073749]]},"properties":{"name":"Jalan HOS. Cokroaminoto","ref":"372"}},
{"type":"Feature","geometry":{"type":"LineString","coordinates":[[107.5979805,-6.912262],[107.5979469,-6.9117824]]},"properties":{"name":"Jalan HOS. Cokroaminoto","ref":"372"}},
{"type":"Feature","geometry":{"type":"LineString","coordinates":[[107.6059861,-6.9155367],[107.6045054,-6.9158364]]},"properties":{"name":"Jalan Suniaraja","ref":""}},
{"type":"Feature","geometry":{"type":"LineString","coordinates":[[107.6386665,-6.9617054],[107.6395144,-6.9579242],[107.6390705,-6.9545755],[107.638864,-6.9540275]]},"properties":{"name":"Jalan Buah Batu","ref":"364"}},
{"type":"Feature","geometry":{"type":"LineString","coordinates":[[107.6025713,-6.9045005],[107.60248,-6.9044983]]},"properties":{"name":"Jalan Abdul Rivai","ref":"11111"}},
{"type":"Feature","geometry":{"type":"LineString","coordinates":[[107.6026381,-6.9042582],[107.6029269,-6.904267]]},"properties":{"name":"Jalan Abdul Rivai","ref":"11111"}},
{"type":"Feature","geometry":{"type":"LineString","coordinates":[[107.6076596,-6.9080052],[107.6073865,-6.9076628]]},"properties":{"name":"Jalan Pajajaran","ref":""}},
{"type":"Feature","geometry":{"type":"LineString","coordinates":[[107.6061483,-6.9378682],[107.6061633,-6.9376173]]},"properties":{"name":"Jalan Mohammad Toha","ref":"161"}},
{"type":"Feature","geometry":{"type":"LineString","coordinates":[[107.6350741,-6.9497625],[107.6336417,-6.9483304]]},"properties":{"name":"Jalan Buah Batu","ref":"364"}},
{"type":"Feature","geometry":{"type":"LineString","coordinates":[[107.6387331,-6.9537311],[107.6387208,-6.9537047]]},"properties":{"name":"Jalan Buah Batu","ref":"364"}},
{"type":"Feature","geometry":{"type":"LineString","coordinates":[[107.6328922,-6.9855671],[107.6322368,-6.9895932]]},"properties":{"name":"Jalan Terusan Bojongsoang","ref":"365"}},
{"type":"Feature","geometry":{"type":"LineString","coordinates":[[107.6053829,-6.907135],[107.6045,-6.907158]]},"properties":{"name":"Jalan Pajajaran","ref":""}},
{"type":"Feature","geometry":{"type":"LineString","coordinates":[[107.6061749,-6.938344],[107.6061483,-6.9378682]]},"properties":{"name":"Jalan Mohammad Toha","ref":"161"}},
{"type":"Feature","geometry":{"type":"LineString","coordinates":[[107.638864,-6.9540275],[107.6387331,-6.9537311]]},"properties":{"name":"Jalan Buah Batu","ref":"364"}},
{"type":"Feature","geometry":{"type":"LineString","coordinates":[[107.633615,-6.9828912],[107.6334271,-6.982576]]},"properties":{"name":"","ref":""}},
{"type":"Feature","geometry":{"type":"LineString","coordinates":[[107.6322368,-6.9895932],[107.6320736,-6.9900649]]},"properties":{"name":"Jalan Terusan Bojongsoang","ref":"365"}},
{"type":"Feature","geometry":{"type":"LineString","coordinates":[[107.6313361,-6.9924993],[107.6310419,-6.9935157]]},"properties":{"name":"Jalan Terusan Bojongsoang","ref":"365"}},
{"type":"Feature","geometry":{"type":"LineString","coordinates":[[107.6061721,-6.9375256],[107.6061838,-6.9374395]]},"properties":{"name":"Jalan Mohammad Toha","ref":""}},
{"type":"Feature","geometry":{"type":"LineString","coordinates":[[107.6065499,-6.9154703],[107.6059861,-6.9155367]]},"properties":{"name":"Jalan Suniaraja","ref":""}},
{"type":"Feature","geometry":{"type":"LineString","coordinates":[[107.6062104,-6.9372527],[107.6062529,-6.9369183]]},"properties":{"name":"Jalan Mohammad Toha","ref":""}},
{"type":"Feature","geometry":{"type":"LineString","coordinates":[[107.6039561,-6.9125447],[107.603885,-6.9126611]]},"properties":{"name":"Jalan Cicendo","ref":"369"}},
{"type":"Feature","geometry":{"type":"LineString","coordinates":[[107.606909,-6.9153005],[107.6070945,-6.9151362]]},"properties":{"name":"Jalan Stasiun Timur","ref":""}},
{"type":"Feature","geometry":{"type":"LineString","coordinates":[[107.6360573,-6.9507711],[107.6350741,-6.9497625]]},"properties":{"name":"Jalan Buah Batu","ref":"364"}},
{"type":"Feature","geometry":{"type":"LineString","coordinates":[[107.5987941,-6.906746],[107.599567,-6.9068341]]},"properties":{"name":"Jalan Pajajaran","ref":"371"}},
{"type":"Feature","geometry":{"type":"LineString","coordinates":[[107.6043882,-6.9071529],[107.6044282,-6.9071102]]},"properties":{"name":"Jalan Pajajaran","ref":"369;371"}},
{"type":"Feature","geometry":{"type":"LineString","coordinates":[[107.6045,-6.907158],[107.6044417,-6.9072201]]},"properties":{"name":"Jalan Pajajaran","ref":"369;371"}},
{"type":"Feature","geometry":{"type":"LineString","coordinates":[[107.6379965,-6.9653319],[107.6385207,-6.962347]]},"properties":{"name":"Jalan Buah Batu","ref":"364"}},
{"type":"Feature","geometry":{"type":"LineString","coordinates":[[107.607556,-6.9054463],[107.6075644,-6.9054686]]},"properties":{"name":"Jalan Wastukancana","ref":""}},
{"type":"Feature","geometry":{"type":"LineString","coordinates":[[107.6239296,-6.9494823],[107.6219865,-6.9493019]]},"properties":{"name":"Jalan Soekarno-Hatta","ref":"11"}},
{"type":"Feature","geometry":{"type":"LineString","coordinates":[[107.609044,-6.9105515],[107.6088855,-6.9102984]]},"properties":{"name":"Jalan Wastukancana","ref":""}},
{"type":"Feature","geometry":{"type":"LineString","coordinates":[[107.6045054,-6.9158364],[107.604546,-6.9153572]]},"properties":{"name":"Jalan Otto Iskandardinata","ref":""}},
{"type":"Feature","geometry":{"type":"LineString","coordinates":[[107.6310419,-6.9935157],[107.6309877,-6.9937096]]},"properties":{"name":"Jalan Terusan Bojongsoang","ref":"365"}},
{"type":"Feature","geometry":{"type":"LineString","coordinates":[[107.6094101,-6.9482727],[107.6093038,-6.9479813]]},"properties":{"name":"Jalan Mohammad Toha","ref":"161"}},
{"type":"Feature","geometry":{"type":"LineString","coordinates":[[107.6386178,-6.961928],[107.6386665,-6.9617054]]},"properties":{"name":"Jalan Buah Batu","ref":"364"}},
{"type":"Feature","geometry":{"type":"LineString","coordinates":[[107.6386038,-6.9620044],[107.6386178,-6.961928]]},"properties":{"name":"Jalan Buah Batu","ref":"364"}},
{"type":"Feature","geometry":{"type":"LineString","coordinates":[[107.6385207,-6.962347],[107.6386038,-6.9620044]]},"properties":{"name":"Jalan Buah Batu","ref":"364"}},
{"type":"Feature","geometry":{"type":"LineString","coordinates":[[107.6368934,-6.9701783],[107.6362682,-6.9724362]]},"properties":{"name":"Jalan Raya Bojongsoang","ref":"365"}},
{"type":"Feature","geometry":{"type":"LineString","coordinates":[[107.6362682,-6.9724362],[107.6356773,-6.9746727]]},"properties":{"name":"Jalan Raya Bojongsoang","ref":"365"}},
{"type":"Feature","geometry":{"type":"LineString","coordinates":[[107.6356773,-6.9746727],[107.6345019,-6.9790759]]},"properties":{"name":"Jalan Raya Bojongsoang","ref":"365"}},
{"type":"Feature","geometry":{"type":"LineString","coordinates":[[107.6345019,-6.9790759],[107.6341275,-6.9803984],[107.6341207,-6.9813165],[107.6337834,-6.9822627]]},"properties":{"name":"Jalan Raya Bojongsoang","ref":"365"}},
{"type":"Feature","geometry":{"type":"LineString","coordinates":[[107.6064066,-6.9149399],[107.606909,-6.9153005]]},"properties":{"name":"Jalan Stasiun Timur","ref":""}},
{"type":"Feature","geometry":{"type":"LineString","coordinates":[[107.6214774,-6.9492594],[107.6213965,-6.949255]]},"properties":{"name":"Jalan Soekarno-Hatta","ref":"11"}},
{"type":"Feature","geometry":{"type":"LineString","coordinates":[[107.6047378,-6.9043028],[107.604907,-6.904268]]},"properties":{"name":"Jalan Wastukancana","ref":""}},
{"type":"Feature","geometry":{"type":"LineString","coordinates":[[107.6045194,-6.9042857],[107.6047378,-6.9043028]]},"properties":{"name":"Jalan Wastukancana","ref":""}},
{"type":"Feature","geometry":{"type":"LineString","coordinates":[[107.6074587,-6.9052269],[107.607556,-6.9054463]]},"properties":{"name":"Jalan Wastukancana","ref":""}},
{"type":"Feature","geometry":{"type":"LineString","coordinates":[[107.6069278,-6.9211397],[107.6064546,-6.9210818]]},"properties":{"name":"Jalan Asia Afrika","ref":""}},
{"type":"Feature","geometry":{"type":"LineString","coordinates":[[107.603885,-6.9126611],[107.6020122,-6.91254]]},"properties":{"name":"Jalan Kebon Kawung","ref":"370"}},
{"type":"Feature","geometry":{"type":"LineString","coordinates":[[107.6020122,-6.91254],[107.6019305,-6.9125353]]},"properties":{"name":"Jalan Kebon Kawung","ref":"370"}},
{"type":"Feature","geometry":{"type":"LineString","coordinates":[[107.6097349,-6.9483987],[107.6094437,-6.9483822]]},"properties":{"name":"Jalan Soekarno-Hatta","ref":"11"}},
{"type":"Feature","geometry":{"type":"LineString","coordinates":[[107.6124407,-6.9486128],[107.6097349,-6.9483987]]},"properties":{"name":"Jalan Soekarno-Hatta","ref":"11"}},
{"type":"Feature","geometry":{"type":"LineString","coordinates":[[107.6273421,-6.9495018],[107.6264304,-6.9495584]]},"properties":{"name":"Jalan Soekarno-Hatta","ref":"11"}},
{"type":"Feature","geometry":{"type":"LineString","coordinates":[[107.6264304,-6.9495584],[107.6259917,-6.9495692]]},"properties":{"name":"Jalan Soekarno-Hatta","ref":"11"}},
{"type":"Feature","geometry":{"type":"LineString","coordinates":[[107.6015193,-6.9048777],[107.6014033,-6.9046523]]},"properties":{"name":"Jalan Dokter Gunawan Mangunkusumo","ref":""}},
{"type":"Feature","geometry":{"type":"LineString","coordinates":[[107.6014361,-6.9042205],[107.6017487,-6.9038567]]},"properties":{"name":"Jalan Dokter Gunawan Mangunkusumo","ref":""}},
{"type":"Feature","geometry":{"type":"LineString","coordinates":[[107.6076477,-6.9431556],[107.6061749,-6.938344]]},"properties":{"name":"Jalan Mohammad Toha","ref":"161"}},
{"type":"Feature","geometry":{"type":"LineString","coordinates":[[107.6064249,-6.922423],[107.6065203,-6.9224203]]},"properties":{"name":"Jalan Dalem Kaum","ref":""}},
{"type":"Feature","geometry":{"type":"LineString","coordinates":[[107.6076853,-6.905845],[107.6077246,-6.9060495]]},"properties":{"name":"Jalan Wastukancana","ref":""}},
{"type":"Feature","geometry":{"type":"LineString","coordinates":[[107.6213965,-6.949255],[107.619664,-6.9491378]]},"properties":{"name":"Jalan Soekarno-Hatta","ref":"11"}},
{"type":"Feature","geometry":{"type":"LineString","coordinates":[[107.6061838,-6.9374395],[107.6062104,-6.9372527]]},"properties":{"name":"Jalan Mohammad Toha","ref":""}},
{"type":"Feature","geometry":{"type":"LineString","coordinates":[[107.6287343,-6.94934],[107.6273421,-6.9495018]]},"properties":{"name":"Jalan Soekarno-Hatta","ref":"11"}},
{"type":"Feature","geometry":{"type":"LineString","coordinates":[[107.6070138,-6.9046],[107.6071411,-6.9047305]]},"properties":{"name":"Jalan Wastukancana","ref":""}},
{"type":"Feature","geometry":{"type":"LineString","coordinates":[[107.6071411,-6.9047305],[107.6074587,-6.9052269]]},"properties":{"name":"Jalan Wastukancana","ref":""}},
{"type":"Feature","geometry":{"type":"LineString","coordinates":[[107.6073185,-6.9143005],[107.6075641,-6.9142136]]},"properties":{"name":"Jalan Perintis Kemerdekaan","ref":""}},
{"type":"Feature","geometry":{"type":"LineString","coordinates":[[107.6093038,-6.9479813],[107.6086676,-6.9461425]]},"properties":{"name":"Jalan Mohammad Toha","ref":"161"}},
{"type":"Feature","geometry":{"type":"LineString","coordinates":[[107.6259917,-6.9495692],[107.6239296,-6.9494823]]},"properties":{"name":"Jalan Soekarno-Hatta","ref":"11"}},
{"type":"Feature","geometry":{"type":"LineString","coordinates":[[107.6378206,-6.9660771],[107.6379086,-6.9657162]]},"properties":{"name":"Jalan Raya Bojongsoang","ref":""}},
{"type":"Feature","geometry":{"type":"LineString","coordinates":[[107.6069187,-6.9045127],[107.6070138,-6.9046]]},"properties":{"name":"Jalan Wastukancana","ref":""}},
{"type":"Feature","geometry":{"type":"LineString","coordinates":[[107.6065841,-6.9042698],[107.6069187,-6.9045127]]},"properties":{"name":"Jalan Wastukancana","ref":""}},
{"type":"Feature","geometry":{"type":"LineString","coordinates":[[107.6261375,-7.0067058],[107.6261801,-7.0061732]]},"properties":{"name":"Jalan Anggadireja","ref":"110"}},
{"type":"Feature","geometry":{"type":"LineString","coordinates":[[107.6071455,-6.9211653],[107.6069278,-6.9211397]]},"properties":{"name":"Jalan Asia Afrika","ref":""}},
{"type":"Feature","geometry":{"type":"LineString","coordinates":[[107.6066275,-6.9318519],[107.6067877,-6.9301452]]},"properties":{"name":"Jalan Mohammad Toha","ref":""}},
{"type":"Feature","geometry":{"type":"LineString","coordinates":[[107.6261801,-7.0061732],[107.6261913,-7.0059527]]},"properties":{"name":"Jalan Anggadireja","ref":"110"}},
{"type":"Feature","geometry":{"type":"LineString","coordinates":[[107.607526,-6.921273],[107.6072035,-6.9211727]]},"properties":{"name":"Jalan Asia Afrika","ref":""}},
{"type":"Feature","geometry":{"type":"LineString","coordinates":[[107.6337834,-6.9822627],[107.6335002,-6.9825117]]},"properties":{"name":"Jalan Bojongsoang","ref":""}},
{"type":"Feature","geometry":{"type":"LineString","coordinates":[[107.6093359,-6.9068089],[107.6093744,-6.9081456]]},"properties":{"name":"Jalan Purnawarman","ref":"10216"}},
{"type":"Feature","geometry":{"type":"LineString","coordinates":[[107.6335002,-6.9825117],[107.6334271,-6.982576]]},"properties":{"name":"Jalan Bojongsoang","ref":""}},
{"type":"Feature","geometry":{"type":"LineString","coordinates":[[107.6379086,-6.9657162],[107.6379887,-6.9653666],[107.6379965,-6.9653319]]},"properties":{"name":"Jalan Buah Batu","ref":""}},
{"type":"Feature","geometry":{"type":"LineString","coordinates":[[107.6062469,-6.9274175],[107.6059177,-6.9273911]]},"properties":{"name":"Jalan Pungkur","ref":"3494"}},
{"type":"Feature","geometry":{"type":"LineString","coordinates":[[107.6017487,-6.9038567],[107.6022582,-6.903939],[107.6024466,-6.9041854]]},"properties":{"name":"Jalan dr. Rajiman","ref":"1256"}},
{"type":"Feature","geometry":{"type":"LineString","coordinates":[[107.6014033,-6.9046523],[107.6014361,-6.9042205]]},"properties":{"name":"Jalan Dokter Gunawan Mangunkusumo","ref":""}},
{"type":"Feature","geometry":{"type":"LineString","coordinates":[[107.6309877,-6.9937096],[107.6309524,-6.9938605]]},"properties":{"name":"Jalan Terusan Bojongsoang","ref":"365"}},
{"type":"Feature","geometry":{"type":"LineString","coordinates":[[107.6309524,-6.9938605],[107.6309343,-6.9939642]]},"properties":{"name":"Jalan Terusan Bojongsoang","ref":"365"}},
{"type":"Feature","geometry":{"type":"LineString","coordinates":[[107.6309343,-6.9939642],[107.6308714,-6.9943251]]},"properties":{"name":"Jalan Terusan Bojongsoang","ref":"365"}},
{"type":"Feature","geometry":{"type":"LineString","coordinates":[[107.6308714,-6.9943251],[107.6307767,-6.9949068]]},"properties":{"name":"Jalan Terusan Bojongsoang","ref":"365"}},
{"type":"Feature","geometry":{"type":"LineString","coordinates":[[107.6307767,-6.9949068],[107.6307642,-6.9949973]]},"properties":{"name":"Jalan Terusan Bojongsoang","ref":"365"}},
{"type":"Feature","geometry":{"type":"LineString","coordinates":[[107.6307642,-6.9949973],[107.6307513,-6.9951191]]},"properties":{"name":"Jalan Terusan Bojongsoang","ref":"365"}},
{"type":"Feature","geometry":{"type":"LineString","coordinates":[[107.6307513,-6.9951191],[107.6307466,-6.995583]]},"properties":{"name":"Jalan Terusan Bojongsoang","ref":"365"}},
{"type":"Feature","geometry":{"type":"LineString","coordinates":[[107.6307466,-6.995583],[107.6308707,-6.9965927]]},"properties":{"name":"Jalan Terusan Bojongsoang","ref":"365"}},
{"type":"Feature","geometry":{"type":"LineString","coordinates":[[107.6308707,-6.9965927],[107.6309996,-6.9971489]]},"properties":{"name":"Jalan Terusan Bojongsoang","ref":"365"}},
{"type":"Feature","geometry":{"type":"LineString","coordinates":[[107.6309996,-6.9971489],[107.6311094,-6.9977754]]},"properties":{"name":"Jalan Terusan Bojongsoang","ref":"365"}},
{"type":"Feature","geometry":{"type":"LineString","coordinates":[[107.6311094,-6.9977754],[107.6311198,-6.9978516]]},"properties":{"name":"Jalan Terusan Bojongsoang","ref":"365"}},
{"type":"Feature","geometry":{"type":"LineString","coordinates":[[107.6311198,-6.9978516],[107.6311368,-6.9979105]]},"properties":{"name":"Jalan Terusan Bojongsoang","ref":"365"}},
{"type":"Feature","geometry":{"type":"LineString","coordinates":[[107.6311368,-6.9979105],[107.6312073,-6.9980755]]},"properties":{"name":"Jalan Terusan Bojongsoang","ref":"365"}},
{"type":"Feature","geometry":{"type":"LineString","coordinates":[[107.6312073,-6.9980755],[107.631235,-6.9981448]]},"properties":{"name":"Jalan Terusan Bojongsoang","ref":"365"}},
{"type":"Feature","geometry":{"type":"LineString","coordinates":[[107.631235,-6.9981448],[107.6312562,-6.998198]]},"properties":{"name":"Jalan Terusan Bojongsoang","ref":"365"}},
{"type":"Feature","geometry":{"type":"LineString","coordinates":[[107.6312562,-6.998198],[107.6313266,-6.9983338]]},"properties":{"name":"Jalan Terusan Bojongsoang","ref":"365"}},
{"type":"Feature","geometry":{"type":"LineString","coordinates":[[107.6313266,-6.9983338],[107.6314265,-6.9985454]]},"properties":{"name":"Jalan Terusan Bojongsoang","ref":"365"}},
{"type":"Feature","geometry":{"type":"LineString","coordinates":[[107.6314265,-6.9985454],[107.6316025,-6.9989284]]},"properties":{"name":"Jalan Terusan Bojongsoang","ref":"365"}},
{"type":"Feature","geometry":{"type":"LineString","coordinates":[[107.6316025,-6.9989284],[107.6316699,-6.9990672]]},"properties":{"name":"Jalan Terusan Bojongsoang","ref":"365"}},
{"type":"Feature","geometry":{"type":"LineString","coordinates":[[107.6316699,-6.9990672],[107.6318386,-6.9995318]]},"properties":{"name":"Jalan Terusan Bojongsoang","ref":"365"}},
{"type":"Feature","geometry":{"type":"LineString","coordinates":[[107.6318386,-6.9995318],[107.6318678,-6.9996123]]},"properties":{"name":"Jalan Terusan Bojongsoang","ref":"365"}},
{"type":"Feature","geometry":{"type":"LineString","coordinates":[[107.6318678,-6.9996123],[107.6318943,-6.9996808]]},"properties":{"name":"Jalan Terusan Bojongsoang","ref":"365"}},
{"type":"Feature","geometry":{"type":"LineString","coordinates":[[107.6318943,-6.9996808],[107.6319395,-6.999798]]},"properties":{"name":"Jalan Terusan Bojongsoang","ref":"365"}},
{"type":"Feature","geometry":{"type":"LineString","coordinates":[[107.6319395,-6.999798],[107.6318805,-7.0001847]]},"properties":{"name":"Jalan Terusan Bojongsoang","ref":"365"}},
{"type":"Feature","geometry":{"type":"LineString","coordinates":[[107.6318805,-7.0001847],[107.6316364,-7.0014605]]},"properties":{"name":"Jalan Terusan Bojongsoang","ref":"365"}},
{"type":"Feature","geometry":{"type":"LineString","coordinates":[[107.6316364,-7.0014605],[107.6313964,-7.0027517]]},"properties":{"name":"Jalan Terusan Bojongsoang","ref":"365"}},
{"type":"Feature","geometry":{"type":"LineString","coordinates":[[107.6313964,-7.0027517],[107.6313132,-7.0032895]]},"properties":{"name":"Jalan Terusan Bojongsoang","ref":"365"}},
{"type":"Feature","geometry":{"type":"LineString","coordinates":[[107.6313132,-7.0032895],[107.6312636,-7.0039683]]},"properties":{"name":"Jalan Terusan Bojongsoang","ref":"365"}},
{"type":"Feature","geometry":{"type":"LineString","coordinates":[[107.6312636,-7.0039683],[107.6312522,-7.0043111]]},"properties":{"name":"Jalan Terusan Bojongsoang","ref":"365"}},
{"type":"Feature","geometry":{"type":"LineString","coordinates":[[107.6312522,-7.0043111],[107.6312529,-7.0043683]]},"properties":{"name":"Jalan Terusan Bojongsoang","ref":"365"}},
{"type":"Feature","geometry":{"type":"LineString","coordinates":[[107.6312529,-7.0043683],[107.6312405,-7.0048462]]},"properties":{"name":"Jalan Terusan Bojongsoang","ref":"365"}},
{"type":"Feature","geometry":{"type":"LineString","coordinates":[[107.6387208,-6.9537047],[107.6385338,-6.9533572]]},"properties":{"name":"Jalan Buah Batu","ref":"364"}},
{"type":"Feature","geometry":{"type":"LineString","coordinates":[[107.6385338,-6.9533572],[107.6377939,-6.9525507]]},"properties":{"name":"Jalan Buah Batu","ref":"364"}},
{"type":"Feature","geometry":{"type":"LineString","coordinates":[[107.6377939,-6.9525507],[107.6373856,-6.9521134]]},"properties":{"name":"Jalan Buah Batu","ref":"364"}},
{"type":"Feature","geometry":{"type":"LineString","coordinates":[[107.6373856,-6.9521134],[107.6369653,-6.9517047]]},"properties":{"name":"Jalan Buah Batu","ref":"364"}},
{"type":"Feature","geometry":{"type":"LineString","coordinates":[[107.6369653,-6.9517047],[107.6364115,-6.9511359]]},"properties":{"name":"Jalan Buah Batu","ref":"364"}},
{"type":"Feature","geometry":{"type":"LineString","coordinates":[[107.6364115,-6.9511359],[107.6360573,-6.9507711]]},"properties":{"name":"Jalan Buah Batu","ref":"364"}},
{"type":"Feature","geometry":{"type":"LineString","coordinates":[[107.6006435,-6.9124749],[107.6002224,-6.9124495]]},"properties":{"name":"Jalan Kebon Kawung","ref":"370"}},
{"type":"Feature","geometry":{"type":"LineString","coordinates":[[107.6002224,-6.9124495],[107.6000202,-6.912439]]},"properties":{"name":"Jalan Kebon Kawung","ref":"370"}},
{"type":"Feature","geometry":{"type":"LineString","coordinates":[[107.6000202,-6.912439],[107.5993874,-6.9123994]]},"properties":{"name":"Jalan Kebon Kawung","ref":"370"}},
{"type":"Feature","geometry":{"type":"LineString","coordinates":[[107.5993874,-6.9123994],[107.5990132,-6.912372]]},"properties":{"name":"Jalan Kebon Kawung","ref":"370"}},
{"type":"Feature","geometry":{"type":"LineString","coordinates":[[107.5990132,-6.912372],[107.5982527,-6.912368]]},"properties":{"name":"Jalan Kebon Kawung","ref":"370"}},
{"type":"Feature","geometry":{"type":"LineString","coordinates":[[107.601745,-6.9125245],[107.601624,-6.9125174]]},"properties":{"name":"Jalan Kebon Kawung","ref":"370"}},
{"type":"Feature","geometry":{"type":"LineString","coordinates":[[107.601624,-6.9125174],[107.6015636,-6.9125139]]},"properties":{"name":"Jalan Kebon Kawung","ref":"370"}},
{"type":"Feature","geometry":{"type":"LineString","coordinates":[[107.6015636,-6.9125139],[107.6010547,-6.9124917]]},"properties":{"name":"Jalan Kebon Kawung","ref":"370"}},
{"type":"Feature","geometry":{"type":"LineString","coordinates":[[107.6010547,-6.9124917],[107.6009674,-6.9124878]]},"properties":{"name":"Jalan Kebon Kawung","ref":"370"}},
{"type":"Feature","geometry":{"type":"LineString","coordinates":[[107.6009674,-6.9124878],[107.6006435,-6.9124749]]},"properties":{"name":"Jalan Kebon Kawung","ref":"370"}},
{"type":"Feature","geometry":{"type":"LineString","coordinates":[[107.599567,-6.9068341],[107.5998642,-6.9068525]]},"properties":{"name":"Jalan Pajajaran","ref":"371"}},
{"type":"Feature","geometry":{"type":"LineString","coordinates":[[107.5998642,-6.9068525],[107.6006155,-6.9069026]]},"properties":{"name":"Jalan Pajajaran","ref":"371"}},
{"type":"Feature","geometry":{"type":"LineString","coordinates":[[107.6006155,-6.9069026],[107.6008643,-6.9069205]]},"properties":{"name":"Jalan Pajajaran","ref":"371"}},
{"type":"Feature","geometry":{"type":"LineString","coordinates":[[107.6008643,-6.9069205],[107.6011922,-6.9069453]]},"properties":{"name":"Jalan Pajajaran","ref":"371"}},
{"type":"Feature","geometry":{"type":"LineString","coordinates":[[107.6011922,-6.9069453],[107.601582,-6.9069752]]},"properties":{"name":"Jalan Pajajaran","ref":"371"}},
{"type":"Feature","geometry":{"type":"LineString","coordinates":[[107.633615,-6.9828912],[107.6328922,-6.9855671]]},"properties":{"name":"Jalan Terusan Bojongsoang","ref":"365"}},
{"type":"Feature","geometry":{"type":"LineString","coordinates":[[107.5810582,-6.8921467],[107.5811056,-6.8920447]]},"properties":{"name":"Jalan Prof. Dr. Surya Soemantri","ref":"1367"}},
{"type":"Feature","geometry":{"type":"LineString","coordinates":[[107.5814195,-6.8824391],[107.5809003,-6.8824409],[107.5798858,-6.8827856],[107.5787736,-6.8815564]]},"properties":{"name":"Jalan Lemah Neundeut","ref":"1419"}},
{"type":"Feature","geometry":{"type":"LineString","coordinates":[[107.6370818,-6.8984481],[107.6417839,-6.8995613]]},"properties":{"name":"Jalan PH. H. Mustofa","ref":""}},
{"type":"Feature","geometry":{"type":"LineString","coordinates":[[107.643667,-6.8999883],[107.6437562,-6.9000026]]},"properties":{"name":"Jalan PH. H. Mustofa","ref":""}},
{"type":"Feature","geometry":{"type":"LineString","coordinates":[[107.6437562,-6.9000026],[107.6438196,-6.9000127]]},"properties":{"name":"Jalan PH. H. Mustofa","ref":""}},
{"type":"Feature","geometry":{"type":"LineString","coordinates":[[107.5762649,-6.8814748],[107.5786717,-6.8807526]]},"properties":{"name":"Jalan Perintis","ref":""}},
{"type":"Feature","geometry":{"type":"LineString","coordinates":[[107.5782765,-6.8817046],[107.576498,-6.8822436]]},"properties":{"name":"Jalan Sariwangi","ref":""}},
{"type":"Feature","geometry":{"type":"LineString","coordinates":[[107.576498,-6.8822436],[107.5762649,-6.8814748]]},"properties":{"name":"","ref":""}},
{"type":"Feature","geometry":{"type":"LineString","coordinates":[[107.6167125,-6.8991863],[107.6166576,-6.8991786]]},"properties":{"name":"Jalan Surapati","ref":""}},
{"type":"Feature","geometry":{"type":"LineString","coordinates":[[107.6198486,-6.8992867],[107.6198037,-6.8993299]]},"properties":{"name":"Jalan Surapati","ref":""}},
{"type":"Feature","geometry":{"type":"LineString","coordinates":[[107.6272181,-6.8994982],[107.6285873,-6.8998503],[107.6293496,-6.8998537],[107.6307582,-6.8992701]]},"properties":{"name":"Jalan Surapati","ref":""}},
{"type":"Feature","geometry":{"type":"LineString","coordinates":[[107.6161849,-6.8991228],[107.6158534,-6.8991356]]},"properties":{"name":"Jalan Prabudimuntur","ref":""}},
{"type":"Feature","geometry":{"type":"LineString","coordinates":[[107.6562379,-6.9021633],[107.6557174,-6.902134]]},"properties":{"name":"Jalan Jenderal Ahmad Yani","ref":""}},
{"type":"Feature","geometry":{"type":"LineString","coordinates":[[107.6271231,-6.8994764],[107.6270152,-6.8994551]]},"properties":{"name":"Jalan Surapati","ref":""}},
{"type":"Feature","geometry":{"type":"LineString","coordinates":[[107.6116004,-6.8989618],[107.609539,-6.8982797]]},"properties":{"name":"Jalan Cikapayang","ref":""}},
{"type":"Feature","geometry":{"type":"LineString","coordinates":[[107.5939849,-6.8988199],[107.5934941,-6.8984211]]},"properties":{"name":"Jalan Layang Professor Mochtar Kusumaatmadja","ref":""}},
{"type":"Feature","geometry":{"type":"LineString","coordinates":[[107.6158534,-6.8991356],[107.6130507,-6.8990822]]},"properties":{"name":"Jalan Prabu Dimuntur","ref":""}},
{"type":"Feature","geometry":{"type":"LineString","coordinates":[[107.6434139,-6.8999482],[107.643667,-6.8999883]]},"properties":{"name":"Jalan PH. H. Mustofa","ref":""}},
{"type":"Feature","geometry":{"type":"LineString","coordinates":[[107.5821877,-6.8923919],[107.5815675,-6.8923486]]},"properties":{"name":"Jalan Dr. Djunjunan","ref":""}},
{"type":"Feature","geometry":{"type":"LineString","coordinates":[[107.5869781,-6.8940142],[107.5857839,-6.8931207],[107.5847557,-6.892607],[107.5833959,-6.8923362],[107.5821877,-6.8923919]]},"properties":{"name":"Jalan Dr. Djunjunan","ref":""}},
{"type":"Feature","geometry":{"type":"LineString","coordinates":[[107.5815675,-6.8923486],[107.5811037,-6.8922835]]},"properties":{"name":"Jalan Dr. Djunjunan","ref":""}},
{"type":"Feature","geometry":{"type":"LineString","coordinates":[[107.609539,-6.8982797],[107.6092074,-6.8982442]]},"properties":{"name":"","ref":""}},
{"type":"Feature","geometry":{"type":"LineString","coordinates":[[107.6128191,-6.899075],[107.6127289,-6.8990723]]},"properties":{"name":"Jalan Cikapayang","ref":""}},
{"type":"Feature","geometry":{"type":"LineString","coordinates":[[107.6438196,-6.9000127],[107.6449808,-6.9002743],[107.6477192,-6.901552],[107.65075,-6.9018006]]},"properties":{"name":"Jalan PH. H. Mustofa","ref":""}},
{"type":"Feature","geometry":{"type":"LineString","coordinates":[[107.6317478,-6.89851],[107.6341816,-6.8977908]]},"properties":{"name":"Jalan Surapati","ref":""}},
{"type":"Feature","geometry":{"type":"LineString","coordinates":[[107.6271231,-6.8994764],[107.6271702,-6.8994872]]},"properties":{"name":"Jalan Surapati","ref":""}},
{"type":"Feature","geometry":{"type":"LineString","coordinates":[[107.619582,-6.8993371],[107.6193457,-6.8993497]]},"properties":{"name":"Jalan Surapati","ref":""}},
{"type":"Feature","geometry":{"type":"LineString","coordinates":[[107.5787736,-6.8815564],[107.5786717,-6.8807526]]},"properties":{"name":"Jalan Lemah Neundeut","ref":"1419"}},
{"type":"Feature","geometry":{"type":"LineString","coordinates":[[107.6181567,-6.899379],[107.6167125,-6.8991863]]},"properties":{"name":"Jalan Surapati","ref":""}},
{"type":"Feature","geometry":{"type":"LineString","coordinates":[[107.6508611,-6.9018087],[107.6528084,-6.9019067]]},"properties":{"name":"Jalan PH. H. Mustofa","ref":""}},
{"type":"Feature","geometry":{"type":"LineString","coordinates":[[107.6058135,-6.8996213],[107.6045826,-6.9002185],[107.6043162,-6.9003044],[107.6039678,-6.9003525],[107.5994613,-6.900313],[107.5975382,-6.9003423],[107.5965538,-6.9003423],[107.5953615,-6.8999961],[107.5939849,-6.8988199]]},"properties":{"name":"Jalan Layang Professor Mochtar Kusumaatmadja","ref":""}},
{"type":"Feature","geometry":{"type":"LineString","coordinates":[[107.6076018,-6.8986414],[107.6058135,-6.8996213]]},"properties":{"name":"Jalan Layang Professor Mochtar Kusumaatmadja","ref":""}},
{"type":"Feature","geometry":{"type":"LineString","coordinates":[[107.6091581,-6.8982383],[107.6076018,-6.8986414]]},"properties":{"name":"","ref":""}},
{"type":"Feature","geometry":{"type":"LineString","coordinates":[[107.5934941,-6.8984211],[107.5925774,-6.8975709],[107.5892547,-6.895687],[107.5869781,-6.8940142]]},"properties":{"name":"Jalan Dr. Djunjunan","ref":""}},
{"type":"Feature","geometry":{"type":"LineString","coordinates":[[107.6307582,-6.8992701],[107.6308381,-6.8992037]]},"properties":{"name":"Jalan Surapati","ref":""}},
{"type":"Feature","geometry":{"type":"LineString","coordinates":[[107.6308381,-6.8992037],[107.6317478,-6.89851]]},"properties":{"name":"Jalan Surapati","ref":""}},
{"type":"Feature","geometry":{"type":"LineString","coordinates":[[107.6550496,-6.9021051],[107.6528084,-6.9019067]]},"properties":{"name":"Jalan PH. H. Mustofa","ref":""}},
{"type":"Feature","geometry":{"type":"LineString","coordinates":[[107.6271702,-6.8994872],[107.6272181,-6.8994982]]},"properties":{"name":"Jalan Surapati","ref":""}},
{"type":"Feature","geometry":{"type":"LineString","coordinates":[[107.6203167,-6.899282],[107.6198486,-6.8992867]]},"properties":{"name":"Jalan Surapati","ref":""}},
{"type":"Feature","geometry":{"type":"LineString","coordinates":[[107.6193457,-6.8993497],[107.6191325,-6.8993561]]},"properties":{"name":"Jalan Surapati","ref":""}},
{"type":"Feature","geometry":{"type":"LineString","coordinates":[[107.6130507,-6.8990822],[107.6128191,-6.899075]]},"properties":{"name":"Jalan Prabu Dimuntur","ref":""}},
{"type":"Feature","geometry":{"type":"LineString","coordinates":[[107.6198037,-6.8993299],[107.619582,-6.8993371]]},"properties":{"name":"Jalan Surapati","ref":""}},
{"type":"Feature","geometry":{"type":"LineString","coordinates":[[107.6127289,-6.8990723],[107.6116004,-6.8989618]]},"properties":{"name":"Jalan Cikapayang","ref":""}},
{"type":"Feature","geometry":{"type":"LineString","coordinates":[[107.6557174,-6.902134],[107.6550496,-6.9021051]]},"properties":{"name":"Jalan Jenderal Ahmad Yani","ref":""}},
{"type":"Feature","geometry":{"type":"LineString","coordinates":[[107.6563322,-6.9022588],[107.6563227,-6.9021785]]},"properties":{"name":"","ref":""}},
{"type":"Feature","geometry":{"type":"LineString","coordinates":[[107.6341816,-6.8977908],[107.6370818,-6.8984481]]},"properties":{"name":"Jalan PH. H. Mustofa","ref":""}},
{"type":"Feature","geometry":{"type":"LineString","coordinates":[[107.581013,-6.8922632],[107.5810582,-6.8921467]]},"properties":{"name":"Jalan Prof. Dr. Surya Soemantri","ref":"1367"}},
{"type":"Feature","geometry":{"type":"LineString","coordinates":[[107.5811037,-6.8922835],[107.581013,-6.8922632]]},"properties":{"name":"Jalan Dr. Djunjunan","ref":""}},
{"type":"Feature","geometry":{"type":"LineString","coordinates":[[107.6563227,-6.9021785],[107.6562379,-6.9021633]]},"properties":{"name":"Jalan Jenderal Ahmad Yani","ref":""}},
{"type":"Feature","geometry":{"type":"LineString","coordinates":[[107.6092074,-6.8982442],[107.6091581,-6.8982383]]},"properties":{"name":"","ref":""}},
{"type":"Feature","geometry":{"type":"LineString","coordinates":[[107.6223481,-6.8992387],[107.6203167,-6.899282]]},"properties":{"name":"Jalan Surapati","ref":""}},
{"type":"Feature","geometry":{"type":"LineString","coordinates":[[107.65075,-6.9018006],[107.6508611,-6.9018087]]},"properties":{"name":"Jalan PH. H. Mustofa","ref":""}},
{"type":"Feature","geometry":{"type":"LineString","coordinates":[[107.6417839,-6.8995613],[107.6434139,-6.8999482]]},"properties":{"name":"Jalan PH. H. Mustofa","ref":""}},
{"type":"Feature","geometry":{"type":"LineString","coordinates":[[107.6563498,-6.9023352],[107.6563322,-6.9022588]]},"properties":{"name":"","ref":""}},
{"type":"Feature","geometry":{"type":"LineString","coordinates":[[107.6565637,-6.902329],[107.6563498,-6.9023352]]},"properties":{"name":"","ref":""}},
{"type":"Feature","geometry":{"type":"LineString","coordinates":[[107.5811056,-6.8920447],[107.581331,-6.8914861],[107.5814622,-6.8902774],[107.5812884,-6.8880204],[107.5814195,-6.8824391]]},"properties":{"name":"Jalan Prof. Dr. Surya Soemantri","ref":"1367"}},
{"type":"Feature","geometry":{"type":"LineString","coordinates":[[107.5784297,-6.881656],[107.5782765,-6.8817046]]},"properties":{"name":"Jalan Sariwangi","ref":""}},
{"type":"Feature","geometry":{"type":"LineString","coordinates":[[107.6270152,-6.8994551],[107.6259835,-6.8992435],[107.6223481,-6.8992387]]},"properties":{"name":"Jalan Surapati","ref":""}},
{"type":"Feature","geometry":{"type":"LineString","coordinates":[[107.6191325,-6.8993561],[107.6181567,-6.899379]]},"properties":{"name":"Jalan Surapati","ref":""}},
{"type":"Feature","geometry":{"type":"LineString","coordinates":[[107.6166576,-6.8991786],[107.6161849,-6.8991228]]},"properties":{"name":"Jalan Surapati","ref":""}},
{"type":"Feature","geometry":{"type":"LineString","coordinates":[[107.5786717,-6.8807526],[107.5808999,-6.8800589],[107.5812538,-6.8809245]]},"properties":{"name":"Jalan Terusan Prof. Dr. Ir. Sutami","ref":"1608"}},
{"type":"Feature","geometry":{"type":"LineString","coordinates":[[107.6370818,-6.8984481],[107.6417839,-6.8995613]]},"properties":{"name":"Jalan PH. H. Mustofa","ref":""}},
{"type":"Feature","geometry":{"type":"LineString","coordinates":[[107.6132841,-6.8988423],[107.6160286,-6.8989397]]},"properties":{"name":"Jalan Surapati","ref":""}},
{"type":"Feature","geometry":{"type":"LineString","coordinates":[[107.5940507,-6.8987546],[107.5954387,-6.8999455],[107.5965799,-6.9002538],[107.5971854,-6.9002737],[107.6013381,-6.9002484],[107.6039614,-6.9002731],[107.604298,-6.9002223],[107.6047649,-6.9000477],[107.6061125,-6.8993484]]},"properties":{"name":"Jalan Layang Professor Mochtar Kusumaatmadja","ref":""}},
{"type":"Feature","geometry":{"type":"LineString","coordinates":[[107.5936018,-6.898303],[107.5940507,-6.8987546]]},"properties":{"name":"Jalan Layang Professor Mochtar Kusumaatmadja","ref":""}},
{"type":"Feature","geometry":{"type":"LineString","coordinates":[[107.6096733,-6.898062],[107.6116278,-6.8987668]]},"properties":{"name":"Jalan Cikapayang","ref":""}},
{"type":"Feature","geometry":{"type":"LineString","coordinates":[[107.643667,-6.8999883],[107.6437562,-6.9000026]]},"properties":{"name":"Jalan PH. H. Mustofa","ref":""}},
{"type":"Feature","geometry":{"type":"LineString","coordinates":[[107.6437562,-6.9000026],[107.6438196,-6.9000127]]},"properties":{"name":"Jalan PH. H. Mustofa","ref":""}},
{"type":"Feature","geometry":{"type":"LineString","coordinates":[[107.5815555,-6.8825799],[107.5813877,-6.8877089],[107.5815613,-6.8898687],[107.5814766,-6.8910699]]},"properties":{"name":"Jalan Prof. Dr. Surya Soemantri","ref":"1367"}},
{"type":"Feature","geometry":{"type":"LineString","coordinates":[[107.581406,-6.8915163],[107.5815218,-6.8920151],[107.5819472,-6.8922747]]},"properties":{"name":"Jalan Prof. Dr. Surya Soemantri","ref":""}},
{"type":"Feature","geometry":{"type":"LineString","coordinates":[[107.6077607,-6.8983299],[107.6083106,-6.89809]]},"properties":{"name":"","ref":""}},
{"type":"Feature","geometry":{"type":"LineString","coordinates":[[107.6091092,-6.8979755],[107.6092633,-6.8979925]]},"properties":{"name":"","ref":""}},
{"type":"Feature","geometry":{"type":"LineString","coordinates":[[107.6083106,-6.89809],[107.6091092,-6.8979755]]},"properties":{"name":"","ref":""}},
{"type":"Feature","geometry":{"type":"LineString","coordinates":[[107.6272181,-6.8994982],[107.6285873,-6.8998503],[107.6293496,-6.8998537],[107.6307582,-6.8992701]]},"properties":{"name":"Jalan Surapati","ref":""}},
{"type":"Feature","geometry":{"type":"LineString","coordinates":[[107.6164572,-6.8990452],[107.6184347,-6.8992984]]},"properties":{"name":"Jalan Surapati","ref":""}},
{"type":"Feature","geometry":{"type":"LineString","coordinates":[[107.6271231,-6.8994764],[107.6270152,-6.8994551]]},"properties":{"name":"Jalan Surapati","ref":""}},
{"type":"Feature","geometry":{"type":"LineString","coordinates":[[107.6160286,-6.8989397],[107.6164572,-6.8990452]]},"properties":{"name":"Jalan Surapati","ref":""}},
{"type":"Feature","geometry":{"type":"LineString","coordinates":[[107.6193443,-6.8992829],[107.619791,-6.8992561]]},"properties":{"name":"Jalan Surapati","ref":""}},
{"type":"Feature","geometry":{"type":"LineString","coordinates":[[107.6127424,-6.8988496],[107.6128334,-6.8988469]]},"properties":{"name":"Jalan Cikapayang","ref":""}},
{"type":"Feature","geometry":{"type":"LineString","coordinates":[[107.619791,-6.8992561],[107.6198486,-6.8992867]]},"properties":{"name":"Jalan Surapati","ref":""}},
{"type":"Feature","geometry":{"type":"LineString","coordinates":[[107.6184347,-6.8992984],[107.6193443,-6.8992829]]},"properties":{"name":"Jalan Surapati","ref":""}},
{"type":"Feature","geometry":{"type":"LineString","coordinates":[[107.6434139,-6.8999482],[107.643667,-6.8999883]]},"properties":{"name":"Jalan PH. H. Mustofa","ref":""}},
{"type":"Feature","geometry":{"type":"LineString","coordinates":[[107.5819472,-6.8922747],[107.5836678,-6.892264],[107.5845652,-6.8924203],[107.5858569,-6.8930235],[107.5871385,-6.8939896]]},"properties":{"name":"Jalan Dr. Djunjunan","ref":""}},
{"type":"Feature","geometry":{"type":"LineString","coordinates":[[107.6438196,-6.9000127],[107.6449808,-6.9002743],[107.6477192,-6.901552],[107.65075,-6.9018006]]},"properties":{"name":"Jalan PH. H. Mustofa","ref":""}},
{"type":"Feature","geometry":{"type":"LineString","coordinates":[[107.6317478,-6.89851],[107.6341816,-6.8977908]]},"properties":{"name":"Jalan Surapati","ref":""}},
{"type":"Feature","geometry":{"type":"LineString","coordinates":[[107.6271231,-6.8994764],[107.6271702,-6.8994872]]},"properties":{"name":"Jalan Surapati","ref":""}},
{"type":"Feature","geometry":{"type":"LineString","coordinates":[[107.5787736,-6.8815564],[107.5786717,-6.8807526]]},"properties":{"name":"Jalan Lemah Neundeut","ref":"1419"}},
{"type":"Feature","geometry":{"type":"LineString","coordinates":[[107.6508611,-6.9018087],[107.6528084,-6.9019067]]},"properties":{"name":"Jalan PH. H. Mustofa","ref":""}},
{"type":"Feature","geometry":{"type":"LineString","coordinates":[[107.6061125,-6.8993484],[107.607545,-6.8985118]]},"properties":{"name":"Jalan Layang Professor Mochtar Kusumaatmadja","ref":""}},
{"type":"Feature","geometry":{"type":"LineString","coordinates":[[107.5871385,-6.8939896],[107.5895178,-6.8957186],[107.5924064,-6.8973127],[107.5936018,-6.898303]]},"properties":{"name":"Jalan Dr. Djunjunan","ref":""}},
{"type":"Feature","geometry":{"type":"LineString","coordinates":[[107.6307582,-6.8992701],[107.6308381,-6.8992037]]},"properties":{"name":"Jalan Surapati","ref":""}},
{"type":"Feature","geometry":{"type":"LineString","coordinates":[[107.6308381,-6.8992037],[107.6317478,-6.89851]]},"properties":{"name":"Jalan Surapati","ref":""}},
{"type":"Feature","geometry":{"type":"LineString","coordinates":[[107.6561365,-6.9020684],[107.6567969,-6.9021302]]},"properties":{"name":"Jalan Jenderal Ahmad Yani","ref":""}},
{"type":"Feature","geometry":{"type":"LineString","coordinates":[[107.6567969,-6.9021302],[107.6571681,-6.9021368]]},"properties":{"name":"Jalan Jenderal Ahmad Yani","ref":""}},
{"type":"Feature","geometry":{"type":"LineString","coordinates":[[107.6528084,-6.9019067],[107.6551205,-6.9020246]]},"properties":{"name":"Jalan PH. H. Mustofa","ref":""}},
{"type":"Feature","geometry":{"type":"LineString","coordinates":[[107.6551205,-6.9020246],[107.6553398,-6.9020357]]},"properties":{"name":"Jalan Jenderal Ahmad Yani","ref":""}},
{"type":"Feature","geometry":{"type":"LineString","coordinates":[[107.6271702,-6.8994872],[107.6272181,-6.8994982]]},"properties":{"name":"Jalan Surapati","ref":""}},
{"type":"Feature","geometry":{"type":"LineString","coordinates":[[107.6571681,-6.9021368],[107.6571633,-6.9022188]]},"properties":{"name":"","ref":""}},
{"type":"Feature","geometry":{"type":"LineString","coordinates":[[107.6092633,-6.8979925],[107.6095612,-6.898037]]},"properties":{"name":"","ref":""}},
{"type":"Feature","geometry":{"type":"LineString","coordinates":[[107.6203167,-6.899282],[107.6198486,-6.8992867]]},"properties":{"name":"Jalan Surapati","ref":""}},
{"type":"Feature","geometry":{"type":"LineString","coordinates":[[107.6122413,-6.8988516],[107.6127424,-6.8988496]]},"properties":{"name":"Jalan Cikapayang","ref":""}},
{"type":"Feature","geometry":{"type":"LineString","coordinates":[[107.612079,-6.8988384],[107.6122413,-6.8988516]]},"properties":{"name":"Jalan Cikapayang","ref":""}},
{"type":"Feature","geometry":{"type":"LineString","coordinates":[[107.6128334,-6.8988469],[107.6132841,-6.8988423]]},"properties":{"name":"Jalan Surapati","ref":""}},
{"type":"Feature","geometry":{"type":"LineString","coordinates":[[107.607545,-6.8985118],[107.60769,-6.8983811]]},"properties":{"name":"","ref":""}},
{"type":"Feature","geometry":{"type":"LineString","coordinates":[[107.60769,-6.8983811],[107.6077607,-6.8983299]]},"properties":{"name":"","ref":""}},
{"type":"Feature","geometry":{"type":"LineString","coordinates":[[107.6571633,-6.9022188],[107.6571624,-6.902364]]},"properties":{"name":"","ref":""}},
{"type":"Feature","geometry":{"type":"LineString","coordinates":[[107.5815311,-6.8823681],[107.5815555,-6.8825799]]},"properties":{"name":"Jalan Prof. Dr. Surya Soemantri","ref":"1367"}},
{"type":"Feature","geometry":{"type":"LineString","coordinates":[[107.6116278,-6.8987668],[107.612079,-6.8988384]]},"properties":{"name":"Jalan Cikapayang","ref":""}},
{"type":"Feature","geometry":{"type":"LineString","coordinates":[[107.6569974,-6.9026679],[107.6569854,-6.9023139]]},"properties":{"name":"","ref":""}},
{"type":"Feature","geometry":{"type":"LineString","coordinates":[[107.6569854,-6.9023139],[107.6565637,-6.902329]]},"properties":{"name":"","ref":""}},
{"type":"Feature","geometry":{"type":"LineString","coordinates":[[107.6557405,-6.9020533],[107.6561365,-6.9020684]]},"properties":{"name":"Jalan Jenderal Ahmad Yani","ref":""}},
{"type":"Feature","geometry":{"type":"LineString","coordinates":[[107.6341816,-6.8977908],[107.6370818,-6.8984481]]},"properties":{"name":"Jalan PH. H. Mustofa","ref":""}},
{"type":"Feature","geometry":{"type":"LineString","coordinates":[[107.6095612,-6.898037],[107.6096733,-6.898062]]},"properties":{"name":"Jalan Cikapayang","ref":""}},
{"type":"Feature","geometry":{"type":"LineString","coordinates":[[107.6223481,-6.8992387],[107.6203167,-6.899282]]},"properties":{"name":"Jalan Surapati","ref":""}},
{"type":"Feature","geometry":{"type":"LineString","coordinates":[[107.65075,-6.9018006],[107.6508611,-6.9018087]]},"properties":{"name":"Jalan PH. H. Mustofa","ref":""}},
{"type":"Feature","geometry":{"type":"LineString","coordinates":[[107.6417839,-6.8995613],[107.6434139,-6.8999482]]},"properties":{"name":"Jalan PH. H. Mustofa","ref":""}},
{"type":"Feature","geometry":{"type":"LineString","coordinates":[[107.6571624,-6.902364],[107.6569974,-6.9026679]]},"properties":{"name":"","ref":""}},
{"type":"Feature","geometry":{"type":"LineString","coordinates":[[107.5787736,-6.8815564],[107.5784297,-6.881656]]},"properties":{"name":"Jalan Sariwangi","ref":""}},
{"type":"Feature","geometry":{"type":"LineString","coordinates":[[107.6270152,-6.8994551],[107.6259835,-6.8992435],[107.6223481,-6.8992387]]},"properties":{"name":"Jalan Surapati","ref":""}},
{"type":"Feature","geometry":{"type":"LineString","coordinates":[[107.6553398,-6.9020357],[107.6557405,-6.9020533]]},"properties":{"name":"Jalan Jenderal Ahmad Yani","ref":""}},
{"type":"Feature","geometry":{"type":"LineString","coordinates":[[107.5812538,-6.8809245],[107.5815311,-6.8823681]]},"properties":{"name":"Jalan Prof. Dr. Surya Soemantri","ref":"1367"}},
{"type":"Feature","geometry":{"type":"LineString","coordinates":[[107.5814766,-6.8910699],[107.581406,-6.8915163]]},"properties":{"name":"Jalan Prof. Dr. Surya Soemantri","ref":"1367"}},
{"type":"Feature","geometry":{"type":"LineString","coordinates":[[107.6106377,-6.9069919],[107.610654,-6.909795]]},"properties":{"name":"Jalan Merdeka","ref":""}},
{"type":"Feature","geometry":{"type":"LineString","coordinates":[[107.6040992,-6.9208034],[107.6039369,-6.9231152]]},"properties":{"name":"Jalan Otto Iskandardinata","ref":""}},
{"type":"Feature","geometry":{"type":"LineString","coordinates":[[107.6090254,-6.9139243],[107.6089988,-6.9152244]]},"properties":{"name":"Jalan Braga","ref":""}},
{"type":"Feature","geometry":{"type":"LineString","coordinates":[[107.6126165,-6.9002542],[107.6114719,-6.9028605]]},"properties":{"name":"Jalan Ir. H. Djuanda","ref":"2182"}},
{"type":"Feature","geometry":{"type":"LineString","coordinates":[[107.6160516,-6.8948686],[107.6149218,-6.8948399]]},"properties":{"name":"Jalan Hasanudin","ref":""}},
{"type":"Feature","geometry":{"type":"LineString","coordinates":[[107.6179955,-6.8925877],[107.6180405,-6.8934568]]},"properties":{"name":"Jalan Dipatiukur","ref":"2137"}},
{"type":"Feature","geometry":{"type":"LineString","coordinates":[[107.6045054,-6.9158364],[107.6043506,-6.917436]]},"properties":{"name":"Jalan Otto Iskandardinata","ref":""}},
{"type":"Feature","geometry":{"type":"LineString","coordinates":[[107.6062529,-6.9369183],[107.6066275,-6.9318519]]},"properties":{"name":"Jalan Mohammad Toha","ref":""}},
{"type":"Feature","geometry":{"type":"LineString","coordinates":[[107.6103525,-6.9136021],[107.6099474,-6.9139366],[107.609095,-6.9138574]]},"properties":{"name":"Jalan Perintis Kemerdekaan","ref":""}},
{"type":"Feature","geometry":{"type":"LineString","coordinates":[[107.5899199,-6.9452949],[107.5910269,-6.9435481]]},"properties":{"name":"Jalan Kyai Haji Wahid Hasyim","ref":"106"}},
{"type":"Feature","geometry":{"type":"LineString","coordinates":[[107.6180243,-6.8939028],[107.6176835,-6.8943336]]},"properties":{"name":"Jalan Dipatiukur","ref":"2137"}},
{"type":"Feature","geometry":{"type":"LineString","coordinates":[[107.6088792,-6.9162786],[107.6083144,-6.9162523],[107.6079775,-6.9160775]]},"properties":{"name":"Jalan Suniaraja","ref":""}},
{"type":"Feature","geometry":{"type":"LineString","coordinates":[[107.6106164,-6.9099691],[107.6103525,-6.9136021]]},"properties":{"name":"Jalan Merdeka","ref":""}},
{"type":"Feature","geometry":{"type":"LineString","coordinates":[[107.6054273,-6.9316877],[107.6066275,-6.9318519]]},"properties":{"name":"Jalan Ibu Inggit Ganarsih","ref":"4097"}},
{"type":"Feature","geometry":{"type":"LineString","coordinates":[[107.6038724,-6.923931],[107.6036918,-6.9271992]]},"properties":{"name":"Jalan Otto Iskandardinata","ref":""}},
{"type":"Feature","geometry":{"type":"LineString","coordinates":[[107.6036918,-6.9271992],[107.603397,-6.9314278]]},"properties":{"name":"Jalan Otto Iskandardinata","ref":""}},
{"type":"Feature","geometry":{"type":"LineString","coordinates":[[107.6040032,-6.9315065],[107.6054273,-6.9316877]]},"properties":{"name":"Jalan Ibu Inggit Ganarsih","ref":"4097"}},
{"type":"Feature","geometry":{"type":"LineString","coordinates":[[107.6039369,-6.9231152],[107.6039303,-6.9231867]]},"properties":{"name":"Jalan Otto Iskandardinata","ref":""}},
{"type":"Feature","geometry":{"type":"LineString","coordinates":[[107.5905372,-6.9458885],[107.5920057,-6.9464327]]},"properties":{"name":"Jalan Soekarno-Hatta","ref":"11"}},
{"type":"Feature","geometry":{"type":"LineString","coordinates":[[107.6061633,-6.9376173],[107.6059365,-6.9375973]]},"properties":{"name":"Jalan Peta","ref":"374"}},
{"type":"Feature","geometry":{"type":"LineString","coordinates":[[107.6178188,-6.8923923],[107.6179955,-6.8925877]]},"properties":{"name":"Jalan Dipatiukur","ref":"2137"}},
{"type":"Feature","geometry":{"type":"LineString","coordinates":[[107.613998,-6.8948395],[107.6130082,-6.8948099]]},"properties":{"name":"Jalan Hasanudin","ref":""}},
{"type":"Feature","geometry":{"type":"LineString","coordinates":[[107.6130082,-6.8948099],[107.6128372,-6.8987211]]},"properties":{"name":"Jalan Ir. H. Djuanda","ref":"2182"}},
{"type":"Feature","geometry":{"type":"LineString","coordinates":[[107.6128191,-6.899075],[107.6126165,-6.9002542]]},"properties":{"name":"Jalan Ir. H. Djuanda","ref":"2182"}},
{"type":"Feature","geometry":{"type":"LineString","coordinates":[[107.6042904,-6.9182779],[107.6040992,-6.9208034]]},"properties":{"name":"Jalan Otto Iskandardinata","ref":""}},
{"type":"Feature","geometry":{"type":"LineString","coordinates":[[107.5946801,-6.9470993],[107.5950591,-6.9470659],[107.5952184,-6.9469031]]},"properties":{"name":"","ref":""}},
{"type":"Feature","geometry":{"type":"LineString","coordinates":[[107.5920724,-6.9418438],[107.5948299,-6.9373141]]},"properties":{"name":"Jalan Kyai Haji Wahid Hasyim","ref":"106"}},
{"type":"Feature","geometry":{"type":"LineString","coordinates":[[107.6180405,-6.8934568],[107.6180243,-6.8939028]]},"properties":{"name":"Jalan Dipatiukur","ref":"2137"}},
{"type":"Feature","geometry":{"type":"LineString","coordinates":[[107.6059861,-6.9155367],[107.6045054,-6.9158364]]},"properties":{"name":"Jalan Suniaraja","ref":""}},
{"type":"Feature","geometry":{"type":"LineString","coordinates":[[107.5971376,-6.937801],[107.5970548,-6.9377924]]},"properties":{"name":"Jalan Peta","ref":"374"}},
{"type":"Feature","geometry":{"type":"LineString","coordinates":[[107.6030687,-6.9373365],[107.6029953,-6.9373294]]},"properties":{"name":"Jalan Peta","ref":"374"}},
{"type":"Feature","geometry":{"type":"LineString","coordinates":[[107.6176835,-6.8943336],[107.6174318,-6.8947388]]},"properties":{"name":"Jalan Dipatiukur","ref":"2137"}},
{"type":"Feature","geometry":{"type":"LineString","coordinates":[[107.6044934,-6.9374561],[107.6030687,-6.9373365]]},"properties":{"name":"Jalan Peta","ref":"374"}},
{"type":"Feature","geometry":{"type":"LineString","coordinates":[[107.6021772,-6.9372552],[107.6010236,-6.9372742],[107.5994727,-6.9375618]]},"properties":{"name":"Jalan Peta","ref":"374"}},
{"type":"Feature","geometry":{"type":"LineString","coordinates":[[107.6073053,-6.9154939],[107.6071157,-6.9154839]]},"properties":{"name":"Jalan Suniaraja","ref":""}},
{"type":"Feature","geometry":{"type":"LineString","coordinates":[[107.6071157,-6.9154839],[107.6065499,-6.9154703]]},"properties":{"name":"Jalan Suniaraja","ref":""}},
{"type":"Feature","geometry":{"type":"LineString","coordinates":[[107.5952296,-6.9371632],[107.5948299,-6.9373141]]},"properties":{"name":"","ref":"106"}},
{"type":"Feature","geometry":{"type":"LineString","coordinates":[[107.5994727,-6.9375618],[107.5993708,-6.9375805]]},"properties":{"name":"Jalan Peta","ref":"374"}},
{"type":"Feature","geometry":{"type":"LineString","coordinates":[[107.5993708,-6.9375805],[107.5980891,-6.9378047],[107.5971376,-6.937801]]},"properties":{"name":"Jalan Peta","ref":"374"}},
{"type":"Feature","geometry":{"type":"LineString","coordinates":[[107.6062333,-6.9375301],[107.606228,-6.9376212]]},"properties":{"name":"Jalan Mohammad Toha","ref":"161"}},
{"type":"Feature","geometry":{"type":"LineString","coordinates":[[107.6128372,-6.8987211],[107.6128334,-6.8988469]]},"properties":{"name":"Jalan Ir. H. Djuanda","ref":"2182"}},
{"type":"Feature","geometry":{"type":"LineString","coordinates":[[107.6128334,-6.8988469],[107.6128191,-6.899075]]},"properties":{"name":"Jalan Ir. H. Djuanda","ref":"2182"}},
{"type":"Feature","geometry":{"type":"LineString","coordinates":[[107.5970548,-6.9377924],[107.5954936,-6.9372742]]},"properties":{"name":"Jalan Peta","ref":"374"}},
{"type":"Feature","geometry":{"type":"LineString","coordinates":[[107.6065499,-6.9154703],[107.6059861,-6.9155367]]},"properties":{"name":"Jalan Suniaraja","ref":""}},
{"type":"Feature","geometry":{"type":"LineString","coordinates":[[107.603397,-6.9314278],[107.6040032,-6.9315065]]},"properties":{"name":"Jalan Ibu Inggit Ganarsih","ref":"4097"}},
{"type":"Feature","geometry":{"type":"LineString","coordinates":[[107.606251,-6.9371233],[107.6062333,-6.9375301]]},"properties":{"name":"Jalan Mohammad Toha","ref":""}},
{"type":"Feature","geometry":{"type":"LineString","coordinates":[[107.6106627,-6.9054976],[107.6106503,-6.9058775]]},"properties":{"name":"Jalan Ir. H. Djuanda","ref":"2182"}},
{"type":"Feature","geometry":{"type":"LineString","coordinates":[[107.6107033,-6.9048304],[107.6106627,-6.9054976]]},"properties":{"name":"Jalan Ir. H. Djuanda","ref":"2182"}},
{"type":"Feature","geometry":{"type":"LineString","coordinates":[[107.6038803,-6.9238302],[107.6038724,-6.923931]]},"properties":{"name":"Jalan Otto Iskandardinata","ref":""}},
{"type":"Feature","geometry":{"type":"LineString","coordinates":[[107.6089865,-6.9159412],[107.6088792,-6.9162786]]},"properties":{"name":"Jalan Braga","ref":""}},
{"type":"Feature","geometry":{"type":"LineString","coordinates":[[107.609095,-6.9138574],[107.6090254,-6.9139243]]},"properties":{"name":"Jalan Perintis Kemerdekaan","ref":""}},
{"type":"Feature","geometry":{"type":"LineString","coordinates":[[107.6109154,-6.9042184],[107.6107033,-6.9048304]]},"properties":{"name":"Jalan Ir. H. Djuanda","ref":"2182"}},
{"type":"Feature","geometry":{"type":"LineString","coordinates":[[107.606228,-6.9376212],[107.6061633,-6.9376173]]},"properties":{"name":"Jalan BKR","ref":"375"}},
{"type":"Feature","geometry":{"type":"LineString","coordinates":[[107.5952184,-6.9469031],[107.595295,-6.9458786]]},"properties":{"name":"Jalan Leuwi Panjang","ref":"4118"}},
{"type":"Feature","geometry":{"type":"LineString","coordinates":[[107.610654,-6.909795],[107.6106164,-6.9099691]]},"properties":{"name":"Jalan Merdeka","ref":""}},
{"type":"Feature","geometry":{"type":"LineString","coordinates":[[107.6079775,-6.9160775],[107.6077131,-6.915765]]},"properties":{"name":"Jalan Suniaraja","ref":""}},
{"type":"Feature","geometry":{"type":"LineString","coordinates":[[107.5954936,-6.9372742],[107.5952296,-6.9371632]]},"properties":{"name":"Jalan Peta","ref":"374"}},
{"type":"Feature","geometry":{"type":"LineString","coordinates":[[107.6043506,-6.917436],[107.6042904,-6.9182779]]},"properties":{"name":"Jalan Otto Iskandardinata","ref":""}},
{"type":"Feature","geometry":{"type":"LineString","coordinates":[[107.6073939,-6.915502],[107.6073053,-6.9154939]]},"properties":{"name":"Jalan Suniaraja","ref":""}},
{"type":"Feature","geometry":{"type":"LineString","coordinates":[[107.6077131,-6.915765],[107.6075959,-6.9156165]]},"properties":{"name":"Jalan Suniaraja","ref":""}},
{"type":"Feature","geometry":{"type":"LineString","coordinates":[[107.6075959,-6.9156165],[107.6073939,-6.915502]]},"properties":{"name":"Jalan Suniaraja","ref":""}},
{"type":"Feature","geometry":{"type":"LineString","coordinates":[[107.6059365,-6.9375973],[107.6044934,-6.9374561]]},"properties":{"name":"Jalan Peta","ref":"374"}},
{"type":"Feature","geometry":{"type":"LineString","coordinates":[[107.6114719,-6.9028605],[107.6109154,-6.9042184]]},"properties":{"name":"Jalan Ir. H. Djuanda","ref":"2182"}},
{"type":"Feature","geometry":{"type":"LineString","coordinates":[[107.6062529,-6.9369183],[107.606251,-6.9371233]]},"properties":{"name":"Jalan Mohammad Toha","ref":""}},
{"type":"Feature","geometry":{"type":"LineString","coordinates":[[107.6039303,-6.9231867],[107.6038803,-6.9238302]]},"properties":{"name":"Jalan Otto Iskandardinata","ref":""}},
{"type":"Feature","geometry":{"type":"LineString","coordinates":[[107.5938141,-6.9457411],[107.5936574,-6.9459061],[107.593264,-6.9458573]]},"properties":{"name":"Jalur Bus Kota Terminal Leuwipanjang","ref":""}},
{"type":"Feature","geometry":{"type":"LineString","coordinates":[[107.5898972,-6.9453598],[107.5899638,-6.9456485]]},"properties":{"name":"","ref":""}},
{"type":"Feature","geometry":{"type":"LineString","coordinates":[[107.595295,-6.9458786],[107.5947542,-6.9458158]]},"properties":{"name":"Jalur Masuk Bus","ref":""}},
{"type":"Feature","geometry":{"type":"LineString","coordinates":[[107.5944877,-6.9457804],[107.5940855,-6.9457238]]},"properties":{"name":"Jalur Bus Kota dan AKAP","ref":""}},
{"type":"Feature","geometry":{"type":"LineString","coordinates":[[107.6089988,-6.9152244],[107.6089865,-6.9159412]]},"properties":{"name":"Jalan Braga","ref":""}},
{"type":"Feature","geometry":{"type":"LineString","coordinates":[[107.5920057,-6.9464327],[107.5934341,-6.9468277]]},"properties":{"name":"Jalan Soekarno-Hatta","ref":"11"}},
{"type":"Feature","geometry":{"type":"LineString","coordinates":[[107.5899638,-6.9456485],[107.5905372,-6.9458885]]},"properties":{"name":"Jalan Soekarno-Hatta","ref":"11"}},
{"type":"Feature","geometry":{"type":"LineString","coordinates":[[107.6149218,-6.8948399],[107.6144033,-6.8948409]]},"properties":{"name":"Jalan Hasanudin","ref":""}},
{"type":"Feature","geometry":{"type":"LineString","coordinates":[[107.6144033,-6.8948409],[107.613998,-6.8948395]]},"properties":{"name":"Jalan Hasanudin","ref":""}},
{"type":"Feature","geometry":{"type":"LineString","coordinates":[[107.6106398,-6.9067368],[107.6106377,-6.9069919]]},"properties":{"name":"Jalan Ir. H. Djuanda","ref":"2182"}},
{"type":"Feature","geometry":{"type":"LineString","coordinates":[[107.5899199,-6.9452949],[107.5898972,-6.9453598]]},"properties":{"name":"Jalan Kyai Haji Wahid Hasyim","ref":"106"}},
{"type":"Feature","geometry":{"type":"LineString","coordinates":[[107.5934341,-6.9468277],[107.5946801,-6.9470993]]},"properties":{"name":"Jalan Soekarno-Hatta","ref":"11"}},
{"type":"Feature","geometry":{"type":"LineString","coordinates":[[107.5940315,-6.9457129],[107.5939798,-6.9457037]]},"properties":{"name":"Jalur Bus Kota dan AKAP","ref":""}},
{"type":"Feature","geometry":{"type":"LineString","coordinates":[[107.5940855,-6.9457238],[107.5940315,-6.9457129]]},"properties":{"name":"Jalur Bus Kota dan AKAP","ref":""}},
{"type":"Feature","geometry":{"type":"LineString","coordinates":[[107.5947542,-6.9458158],[107.5944877,-6.9457804]]},"properties":{"name":"Jalur Bus Kota dan AKAP","ref":""}},
{"type":"Feature","geometry":{"type":"LineString","coordinates":[[107.6177764,-6.8923055],[107.6178188,-6.8923923]]},"properties":{"name":"Jalan Dipatiukur","ref":""}},
{"type":"Feature","geometry":{"type":"LineString","coordinates":[[107.6174318,-6.8947388],[107.6160516,-6.8948686]]},"properties":{"name":"Jalan Hasanudin","ref":""}},
{"type":"Feature","geometry":{"type":"LineString","coordinates":[[107.6029953,-6.9373294],[107.6021772,-6.9372552]]},"properties":{"name":"Jalan Peta","ref":"374"}},
{"type":"Feature","geometry":{"type":"LineString","coordinates":[[107.6106503,-6.9058775],[107.6106398,-6.9067368]]},"properties":{"name":"Jalan Ir. H. Djuanda","ref":"2182"}},
{"type":"Feature","geometry":{"type":"LineString","coordinates":[[107.5910269,-6.9435481],[107.5920724,-6.9418438]]},"properties":{"name":"Jalan Kyai Haji Wahid Hasyim","ref":"106"}},
{"type":"Feature","geometry":{"type":"LineString","coordinates":[[107.5939798,-6.9457037],[107.5938141,-6.9457411]]},"properties":{"name":"Jalur Bus Kota","ref":""}},
{"type":"Feature","geometry":{"type":"LineString","coordinates":[[107.5899199,-6.9452949],[107.5910269,-6.9435481]]},"properties":{"name":"Jalan Kyai Haji Wahid Hasyim","ref":"106"}},
{"type":"Feature","geometry":{"type":"LineString","coordinates":[[107.6225805,-6.9371274],[107.620486,-6.9380409]]},"properties":{"name":"Jalan BKR","ref":"375"}},
{"type":"Feature","geometry":{"type":"LineString","coordinates":[[107.634859,-6.9143394],[107.6346899,-6.914509]]},"properties":{"name":"Jalan Sukabumi","ref":"3624"}},
{"type":"Feature","geometry":{"type":"LineString","coordinates":[[107.634419,-6.9161223],[107.6341961,-6.9170831]]},"properties":{"name":"Jalan Sukabumi","ref":"3624"}},
{"type":"Feature","geometry":{"type":"LineString","coordinates":[[107.5905372,-6.9458885],[107.5920057,-6.9464327]]},"properties":{"name":"Jalan Soekarno-Hatta","ref":"11"}},
{"type":"Feature","geometry":{"type":"LineString","coordinates":[[107.6090371,-6.9377023],[107.6064422,-6.9376269]]},"properties":{"name":"Jalan BKR","ref":"375"}},
{"type":"Feature","geometry":{"type":"LineString","coordinates":[[107.6061633,-6.9376173],[107.6059365,-6.9375973]]},"properties":{"name":"Jalan Peta","ref":"374"}},
{"type":"Feature","geometry":{"type":"LineString","coordinates":[[107.612765,-6.9378378],[107.6099479,-6.9377367]]},"properties":{"name":"Jalan BKR","ref":"375"}},
{"type":"Feature","geometry":{"type":"LineString","coordinates":[[107.6261515,-6.9309754],[107.6258213,-6.9323117]]},"properties":{"name":"Jalan Pelajar Pejuang 45","ref":"376"}},
{"type":"Feature","geometry":{"type":"LineString","coordinates":[[107.6255287,-6.9335306],[107.6252253,-6.9344866],[107.6248605,-6.9350024]]},"properties":{"name":"Jalan Pelajar Pejuang 45","ref":"376"}},
{"type":"Feature","geometry":{"type":"LineString","coordinates":[[107.6374221,-6.9145133],[107.6374071,-6.9145151]]},"properties":{"name":"Jalan Jakarta","ref":""}},
{"type":"Feature","geometry":{"type":"LineString","coordinates":[[107.6375505,-6.9144979],[107.6374221,-6.9145133]]},"properties":{"name":"Jalan Jakarta","ref":""}},
{"type":"Feature","geometry":{"type":"LineString","coordinates":[[107.5946801,-6.9470993],[107.5950591,-6.9470659],[107.5952184,-6.9469031]]},"properties":{"name":"","ref":""}},
{"type":"Feature","geometry":{"type":"LineString","coordinates":[[107.620486,-6.9380409],[107.6202343,-6.9381005]]},"properties":{"name":"Jalan BKR","ref":"375"}},
{"type":"Feature","geometry":{"type":"LineString","coordinates":[[107.6202343,-6.9381005],[107.6180007,-6.938125]]},"properties":{"name":"Jalan BKR","ref":"375"}},
{"type":"Feature","geometry":{"type":"LineString","coordinates":[[107.5920724,-6.9418438],[107.5948299,-6.9373141]]},"properties":{"name":"Jalan Kyai Haji Wahid Hasyim","ref":"106"}},
{"type":"Feature","geometry":{"type":"LineString","coordinates":[[107.6417884,-6.9139622],[107.6376149,-6.9144902]]},"properties":{"name":"Jalan Jakarta","ref":""}},
{"type":"Feature","geometry":{"type":"LineString","coordinates":[[107.6373588,-6.9145209],[107.6362076,-6.9146671],[107.6356516,-6.9145514]]},"properties":{"name":"Jalan Jakarta","ref":""}},
{"type":"Feature","geometry":{"type":"LineString","coordinates":[[107.6228382,-6.9369209],[107.6227837,-6.9369651]]},"properties":{"name":"Jalan Pelajar Pejuang 45","ref":"376"}},
{"type":"Feature","geometry":{"type":"LineString","coordinates":[[107.6248605,-6.9350024],[107.6236477,-6.9361789]]},"properties":{"name":"Jalan Pelajar Pejuang 45","ref":"376"}},
{"type":"Feature","geometry":{"type":"LineString","coordinates":[[107.5971376,-6.937801],[107.5970548,-6.9377924]]},"properties":{"name":"Jalan Peta","ref":"374"}},
{"type":"Feature","geometry":{"type":"LineString","coordinates":[[107.6030687,-6.9373365],[107.6029953,-6.9373294]]},"properties":{"name":"Jalan Peta","ref":"374"}},
{"type":"Feature","geometry":{"type":"LineString","coordinates":[[107.6064422,-6.9376269],[107.606228,-6.9376212]]},"properties":{"name":"Jalan BKR","ref":"375"}},
{"type":"Feature","geometry":{"type":"LineString","coordinates":[[107.6044934,-6.9374561],[107.6030687,-6.9373365]]},"properties":{"name":"Jalan Peta","ref":"374"}},
{"type":"Feature","geometry":{"type":"LineString","coordinates":[[107.6021772,-6.9372552],[107.6010236,-6.9372742],[107.5994727,-6.9375618]]},"properties":{"name":"Jalan Peta","ref":"374"}},
{"type":"Feature","geometry":{"type":"LineString","coordinates":[[107.5952296,-6.9371632],[107.5948299,-6.9373141]]},"properties":{"name":"","ref":"106"}},
{"type":"Feature","geometry":{"type":"LineString","coordinates":[[107.5994727,-6.9375618],[107.5993708,-6.9375805]]},"properties":{"name":"Jalan Peta","ref":"374"}},
{"type":"Feature","geometry":{"type":"LineString","coordinates":[[107.5993708,-6.9375805],[107.5980891,-6.9378047],[107.5971376,-6.937801]]},"properties":{"name":"Jalan Peta","ref":"374"}},
{"type":"Feature","geometry":{"type":"LineString","coordinates":[[107.6422888,-6.9139602],[107.6417884,-6.9139622]]},"properties":{"name":"Jalan Jakarta","ref":""}},
{"type":"Feature","geometry":{"type":"LineString","coordinates":[[107.6306517,-6.921792],[107.6306076,-6.9219152]]},"properties":{"name":"Jalan Laswi","ref":"377"}},
{"type":"Feature","geometry":{"type":"LineString","coordinates":[[107.6314582,-6.9186505],[107.6306517,-6.921792]]},"properties":{"name":"Jalan Laswi","ref":"377"}},
{"type":"Feature","geometry":{"type":"LineString","coordinates":[[107.5970548,-6.9377924],[107.5954936,-6.9372742]]},"properties":{"name":"Jalan Peta","ref":"374"}},
{"type":"Feature","geometry":{"type":"LineString","coordinates":[[107.6236477,-6.9361789],[107.6229766,-6.9368169]]},"properties":{"name":"Jalan Pelajar Pejuang 45","ref":"376"}},
{"type":"Feature","geometry":{"type":"LineString","coordinates":[[107.6429791,-6.9138756],[107.6422888,-6.9139602]]},"properties":{"name":"Jalan Jakarta","ref":""}},
{"type":"Feature","geometry":{"type":"LineString","coordinates":[[107.6356516,-6.9145514],[107.634859,-6.9143394]]},"properties":{"name":"Jalan Jakarta","ref":""}},
{"type":"Feature","geometry":{"type":"LineString","coordinates":[[107.6346899,-6.914509],[107.634447,-6.9159625]]},"properties":{"name":"Jalan Sukabumi","ref":"3624"}},
{"type":"Feature","geometry":{"type":"LineString","coordinates":[[107.6339445,-6.9173179],[107.6337948,-6.9174252]]},"properties":{"name":"Jalan Sukabumi","ref":"3624"}},
{"type":"Feature","geometry":{"type":"LineString","coordinates":[[107.634447,-6.9159625],[107.634419,-6.9161223]]},"properties":{"name":"Jalan Sukabumi","ref":"3624"}},
{"type":"Feature","geometry":{"type":"LineString","coordinates":[[107.6273607,-6.9260252],[107.6272692,-6.9266332]]},"properties":{"name":"Jalan Layang Laswi - Pelajar Pejuang 45","ref":"376"}},
{"type":"Feature","geometry":{"type":"LineString","coordinates":[[107.606228,-6.9376212],[107.6061633,-6.9376173]]},"properties":{"name":"Jalan BKR","ref":"375"}},
{"type":"Feature","geometry":{"type":"LineString","coordinates":[[107.5952184,-6.9469031],[107.595295,-6.9458786]]},"properties":{"name":"Jalan Leuwi Panjang","ref":"4118"}},
{"type":"Feature","geometry":{"type":"LineString","coordinates":[[107.6288628,-6.9229966],[107.6285299,-6.9231566]]},"properties":{"name":"Jalan Layang Laswi - Pelajar Pejuang 45","ref":"377"}},
{"type":"Feature","geometry":{"type":"LineString","coordinates":[[107.5954936,-6.9372742],[107.5952296,-6.9371632]]},"properties":{"name":"Jalan Peta","ref":"374"}},
{"type":"Feature","geometry":{"type":"LineString","coordinates":[[107.6341961,-6.9170831],[107.6339445,-6.9173179]]},"properties":{"name":"Jalan Sukabumi","ref":"3624"}},
{"type":"Feature","geometry":{"type":"LineString","coordinates":[[107.6292933,-6.9227899],[107.6288628,-6.9229966]]},"properties":{"name":"Jalan Laswi","ref":"377"}},
{"type":"Feature","geometry":{"type":"LineString","coordinates":[[107.6306076,-6.9219152],[107.6302684,-6.9222995],[107.6292933,-6.9227899]]},"properties":{"name":"Jalan Laswi","ref":"377"}},
{"type":"Feature","geometry":{"type":"LineString","coordinates":[[107.6099479,-6.9377367],[107.6091524,-6.9377062]]},"properties":{"name":"Jalan BKR","ref":"375"}},
{"type":"Feature","geometry":{"type":"LineString","coordinates":[[107.6059365,-6.9375973],[107.6044934,-6.9374561]]},"properties":{"name":"Jalan Peta","ref":"374"}},
{"type":"Feature","geometry":{"type":"LineString","coordinates":[[107.6272692,-6.9266332],[107.6270688,-6.9273448]]},"properties":{"name":"Jalan Pelajar Pejuang 45","ref":"376"}},
{"type":"Feature","geometry":{"type":"LineString","coordinates":[[107.6270688,-6.9273448],[107.6265152,-6.9295231]]},"properties":{"name":"Jalan Pelajar Pejuang 45","ref":"376"}},
{"type":"Feature","geometry":{"type":"LineString","coordinates":[[107.6257297,-6.9326742],[107.6255287,-6.9335306]]},"properties":{"name":"Jalan Pelajar Pejuang 45","ref":"376"}},
{"type":"Feature","geometry":{"type":"LineString","coordinates":[[107.6227837,-6.9369651],[107.6227463,-6.9369955]]},"properties":{"name":"Jalan Pelajar Pejuang 45","ref":"376"}},
{"type":"Feature","geometry":{"type":"LineString","coordinates":[[107.5938141,-6.9457411],[107.5936574,-6.9459061],[107.593264,-6.9458573]]},"properties":{"name":"Jalur Bus Kota Terminal Leuwipanjang","ref":""}},
{"type":"Feature","geometry":{"type":"LineString","coordinates":[[107.6257675,-6.932523],[107.625745,-6.9326113]]},"properties":{"name":"Jalan Pelajar Pejuang 45","ref":"376"}},
{"type":"Feature","geometry":{"type":"LineString","coordinates":[[107.5898972,-6.9453598],[107.5899638,-6.9456485]]},"properties":{"name":"","ref":""}},
{"type":"Feature","geometry":{"type":"LineString","coordinates":[[107.6273607,-6.9260252],[107.6276616,-6.9247914]]},"properties":{"name":"Jalan Layang Laswi - Pelajar Pejuang 45","ref":"376"}},
{"type":"Feature","geometry":{"type":"LineString","coordinates":[[107.595295,-6.9458786],[107.5947542,-6.9458158]]},"properties":{"name":"Jalur Masuk Bus","ref":""}},
{"type":"Feature","geometry":{"type":"LineString","coordinates":[[107.5944877,-6.9457804],[107.5940855,-6.9457238]]},"properties":{"name":"Jalur Bus Kota dan AKAP","ref":""}},
{"type":"Feature","geometry":{"type":"LineString","coordinates":[[107.6229766,-6.9368169],[107.6228382,-6.9369209]]},"properties":{"name":"Jalan Pelajar Pejuang 45","ref":"376"}},
{"type":"Feature","geometry":{"type":"LineString","coordinates":[[107.6374071,-6.9145151],[107.6373588,-6.9145209]]},"properties":{"name":"Jalan Jakarta","ref":""}},
{"type":"Feature","geometry":{"type":"LineString","coordinates":[[107.6375655,-6.9144961],[107.6375505,-6.9144979]]},"properties":{"name":"Jalan Jakarta","ref":""}},
{"type":"Feature","geometry":{"type":"LineString","coordinates":[[107.6376149,-6.9144902],[107.6375655,-6.9144961]]},"properties":{"name":"Jalan Jakarta","ref":""}},
{"type":"Feature","geometry":{"type":"LineString","coordinates":[[107.6265152,-6.9295231],[107.6261515,-6.9309754]]},"properties":{"name":"Jalan Pelajar Pejuang 45","ref":"376"}},
{"type":"Feature","geometry":{"type":"LineString","coordinates":[[107.6138239,-6.9378694],[107.612765,-6.9378378]]},"properties":{"name":"Jalan BKR","ref":"375"}},
{"type":"Feature","geometry":{"type":"LineString","coordinates":[[107.5920057,-6.9464327],[107.5934341,-6.9468277]]},"properties":{"name":"Jalan Soekarno-Hatta","ref":"11"}},
{"type":"Feature","geometry":{"type":"LineString","coordinates":[[107.5899638,-6.9456485],[107.5905372,-6.9458885]]},"properties":{"name":"Jalan Soekarno-Hatta","ref":"11"}},
{"type":"Feature","geometry":{"type":"LineString","coordinates":[[107.6227463,-6.9369955],[107.6225805,-6.9371274]]},"properties":{"name":"Jalan BKR","ref":"375"}},
{"type":"Feature","geometry":{"type":"LineString","coordinates":[[107.6091524,-6.9377062],[107.6090371,-6.9377023]]},"properties":{"name":"Jalan BKR","ref":"375"}},
{"type":"Feature","geometry":{"type":"LineString","coordinates":[[107.6320827,-6.9183023],[107.6314582,-6.9186505]]},"properties":{"name":"Jalan Sukabumi","ref":"3624"}},
{"type":"Feature","geometry":{"type":"LineString","coordinates":[[107.6337948,-6.9174252],[107.6320827,-6.9183023]]},"properties":{"name":"Jalan Sukabumi","ref":"3624"}},
{"type":"Feature","geometry":{"type":"LineString","coordinates":[[107.5899199,-6.9452949],[107.5898972,-6.9453598]]},"properties":{"name":"Jalan Kyai Haji Wahid Hasyim","ref":"106"}},
{"type":"Feature","geometry":{"type":"LineString","coordinates":[[107.5934341,-6.9468277],[107.5946801,-6.9470993]]},"properties":{"name":"Jalan Soekarno-Hatta","ref":"11"}},
{"type":"Feature","geometry":{"type":"LineString","coordinates":[[107.5940315,-6.9457129],[107.5939798,-6.9457037]]},"properties":{"name":"Jalur Bus Kota dan AKAP","ref":""}},
{"type":"Feature","geometry":{"type":"LineString","coordinates":[[107.5940855,-6.9457238],[107.5940315,-6.9457129]]},"properties":{"name":"Jalur Bus Kota dan AKAP","ref":""}},
{"type":"Feature","geometry":{"type":"LineString","coordinates":[[107.5947542,-6.9458158],[107.5944877,-6.9457804]]},"properties":{"name":"Jalur Bus Kota dan AKAP","ref":""}},
{"type":"Feature","geometry":{"type":"LineString","coordinates":[[107.6160946,-6.9380178],[107.6138239,-6.9378694]]},"properties":{"name":"Jalan BKR","ref":"375"}},
{"type":"Feature","geometry":{"type":"LineString","coordinates":[[107.6180007,-6.938125],[107.6171204,-6.9380799]]},"properties":{"name":"Jalan BKR","ref":"375"}},
{"type":"Feature","geometry":{"type":"LineString","coordinates":[[107.6171204,-6.9380799],[107.6167712,-6.9380574]]},"properties":{"name":"Jalan BKR","ref":"375"}},
{"type":"Feature","geometry":{"type":"LineString","coordinates":[[107.6167712,-6.9380574],[107.6166344,-6.9380533]]},"properties":{"name":"Jalan BKR","ref":"375"}},
{"type":"Feature","geometry":{"type":"LineString","coordinates":[[107.6166344,-6.9380533],[107.6162382,-6.9380256]]},"properties":{"name":"Jalan BKR","ref":"375"}},
{"type":"Feature","geometry":{"type":"LineString","coordinates":[[107.6162382,-6.9380256],[107.6160946,-6.9380178]]},"properties":{"name":"Jalan BKR","ref":"375"}},
{"type":"Feature","geometry":{"type":"LineString","coordinates":[[107.6029953,-6.9373294],[107.6021772,-6.9372552]]},"properties":{"name":"Jalan Peta","ref":"374"}},
{"type":"Feature","geometry":{"type":"LineString","coordinates":[[107.625745,-6.9326113],[107.6257297,-6.9326742]]},"properties":{"name":"Jalan Pelajar Pejuang 45","ref":"376"}},
{"type":"Feature","geometry":{"type":"LineString","coordinates":[[107.6258213,-6.9323117],[107.6257675,-6.932523]]},"properties":{"name":"Jalan Pelajar Pejuang 45","ref":"376"}},
{"type":"Feature","geometry":{"type":"LineString","coordinates":[[107.5910269,-6.9435481],[107.5920724,-6.9418438]]},"properties":{"name":"Jalan Kyai Haji Wahid Hasyim","ref":"106"}},
{"type":"Feature","geometry":{"type":"LineString","coordinates":[[107.5939798,-6.9457037],[107.5938141,-6.9457411]]},"properties":{"name":"Jalur Bus Kota","ref":""}},
{"type":"Feature","geometry":{"type":"LineString","coordinates":[[107.6278076,-6.9242181],[107.6280744,-6.9236111],[107.6285299,-6.9231566]]},"properties":{"name":"Jalan Layang Laswi - Pelajar Pejuang 45","ref":"377"}},
{"type":"Feature","geometry":{"type":"LineString","coordinates":[[107.6276616,-6.9247914],[107.6278076,-6.9242181]]},"properties":{"name":"Jalan Layang Laswi - Pelajar Pejuang 45","ref":"376;377"}},
{"type":"Feature","geometry":{"type":"LineString","coordinates":[[107.6079412,-6.9065104],[107.6093359,-6.9068089]]},"properties":{"name":"Jalan L.L. RE. Martadinata","ref":"2318"}},
{"type":"Feature","geometry":{"type":"LineString","coordinates":[[107.6073865,-6.9076628],[107.6065225,-6.9072053],[107.6055894,-6.9071347]]},"properties":{"name":"Jalan Pajajaran","ref":""}},
{"type":"Feature","geometry":{"type":"LineString","coordinates":[[107.6044282,-6.9071102],[107.6043867,-6.9048271]]},"properties":{"name":"Jalan Cihampelas","ref":""}},
{"type":"Feature","geometry":{"type":"LineString","coordinates":[[107.5984551,-6.9163007],[107.6022008,-6.9161702]]},"properties":{"name":"Jalan Kebon Jati","ref":""}},
{"type":"Feature","geometry":{"type":"LineString","coordinates":[[107.5982824,-6.9187314],[107.5983386,-6.9201181]]},"properties":{"name":"Jalan Gardujati","ref":""}},
{"type":"Feature","geometry":{"type":"LineString","coordinates":[[107.6071931,-6.9145156],[107.6073185,-6.9143005]]},"properties":{"name":"Jalan Perintis Kemerdekaan","ref":""}},
{"type":"Feature","geometry":{"type":"LineString","coordinates":[[107.6075641,-6.9142136],[107.6081711,-6.9139136],[107.6089516,-6.913844]]},"properties":{"name":"Jalan Perintis Kemerdekaan","ref":""}},
{"type":"Feature","geometry":{"type":"LineString","coordinates":[[107.6045889,-6.9148224],[107.6047205,-6.914736],[107.6064066,-6.9149399]]},"properties":{"name":"Jalan Stasiun Timur","ref":""}},
{"type":"Feature","geometry":{"type":"LineString","coordinates":[[107.604546,-6.9153572],[107.6045889,-6.9148224]]},"properties":{"name":"Jalan Otto Iskandardinata","ref":""}},
{"type":"Feature","geometry":{"type":"LineString","coordinates":[[107.6124649,-6.9003362],[107.6125313,-6.9002122],[107.6127289,-6.8990723]]},"properties":{"name":"Jalan Ir. H. Djuanda","ref":"2182"}},
{"type":"Feature","geometry":{"type":"LineString","coordinates":[[107.6055894,-6.9071347],[107.6053829,-6.907135]]},"properties":{"name":"Jalan Pajajaran","ref":""}},
{"type":"Feature","geometry":{"type":"LineString","coordinates":[[107.6073961,-6.9052634],[107.6075021,-6.9054958]]},"properties":{"name":"Jalan Wastukancana","ref":""}},
{"type":"Feature","geometry":{"type":"LineString","coordinates":[[107.6030015,-6.937215],[107.6031352,-6.9355744]]},"properties":{"name":"Jalan Otto Iskandardinata","ref":""}},
{"type":"Feature","geometry":{"type":"LineString","coordinates":[[107.6137886,-6.8852066],[107.6143025,-6.885397]]},"properties":{"name":"Jalan Dipatiukur","ref":"2137"}},
{"type":"Feature","geometry":{"type":"LineString","coordinates":[[107.6143025,-6.885397],[107.6147051,-6.8858155],[107.6156977,-6.8886991]]},"properties":{"name":"Jalan Dipatiukur","ref":"2137"}},
{"type":"Feature","geometry":{"type":"LineString","coordinates":[[107.602994,-6.9353532],[107.6028098,-6.9351918],[107.6024738,-6.933942]]},"properties":{"name":"Jalan Astana Anyar","ref":""}},
{"type":"Feature","geometry":{"type":"LineString","coordinates":[[107.6088855,-6.9102984],[107.6083912,-6.9093671]]},"properties":{"name":"Jalan Wastukancana","ref":""}},
{"type":"Feature","geometry":{"type":"LineString","coordinates":[[107.5949807,-6.9370518],[107.5950424,-6.936952]]},"properties":{"name":"Jalan Kyai Haji Wahid Hasyim","ref":""}},
{"type":"Feature","geometry":{"type":"LineString","coordinates":[[107.6043867,-6.9048271],[107.6044209,-6.9045972]]},"properties":{"name":"Jalan Cihampelas","ref":""}},
{"type":"Feature","geometry":{"type":"LineString","coordinates":[[107.6044209,-6.9045972],[107.6044157,-6.9044676]]},"properties":{"name":"Jalan Cihampelas","ref":""}},
{"type":"Feature","geometry":{"type":"LineString","coordinates":[[107.6083912,-6.9093671],[107.608135,-6.9090242]]},"properties":{"name":"Jalan Wastukancana","ref":""}},
{"type":"Feature","geometry":{"type":"LineString","coordinates":[[107.6127289,-6.8990723],[107.6127424,-6.8988496]]},"properties":{"name":"Jalan Ir. H. Djuanda","ref":"2182"}},
{"type":"Feature","geometry":{"type":"LineString","coordinates":[[107.6127424,-6.8988496],[107.612944,-6.8948069]]},"properties":{"name":"Jalan Ir. H. Djuanda","ref":"2182"}},
{"type":"Feature","geometry":{"type":"LineString","coordinates":[[107.6027081,-6.91612],[107.6031079,-6.9160834]]},"properties":{"name":"Jalan Suniaraja","ref":""}},
{"type":"Feature","geometry":{"type":"LineString","coordinates":[[107.6017942,-6.9312076],[107.6008741,-6.9302699]]},"properties":{"name":"Jalan Astana Anyar","ref":""}},
{"type":"Feature","geometry":{"type":"LineString","coordinates":[[107.6007743,-6.9300052],[107.6005121,-6.9286235]]},"properties":{"name":"Jalan Astana Anyar","ref":""}},
{"type":"Feature","geometry":{"type":"LineString","coordinates":[[107.5986744,-6.9232626],[107.5999192,-6.9268738]]},"properties":{"name":"Jalan Astana Anyar","ref":""}},
{"type":"Feature","geometry":{"type":"LineString","coordinates":[[107.6024325,-6.9161432],[107.6027081,-6.91612]]},"properties":{"name":"Jalan Suniaraja","ref":""}},
{"type":"Feature","geometry":{"type":"LineString","coordinates":[[107.5984717,-6.9214196],[107.5986744,-6.9232626]]},"properties":{"name":"Jalan Astana Anyar","ref":""}},
{"type":"Feature","geometry":{"type":"LineString","coordinates":[[107.6024416,-6.9337622],[107.6017942,-6.9312076]]},"properties":{"name":"Jalan Astana Anyar","ref":""}},
{"type":"Feature","geometry":{"type":"LineString","coordinates":[[107.61305,-6.8934554],[107.613173,-6.8918457]]},"properties":{"name":"Jalan Ir. H. Djuanda","ref":"2182"}},
{"type":"Feature","geometry":{"type":"LineString","coordinates":[[107.6093359,-6.9068089],[107.6105769,-6.9069872]]},"properties":{"name":"Jalan L.L. RE. Martadinata","ref":"2318"}},
{"type":"Feature","geometry":{"type":"LineString","coordinates":[[107.608135,-6.9090242],[107.6076596,-6.9080052]]},"properties":{"name":"Jalan Wastukancana","ref":""}},
{"type":"Feature","geometry":{"type":"LineString","coordinates":[[107.6077246,-6.9060495],[107.6079412,-6.9065104]]},"properties":{"name":"Jalan Wastukancana","ref":""}},
{"type":"Feature","geometry":{"type":"LineString","coordinates":[[107.6090309,-6.9137833],[107.609044,-6.9105515]]},"properties":{"name":"Jalan Wastukancana","ref":""}},
{"type":"Feature","geometry":{"type":"LineString","coordinates":[[107.6070945,-6.9151362],[107.6071931,-6.9145156]]},"properties":{"name":"Jalan Perintis Kemerdekaan","ref":""}},
{"type":"Feature","geometry":{"type":"LineString","coordinates":[[107.6132839,-6.8905794],[107.6135395,-6.888223]]},"properties":{"name":"Jalan Ir. H. Djuanda","ref":"2182"}},
{"type":"Feature","geometry":{"type":"LineString","coordinates":[[107.612944,-6.8948069],[107.6130211,-6.8937711]]},"properties":{"name":"Jalan Ir. H. Djuanda","ref":"2182"}},
{"type":"Feature","geometry":{"type":"LineString","coordinates":[[107.6089516,-6.913844],[107.6090309,-6.9137833]]},"properties":{"name":"Jalan Perintis Kemerdekaan","ref":""}},
{"type":"Feature","geometry":{"type":"LineString","coordinates":[[107.5950424,-6.936952],[107.5952913,-6.937055]]},"properties":{"name":"Jalan Peta","ref":"374"}},
{"type":"Feature","geometry":{"type":"LineString","coordinates":[[107.593264,-6.9458573],[107.5930568,-6.9457799],[107.5928976,-6.9450391]]},"properties":{"name":"Jalur Bus Kota Terminal Leuwipanjang","ref":""}},
{"type":"Feature","geometry":{"type":"LineString","coordinates":[[107.5920724,-6.9418438],[107.5948299,-6.9373141]]},"properties":{"name":"Jalan Kyai Haji Wahid Hasyim","ref":"106"}},
{"type":"Feature","geometry":{"type":"LineString","coordinates":[[107.5982102,-6.9163251],[107.5982729,-6.9163191]]},"properties":{"name":"Jalan Kebon Jati","ref":""}},
{"type":"Feature","geometry":{"type":"LineString","coordinates":[[107.604907,-6.904268],[107.6054375,-6.9040541],[107.6061415,-6.9041472],[107.6068071,-6.9045045],[107.6073961,-6.9052634]]},"properties":{"name":"Jalan Wastukancana","ref":""}},
{"type":"Feature","geometry":{"type":"LineString","coordinates":[[107.5928874,-6.9447537],[107.5926774,-6.944414],[107.592084,-6.9440521]]},"properties":{"name":"Jalan Keluar Terminal Leuwipanjang","ref":""}},
{"type":"Feature","geometry":{"type":"LineString","coordinates":[[107.6076596,-6.9080052],[107.6073865,-6.9076628]]},"properties":{"name":"Jalan Pajajaran","ref":""}},
{"type":"Feature","geometry":{"type":"LineString","coordinates":[[107.6053829,-6.907135],[107.6045,-6.907158]]},"properties":{"name":"Jalan Pajajaran","ref":""}},
{"type":"Feature","geometry":{"type":"LineString","coordinates":[[107.598224,-6.9170874],[107.5982102,-6.9163251]]},"properties":{"name":"Jalan Gardujati","ref":""}},
{"type":"Feature","geometry":{"type":"LineString","coordinates":[[107.6008741,-6.9302699],[107.6007743,-6.9300052]]},"properties":{"name":"Jalan Astana Anyar","ref":""}},
{"type":"Feature","geometry":{"type":"LineString","coordinates":[[107.599356,-6.9374873],[107.5994448,-6.9374721]]},"properties":{"name":"Jalan Peta","ref":"374"}},
{"type":"Feature","geometry":{"type":"LineString","coordinates":[[107.5994448,-6.9374721],[107.6012443,-6.9371571],[107.6025122,-6.9371945]]},"properties":{"name":"Jalan Peta","ref":"374"}},
{"type":"Feature","geometry":{"type":"LineString","coordinates":[[107.5918309,-6.9439338],[107.5916419,-6.9438523]]},"properties":{"name":"Jalan Keluar Terminal Leuwipanjang","ref":""}},
{"type":"Feature","geometry":{"type":"LineString","coordinates":[[107.592084,-6.9440521],[107.5918309,-6.9439338]]},"properties":{"name":"Jalan Keluar Terminal Leuwipanjang","ref":""}},
{"type":"Feature","geometry":{"type":"LineString","coordinates":[[107.6114071,-6.9028334],[107.6124649,-6.9003362]]},"properties":{"name":"Jalan Ir. H. Djuanda","ref":"2182"}},
{"type":"Feature","geometry":{"type":"LineString","coordinates":[[107.6077246,-6.9060495],[107.6076516,-6.9060628]]},"properties":{"name":"","ref":""}},
{"type":"Feature","geometry":{"type":"LineString","coordinates":[[107.6136013,-6.8868145],[107.6137073,-6.8852448]]},"properties":{"name":"Jalan Ir. H. Djuanda","ref":"2182"}},
{"type":"Feature","geometry":{"type":"LineString","coordinates":[[107.6005121,-6.9286235],[107.5999192,-6.9268738]]},"properties":{"name":"Jalan Astana Anyar","ref":""}},
{"type":"Feature","geometry":{"type":"LineString","coordinates":[[107.5948299,-6.9373141],[107.5949807,-6.9370518]]},"properties":{"name":"Jalan Kyai Haji Wahid Hasyim","ref":"106"}},
{"type":"Feature","geometry":{"type":"LineString","coordinates":[[107.6105772,-6.906739],[107.610597,-6.9054937]]},"properties":{"name":"Jalan Ir. H. Djuanda","ref":"2182"}},
{"type":"Feature","geometry":{"type":"LineString","coordinates":[[107.6045,-6.907158],[107.6044282,-6.9071102]]},"properties":{"name":"Jalan Pajajaran","ref":"369;371"}},
{"type":"Feature","geometry":{"type":"LineString","coordinates":[[107.606909,-6.9153005],[107.6070945,-6.9151362]]},"properties":{"name":"Jalan Stasiun Timur","ref":""}},
{"type":"Feature","geometry":{"type":"LineString","coordinates":[[107.6137119,-6.8851905],[107.6137886,-6.8852066]]},"properties":{"name":"Jalan Dipatiukur","ref":"2137"}},
{"type":"Feature","geometry":{"type":"LineString","coordinates":[[107.6132006,-6.891496],[107.6132839,-6.8905794]]},"properties":{"name":"Jalan Ir. H. Djuanda","ref":"2182"}},
{"type":"Feature","geometry":{"type":"LineString","coordinates":[[107.6168134,-6.8905914],[107.6177764,-6.8923055]]},"properties":{"name":"Jalan Dipatiukur","ref":"2137"}},
{"type":"Feature","geometry":{"type":"LineString","coordinates":[[107.6166228,-6.8903248],[107.6168134,-6.8905914]]},"properties":{"name":"Jalan Dipatiukur","ref":"2137"}},
{"type":"Feature","geometry":{"type":"LineString","coordinates":[[107.5982595,-6.9181989],[107.598224,-6.9170874]]},"properties":{"name":"Jalan Gardujati","ref":""}},
{"type":"Feature","geometry":{"type":"LineString","coordinates":[[107.6106453,-6.9048172],[107.6108549,-6.9041933]]},"properties":{"name":"Jalan Ir. H. Djuanda","ref":"2182"}},
{"type":"Feature","geometry":{"type":"LineString","coordinates":[[107.5952913,-6.937055],[107.596358,-6.9375437],[107.597167,-6.937696],[107.599356,-6.9374873]]},"properties":{"name":"Jalan Peta","ref":"374"}},
{"type":"Feature","geometry":{"type":"LineString","coordinates":[[107.6130211,-6.8937711],[107.61305,-6.8934554]]},"properties":{"name":"Jalan Ir. H. Djuanda","ref":"2182"}},
{"type":"Feature","geometry":{"type":"LineString","coordinates":[[107.609044,-6.9105515],[107.6088855,-6.9102984]]},"properties":{"name":"Jalan Wastukancana","ref":""}},
{"type":"Feature","geometry":{"type":"LineString","coordinates":[[107.6137073,-6.8852448],[107.6137119,-6.8851905]]},"properties":{"name":"Jalan Ir. H. Djuanda","ref":"2182"}},
{"type":"Feature","geometry":{"type":"LineString","coordinates":[[107.6031079,-6.9160834],[107.6045054,-6.9158364]]},"properties":{"name":"Jalan Suniaraja","ref":""}},
{"type":"Feature","geometry":{"type":"LineString","coordinates":[[107.6045054,-6.9158364],[107.604546,-6.9153572]]},"properties":{"name":"Jalan Otto Iskandardinata","ref":""}},
{"type":"Feature","geometry":{"type":"LineString","coordinates":[[107.6135889,-6.8873815],[107.6136013,-6.8868145]]},"properties":{"name":"Jalan Ir. H. Djuanda","ref":"2182"}},
{"type":"Feature","geometry":{"type":"LineString","coordinates":[[107.6105769,-6.9069872],[107.6105772,-6.906739]]},"properties":{"name":"Jalan Ir. H. Djuanda","ref":"2182"}},
{"type":"Feature","geometry":{"type":"LineString","coordinates":[[107.6025122,-6.9371945],[107.6030015,-6.937215]]},"properties":{"name":"Jalan Peta","ref":"374"}},
{"type":"Feature","geometry":{"type":"LineString","coordinates":[[107.6031352,-6.9355744],[107.602994,-6.9353532]]},"properties":{"name":"Jalan Otto Iskandardinata","ref":""}},
{"type":"Feature","geometry":{"type":"LineString","coordinates":[[107.6064066,-6.9149399],[107.606909,-6.9153005]]},"properties":{"name":"Jalan Stasiun Timur","ref":""}},
{"type":"Feature","geometry":{"type":"LineString","coordinates":[[107.6108549,-6.9041933],[107.6114071,-6.9028334]]},"properties":{"name":"Jalan Ir. H. Djuanda","ref":"2182"}},
{"type":"Feature","geometry":{"type":"LineString","coordinates":[[107.6047378,-6.9043028],[107.604907,-6.904268]]},"properties":{"name":"Jalan Wastukancana","ref":""}},
{"type":"Feature","geometry":{"type":"LineString","coordinates":[[107.6044854,-6.9043711],[107.6047378,-6.9043028]]},"properties":{"name":"Jalan Wastukancana","ref":""}},
{"type":"Feature","geometry":{"type":"LineString","coordinates":[[107.6044157,-6.9044676],[107.6044854,-6.9043711]]},"properties":{"name":"Jalan Wastukancana","ref":""}},
{"type":"Feature","geometry":{"type":"LineString","coordinates":[[107.6135395,-6.888223],[107.6135495,-6.8880297]]},"properties":{"name":"Jalan Ir. H. Djuanda","ref":""}},
{"type":"Feature","geometry":{"type":"LineString","coordinates":[[107.6135495,-6.8880297],[107.6135889,-6.8873815]]},"properties":{"name":"Jalan Ir. H. Djuanda","ref":"2182"}},
{"type":"Feature","geometry":{"type":"LineString","coordinates":[[107.6022008,-6.9161702],[107.6024325,-6.9161432]]},"properties":{"name":"Jalan Suniaraja","ref":""}},
{"type":"Feature","geometry":{"type":"LineString","coordinates":[[107.6075021,-6.9054958],[107.6076516,-6.9060628]]},"properties":{"name":"Jalan Wastukancana","ref":""}},
{"type":"Feature","geometry":{"type":"LineString","coordinates":[[107.613173,-6.8918457],[107.6132006,-6.891496]]},"properties":{"name":"Jalan Ir. H. Djuanda","ref":"2182"}},
{"type":"Feature","geometry":{"type":"LineString","coordinates":[[107.610597,-6.9054937],[107.6106453,-6.9048172]]},"properties":{"name":"Jalan Ir. H. Djuanda","ref":"2182"}},
{"type":"Feature","geometry":{"type":"LineString","coordinates":[[107.6073185,-6.9143005],[107.6075641,-6.9142136]]},"properties":{"name":"Jalan Perintis Kemerdekaan","ref":""}},
{"type":"Feature","geometry":{"type":"LineString","coordinates":[[107.5916419,-6.9438523],[107.5910269,-6.9435481]]},"properties":{"name":"Jalan Keluar Terminal Leuwipanjang","ref":""}},
{"type":"Feature","geometry":{"type":"LineString","coordinates":[[107.5983386,-6.9201181],[107.5984717,-6.9214196]]},"properties":{"name":"Jalan Astana Anyar","ref":""}},
{"type":"Feature","geometry":{"type":"LineString","coordinates":[[107.5982824,-6.9187314],[107.5982595,-6.9181989]]},"properties":{"name":"Jalan Gardujati","ref":""}},
{"type":"Feature","geometry":{"type":"LineString","coordinates":[[107.6024738,-6.933942],[107.6024416,-6.9337622]]},"properties":{"name":"Jalan Astana Anyar","ref":""}},
{"type":"Feature","geometry":{"type":"LineString","coordinates":[[107.5982729,-6.9163191],[107.5984551,-6.9163007]]},"properties":{"name":"Jalan Kebon Jati","ref":""}},
{"type":"Feature","geometry":{"type":"LineString","coordinates":[[107.6156977,-6.8886991],[107.6160343,-6.8894728]]},"properties":{"name":"Jalan Dipatiukur","ref":"2137"}},
{"type":"Feature","geometry":{"type":"LineString","coordinates":[[107.6160343,-6.8894728],[107.6166228,-6.8903248]]},"properties":{"name":"Jalan Dipatiukur","ref":"2137"}},
{"type":"Feature","geometry":{"type":"LineString","coordinates":[[107.5910269,-6.9435481],[107.5920724,-6.9418438]]},"properties":{"name":"Jalan Kyai Haji Wahid Hasyim","ref":"106"}},
{"type":"Feature","geometry":{"type":"LineString","coordinates":[[107.5928976,-6.9450391],[107.5928874,-6.9447537]]},"properties":{"name":"Jalan Keluar Terminal Leuwipanjang","ref":""}},
{"type":"Feature","geometry":{"type":"LineString","coordinates":[[107.6430381,-6.9088519],[107.6431541,-6.9088714],[107.6433049,-6.9094542]]},"properties":{"name":"Jalan H. Ibrahim Adjie","ref":""}},
{"type":"Feature","geometry":{"type":"LineString","coordinates":[[107.5895751,-6.9456911],[107.5897088,-6.945521]]},"properties":{"name":"Jalan Kyai Haji Wahid Hasyim","ref":"106"}},
{"type":"Feature","geometry":{"type":"LineString","coordinates":[[107.5899199,-6.9452949],[107.5910269,-6.9435481]]},"properties":{"name":"Jalan Kyai Haji Wahid Hasyim","ref":"106"}},
{"type":"Feature","geometry":{"type":"LineString","coordinates":[[107.6227233,-6.9368982],[107.6235951,-6.9361186]]},"properties":{"name":"Jalan Pelajar Pejuang 45","ref":"376"}},
{"type":"Feature","geometry":{"type":"LineString","coordinates":[[107.6299627,-6.9157488],[107.6300393,-6.9157014]]},"properties":{"name":"Jalan Jenderal Ahmad Yani","ref":"378"}},
{"type":"Feature","geometry":{"type":"LineString","coordinates":[[107.6343866,-6.9134014],[107.6345495,-6.9133508]]},"properties":{"name":"Jalan Jenderal Ahmad Yani","ref":""}},
{"type":"Feature","geometry":{"type":"LineString","coordinates":[[107.6342643,-6.9134642],[107.6343866,-6.9134014]]},"properties":{"name":"Jalan Jenderal Ahmad Yani","ref":"378"}},
{"type":"Feature","geometry":{"type":"LineString","coordinates":[[107.5949807,-6.9370518],[107.5950424,-6.936952]]},"properties":{"name":"Jalan Kyai Haji Wahid Hasyim","ref":""}},
{"type":"Feature","geometry":{"type":"LineString","coordinates":[[107.6313458,-6.9186198],[107.6307188,-6.9173125]]},"properties":{"name":"Jalan Laswi","ref":"377"}},
{"type":"Feature","geometry":{"type":"LineString","coordinates":[[107.6345495,-6.9133508],[107.6418763,-6.9094368]]},"properties":{"name":"Jalan Jenderal Ahmad Yani","ref":""}},
{"type":"Feature","geometry":{"type":"LineString","coordinates":[[107.6434964,-6.9113612],[107.643636,-6.9130175]]},"properties":{"name":"Jalan H. Ibrahim Adjie","ref":""}},
{"type":"Feature","geometry":{"type":"LineString","coordinates":[[107.6418763,-6.9094368],[107.6430381,-6.9088519]]},"properties":{"name":"Jalan Jenderal Ahmad Yani","ref":""}},
{"type":"Feature","geometry":{"type":"LineString","coordinates":[[107.5950424,-6.936952],[107.5952913,-6.937055]]},"properties":{"name":"Jalan Peta","ref":"374"}},
{"type":"Feature","geometry":{"type":"LineString","coordinates":[[107.6127959,-6.9377381],[107.6192607,-6.9380784],[107.620207,-6.9380111]]},"properties":{"name":"Jalan BKR","ref":"375"}},
{"type":"Feature","geometry":{"type":"LineString","coordinates":[[107.6096639,-6.9376389],[107.6113683,-6.9376957]]},"properties":{"name":"Jalan BKR","ref":"375"}},
{"type":"Feature","geometry":{"type":"LineString","coordinates":[[107.6264291,-6.9295004],[107.6269788,-6.9273388]]},"properties":{"name":"Jalan Pelajar Pejuang 45","ref":"376"}},
{"type":"Feature","geometry":{"type":"LineString","coordinates":[[107.6257279,-6.9322848],[107.6263851,-6.9296738]]},"properties":{"name":"Jalan Pelajar Pejuang 45","ref":"376"}},
{"type":"Feature","geometry":{"type":"LineString","coordinates":[[107.620207,-6.9380111],[107.6204439,-6.9379553]]},"properties":{"name":"Jalan BKR","ref":"375"}},
{"type":"Feature","geometry":{"type":"LineString","coordinates":[[107.621238,-6.9376849],[107.6224276,-6.9371006]]},"properties":{"name":"Jalan BKR","ref":"375"}},
{"type":"Feature","geometry":{"type":"LineString","coordinates":[[107.5920724,-6.9418438],[107.5948299,-6.9373141]]},"properties":{"name":"Jalan Kyai Haji Wahid Hasyim","ref":"106"}},
{"type":"Feature","geometry":{"type":"LineString","coordinates":[[107.6311335,-6.9151604],[107.6333413,-6.9139888]]},"properties":{"name":"Jalan Jenderal Ahmad Yani","ref":"378"}},
{"type":"Feature","geometry":{"type":"LineString","coordinates":[[107.6300893,-6.9160089],[107.6299922,-6.9158161]]},"properties":{"name":"Jalan Laswi","ref":"377"}},
{"type":"Feature","geometry":{"type":"LineString","coordinates":[[107.6433608,-6.9099796],[107.6434964,-6.9113612]]},"properties":{"name":"Jalan H. Ibrahim Adjie","ref":""}},
{"type":"Feature","geometry":{"type":"LineString","coordinates":[[107.589865,-6.9458161],[107.5896397,-6.9457186]]},"properties":{"name":"Jalan Soekarno-Hatta","ref":"11"}},
{"type":"Feature","geometry":{"type":"LineString","coordinates":[[107.592997,-6.9469193],[107.5904505,-6.9460588]]},"properties":{"name":"Jalan Soekarno-Hatta","ref":"11"}},
{"type":"Feature","geometry":{"type":"LineString","coordinates":[[107.606583,-6.9375409],[107.6084176,-6.9375995]]},"properties":{"name":"Jalan BKR","ref":"375"}},
{"type":"Feature","geometry":{"type":"LineString","coordinates":[[107.6059434,-6.9375062],[107.6061721,-6.9375256]]},"properties":{"name":"Jalan Peta","ref":"374"}},
{"type":"Feature","geometry":{"type":"LineString","coordinates":[[107.6254318,-6.9335047],[107.625634,-6.9326543]]},"properties":{"name":"Jalan Pelajar Pejuang 45","ref":"376"}},
{"type":"Feature","geometry":{"type":"LineString","coordinates":[[107.6224276,-6.9371006],[107.6226877,-6.9369246]]},"properties":{"name":"Jalan BKR","ref":"375"}},
{"type":"Feature","geometry":{"type":"LineString","coordinates":[[107.599356,-6.9374873],[107.5994448,-6.9374721]]},"properties":{"name":"Jalan Peta","ref":"374"}},
{"type":"Feature","geometry":{"type":"LineString","coordinates":[[107.5994448,-6.9374721],[107.6012443,-6.9371571],[107.6025122,-6.9371945]]},"properties":{"name":"Jalan Peta","ref":"374"}},
{"type":"Feature","geometry":{"type":"LineString","coordinates":[[107.6303085,-6.9155587],[107.6311335,-6.9151604]]},"properties":{"name":"Jalan Jenderal Ahmad Yani","ref":"378"}},
{"type":"Feature","geometry":{"type":"LineString","coordinates":[[107.6305572,-6.921776],[107.6310227,-6.9199664]]},"properties":{"name":"Jalan Laswi","ref":"377"}},
{"type":"Feature","geometry":{"type":"LineString","coordinates":[[107.630505,-6.9219065],[107.6305572,-6.921776]]},"properties":{"name":"Jalan Laswi","ref":"377"}},
{"type":"Feature","geometry":{"type":"LineString","coordinates":[[107.6337961,-6.9137089],[107.6342643,-6.9134642]]},"properties":{"name":"Jalan Jenderal Ahmad Yani","ref":"378"}},
{"type":"Feature","geometry":{"type":"LineString","coordinates":[[107.5948299,-6.9373141],[107.5949807,-6.9370518]]},"properties":{"name":"Jalan Kyai Haji Wahid Hasyim","ref":"106"}},
{"type":"Feature","geometry":{"type":"LineString","coordinates":[[107.6235951,-6.9361186],[107.6247775,-6.9349311]]},"properties":{"name":"Jalan Pelajar Pejuang 45","ref":"376"}},
{"type":"Feature","geometry":{"type":"LineString","coordinates":[[107.6434893,-6.9136739],[107.6434317,-6.9138202]]},"properties":{"name":"","ref":""}},
{"type":"Feature","geometry":{"type":"LineString","coordinates":[[107.643636,-6.9130175],[107.6436341,-6.913395]]},"properties":{"name":"Jalan H. Ibrahim Adjie","ref":""}},
{"type":"Feature","geometry":{"type":"LineString","coordinates":[[107.6436341,-6.913395],[107.6434893,-6.9136739]]},"properties":{"name":"","ref":""}},
{"type":"Feature","geometry":{"type":"LineString","coordinates":[[107.6307188,-6.9173125],[107.6300893,-6.9160089]]},"properties":{"name":"Jalan Laswi","ref":"377"}},
{"type":"Feature","geometry":{"type":"LineString","coordinates":[[107.6127538,-6.9377388],[107.6127959,-6.9377381]]},"properties":{"name":"Jalan BKR","ref":"375"}},
{"type":"Feature","geometry":{"type":"LineString","coordinates":[[107.6090705,-6.9376195],[107.6096639,-6.9376389]]},"properties":{"name":"Jalan BKR","ref":"375"}},
{"type":"Feature","geometry":{"type":"LineString","coordinates":[[107.5952913,-6.937055],[107.596358,-6.9375437],[107.597167,-6.937696],[107.599356,-6.9374873]]},"properties":{"name":"Jalan Peta","ref":"374"}},
{"type":"Feature","geometry":{"type":"LineString","coordinates":[[107.6271642,-6.9265982],[107.6273607,-6.9260252]]},"properties":{"name":"Jalan Layang Laswi - Pelajar Pejuang 45","ref":"376"}},
{"type":"Feature","geometry":{"type":"LineString","coordinates":[[107.6030015,-6.937215],[107.603088,-6.9372221]]},"properties":{"name":"Jalan Peta","ref":"374"}},
{"type":"Feature","geometry":{"type":"LineString","coordinates":[[107.603088,-6.9372221],[107.6033103,-6.9372436]]},"properties":{"name":"Jalan Peta","ref":"374"}},
{"type":"Feature","geometry":{"type":"LineString","coordinates":[[107.6061721,-6.9375256],[107.6062333,-6.9375301]]},"properties":{"name":"Jalan BKR","ref":"375"}},
{"type":"Feature","geometry":{"type":"LineString","coordinates":[[107.6062333,-6.9375301],[107.606583,-6.9375409]]},"properties":{"name":"Jalan BKR","ref":"375"}},
{"type":"Feature","geometry":{"type":"LineString","coordinates":[[107.6047707,-6.9373901],[107.6059434,-6.9375062]]},"properties":{"name":"Jalan Peta","ref":"374"}},
{"type":"Feature","geometry":{"type":"LineString","coordinates":[[107.6033103,-6.9372436],[107.6047707,-6.9373901]]},"properties":{"name":"Jalan Peta","ref":"374"}},
{"type":"Feature","geometry":{"type":"LineString","coordinates":[[107.6333413,-6.9139888],[107.6337961,-6.9137089]]},"properties":{"name":"Jalan Jenderal Ahmad Yani","ref":"378"}},
{"type":"Feature","geometry":{"type":"LineString","coordinates":[[107.6025122,-6.9371945],[107.6030015,-6.937215]]},"properties":{"name":"Jalan Peta","ref":"374"}},
{"type":"Feature","geometry":{"type":"LineString","coordinates":[[107.6433049,-6.9094542],[107.6433608,-6.9099796]]},"properties":{"name":"Jalan H. Ibrahim Adjie","ref":""}},
{"type":"Feature","geometry":{"type":"LineString","coordinates":[[107.6285299,-6.9231566],[107.6288204,-6.9229136]]},"properties":{"name":"Jalan Layang Laswi - Pelajar Pejuang 45","ref":"377"}},
{"type":"Feature","geometry":{"type":"LineString","coordinates":[[107.6288204,-6.9229136],[107.6291932,-6.9227271]]},"properties":{"name":"Jalan Laswi","ref":"377"}},
{"type":"Feature","geometry":{"type":"LineString","coordinates":[[107.6291932,-6.9227271],[107.6301417,-6.9222589],[107.630505,-6.9219065]]},"properties":{"name":"Jalan Laswi","ref":"377"}},
{"type":"Feature","geometry":{"type":"LineString","coordinates":[[107.6269788,-6.9273388],[107.6271642,-6.9265982]]},"properties":{"name":"Jalan Pelajar Pejuang 45","ref":"376"}},
{"type":"Feature","geometry":{"type":"LineString","coordinates":[[107.6247775,-6.9349311],[107.6251837,-6.9343381],[107.6254318,-6.9335047]]},"properties":{"name":"Jalan Pelajar Pejuang 45","ref":"376"}},
{"type":"Feature","geometry":{"type":"LineString","coordinates":[[107.6204439,-6.9379553],[107.621238,-6.9376849]]},"properties":{"name":"Jalan BKR","ref":"375"}},
{"type":"Feature","geometry":{"type":"LineString","coordinates":[[107.6300393,-6.9157014],[107.6303085,-6.9155587]]},"properties":{"name":"Jalan Jenderal Ahmad Yani","ref":"378"}},
{"type":"Feature","geometry":{"type":"LineString","coordinates":[[107.6299922,-6.9158161],[107.6299627,-6.9157488]]},"properties":{"name":"Jalan Laswi","ref":"377"}},
{"type":"Feature","geometry":{"type":"LineString","coordinates":[[107.6256715,-6.9325087],[107.6256947,-6.9324168]]},"properties":{"name":"Jalan Pelajar Pejuang 45","ref":"376"}},
{"type":"Feature","geometry":{"type":"LineString","coordinates":[[107.5904505,-6.9460588],[107.589865,-6.9458161]]},"properties":{"name":"Jalan Soekarno-Hatta","ref":"11"}},
{"type":"Feature","geometry":{"type":"LineString","coordinates":[[107.6273607,-6.9260252],[107.6276616,-6.9247914]]},"properties":{"name":"Jalan Layang Laswi - Pelajar Pejuang 45","ref":"376"}},
{"type":"Feature","geometry":{"type":"LineString","coordinates":[[107.6226877,-6.9369246],[107.6227233,-6.9368982]]},"properties":{"name":"Jalan Pelajar Pejuang 45","ref":"376"}},
{"type":"Feature","geometry":{"type":"LineString","coordinates":[[107.6310227,-6.9199664],[107.6313572,-6.9186866]]},"properties":{"name":"Jalan Laswi","ref":"377"}},
{"type":"Feature","geometry":{"type":"LineString","coordinates":[[107.6084176,-6.9375995],[107.6090705,-6.9376195]]},"properties":{"name":"Jalan BKR","ref":"375"}},
{"type":"Feature","geometry":{"type":"LineString","coordinates":[[107.6113683,-6.9376957],[107.6127538,-6.9377388]]},"properties":{"name":"Jalan BKR","ref":"375"}},
{"type":"Feature","geometry":{"type":"LineString","coordinates":[[107.6263851,-6.9296738],[107.6264291,-6.9295004]]},"properties":{"name":"Jalan Pelajar Pejuang 45","ref":"376"}},
{"type":"Feature","geometry":{"type":"LineString","coordinates":[[107.6313572,-6.9186866],[107.6313458,-6.9186198]]},"properties":{"name":"Jalan Laswi","ref":"377"}},
{"type":"Feature","geometry":{"type":"LineString","coordinates":[[107.5897088,-6.945521],[107.5898634,-6.9453375]]},"properties":{"name":"Jalan Kyai Haji Wahid Hasyim","ref":"106"}},
{"type":"Feature","geometry":{"type":"LineString","coordinates":[[107.5896397,-6.9457186],[107.5895751,-6.9456911]]},"properties":{"name":"Jalan Soekarno-Hatta","ref":"11"}},
{"type":"Feature","geometry":{"type":"LineString","coordinates":[[107.6434317,-6.9138202],[107.6429791,-6.9138756]]},"properties":{"name":"Jalan Jakarta","ref":""}},
{"type":"Feature","geometry":{"type":"LineString","coordinates":[[107.5898634,-6.9453375],[107.5899199,-6.9452949]]},"properties":{"name":"Jalan Kyai Haji Wahid Hasyim","ref":"106"}},
{"type":"Feature","geometry":{"type":"LineString","coordinates":[[107.625634,-6.9326543],[107.6256715,-6.9325087]]},"properties":{"name":"Jalan Pelajar Pejuang 45","ref":"376"}},
{"type":"Feature","geometry":{"type":"LineString","coordinates":[[107.6256947,-6.9324168],[107.6257279,-6.9322848]]},"properties":{"name":"Jalan Pelajar Pejuang 45","ref":"376"}},
{"type":"Feature","geometry":{"type":"LineString","coordinates":[[107.5910269,-6.9435481],[107.5920724,-6.9418438]]},"properties":{"name":"Jalan Kyai Haji Wahid Hasyim","ref":"106"}},
{"type":"Feature","geometry":{"type":"LineString","coordinates":[[107.6278076,-6.9242181],[107.6280744,-6.9236111],[107.6285299,-6.9231566]]},"properties":{"name":"Jalan Layang Laswi - Pelajar Pejuang 45","ref":"377"}},
{"type":"Feature","geometry":{"type":"LineString","coordinates":[[107.6276616,-6.9247914],[107.6278076,-6.9242181]]},"properties":{"name":"Jalan Layang Laswi - Pelajar Pejuang 45","ref":"376;377"}},
{"type":"Feature","geometry":{"type":"LineString","coordinates":[[107.6106377,-6.9069919],[107.610654,-6.909795]]},"properties":{"name":"Jalan Merdeka","ref":""}},
{"type":"Feature","geometry":{"type":"LineString","coordinates":[[107.6299627,-6.9157488],[107.629593,-6.9148704]]},"properties":{"name":"Jalan L.L. RE. Martadinata","ref":"2318"}},
{"type":"Feature","geometry":{"type":"LineString","coordinates":[[107.5984551,-6.9163007],[107.6022008,-6.9161702]]},"properties":{"name":"Jalan Kebon Jati","ref":""}},
{"type":"Feature","geometry":{"type":"LineString","coordinates":[[107.6040992,-6.9208034],[107.6022243,-6.92058]]},"properties":{"name":"Jalan Jendral Sudirman","ref":""}},
{"type":"Feature","geometry":{"type":"LineString","coordinates":[[107.5982824,-6.9187314],[107.5983386,-6.9201181]]},"properties":{"name":"Jalan Gardujati","ref":""}},
{"type":"Feature","geometry":{"type":"LineString","coordinates":[[107.6122092,-6.9201091],[107.6120118,-6.9217387]]},"properties":{"name":"Jalan Tamblong","ref":""}},
{"type":"Feature","geometry":{"type":"LineString","coordinates":[[107.634859,-6.9143394],[107.6346899,-6.914509]]},"properties":{"name":"Jalan Sukabumi","ref":"3624"}},
{"type":"Feature","geometry":{"type":"LineString","coordinates":[[107.6295758,-6.9147576],[107.6290892,-6.913389],[107.6286154,-6.9126809]]},"properties":{"name":"Jalan L.L. RE. Martadinata","ref":"2318"}},
{"type":"Feature","geometry":{"type":"LineString","coordinates":[[107.629593,-6.9148704],[107.6295758,-6.9147576]]},"properties":{"name":"Jalan L.L. RE. Martadinata","ref":"2318"}},
{"type":"Feature","geometry":{"type":"LineString","coordinates":[[107.6109278,-6.9169939],[107.6113378,-6.917202]]},"properties":{"name":"Jalan Lembong","ref":""}},
{"type":"Feature","geometry":{"type":"LineString","coordinates":[[107.634419,-6.9161223],[107.6341961,-6.9170831]]},"properties":{"name":"Jalan Sukabumi","ref":"3624"}},
{"type":"Feature","geometry":{"type":"LineString","coordinates":[[107.6106164,-6.9099691],[107.6103525,-6.9136021]]},"properties":{"name":"Jalan Merdeka","ref":""}},
{"type":"Feature","geometry":{"type":"LineString","coordinates":[[107.611899,-6.9174826],[107.6123749,-6.9178256],[107.6123918,-6.9182691]]},"properties":{"name":"","ref":""}},
{"type":"Feature","geometry":{"type":"LineString","coordinates":[[107.6128139,-6.9070149],[107.6126957,-6.9070364]]},"properties":{"name":"Jalan L.L. RE. Martadinata","ref":"2318"}},
{"type":"Feature","geometry":{"type":"LineString","coordinates":[[107.6286154,-6.9126809],[107.627074,-6.9110498]]},"properties":{"name":"Jalan L.L. RE. Martadinata","ref":"2318"}},
{"type":"Feature","geometry":{"type":"LineString","coordinates":[[107.6313458,-6.9186198],[107.6307188,-6.9173125]]},"properties":{"name":"Jalan Laswi","ref":"377"}},
{"type":"Feature","geometry":{"type":"LineString","coordinates":[[107.6021351,-6.9205669],[107.5997986,-6.9202943]]},"properties":{"name":"Jalan Jendral Sudirman","ref":""}},
{"type":"Feature","geometry":{"type":"LineString","coordinates":[[107.6167588,-6.9062016],[107.6139043,-6.9065046],[107.6128139,-6.9070149]]},"properties":{"name":"Jalan L.L. RE. Martadinata","ref":"2318"}},
{"type":"Feature","geometry":{"type":"LineString","coordinates":[[107.6203632,-6.9058522],[107.6167588,-6.9062016]]},"properties":{"name":"Jalan L.L. RE. Martadinata","ref":"2318"}},
{"type":"Feature","geometry":{"type":"LineString","coordinates":[[107.627074,-6.9110498],[107.6260827,-6.9100761]]},"properties":{"name":"Jalan L.L. RE. Martadinata","ref":"2318"}},
{"type":"Feature","geometry":{"type":"LineString","coordinates":[[107.6064546,-6.9210818],[107.6040992,-6.9208034]]},"properties":{"name":"Jalan Asia Afrika","ref":""}},
{"type":"Feature","geometry":{"type":"LineString","coordinates":[[107.6072035,-6.9211727],[107.6071455,-6.9211653]]},"properties":{"name":"Jalan Asia Afrika","ref":""}},
{"type":"Feature","geometry":{"type":"LineString","coordinates":[[107.6453416,-6.9135173],[107.6453033,-6.9135399]]},"properties":{"name":"Jalan Terusan Jakarta","ref":"3836"}},
{"type":"Feature","geometry":{"type":"LineString","coordinates":[[107.6474297,-6.913244],[107.6453416,-6.9135173]]},"properties":{"name":"Jalan Terusan Jakarta","ref":"3836"}},
{"type":"Feature","geometry":{"type":"LineString","coordinates":[[107.6512126,-6.9127667],[107.6475828,-6.9132227]]},"properties":{"name":"Jalan Terusan Jakarta","ref":"3836"}},
{"type":"Feature","geometry":{"type":"LineString","coordinates":[[107.6439222,-6.9137511],[107.6438747,-6.9137574]]},"properties":{"name":"Jalan Terusan Jakarta","ref":"3836"}},
{"type":"Feature","geometry":{"type":"LineString","coordinates":[[107.6551627,-6.912521],[107.653817,-6.9124678],[107.6520306,-6.9126628]]},"properties":{"name":"Jalan Terusan Jakarta","ref":"3836"}},
{"type":"Feature","geometry":{"type":"LineString","coordinates":[[107.6656787,-6.9149413],[107.6612536,-6.9139799]]},"properties":{"name":"Jalan Terusan Jakarta","ref":"3836"}},
{"type":"Feature","geometry":{"type":"LineString","coordinates":[[107.6612536,-6.9139799],[107.661091,-6.9139479]]},"properties":{"name":"Jalan Terusan Jakarta","ref":"3836"}},
{"type":"Feature","geometry":{"type":"LineString","coordinates":[[107.661091,-6.9139479],[107.6590885,-6.9135229],[107.6570526,-6.912687],[107.6551627,-6.912521]]},"properties":{"name":"Jalan Terusan Jakarta","ref":"3836"}},
{"type":"Feature","geometry":{"type":"LineString","coordinates":[[107.6374221,-6.9145133],[107.6374071,-6.9145151]]},"properties":{"name":"Jalan Jakarta","ref":""}},
{"type":"Feature","geometry":{"type":"LineString","coordinates":[[107.6375505,-6.9144979],[107.6374221,-6.9145133]]},"properties":{"name":"Jalan Jakarta","ref":""}},
{"type":"Feature","geometry":{"type":"LineString","coordinates":[[107.6417884,-6.9139622],[107.6376149,-6.9144902]]},"properties":{"name":"Jalan Jakarta","ref":""}},
{"type":"Feature","geometry":{"type":"LineString","coordinates":[[107.6373588,-6.9145209],[107.6362076,-6.9146671],[107.6356516,-6.9145514]]},"properties":{"name":"Jalan Jakarta","ref":""}},
{"type":"Feature","geometry":{"type":"LineString","coordinates":[[107.6300893,-6.9160089],[107.6299922,-6.9158161]]},"properties":{"name":"Jalan Laswi","ref":"377"}},
{"type":"Feature","geometry":{"type":"LineString","coordinates":[[107.6213811,-6.9060399],[107.621213,-6.9059876]]},"properties":{"name":"Jalan L.L. RE. Martadinata","ref":"2318"}},
{"type":"Feature","geometry":{"type":"LineString","coordinates":[[107.6260827,-6.9100761],[107.6233077,-6.9075143],[107.6224543,-6.9065793],[107.6213811,-6.9060399]]},"properties":{"name":"Jalan L.L. RE. Martadinata","ref":"2318"}},
{"type":"Feature","geometry":{"type":"LineString","coordinates":[[107.6437379,-6.9137773],[107.6436719,-6.9137883]]},"properties":{"name":"Jalan Terusan Jakarta","ref":""}},
{"type":"Feature","geometry":{"type":"LineString","coordinates":[[107.5982102,-6.9163251],[107.5982729,-6.9163191]]},"properties":{"name":"Jalan Kebon Jati","ref":""}},
{"type":"Feature","geometry":{"type":"LineString","coordinates":[[107.6520306,-6.9126628],[107.6518998,-6.9126808]]},"properties":{"name":"Jalan Terusan Jakarta","ref":"3836"}},
{"type":"Feature","geometry":{"type":"LineString","coordinates":[[107.598224,-6.9170874],[107.5982102,-6.9163251]]},"properties":{"name":"Jalan Gardujati","ref":""}},
{"type":"Feature","geometry":{"type":"LineString","coordinates":[[107.6120118,-6.9217387],[107.6118192,-6.9217111]]},"properties":{"name":"Jalan Asia Afrika","ref":""}},
{"type":"Feature","geometry":{"type":"LineString","coordinates":[[107.6077991,-6.9212366],[107.6072035,-6.9211727]]},"properties":{"name":"Jalan Asia Afrika","ref":""}},
{"type":"Feature","geometry":{"type":"LineString","coordinates":[[107.6451943,-6.9135557],[107.6439222,-6.9137511]]},"properties":{"name":"Jalan Terusan Jakarta","ref":"3836"}},
{"type":"Feature","geometry":{"type":"LineString","coordinates":[[107.6422888,-6.9139602],[107.6417884,-6.9139622]]},"properties":{"name":"Jalan Jakarta","ref":""}},
{"type":"Feature","geometry":{"type":"LineString","coordinates":[[107.61235,-6.918793],[107.6122092,-6.9201091]]},"properties":{"name":"Jalan Tamblong","ref":""}},
{"type":"Feature","geometry":{"type":"LineString","coordinates":[[107.6101984,-6.9153866],[107.610072,-6.9165602]]},"properties":{"name":"Jalan Merdeka","ref":""}},
{"type":"Feature","geometry":{"type":"LineString","coordinates":[[107.6475828,-6.9132227],[107.6474297,-6.913244]]},"properties":{"name":"Jalan Terusan Jakarta","ref":"3836"}},
{"type":"Feature","geometry":{"type":"LineString","coordinates":[[107.6453033,-6.9135399],[107.6451943,-6.9135557]]},"properties":{"name":"Jalan Terusan Jakarta","ref":"3836"}},
{"type":"Feature","geometry":{"type":"LineString","coordinates":[[107.5982595,-6.9181989],[107.598224,-6.9170874]]},"properties":{"name":"Jalan Gardujati","ref":""}},
{"type":"Feature","geometry":{"type":"LineString","coordinates":[[107.6429791,-6.9138756],[107.6422888,-6.9139602]]},"properties":{"name":"Jalan Jakarta","ref":""}},
{"type":"Feature","geometry":{"type":"LineString","coordinates":[[107.6436719,-6.9137883],[107.6434317,-6.9138202]]},"properties":{"name":"Jalan Jakarta","ref":""}},
{"type":"Feature","geometry":{"type":"LineString","coordinates":[[107.6438747,-6.9137574],[107.6437379,-6.9137773]]},"properties":{"name":"Jalan Terusan Jakarta","ref":"3836"}},
{"type":"Feature","geometry":{"type":"LineString","coordinates":[[107.6307188,-6.9173125],[107.6300893,-6.9160089]]},"properties":{"name":"Jalan Laswi","ref":"377"}},
{"type":"Feature","geometry":{"type":"LineString","coordinates":[[107.6356516,-6.9145514],[107.634859,-6.9143394]]},"properties":{"name":"Jalan Jakarta","ref":""}},
{"type":"Feature","geometry":{"type":"LineString","coordinates":[[107.6080507,-6.92126],[107.6077991,-6.9212366]]},"properties":{"name":"Jalan Asia Afrika","ref":""}},
{"type":"Feature","geometry":{"type":"LineString","coordinates":[[107.6346899,-6.914509],[107.634447,-6.9159625]]},"properties":{"name":"Jalan Sukabumi","ref":"3624"}},
{"type":"Feature","geometry":{"type":"LineString","coordinates":[[107.6339445,-6.9173179],[107.6337948,-6.9174252]]},"properties":{"name":"Jalan Sukabumi","ref":"3624"}},
{"type":"Feature","geometry":{"type":"LineString","coordinates":[[107.634447,-6.9159625],[107.634419,-6.9161223]]},"properties":{"name":"Jalan Sukabumi","ref":"3624"}},
{"type":"Feature","geometry":{"type":"LineString","coordinates":[[107.610654,-6.909795],[107.6106164,-6.9099691]]},"properties":{"name":"Jalan Merdeka","ref":""}},
{"type":"Feature","geometry":{"type":"LineString","coordinates":[[107.610072,-6.9165602],[107.6109278,-6.9169939]]},"properties":{"name":"Jalan Lembong","ref":""}},
{"type":"Feature","geometry":{"type":"LineString","coordinates":[[107.6341961,-6.9170831],[107.6339445,-6.9173179]]},"properties":{"name":"Jalan Sukabumi","ref":"3624"}},
{"type":"Feature","geometry":{"type":"LineString","coordinates":[[107.6069278,-6.9211397],[107.6064546,-6.9210818]]},"properties":{"name":"Jalan Asia Afrika","ref":""}},
{"type":"Feature","geometry":{"type":"LineString","coordinates":[[107.6299922,-6.9158161],[107.6299627,-6.9157488]]},"properties":{"name":"Jalan Laswi","ref":"377"}},
{"type":"Feature","geometry":{"type":"LineString","coordinates":[[107.6374071,-6.9145151],[107.6373588,-6.9145209]]},"properties":{"name":"Jalan Jakarta","ref":""}},
{"type":"Feature","geometry":{"type":"LineString","coordinates":[[107.6375655,-6.9144961],[107.6375505,-6.9144979]]},"properties":{"name":"Jalan Jakarta","ref":""}},
{"type":"Feature","geometry":{"type":"LineString","coordinates":[[107.6376149,-6.9144902],[107.6375655,-6.9144961]]},"properties":{"name":"Jalan Jakarta","ref":""}},
{"type":"Feature","geometry":{"type":"LineString","coordinates":[[107.6103525,-6.9136021],[107.6102982,-6.9141706]]},"properties":{"name":"Jalan Merdeka","ref":""}},
{"type":"Feature","geometry":{"type":"LineString","coordinates":[[107.6022008,-6.9161702],[107.6024325,-6.9161432]]},"properties":{"name":"Jalan Suniaraja","ref":""}},
{"type":"Feature","geometry":{"type":"LineString","coordinates":[[107.6022243,-6.92058],[107.6021351,-6.9205669]]},"properties":{"name":"Jalan Jendral Sudirman","ref":""}},
{"type":"Feature","geometry":{"type":"LineString","coordinates":[[107.6313572,-6.9186866],[107.6313458,-6.9186198]]},"properties":{"name":"Jalan Laswi","ref":"377"}},
{"type":"Feature","geometry":{"type":"LineString","coordinates":[[107.6314582,-6.9186505],[107.6313572,-6.9186866]]},"properties":{"name":"Jalan Sukabumi","ref":"3624"}},
{"type":"Feature","geometry":{"type":"LineString","coordinates":[[107.6320827,-6.9183023],[107.6314582,-6.9186505]]},"properties":{"name":"Jalan Sukabumi","ref":"3624"}},
{"type":"Feature","geometry":{"type":"LineString","coordinates":[[107.6337948,-6.9174252],[107.6320827,-6.9183023]]},"properties":{"name":"Jalan Sukabumi","ref":"3624"}},
{"type":"Feature","geometry":{"type":"LineString","coordinates":[[107.6207064,-6.9058762],[107.6203632,-6.9058522]]},"properties":{"name":"Jalan L.L. RE. Martadinata","ref":"2318"}},
{"type":"Feature","geometry":{"type":"LineString","coordinates":[[107.621213,-6.9059876],[107.6207064,-6.9058762]]},"properties":{"name":"Jalan L.L. RE. Martadinata","ref":"2318"}},
{"type":"Feature","geometry":{"type":"LineString","coordinates":[[107.6102982,-6.9141706],[107.6102674,-6.9146071]]},"properties":{"name":"Jalan Merdeka","ref":""}},
{"type":"Feature","geometry":{"type":"LineString","coordinates":[[107.6071455,-6.9211653],[107.6069278,-6.9211397]]},"properties":{"name":"Jalan Asia Afrika","ref":""}},
{"type":"Feature","geometry":{"type":"LineString","coordinates":[[107.6658787,-6.9149864],[107.6656787,-6.9149413]]},"properties":{"name":"Jalan Terusan Jakarta","ref":"3836"}},
{"type":"Feature","geometry":{"type":"LineString","coordinates":[[107.6434317,-6.9138202],[107.6429791,-6.9138756]]},"properties":{"name":"Jalan Jakarta","ref":""}},
{"type":"Feature","geometry":{"type":"LineString","coordinates":[[107.5982824,-6.9187314],[107.5982595,-6.9181989]]},"properties":{"name":"Jalan Gardujati","ref":""}},
{"type":"Feature","geometry":{"type":"LineString","coordinates":[[107.6123918,-6.9182691],[107.61235,-6.918793]]},"properties":{"name":"Jalan Tamblong","ref":""}},
{"type":"Feature","geometry":{"type":"LineString","coordinates":[[107.5997986,-6.9202943],[107.5997449,-6.9202871]]},"properties":{"name":"Jalan Jendral Sudirman","ref":""}},
{"type":"Feature","geometry":{"type":"LineString","coordinates":[[107.5997449,-6.9202871],[107.5983386,-6.9201181]]},"properties":{"name":"Jalan Jendral Sudirman","ref":""}},
{"type":"Feature","geometry":{"type":"LineString","coordinates":[[107.5982729,-6.9163191],[107.5984551,-6.9163007]]},"properties":{"name":"Jalan Kebon Jati","ref":""}},
{"type":"Feature","geometry":{"type":"LineString","coordinates":[[107.610206,-6.915247],[107.6101984,-6.9153866]]},"properties":{"name":"Jalan Merdeka","ref":""}},
{"type":"Feature","geometry":{"type":"LineString","coordinates":[[107.6126957,-6.9070364],[107.6117292,-6.9070622]]},"properties":{"name":"Jalan L.L. RE. Martadinata","ref":"2318"}},
{"type":"Feature","geometry":{"type":"LineString","coordinates":[[107.6117292,-6.9070622],[107.6113975,-6.9070401]]},"properties":{"name":"Jalan L.L. RE. Martadinata","ref":"2318"}},
{"type":"Feature","geometry":{"type":"LineString","coordinates":[[107.6113975,-6.9070401],[107.6111706,-6.9070246]]},"properties":{"name":"Jalan L.L. RE. Martadinata","ref":"2318"}},
{"type":"Feature","geometry":{"type":"LineString","coordinates":[[107.6111706,-6.9070246],[107.6106377,-6.9069919]]},"properties":{"name":"Jalan L.L. RE. Martadinata","ref":"2318"}},
{"type":"Feature","geometry":{"type":"LineString","coordinates":[[107.6113378,-6.917202],[107.6114765,-6.9172727]]},"properties":{"name":"Jalan Lembong","ref":""}},
{"type":"Feature","geometry":{"type":"LineString","coordinates":[[107.6114765,-6.9172727],[107.6115788,-6.9173248]]},"properties":{"name":"Jalan Lembong","ref":""}},
{"type":"Feature","geometry":{"type":"LineString","coordinates":[[107.6115788,-6.9173248],[107.611899,-6.9174826]]},"properties":{"name":"Jalan Lembong","ref":""}},
{"type":"Feature","geometry":{"type":"LineString","coordinates":[[107.6102674,-6.9146071],[107.610206,-6.915247]]},"properties":{"name":"Jalan Merdeka","ref":""}},
{"type":"Feature","geometry":{"type":"LineString","coordinates":[[107.6098247,-6.9214728],[107.6094601,-6.9214292]]},"properties":{"name":"Jalan Asia Afrika","ref":""}},
{"type":"Feature","geometry":{"type":"LineString","coordinates":[[107.6094601,-6.9214292],[107.6092781,-6.9214081]]},"properties":{"name":"Jalan Asia Afrika","ref":""}},
{"type":"Feature","geometry":{"type":"LineString","coordinates":[[107.6092781,-6.9214081],[107.6087887,-6.9213491]]},"properties":{"name":"Jalan Asia Afrika","ref":""}},
{"type":"Feature","geometry":{"type":"LineString","coordinates":[[107.6087887,-6.9213491],[107.6082703,-6.9212857]]},"properties":{"name":"Jalan Asia Afrika","ref":""}},
{"type":"Feature","geometry":{"type":"LineString","coordinates":[[107.6082703,-6.9212857],[107.6080507,-6.92126]]},"properties":{"name":"Jalan Asia Afrika","ref":""}},
{"type":"Feature","geometry":{"type":"LineString","coordinates":[[107.6118192,-6.9217111],[107.6114983,-6.9216723]]},"properties":{"name":"Jalan Asia Afrika","ref":""}},
{"type":"Feature","geometry":{"type":"LineString","coordinates":[[107.6114983,-6.9216723],[107.6114205,-6.9216629]]},"properties":{"name":"Jalan Asia Afrika","ref":""}},
{"type":"Feature","geometry":{"type":"LineString","coordinates":[[107.6114205,-6.9216629],[107.6112374,-6.9216415]]},"properties":{"name":"Jalan Asia Afrika","ref":""}},
{"type":"Feature","geometry":{"type":"LineString","coordinates":[[107.6112374,-6.9216415],[107.6108437,-6.9215945]]},"properties":{"name":"Jalan Asia Afrika","ref":""}},
{"type":"Feature","geometry":{"type":"LineString","coordinates":[[107.6108437,-6.9215945],[107.6106298,-6.9215692]]},"properties":{"name":"Jalan Asia Afrika","ref":""}},
{"type":"Feature","geometry":{"type":"LineString","coordinates":[[107.6106298,-6.9215692],[107.6104268,-6.9215449]]},"properties":{"name":"Jalan Asia Afrika","ref":""}},
{"type":"Feature","geometry":{"type":"LineString","coordinates":[[107.6104268,-6.9215449],[107.610212,-6.9215192]]},"properties":{"name":"Jalan Asia Afrika","ref":""}},
{"type":"Feature","geometry":{"type":"LineString","coordinates":[[107.610212,-6.9215192],[107.6101457,-6.9215112]]},"properties":{"name":"Jalan Asia Afrika","ref":""}},
{"type":"Feature","geometry":{"type":"LineString","coordinates":[[107.6101457,-6.9215112],[107.6099811,-6.9214915]]},"properties":{"name":"Jalan Asia Afrika","ref":""}},
{"type":"Feature","geometry":{"type":"LineString","coordinates":[[107.6099811,-6.9214915],[107.6098247,-6.9214728]]},"properties":{"name":"Jalan Asia Afrika","ref":""}},
{"type":"Feature","geometry":{"type":"LineString","coordinates":[[107.6518998,-6.9126808],[107.6512126,-6.9127667]]},"properties":{"name":"Jalan Terusan Jakarta","ref":"3836"}},
{"type":"Feature","geometry":{"type":"LineString","coordinates":[[107.6193443,-6.8992829],[107.6193457,-6.8993497]]},"properties":{"name":"Jalan Sentot Alibasyah","ref":"387"}},
{"type":"Feature","geometry":{"type":"LineString","coordinates":[[107.6160516,-6.8948686],[107.6149218,-6.8948399]]},"properties":{"name":"Jalan Hasanudin","ref":""}},
{"type":"Feature","geometry":{"type":"LineString","coordinates":[[107.6132841,-6.8988423],[107.6160286,-6.8989397]]},"properties":{"name":"Jalan Surapati","ref":""}},
{"type":"Feature","geometry":{"type":"LineString","coordinates":[[107.6096733,-6.898062],[107.6116278,-6.8987668]]},"properties":{"name":"Jalan Cikapayang","ref":""}},
{"type":"Feature","geometry":{"type":"LineString","coordinates":[[107.608451,-6.8938318],[107.6093151,-6.8934184],[107.6104782,-6.8932163],[107.6130211,-6.8937711]]},"properties":{"name":"Jalan Ganesha","ref":""}},
{"type":"Feature","geometry":{"type":"LineString","coordinates":[[107.7528851,-6.9391361],[107.7548022,-6.9381645],[107.7560525,-6.9379722]]},"properties":{"name":"Jalan Raya Cileunyi","ref":"11"}},
{"type":"Feature","geometry":{"type":"LineString","coordinates":[[107.6119773,-6.9559046],[107.6119023,-6.955933]]},"properties":{"name":"Jalan Akses Tol Mohammad Toha","ref":""}},
{"type":"Feature","geometry":{"type":"LineString","coordinates":[[107.6062444,-6.9594034],[107.6063891,-6.9601879],[107.606712,-6.960735],[107.6073557,-6.9611476],[107.6080064,-6.9612283]]},"properties":{"name":"Jalan Akses Tol Mohammad Toha","ref":""}},
{"type":"Feature","geometry":{"type":"LineString","coordinates":[[107.6376642,-6.9656491],[107.6383542,-6.9657306]]},"properties":{"name":"Jalan Tol Padalarang–Cileunyi","ref":"4"}},
{"type":"Feature","geometry":{"type":"LineString","coordinates":[[107.6428065,-6.9656857],[107.6461997,-6.9648425],[107.6492481,-6.9646002],[107.6581165,-6.9659094],[107.6603107,-6.966378]]},"properties":{"name":"Jalan Tol Padalarang–Cileunyi","ref":"4"}},
{"type":"Feature","geometry":{"type":"LineString","coordinates":[[107.6605722,-6.9664426],[107.6637748,-6.9672708],[107.665565,-6.9675082],[107.6711041,-6.967534]]},"properties":{"name":"Jalan Tol Padalarang–Cileunyi","ref":"4"}},
{"type":"Feature","geometry":{"type":"LineString","coordinates":[[107.6603107,-6.966378],[107.6605722,-6.9664426]]},"properties":{"name":"Jalan Tol Padalarang–Cileunyi","ref":"4"}},
{"type":"Feature","geometry":{"type":"LineString","coordinates":[[107.7274621,-6.9555628],[107.730105,-6.9541849]]},"properties":{"name":"Jalan Tol Padalarang–Cileunyi","ref":"4"}},
{"type":"Feature","geometry":{"type":"LineString","coordinates":[[107.6096024,-6.8976029],[107.6096043,-6.8975557]]},"properties":{"name":"Jalan Tamansari","ref":"2380"}},
{"type":"Feature","geometry":{"type":"LineString","coordinates":[[107.6164572,-6.8990452],[107.6184347,-6.8992984]]},"properties":{"name":"Jalan Surapati","ref":""}},
{"type":"Feature","geometry":{"type":"LineString","coordinates":[[107.6780936,-6.9682142],[107.6929032,-6.9696526],[107.6970049,-6.9694949],[107.7007549,-6.9688011]]},"properties":{"name":"Jalan Tol Padalarang–Cileunyi","ref":"4"}},
{"type":"Feature","geometry":{"type":"LineString","coordinates":[[107.7044746,-6.9675629],[107.7048064,-6.967419]]},"properties":{"name":"Jalan Tol Padalarang–Cileunyi","ref":"4"}},
{"type":"Feature","geometry":{"type":"LineString","coordinates":[[107.6713565,-6.9675464],[107.6778229,-6.968186]]},"properties":{"name":"Jalan Tol Padalarang–Cileunyi","ref":"4"}},
{"type":"Feature","geometry":{"type":"LineString","coordinates":[[107.6778229,-6.968186],[107.6780936,-6.9682142]]},"properties":{"name":"Jalan Tol Padalarang–Cileunyi","ref":"4"}},
{"type":"Feature","geometry":{"type":"LineString","coordinates":[[107.6711041,-6.967534],[107.6713565,-6.9675464]]},"properties":{"name":"Jalan Tol Padalarang–Cileunyi","ref":"4"}},
{"type":"Feature","geometry":{"type":"LineString","coordinates":[[107.7048064,-6.967419],[107.7274621,-6.9555628]]},"properties":{"name":"Jalan Tol Padalarang–Cileunyi","ref":"4"}},
{"type":"Feature","geometry":{"type":"LineString","coordinates":[[107.6138569,-6.9608687],[107.6169258,-6.9608827],[107.618434,-6.9611867],[107.6204529,-6.9619211]]},"properties":{"name":"Jalan Tol Padalarang–Cileunyi","ref":"4"}},
{"type":"Feature","geometry":{"type":"LineString","coordinates":[[107.6133971,-6.9608951],[107.6138569,-6.9608687]]},"properties":{"name":"Jalan Tol Padalarang–Cileunyi","ref":"4"}},
{"type":"Feature","geometry":{"type":"LineString","coordinates":[[107.6277859,-6.9093517],[107.6291731,-6.9081286]]},"properties":{"name":"Jalan Cendana","ref":"2072"}},
{"type":"Feature","geometry":{"type":"LineString","coordinates":[[107.6180243,-6.8939028],[107.6176835,-6.8943336]]},"properties":{"name":"Jalan Dipatiukur","ref":"2137"}},
{"type":"Feature","geometry":{"type":"LineString","coordinates":[[107.6300393,-6.9157014],[107.6300714,-6.9157678]]},"properties":{"name":"Jalan Laswi","ref":"377"}},
{"type":"Feature","geometry":{"type":"LineString","coordinates":[[107.6225805,-6.9371274],[107.620486,-6.9380409]]},"properties":{"name":"Jalan BKR","ref":"375"}},
{"type":"Feature","geometry":{"type":"LineString","coordinates":[[107.6253576,-6.9010411],[107.6262773,-6.9010795]]},"properties":{"name":"Jalan Diponegoro","ref":"381"}},
{"type":"Feature","geometry":{"type":"LineString","coordinates":[[107.6262773,-6.9010795],[107.6299279,-6.9064699]]},"properties":{"name":"Jalan Supratman","ref":"380"}},
{"type":"Feature","geometry":{"type":"LineString","coordinates":[[107.6306223,-6.907732],[107.6307097,-6.9076768]]},"properties":{"name":"Jalan Lapang Supratman","ref":"2228"}},
{"type":"Feature","geometry":{"type":"LineString","coordinates":[[107.6295758,-6.9147576],[107.6296602,-6.9148398]]},"properties":{"name":"Jalan L.L. RE. Martadinata","ref":"2318"}},
{"type":"Feature","geometry":{"type":"LineString","coordinates":[[107.6295758,-6.9147576],[107.6290892,-6.913389],[107.6286154,-6.9126809]]},"properties":{"name":"Jalan L.L. RE. Martadinata","ref":"2318"}},
{"type":"Feature","geometry":{"type":"LineString","coordinates":[[107.6109823,-6.9562337],[107.6108289,-6.956309]]},"properties":{"name":"Jalan Akses Tol Mohammad Toha","ref":""}},
{"type":"Feature","geometry":{"type":"LineString","coordinates":[[107.6116113,-6.9549027],[107.6118897,-6.9556394]]},"properties":{"name":"Jalan Mohammad Toha","ref":"161"}},
{"type":"Feature","geometry":{"type":"LineString","coordinates":[[107.6098249,-6.9611724],[107.6133971,-6.9608951]]},"properties":{"name":"Jalan Tol Padalarang–Cileunyi","ref":"4"}},
{"type":"Feature","geometry":{"type":"LineString","coordinates":[[107.6160286,-6.8989397],[107.6164572,-6.8990452]]},"properties":{"name":"Jalan Surapati","ref":""}},
{"type":"Feature","geometry":{"type":"LineString","coordinates":[[107.6286154,-6.9126809],[107.627074,-6.9110498]]},"properties":{"name":"Jalan L.L. RE. Martadinata","ref":"2318"}},
{"type":"Feature","geometry":{"type":"LineString","coordinates":[[107.6127424,-6.8988496],[107.6128334,-6.8988469]]},"properties":{"name":"Jalan Cikapayang","ref":""}},
{"type":"Feature","geometry":{"type":"LineString","coordinates":[[107.6301227,-6.9067812],[107.6302159,-6.9069194]]},"properties":{"name":"Jalan Supratman","ref":"380"}},
{"type":"Feature","geometry":{"type":"LineString","coordinates":[[107.6184347,-6.8992984],[107.6193443,-6.8992829]]},"properties":{"name":"Jalan Surapati","ref":""}},
{"type":"Feature","geometry":{"type":"LineString","coordinates":[[107.6090371,-6.9377023],[107.6064422,-6.9376269]]},"properties":{"name":"Jalan BKR","ref":"375"}},
{"type":"Feature","geometry":{"type":"LineString","coordinates":[[107.612944,-6.8948069],[107.6130211,-6.8937711]]},"properties":{"name":"Jalan Ir. H. Djuanda","ref":"2182"}},
{"type":"Feature","geometry":{"type":"LineString","coordinates":[[107.613998,-6.8948395],[107.6130082,-6.8948099]]},"properties":{"name":"Jalan Hasanudin","ref":""}},
{"type":"Feature","geometry":{"type":"LineString","coordinates":[[107.6130082,-6.8948099],[107.612944,-6.8948069]]},"properties":{"name":"Jalan Hasanudin","ref":""}},
{"type":"Feature","geometry":{"type":"LineString","coordinates":[[107.612765,-6.9378378],[107.6099479,-6.9377367]]},"properties":{"name":"Jalan BKR","ref":"375"}},
{"type":"Feature","geometry":{"type":"LineString","coordinates":[[107.6094437,-6.9483822],[107.6094101,-6.9482727]]},"properties":{"name":"Jalan Mohammad Toha","ref":"161"}},
{"type":"Feature","geometry":{"type":"LineString","coordinates":[[107.6086676,-6.9461425],[107.6076477,-6.9431556]]},"properties":{"name":"Jalan Mohammad Toha","ref":"161"}},
{"type":"Feature","geometry":{"type":"LineString","coordinates":[[107.6302159,-6.9069194],[107.6307097,-6.9076768]]},"properties":{"name":"Jalan Supratman","ref":"380"}},
{"type":"Feature","geometry":{"type":"LineString","coordinates":[[107.6261515,-6.9309754],[107.6258213,-6.9323117]]},"properties":{"name":"Jalan Pelajar Pejuang 45","ref":"376"}},
{"type":"Feature","geometry":{"type":"LineString","coordinates":[[107.6255287,-6.9335306],[107.6252253,-6.9344866],[107.6248605,-6.9350024]]},"properties":{"name":"Jalan Pelajar Pejuang 45","ref":"376"}},
{"type":"Feature","geometry":{"type":"LineString","coordinates":[[107.620486,-6.9380409],[107.6202343,-6.9381005]]},"properties":{"name":"Jalan BKR","ref":"375"}},
{"type":"Feature","geometry":{"type":"LineString","coordinates":[[107.6202343,-6.9381005],[107.6180007,-6.938125]]},"properties":{"name":"Jalan BKR","ref":"375"}},
{"type":"Feature","geometry":{"type":"LineString","coordinates":[[107.6064422,-6.9376269],[107.6062191,-6.9378081]]},"properties":{"name":"","ref":""}},
{"type":"Feature","geometry":{"type":"LineString","coordinates":[[107.6306223,-6.907732],[107.6297436,-6.9082432],[107.6293885,-6.9081299]]},"properties":{"name":"Jalan Lapang Supratman","ref":"2228"}},
{"type":"Feature","geometry":{"type":"LineString","coordinates":[[107.6199195,-6.9011743],[107.6208401,-6.9011493]]},"properties":{"name":"Jalan Diponegoro","ref":"381"}},
{"type":"Feature","geometry":{"type":"LineString","coordinates":[[107.6299139,-6.9154306],[107.6300393,-6.9157014]]},"properties":{"name":"Jalan L.L. RE. Martadinata","ref":"2318"}},
{"type":"Feature","geometry":{"type":"LineString","coordinates":[[107.6274721,-6.9097736],[107.6276024,-6.9104242],[107.627074,-6.9110498]]},"properties":{"name":"Jalan Taman Pramuka","ref":"2624"}},
{"type":"Feature","geometry":{"type":"LineString","coordinates":[[107.6299279,-6.9064699],[107.6301227,-6.9067812]]},"properties":{"name":"Jalan Supratman","ref":"380"}},
{"type":"Feature","geometry":{"type":"LineString","coordinates":[[107.7537453,-6.9404081],[107.7535061,-6.9398592],[107.7529385,-6.9394875]]},"properties":{"name":"","ref":"11"}},
{"type":"Feature","geometry":{"type":"LineString","coordinates":[[107.7560525,-6.9379722],[107.7565469,-6.9378853]]},"properties":{"name":"Jalan Raya Cileunyi","ref":"11"}},
{"type":"Feature","geometry":{"type":"LineString","coordinates":[[107.757487,-6.9377295],[107.7590419,-6.9374502],[107.7616581,-6.9367119],[107.7675131,-6.9348887]]},"properties":{"name":"Jalan Raya Jatinangor","ref":"11"}},
{"type":"Feature","geometry":{"type":"LineString","coordinates":[[107.6180405,-6.8934568],[107.6180243,-6.8939028]]},"properties":{"name":"Jalan Dipatiukur","ref":"2137"}},
{"type":"Feature","geometry":{"type":"LineString","coordinates":[[107.6193536,-6.8995642],[107.6193648,-6.89993]]},"properties":{"name":"Jalan Sentot Alibasyah","ref":"387"}},
{"type":"Feature","geometry":{"type":"LineString","coordinates":[[107.6193648,-6.89993],[107.619419,-6.9011883]]},"properties":{"name":"Jalan Sentot Alibasyah","ref":"387"}},
{"type":"Feature","geometry":{"type":"LineString","coordinates":[[107.6228382,-6.9369209],[107.6227837,-6.9369651]]},"properties":{"name":"Jalan Pelajar Pejuang 45","ref":"376"}},
{"type":"Feature","geometry":{"type":"LineString","coordinates":[[107.6248605,-6.9350024],[107.6236477,-6.9361789]]},"properties":{"name":"Jalan Pelajar Pejuang 45","ref":"376"}},
{"type":"Feature","geometry":{"type":"LineString","coordinates":[[107.6176835,-6.8943336],[107.6174318,-6.8947388]]},"properties":{"name":"Jalan Dipatiukur","ref":"2137"}},
{"type":"Feature","geometry":{"type":"LineString","coordinates":[[107.6116113,-6.9549027],[107.609996,-6.9500355]]},"properties":{"name":"Jalan Mohammad Toha","ref":"161"}},
{"type":"Feature","geometry":{"type":"LineString","coordinates":[[107.6062191,-6.9378081],[107.6061749,-6.938344]]},"properties":{"name":"Jalan Mohammad Toha","ref":"161"}},
{"type":"Feature","geometry":{"type":"LineString","coordinates":[[107.6306517,-6.921792],[107.6306076,-6.9219152]]},"properties":{"name":"Jalan Laswi","ref":"377"}},
{"type":"Feature","geometry":{"type":"LineString","coordinates":[[107.6314582,-6.9186505],[107.6306517,-6.921792]]},"properties":{"name":"Jalan Laswi","ref":"377"}},
{"type":"Feature","geometry":{"type":"LineString","coordinates":[[107.7529385,-6.9394875],[107.7528851,-6.9391361]]},"properties":{"name":"","ref":""}},
{"type":"Feature","geometry":{"type":"LineString","coordinates":[[107.6240011,-6.9634006],[107.6242839,-6.9634978]]},"properties":{"name":"Jalan Tol Padalarang–Cileunyi","ref":"4"}},
{"type":"Feature","geometry":{"type":"LineString","coordinates":[[107.6242839,-6.9634978],[107.6271874,-6.9642858],[107.629938,-6.9646675]]},"properties":{"name":"Jalan Tol Padalarang–Cileunyi","ref":"4"}},
{"type":"Feature","geometry":{"type":"LineString","coordinates":[[107.6108289,-6.956309],[107.6101198,-6.9566866]]},"properties":{"name":"Jalan Akses Tol Mohammad Toha","ref":""}},
{"type":"Feature","geometry":{"type":"LineString","coordinates":[[107.6097904,-6.9568141],[107.6085312,-6.9569907]]},"properties":{"name":"Jalan Akses Tol Mohammad Toha","ref":""}},
{"type":"Feature","geometry":{"type":"LineString","coordinates":[[107.6101198,-6.9566866],[107.6097904,-6.9568141]]},"properties":{"name":"Jalan Akses Tol Mohammad Toha","ref":""}},
{"type":"Feature","geometry":{"type":"LineString","coordinates":[[107.6096024,-6.8976029],[107.6095964,-6.8977261]]},"properties":{"name":"Jalan Tamansari","ref":"2380"}},
{"type":"Feature","geometry":{"type":"LineString","coordinates":[[107.730105,-6.9541849],[107.7429104,-6.9472221],[107.7464588,-6.9455793]]},"properties":{"name":"Jalan Tol Padalarang–Cileunyi","ref":"4"}},
{"type":"Feature","geometry":{"type":"LineString","coordinates":[[107.7464588,-6.9455793],[107.7482395,-6.9446799]]},"properties":{"name":"Simpang Susun Cileunyi","ref":""}},
{"type":"Feature","geometry":{"type":"LineString","coordinates":[[107.7007549,-6.9688011],[107.70103,-6.9687285]]},"properties":{"name":"Jalan Tol Padalarang–Cileunyi","ref":"4"}},
{"type":"Feature","geometry":{"type":"LineString","coordinates":[[107.70103,-6.9687285],[107.7044746,-6.9675629]]},"properties":{"name":"Jalan Tol Padalarang–Cileunyi","ref":"4"}},
{"type":"Feature","geometry":{"type":"LineString","coordinates":[[107.6419915,-6.9658012],[107.6428065,-6.9656857]]},"properties":{"name":"Jalan Tol Padalarang–Cileunyi","ref":"4"}},
{"type":"Feature","geometry":{"type":"LineString","coordinates":[[107.6383542,-6.9657306],[107.6397387,-6.9658628],[107.6419915,-6.9658012]]},"properties":{"name":"Jalan Tol Padalarang–Cileunyi","ref":"4"}},
{"type":"Feature","geometry":{"type":"LineString","coordinates":[[107.7573448,-6.9377483],[107.757487,-6.9377295]]},"properties":{"name":"Jalan Raya Jatinangor","ref":"11"}},
{"type":"Feature","geometry":{"type":"LineString","coordinates":[[107.7565469,-6.9378853],[107.7573448,-6.9377483]]},"properties":{"name":"Jalan Raya Jatinangor","ref":"11"}},
{"type":"Feature","geometry":{"type":"LineString","coordinates":[[107.6236477,-6.9361789],[107.6229766,-6.9368169]]},"properties":{"name":"Jalan Pelajar Pejuang 45","ref":"376"}},
{"type":"Feature","geometry":{"type":"LineString","coordinates":[[107.7675131,-6.9348887],[107.7679063,-6.934321]]},"properties":{"name":"Jalan Raya Jatinangor","ref":"11"}},
{"type":"Feature","geometry":{"type":"LineString","coordinates":[[107.6301738,-6.9159696],[107.631021,-6.9176755]]},"properties":{"name":"Jalan Laswi","ref":"377"}},
{"type":"Feature","geometry":{"type":"LineString","coordinates":[[107.6277694,-6.9094286],[107.6274721,-6.9097736]]},"properties":{"name":"Jalan Cendana","ref":"2072"}},
{"type":"Feature","geometry":{"type":"LineString","coordinates":[[107.6095322,-6.9486416],[107.6094437,-6.9483822]]},"properties":{"name":"Jalan Mohammad Toha","ref":"161"}},
{"type":"Feature","geometry":{"type":"LineString","coordinates":[[107.609996,-6.9500355],[107.6095322,-6.9486416]]},"properties":{"name":"Jalan Mohammad Toha","ref":"161"}},
{"type":"Feature","geometry":{"type":"LineString","coordinates":[[107.631021,-6.9176755],[107.6314478,-6.9185784]]},"properties":{"name":"Jalan Laswi","ref":"377"}},
{"type":"Feature","geometry":{"type":"LineString","coordinates":[[107.7500827,-6.943838],[107.7509278,-6.9423953],[107.7513252,-6.9422468],[107.7523906,-6.9422036]]},"properties":{"name":"Simpang Susun Cileunyi","ref":""}},
{"type":"Feature","geometry":{"type":"LineString","coordinates":[[107.7541065,-6.9418043],[107.7543261,-6.941382],[107.7540569,-6.9408199]]},"properties":{"name":"Simpang Susun Cileunyi","ref":""}},
{"type":"Feature","geometry":{"type":"LineString","coordinates":[[107.7482395,-6.9446799],[107.7500827,-6.943838]]},"properties":{"name":"Simpang Susun Cileunyi","ref":""}},
{"type":"Feature","geometry":{"type":"LineString","coordinates":[[107.6249276,-6.9010477],[107.6252968,-6.9010429]]},"properties":{"name":"Jalan Diponegoro","ref":"381"}},
{"type":"Feature","geometry":{"type":"LineString","coordinates":[[107.6122413,-6.8988516],[107.6127424,-6.8988496]]},"properties":{"name":"Jalan Cikapayang","ref":""}},
{"type":"Feature","geometry":{"type":"LineString","coordinates":[[107.612079,-6.8988384],[107.6122413,-6.8988516]]},"properties":{"name":"Jalan Cikapayang","ref":""}},
{"type":"Feature","geometry":{"type":"LineString","coordinates":[[107.7526686,-6.9422553],[107.7532371,-6.9422492],[107.7541065,-6.9418043]]},"properties":{"name":"Simpang Susun Cileunyi","ref":""}},
{"type":"Feature","geometry":{"type":"LineString","coordinates":[[107.6193457,-6.8993497],[107.6193483,-6.8994321]]},"properties":{"name":"Jalan Sentot Alibasyah","ref":"387"}},
{"type":"Feature","geometry":{"type":"LineString","coordinates":[[107.6273607,-6.9260252],[107.6272692,-6.9266332]]},"properties":{"name":"Jalan Layang Laswi - Pelajar Pejuang 45","ref":"376"}},
{"type":"Feature","geometry":{"type":"LineString","coordinates":[[107.6293885,-6.9081299],[107.6291731,-6.9081286]]},"properties":{"name":"Jalan Cendana","ref":"2072"}},
{"type":"Feature","geometry":{"type":"LineString","coordinates":[[107.6094101,-6.9482727],[107.6093038,-6.9479813]]},"properties":{"name":"Jalan Mohammad Toha","ref":"161"}},
{"type":"Feature","geometry":{"type":"LineString","coordinates":[[107.6128334,-6.8988469],[107.6132841,-6.8988423]]},"properties":{"name":"Jalan Surapati","ref":""}},
{"type":"Feature","geometry":{"type":"LineString","coordinates":[[107.6288628,-6.9229966],[107.6285299,-6.9231566]]},"properties":{"name":"Jalan Layang Laswi - Pelajar Pejuang 45","ref":"377"}},
{"type":"Feature","geometry":{"type":"LineString","coordinates":[[107.6277859,-6.9093517],[107.6277694,-6.9094286]]},"properties":{"name":"Jalan Cendana","ref":"2072"}},
{"type":"Feature","geometry":{"type":"LineString","coordinates":[[107.6292933,-6.9227899],[107.6288628,-6.9229966]]},"properties":{"name":"Jalan Laswi","ref":"377"}},
{"type":"Feature","geometry":{"type":"LineString","coordinates":[[107.6306076,-6.9219152],[107.6302684,-6.9222995],[107.6292933,-6.9227899]]},"properties":{"name":"Jalan Laswi","ref":"377"}},
{"type":"Feature","geometry":{"type":"LineString","coordinates":[[107.6296602,-6.9148398],[107.6299139,-6.9154306]]},"properties":{"name":"Jalan L.L. RE. Martadinata","ref":"2318"}},
{"type":"Feature","geometry":{"type":"LineString","coordinates":[[107.6086585,-6.9611877],[107.6090755,-6.9611618]]},"properties":{"name":"","ref":""}},
{"type":"Feature","geometry":{"type":"LineString","coordinates":[[107.6080064,-6.9612283],[107.6086585,-6.9611877]]},"properties":{"name":"Simpang Susun Mohammad Toha","ref":""}},
{"type":"Feature","geometry":{"type":"LineString","coordinates":[[107.6090755,-6.9611618],[107.6098249,-6.9611724]]},"properties":{"name":"","ref":""}},
{"type":"Feature","geometry":{"type":"LineString","coordinates":[[107.6099479,-6.9377367],[107.6091524,-6.9377062]]},"properties":{"name":"Jalan BKR","ref":"375"}},
{"type":"Feature","geometry":{"type":"LineString","coordinates":[[107.6272692,-6.9266332],[107.6270688,-6.9273448]]},"properties":{"name":"Jalan Pelajar Pejuang 45","ref":"376"}},
{"type":"Feature","geometry":{"type":"LineString","coordinates":[[107.6270688,-6.9273448],[107.6265152,-6.9295231]]},"properties":{"name":"Jalan Pelajar Pejuang 45","ref":"376"}},
{"type":"Feature","geometry":{"type":"LineString","coordinates":[[107.6257297,-6.9326742],[107.6255287,-6.9335306]]},"properties":{"name":"Jalan Pelajar Pejuang 45","ref":"376"}},
{"type":"Feature","geometry":{"type":"LineString","coordinates":[[107.6227837,-6.9369651],[107.6227463,-6.9369955]]},"properties":{"name":"Jalan Pelajar Pejuang 45","ref":"376"}},
{"type":"Feature","geometry":{"type":"LineString","coordinates":[[107.6116278,-6.8987668],[107.612079,-6.8988384]]},"properties":{"name":"Jalan Cikapayang","ref":""}},
{"type":"Feature","geometry":{"type":"LineString","coordinates":[[107.7723146,-6.932773],[107.7732761,-6.9323235]]},"properties":{"name":"Halte Metro Jabar Trans UNPAD Jatinangor","ref":""}},
{"type":"Feature","geometry":{"type":"LineString","coordinates":[[107.6204529,-6.9619211],[107.6240011,-6.9634006]]},"properties":{"name":"Jalan Tol Padalarang–Cileunyi","ref":"4"}},
{"type":"Feature","geometry":{"type":"LineString","coordinates":[[107.629938,-6.9646675],[107.6376642,-6.9656491]]},"properties":{"name":"Jalan Tol Padalarang–Cileunyi","ref":"4"}},
{"type":"Feature","geometry":{"type":"LineString","coordinates":[[107.6300714,-6.9157678],[107.6301738,-6.9159696]]},"properties":{"name":"Jalan Laswi","ref":"377"}},
{"type":"Feature","geometry":{"type":"LineString","coordinates":[[107.6257675,-6.932523],[107.625745,-6.9326113]]},"properties":{"name":"Jalan Pelajar Pejuang 45","ref":"376"}},
{"type":"Feature","geometry":{"type":"LineString","coordinates":[[107.6095795,-6.8979008],[107.6096733,-6.898062]]},"properties":{"name":"","ref":""}},
{"type":"Feature","geometry":{"type":"LineString","coordinates":[[107.6273607,-6.9260252],[107.6276616,-6.9247914]]},"properties":{"name":"Jalan Layang Laswi - Pelajar Pejuang 45","ref":"376"}},
{"type":"Feature","geometry":{"type":"LineString","coordinates":[[107.6229766,-6.9368169],[107.6228382,-6.9369209]]},"properties":{"name":"Jalan Pelajar Pejuang 45","ref":"376"}},
{"type":"Feature","geometry":{"type":"LineString","coordinates":[[107.6265152,-6.9295231],[107.6261515,-6.9309754]]},"properties":{"name":"Jalan Pelajar Pejuang 45","ref":"376"}},
{"type":"Feature","geometry":{"type":"LineString","coordinates":[[107.6138239,-6.9378694],[107.612765,-6.9378378]]},"properties":{"name":"Jalan BKR","ref":"375"}},
{"type":"Feature","geometry":{"type":"LineString","coordinates":[[107.6076477,-6.9431556],[107.6061749,-6.938344]]},"properties":{"name":"Jalan Mohammad Toha","ref":"161"}},
{"type":"Feature","geometry":{"type":"LineString","coordinates":[[107.619419,-6.9011883],[107.6199195,-6.9011743]]},"properties":{"name":"Jalan Diponegoro","ref":"381"}},
{"type":"Feature","geometry":{"type":"LineString","coordinates":[[107.6252968,-6.9010429],[107.6253576,-6.9010411]]},"properties":{"name":"Jalan Diponegoro","ref":"381"}},
{"type":"Feature","geometry":{"type":"LineString","coordinates":[[107.6227463,-6.9369955],[107.6225805,-6.9371274]]},"properties":{"name":"Jalan BKR","ref":"375"}},
{"type":"Feature","geometry":{"type":"LineString","coordinates":[[107.6149218,-6.8948399],[107.6144033,-6.8948409]]},"properties":{"name":"Jalan Hasanudin","ref":""}},
{"type":"Feature","geometry":{"type":"LineString","coordinates":[[107.6144033,-6.8948409],[107.613998,-6.8948395]]},"properties":{"name":"Jalan Hasanudin","ref":""}},
{"type":"Feature","geometry":{"type":"LineString","coordinates":[[107.6091524,-6.9377062],[107.6090371,-6.9377023]]},"properties":{"name":"Jalan BKR","ref":"375"}},
{"type":"Feature","geometry":{"type":"LineString","coordinates":[[107.6314478,-6.9185784],[107.6314582,-6.9186505]]},"properties":{"name":"Jalan Laswi","ref":"377"}},
{"type":"Feature","geometry":{"type":"LineString","coordinates":[[107.6093038,-6.9479813],[107.6086676,-6.9461425]]},"properties":{"name":"Jalan Mohammad Toha","ref":"161"}},
{"type":"Feature","geometry":{"type":"LineString","coordinates":[[107.6095964,-6.8977261],[107.6095795,-6.8979008]]},"properties":{"name":"Jalan Tamansari","ref":"2380"}},
{"type":"Feature","geometry":{"type":"LineString","coordinates":[[107.6096043,-6.8975557],[107.6096158,-6.8967239],[107.6094398,-6.8959853],[107.6085721,-6.8944755],[107.608451,-6.8938318]]},"properties":{"name":"Jalan Tamansari","ref":"2380"}},
{"type":"Feature","geometry":{"type":"LineString","coordinates":[[107.6085312,-6.9569907],[107.6075633,-6.9573828],[107.6069192,-6.9579126],[107.6064008,-6.9587544],[107.6062444,-6.9594034]]},"properties":{"name":"Jalan Akses Tol Mohammad Toha","ref":""}},
{"type":"Feature","geometry":{"type":"LineString","coordinates":[[107.6119023,-6.955933],[107.6109823,-6.9562337]]},"properties":{"name":"Jalan Akses Tol Mohammad Toha","ref":""}},
{"type":"Feature","geometry":{"type":"LineString","coordinates":[[107.6118947,-6.9556604],[107.6119415,-6.9557973]]},"properties":{"name":"Jalan Mohammad Toha","ref":"161"}},
{"type":"Feature","geometry":{"type":"LineString","coordinates":[[107.6118897,-6.9556394],[107.6118947,-6.9556604]]},"properties":{"name":"Jalan Mohammad Toha","ref":"161"}},
{"type":"Feature","geometry":{"type":"LineString","coordinates":[[107.6119415,-6.9557973],[107.6119773,-6.9559046]]},"properties":{"name":"Jalan Mohammad Toha","ref":"161"}},
{"type":"Feature","geometry":{"type":"LineString","coordinates":[[107.7722158,-6.9328953],[107.7723146,-6.932773]]},"properties":{"name":"Pangkalan DAMRI Jatinangor","ref":""}},
{"type":"Feature","geometry":{"type":"LineString","coordinates":[[107.7540569,-6.9408199],[107.7537453,-6.9404081]]},"properties":{"name":"","ref":"11"}},
{"type":"Feature","geometry":{"type":"LineString","coordinates":[[107.7523906,-6.9422036],[107.7526686,-6.9422553]]},"properties":{"name":"Simpang Susun Cileunyi","ref":""}},
{"type":"Feature","geometry":{"type":"LineString","coordinates":[[107.6193483,-6.8994321],[107.6193536,-6.8995642]]},"properties":{"name":"Jalan Sentot Alibasyah","ref":"387"}},
{"type":"Feature","geometry":{"type":"LineString","coordinates":[[107.6174318,-6.8947388],[107.6160516,-6.8948686]]},"properties":{"name":"Jalan Hasanudin","ref":""}},
{"type":"Feature","geometry":{"type":"LineString","coordinates":[[107.6160946,-6.9380178],[107.6138239,-6.9378694]]},"properties":{"name":"Jalan BKR","ref":"375"}},
{"type":"Feature","geometry":{"type":"LineString","coordinates":[[107.6180007,-6.938125],[107.6171204,-6.9380799]]},"properties":{"name":"Jalan BKR","ref":"375"}},
{"type":"Feature","geometry":{"type":"LineString","coordinates":[[107.6171204,-6.9380799],[107.6167712,-6.9380574]]},"properties":{"name":"Jalan BKR","ref":"375"}},
{"type":"Feature","geometry":{"type":"LineString","coordinates":[[107.6167712,-6.9380574],[107.6166344,-6.9380533]]},"properties":{"name":"Jalan BKR","ref":"375"}},
{"type":"Feature","geometry":{"type":"LineString","coordinates":[[107.6166344,-6.9380533],[107.6162382,-6.9380256]]},"properties":{"name":"Jalan BKR","ref":"375"}},
{"type":"Feature","geometry":{"type":"LineString","coordinates":[[107.6162382,-6.9380256],[107.6160946,-6.9380178]]},"properties":{"name":"Jalan BKR","ref":"375"}},
{"type":"Feature","geometry":{"type":"LineString","coordinates":[[107.7679063,-6.934321],[107.7708274,-6.9334914],[107.7722158,-6.9328953]]},"properties":{"name":"Jalan Raya Jatinangor","ref":"11"}},
{"type":"Feature","geometry":{"type":"LineString","coordinates":[[107.625745,-6.9326113],[107.6257297,-6.9326742]]},"properties":{"name":"Jalan Pelajar Pejuang 45","ref":"376"}},
{"type":"Feature","geometry":{"type":"LineString","coordinates":[[107.6258213,-6.9323117],[107.6257675,-6.932523]]},"properties":{"name":"Jalan Pelajar Pejuang 45","ref":"376"}},
{"type":"Feature","geometry":{"type":"LineString","coordinates":[[107.6208401,-6.9011493],[107.6213033,-6.9011378]]},"properties":{"name":"Jalan Diponegoro","ref":"381"}},
{"type":"Feature","geometry":{"type":"LineString","coordinates":[[107.6213033,-6.9011378],[107.6216766,-6.9011285]]},"properties":{"name":"Jalan Diponegoro","ref":"381"}},
{"type":"Feature","geometry":{"type":"LineString","coordinates":[[107.6216766,-6.9011285],[107.6221254,-6.9011174]]},"properties":{"name":"Jalan Diponegoro","ref":"381"}},
{"type":"Feature","geometry":{"type":"LineString","coordinates":[[107.6221254,-6.9011174],[107.6224081,-6.9011103]]},"properties":{"name":"Jalan Diponegoro","ref":"381"}},
{"type":"Feature","geometry":{"type":"LineString","coordinates":[[107.6224081,-6.9011103],[107.6234934,-6.9010834]]},"properties":{"name":"Jalan Diponegoro","ref":"381"}},
{"type":"Feature","geometry":{"type":"LineString","coordinates":[[107.6234934,-6.9010834],[107.6236693,-6.901079]]},"properties":{"name":"Jalan Diponegoro","ref":"381"}},
{"type":"Feature","geometry":{"type":"LineString","coordinates":[[107.6236693,-6.901079],[107.6238119,-6.9010754]]},"properties":{"name":"Jalan Diponegoro","ref":"381"}},
{"type":"Feature","geometry":{"type":"LineString","coordinates":[[107.6238119,-6.9010754],[107.6246942,-6.9010535]]},"properties":{"name":"Jalan Diponegoro","ref":"381"}},
{"type":"Feature","geometry":{"type":"LineString","coordinates":[[107.6246942,-6.9010535],[107.6249276,-6.9010477]]},"properties":{"name":"Jalan Diponegoro","ref":"381"}},
{"type":"Feature","geometry":{"type":"LineString","coordinates":[[107.6278076,-6.9242181],[107.6280744,-6.9236111],[107.6285299,-6.9231566]]},"properties":{"name":"Jalan Layang Laswi - Pelajar Pejuang 45","ref":"377"}},
{"type":"Feature","geometry":{"type":"LineString","coordinates":[[107.6276616,-6.9247914],[107.6278076,-6.9242181]]},"properties":{"name":"Jalan Layang Laswi - Pelajar Pejuang 45","ref":"376;377"}},
{"type":"Feature","geometry":{"type":"LineString","coordinates":[[107.6099669,-6.899504],[107.611925,-6.8999352],[107.6125313,-6.9002122]]},"properties":{"name":"Jalan Sulanjana","ref":"2354"}},
{"type":"Feature","geometry":{"type":"LineString","coordinates":[[107.6126165,-6.9002542],[107.6134712,-6.9004601]]},"properties":{"name":"Jalan Diponegoro","ref":"381"}},
{"type":"Feature","geometry":{"type":"LineString","coordinates":[[107.6160516,-6.8948686],[107.6149218,-6.8948399]]},"properties":{"name":"Jalan Hasanudin","ref":""}},
{"type":"Feature","geometry":{"type":"LineString","coordinates":[[107.6179955,-6.8925877],[107.6180405,-6.8934568]]},"properties":{"name":"Jalan Dipatiukur","ref":"2137"}},
{"type":"Feature","geometry":{"type":"LineString","coordinates":[[107.608451,-6.8938318],[107.6093151,-6.8934184],[107.6104782,-6.8932163],[107.6130211,-6.8937711]]},"properties":{"name":"Jalan Ganesha","ref":""}},
{"type":"Feature","geometry":{"type":"LineString","coordinates":[[107.6240196,-6.9635519],[107.6184121,-6.9613257],[107.6158342,-6.9609253],[107.613897,-6.960997]]},"properties":{"name":"Jalan Tol Padalarang–Cileunyi","ref":"4"}},
{"type":"Feature","geometry":{"type":"LineString","coordinates":[[107.6383527,-6.9658664],[107.6376421,-6.9657635]]},"properties":{"name":"Jalan Tol Padalarang–Cileunyi","ref":"4"}},
{"type":"Feature","geometry":{"type":"LineString","coordinates":[[107.6605412,-6.9665435],[107.6602749,-6.9664723]]},"properties":{"name":"Jalan Tol Padalarang–Cileunyi","ref":"4"}},
{"type":"Feature","geometry":{"type":"LineString","coordinates":[[107.6602749,-6.9664723],[107.657108,-6.9658428],[107.6492464,-6.964699],[107.6463564,-6.9649217],[107.6428164,-6.9657886]]},"properties":{"name":"Jalan Tol Padalarang–Cileunyi","ref":"4"}},
{"type":"Feature","geometry":{"type":"LineString","coordinates":[[107.7567382,-6.9389134],[107.7569138,-6.9398023],[107.7567934,-6.9405329],[107.7563528,-6.9411132],[107.7556492,-6.9414928]]},"properties":{"name":"Jalan Sindangsari","ref":"11"}},
{"type":"Feature","geometry":{"type":"LineString","coordinates":[[107.7275203,-6.955671],[107.7048594,-6.9675082]]},"properties":{"name":"Jalan Tol Padalarang–Cileunyi","ref":"4"}},
{"type":"Feature","geometry":{"type":"LineString","coordinates":[[107.7301632,-6.9542907],[107.7275203,-6.955671]]},"properties":{"name":"Jalan Tol Padalarang–Cileunyi","ref":"4"}},
{"type":"Feature","geometry":{"type":"LineString","coordinates":[[107.6167125,-6.8991863],[107.6166576,-6.8991786]]},"properties":{"name":"Jalan Surapati","ref":""}},
{"type":"Feature","geometry":{"type":"LineString","coordinates":[[107.6096024,-6.8976029],[107.6096043,-6.8975557]]},"properties":{"name":"Jalan Tamansari","ref":"2380"}},
{"type":"Feature","geometry":{"type":"LineString","coordinates":[[107.609539,-6.8982797],[107.6095612,-6.898037]]},"properties":{"name":"Jalan Tamansari","ref":"2380"}},
{"type":"Feature","geometry":{"type":"LineString","coordinates":[[107.6166576,-6.8991786],[107.6162456,-6.8994129]]},"properties":{"name":"Jalan Aria Jipang","ref":"386"}},
{"type":"Feature","geometry":{"type":"LineString","coordinates":[[107.6261654,-6.9011784],[107.6253574,-6.9011085]]},"properties":{"name":"Jalan Diponegoro","ref":"381"}},
{"type":"Feature","geometry":{"type":"LineString","coordinates":[[107.7008012,-6.9689116],[107.6969744,-6.969618],[107.6934312,-6.9697858],[107.6780871,-6.9683242]]},"properties":{"name":"Jalan Tol Padalarang–Cileunyi","ref":"4"}},
{"type":"Feature","geometry":{"type":"LineString","coordinates":[[107.613897,-6.960997],[107.6134261,-6.9610319]]},"properties":{"name":"Jalan Tol Padalarang–Cileunyi","ref":"4"}},
{"type":"Feature","geometry":{"type":"LineString","coordinates":[[107.6780871,-6.9683242],[107.6778075,-6.9682989]]},"properties":{"name":"Jalan Tol Padalarang–Cileunyi","ref":"4"}},
{"type":"Feature","geometry":{"type":"LineString","coordinates":[[107.7048594,-6.9675082],[107.7044989,-6.9676661]]},"properties":{"name":"Jalan Tol Padalarang–Cileunyi","ref":"4"}},
{"type":"Feature","geometry":{"type":"LineString","coordinates":[[107.6778075,-6.9682989],[107.6713623,-6.9676529]]},"properties":{"name":"Jalan Tol Padalarang–Cileunyi","ref":"4"}},
{"type":"Feature","geometry":{"type":"LineString","coordinates":[[107.6713623,-6.9676529],[107.671104,-6.967636]]},"properties":{"name":"Jalan Tol Padalarang–Cileunyi","ref":"4"}},
{"type":"Feature","geometry":{"type":"LineString","coordinates":[[107.6134261,-6.9610319],[107.609088,-6.9613408]]},"properties":{"name":"Jalan Tol Padalarang–Cileunyi","ref":"4"}},
{"type":"Feature","geometry":{"type":"LineString","coordinates":[[107.671104,-6.967636],[107.6670335,-6.9676825],[107.664696,-6.9675308],[107.6605412,-6.9665435]]},"properties":{"name":"Jalan Tol Padalarang–Cileunyi","ref":"4"}},
{"type":"Feature","geometry":{"type":"LineString","coordinates":[[107.7762363,-6.9317185],[107.7762652,-6.9325853]]},"properties":{"name":"","ref":"11"}},
{"type":"Feature","geometry":{"type":"LineString","coordinates":[[107.6227233,-6.9368982],[107.6235951,-6.9361186]]},"properties":{"name":"Jalan Pelajar Pejuang 45","ref":"376"}},
{"type":"Feature","geometry":{"type":"LineString","coordinates":[[107.6299627,-6.9157488],[107.6300393,-6.9157014]]},"properties":{"name":"Jalan Jenderal Ahmad Yani","ref":"378"}},
{"type":"Feature","geometry":{"type":"LineString","coordinates":[[107.6332282,-6.9117173],[107.6306223,-6.907732]]},"properties":{"name":"Jalan Supratman","ref":"380"}},
{"type":"Feature","geometry":{"type":"LineString","coordinates":[[107.609088,-6.9613408],[107.6087547,-6.9613656]]},"properties":{"name":"Jalan Tol Padalarang–Cileunyi","ref":"4"}},
{"type":"Feature","geometry":{"type":"LineString","coordinates":[[107.6087547,-6.9613656],[107.6061709,-6.9615586],[107.6052772,-6.9616227]]},"properties":{"name":"Jalan Tol Padalarang–Cileunyi","ref":"4"}},
{"type":"Feature","geometry":{"type":"LineString","coordinates":[[107.6109871,-6.9561266],[107.6115714,-6.9559139]]},"properties":{"name":"Jalan Akses Tol Mohammad Toha","ref":""}},
{"type":"Feature","geometry":{"type":"LineString","coordinates":[[107.6108621,-6.9561653],[107.6109871,-6.9561266]]},"properties":{"name":"Jalan Akses Tol Mohammad Toha","ref":""}},
{"type":"Feature","geometry":{"type":"LineString","coordinates":[[107.6192733,-6.8999367],[107.6192514,-6.8994349]]},"properties":{"name":"Jalan Sentot Alibasyah","ref":"387"}},
{"type":"Feature","geometry":{"type":"LineString","coordinates":[[107.6313458,-6.9186198],[107.6307188,-6.9173125]]},"properties":{"name":"Jalan Laswi","ref":"377"}},
{"type":"Feature","geometry":{"type":"LineString","coordinates":[[107.6130211,-6.8937711],[107.6130825,-6.8937804]]},"properties":{"name":"Jalan Ganesha","ref":""}},
{"type":"Feature","geometry":{"type":"LineString","coordinates":[[107.6061633,-6.9376173],[107.6061721,-6.9375256]]},"properties":{"name":"Jalan Mohammad Toha","ref":"161"}},
{"type":"Feature","geometry":{"type":"LineString","coordinates":[[107.6301321,-6.9069718],[107.629845,-6.9065172]]},"properties":{"name":"Jalan Supratman","ref":"380"}},
{"type":"Feature","geometry":{"type":"LineString","coordinates":[[107.6178188,-6.8923923],[107.6179955,-6.8925877]]},"properties":{"name":"Jalan Dipatiukur","ref":"2137"}},
{"type":"Feature","geometry":{"type":"LineString","coordinates":[[107.613998,-6.8948395],[107.6130082,-6.8948099]]},"properties":{"name":"Jalan Hasanudin","ref":""}},
{"type":"Feature","geometry":{"type":"LineString","coordinates":[[107.624855,-6.9011253],[107.6248142,-6.9011269]]},"properties":{"name":"Jalan Diponegoro","ref":"381"}},
{"type":"Feature","geometry":{"type":"LineString","coordinates":[[107.6127959,-6.9377381],[107.6192607,-6.9380784],[107.620207,-6.9380111]]},"properties":{"name":"Jalan BKR","ref":"375"}},
{"type":"Feature","geometry":{"type":"LineString","coordinates":[[107.6096639,-6.9376389],[107.6113683,-6.9376957]]},"properties":{"name":"Jalan BKR","ref":"375"}},
{"type":"Feature","geometry":{"type":"LineString","coordinates":[[107.6086676,-6.9461425],[107.6076477,-6.9431556]]},"properties":{"name":"Jalan Mohammad Toha","ref":"161"}},
{"type":"Feature","geometry":{"type":"LineString","coordinates":[[107.6264291,-6.9295004],[107.6269788,-6.9273388]]},"properties":{"name":"Jalan Pelajar Pejuang 45","ref":"376"}},
{"type":"Feature","geometry":{"type":"LineString","coordinates":[[107.6257279,-6.9322848],[107.6263851,-6.9296738]]},"properties":{"name":"Jalan Pelajar Pejuang 45","ref":"376"}},
{"type":"Feature","geometry":{"type":"LineString","coordinates":[[107.6193022,-6.9012716],[107.6193024,-6.9011929]]},"properties":{"name":"Jalan Sentot Alibasyah","ref":"387"}},
{"type":"Feature","geometry":{"type":"LineString","coordinates":[[107.6089854,-6.9482416],[107.6093038,-6.9479813]]},"properties":{"name":"","ref":""}},
{"type":"Feature","geometry":{"type":"LineString","coordinates":[[107.6095322,-6.9486416],[107.6089974,-6.9483475]]},"properties":{"name":"","ref":""}},
{"type":"Feature","geometry":{"type":"LineString","coordinates":[[107.620207,-6.9380111],[107.6204439,-6.9379553]]},"properties":{"name":"Jalan BKR","ref":"375"}},
{"type":"Feature","geometry":{"type":"LineString","coordinates":[[107.621238,-6.9376849],[107.6224276,-6.9371006]]},"properties":{"name":"Jalan BKR","ref":"375"}},
{"type":"Feature","geometry":{"type":"LineString","coordinates":[[107.6162456,-6.8994129],[107.6150711,-6.9006334]]},"properties":{"name":"Jalan Aria Jipang","ref":"386"}},
{"type":"Feature","geometry":{"type":"LineString","coordinates":[[107.6306223,-6.907732],[107.6297436,-6.9082432],[107.6293885,-6.9081299]]},"properties":{"name":"Jalan Lapang Supratman","ref":"2228"}},
{"type":"Feature","geometry":{"type":"LineString","coordinates":[[107.7640121,-6.9510671],[107.7641203,-6.9512651],[107.7638858,-6.9513467]]},"properties":{"name":"","ref":""}},
{"type":"Feature","geometry":{"type":"LineString","coordinates":[[107.6311335,-6.9151604],[107.6333413,-6.9139888]]},"properties":{"name":"Jalan Jenderal Ahmad Yani","ref":"378"}},
{"type":"Feature","geometry":{"type":"LineString","coordinates":[[107.629845,-6.9065172],[107.6265672,-6.9015367],[107.6261654,-6.9011784]]},"properties":{"name":"Jalan Supratman","ref":"380"}},
{"type":"Feature","geometry":{"type":"LineString","coordinates":[[107.7675768,-6.9350493],[107.7590556,-6.9375224],[107.7575017,-6.9377983]]},"properties":{"name":"Jalan Raya Jatinangor","ref":"11"}},
{"type":"Feature","geometry":{"type":"LineString","coordinates":[[107.6300893,-6.9160089],[107.6299922,-6.9158161]]},"properties":{"name":"Jalan Laswi","ref":"377"}},
{"type":"Feature","geometry":{"type":"LineString","coordinates":[[107.7555143,-6.9419798],[107.7578933,-6.944712],[107.758233,-6.9461825]]},"properties":{"name":"Jalan Raya Cipacing","ref":"13"}},
{"type":"Feature","geometry":{"type":"LineString","coordinates":[[107.6176835,-6.8943336],[107.6179191,-6.893871],[107.6178188,-6.8923923]]},"properties":{"name":"Jalan Dipatiukur","ref":"2137"}},
{"type":"Feature","geometry":{"type":"LineString","coordinates":[[107.7733603,-6.9333503],[107.773198,-6.9333982]]},"properties":{"name":"Jalan Raya Jatinangor","ref":"11"}},
{"type":"Feature","geometry":{"type":"LineString","coordinates":[[107.7762652,-6.9325853],[107.7733603,-6.9333503]]},"properties":{"name":"Jalan Raya Jatinangor","ref":"11"}},
{"type":"Feature","geometry":{"type":"LineString","coordinates":[[107.6176835,-6.8943336],[107.6174318,-6.8947388]]},"properties":{"name":"Jalan Dipatiukur","ref":"2137"}},
{"type":"Feature","geometry":{"type":"LineString","coordinates":[[107.7758563,-6.9316463],[107.7762363,-6.9317185]]},"properties":{"name":"Jalan Raya Jatinangor","ref":"11"}},
{"type":"Feature","geometry":{"type":"LineString","coordinates":[[107.6117909,-6.9555998],[107.6116741,-6.9552221]]},"properties":{"name":"Jalan Mohammad Toha","ref":"161"}},
{"type":"Feature","geometry":{"type":"LineString","coordinates":[[107.6061483,-6.9378682],[107.6061633,-6.9376173]]},"properties":{"name":"Jalan Mohammad Toha","ref":"161"}},
{"type":"Feature","geometry":{"type":"LineString","coordinates":[[107.6116113,-6.9549027],[107.609996,-6.9500355]]},"properties":{"name":"Jalan Mohammad Toha","ref":"161"}},
{"type":"Feature","geometry":{"type":"LineString","coordinates":[[107.606583,-6.9375409],[107.6084176,-6.9375995]]},"properties":{"name":"Jalan BKR","ref":"375"}},
{"type":"Feature","geometry":{"type":"LineString","coordinates":[[107.6181567,-6.899379],[107.6167125,-6.8991863]]},"properties":{"name":"Jalan Surapati","ref":""}},
{"type":"Feature","geometry":{"type":"LineString","coordinates":[[107.6254318,-6.9335047],[107.625634,-6.9326543]]},"properties":{"name":"Jalan Pelajar Pejuang 45","ref":"376"}},
{"type":"Feature","geometry":{"type":"LineString","coordinates":[[107.6224276,-6.9371006],[107.6226877,-6.9369246]]},"properties":{"name":"Jalan BKR","ref":"375"}},
{"type":"Feature","geometry":{"type":"LineString","coordinates":[[107.6061749,-6.938344],[107.6061483,-6.9378682]]},"properties":{"name":"Jalan Mohammad Toha","ref":"161"}},
{"type":"Feature","geometry":{"type":"LineString","coordinates":[[107.6303085,-6.9155587],[107.6311335,-6.9151604]]},"properties":{"name":"Jalan Jenderal Ahmad Yani","ref":"378"}},
{"type":"Feature","geometry":{"type":"LineString","coordinates":[[107.6305572,-6.921776],[107.6310227,-6.9199664]]},"properties":{"name":"Jalan Laswi","ref":"377"}},
{"type":"Feature","geometry":{"type":"LineString","coordinates":[[107.630505,-6.9219065],[107.6305572,-6.921776]]},"properties":{"name":"Jalan Laswi","ref":"377"}},
{"type":"Feature","geometry":{"type":"LineString","coordinates":[[107.7582047,-6.9463533],[107.7581185,-6.9462528]]},"properties":{"name":"Jalan Raya Cipacing","ref":"13"}},
{"type":"Feature","geometry":{"type":"LineString","coordinates":[[107.758233,-6.9461825],[107.7583334,-6.9463236]]},"properties":{"name":"Jalan Raya Cipacing","ref":"13"}},
{"type":"Feature","geometry":{"type":"LineString","coordinates":[[107.7583334,-6.9463236],[107.7630768,-6.9504644],[107.7640121,-6.9510671]]},"properties":{"name":"Jalan Raya Cipacing","ref":"13"}},
{"type":"Feature","geometry":{"type":"LineString","coordinates":[[107.7637278,-6.9512076],[107.7582047,-6.9463533]]},"properties":{"name":"Jalan Raya Cipacing","ref":"13"}},
{"type":"Feature","geometry":{"type":"LineString","coordinates":[[107.6054387,-6.9480071],[107.6089854,-6.9482416]]},"properties":{"name":"Jalan Soekarno-Hatta","ref":"11"}},
{"type":"Feature","geometry":{"type":"LineString","coordinates":[[107.6089974,-6.9483475],[107.6054314,-6.9481041]]},"properties":{"name":"Jalan Soekarno-Hatta","ref":"11"}},
{"type":"Feature","geometry":{"type":"LineString","coordinates":[[107.6242877,-6.9636447],[107.6240196,-6.9635519]]},"properties":{"name":"Jalan Tol Padalarang–Cileunyi","ref":"4"}},
{"type":"Feature","geometry":{"type":"LineString","coordinates":[[107.6280445,-6.9645778],[107.6242877,-6.9636447]]},"properties":{"name":"Jalan Tol Padalarang–Cileunyi","ref":"4"}},
{"type":"Feature","geometry":{"type":"LineString","coordinates":[[107.6293885,-6.9081299],[107.6292485,-6.9079205]]},"properties":{"name":"Jalan Lapang Supratman","ref":"2228"}},
{"type":"Feature","geometry":{"type":"LineString","coordinates":[[107.6125313,-6.9002122],[107.6126165,-6.9002542]]},"properties":{"name":"Jalan Sulanjana","ref":""}},
{"type":"Feature","geometry":{"type":"LineString","coordinates":[[107.6096024,-6.8976029],[107.6095964,-6.8977261]]},"properties":{"name":"Jalan Tamansari","ref":"2380"}},
{"type":"Feature","geometry":{"type":"LineString","coordinates":[[107.7500992,-6.9452682],[107.7496368,-6.9449014],[107.7492184,-6.9448102],[107.7471611,-6.9454913]]},"properties":{"name":"Simpang Susun Cileunyi","ref":""}},
{"type":"Feature","geometry":{"type":"LineString","coordinates":[[107.6115714,-6.9559139],[107.6117909,-6.9555998]]},"properties":{"name":"Jalan Akses Tol Mohammad Toha","ref":""}},
{"type":"Feature","geometry":{"type":"LineString","coordinates":[[107.6116741,-6.9552221],[107.6116113,-6.9549027]]},"properties":{"name":"Jalan Mohammad Toha","ref":"161"}},
{"type":"Feature","geometry":{"type":"LineString","coordinates":[[107.7471611,-6.9454913],[107.7455018,-6.9461073],[107.7429282,-6.9473374],[107.7301632,-6.9542907]]},"properties":{"name":"Jalan Tol Padalarang–Cileunyi","ref":"4"}},
{"type":"Feature","geometry":{"type":"LineString","coordinates":[[107.7010781,-6.9688314],[107.7008012,-6.9689116]]},"properties":{"name":"Jalan Tol Padalarang–Cileunyi","ref":"4"}},
{"type":"Feature","geometry":{"type":"LineString","coordinates":[[107.7044989,-6.9676661],[107.7010781,-6.9688314]]},"properties":{"name":"Jalan Tol Padalarang–Cileunyi","ref":"4"}},
{"type":"Feature","geometry":{"type":"LineString","coordinates":[[107.6428164,-6.9657886],[107.6419944,-6.9659046]]},"properties":{"name":"Jalan Tol Padalarang–Cileunyi","ref":"4"}},
{"type":"Feature","geometry":{"type":"LineString","coordinates":[[107.6419944,-6.9659046],[107.6408898,-6.9659908]]},"properties":{"name":"Jalan Tol Padalarang–Cileunyi","ref":"4"}},
{"type":"Feature","geometry":{"type":"LineString","coordinates":[[107.6054387,-6.9480071],[107.6054314,-6.9481041]]},"properties":{"name":"","ref":""}},
{"type":"Feature","geometry":{"type":"LineString","coordinates":[[107.7575017,-6.9377983],[107.7573797,-6.9378122]]},"properties":{"name":"Jalan Raya Jatinangor","ref":"11"}},
{"type":"Feature","geometry":{"type":"LineString","coordinates":[[107.7573797,-6.9378122],[107.7567036,-6.9379558],[107.756603,-6.938276]]},"properties":{"name":"Jalan Raya Jatinangor","ref":"11"}},
{"type":"Feature","geometry":{"type":"LineString","coordinates":[[107.6337961,-6.9137089],[107.6342643,-6.9134642]]},"properties":{"name":"Jalan Jenderal Ahmad Yani","ref":"378"}},
{"type":"Feature","geometry":{"type":"LineString","coordinates":[[107.6235951,-6.9361186],[107.6247775,-6.9349311]]},"properties":{"name":"Jalan Pelajar Pejuang 45","ref":"376"}},
{"type":"Feature","geometry":{"type":"LineString","coordinates":[[107.6093542,-6.8987039],[107.6093049,-6.898862]]},"properties":{"name":"Jalan Tamansari","ref":"2380"}},
{"type":"Feature","geometry":{"type":"LineString","coordinates":[[107.619423,-6.9012693],[107.6193022,-6.9012716]]},"properties":{"name":"Jalan Diponegoro","ref":"381"}},
{"type":"Feature","geometry":{"type":"LineString","coordinates":[[107.609996,-6.9500355],[107.6095322,-6.9486416]]},"properties":{"name":"Jalan Mohammad Toha","ref":"161"}},
{"type":"Feature","geometry":{"type":"LineString","coordinates":[[107.6307188,-6.9173125],[107.6300893,-6.9160089]]},"properties":{"name":"Jalan Laswi","ref":"377"}},
{"type":"Feature","geometry":{"type":"LineString","coordinates":[[107.6342643,-6.9134642],[107.6332282,-6.9117173]]},"properties":{"name":"Jalan Supratman","ref":"380"}},
{"type":"Feature","geometry":{"type":"LineString","coordinates":[[107.7520362,-6.9424513],[107.7513524,-6.9424168],[107.7509393,-6.9426483],[107.7508674,-6.9449095],[107.7505821,-6.94528],[107.7500992,-6.9452682]]},"properties":{"name":"Simpang Susun Cileunyi","ref":""}},
{"type":"Feature","geometry":{"type":"LineString","coordinates":[[107.7543319,-6.9418661],[107.7534411,-6.9423494],[107.7527053,-6.9424866]]},"properties":{"name":"Simpang Susun Cileunyi","ref":""}},
{"type":"Feature","geometry":{"type":"LineString","coordinates":[[107.7555798,-6.9424232],[107.754807,-6.9418299],[107.7543319,-6.9418661]]},"properties":{"name":"Simpang Susun Cileunyi","ref":""}},
{"type":"Feature","geometry":{"type":"LineString","coordinates":[[107.625296,-6.9011083],[107.624855,-6.9011253]]},"properties":{"name":"Jalan Diponegoro","ref":"381"}},
{"type":"Feature","geometry":{"type":"LineString","coordinates":[[107.6127538,-6.9377388],[107.6127959,-6.9377381]]},"properties":{"name":"Jalan BKR","ref":"375"}},
{"type":"Feature","geometry":{"type":"LineString","coordinates":[[107.6090705,-6.9376195],[107.6096639,-6.9376389]]},"properties":{"name":"Jalan BKR","ref":"375"}},
{"type":"Feature","geometry":{"type":"LineString","coordinates":[[107.6271642,-6.9265982],[107.6273607,-6.9260252]]},"properties":{"name":"Jalan Layang Laswi - Pelajar Pejuang 45","ref":"376"}},
{"type":"Feature","geometry":{"type":"LineString","coordinates":[[107.6292485,-6.9079205],[107.6293847,-6.9074925],[107.6301321,-6.9069718]]},"properties":{"name":"Jalan Lapang Supratman","ref":"2228"}},
{"type":"Feature","geometry":{"type":"LineString","coordinates":[[107.6061721,-6.9375256],[107.6062333,-6.9375301]]},"properties":{"name":"Jalan BKR","ref":"375"}},
{"type":"Feature","geometry":{"type":"LineString","coordinates":[[107.7581185,-6.9462528],[107.7577769,-6.9447825],[107.7555798,-6.9424232]]},"properties":{"name":"Jalan Raya Cipacing","ref":"13"}},
{"type":"Feature","geometry":{"type":"LineString","coordinates":[[107.7638858,-6.9513467],[107.7637278,-6.9512076]]},"properties":{"name":"Jalan Raya Cipacing","ref":"13"}},
{"type":"Feature","geometry":{"type":"LineString","coordinates":[[107.6062333,-6.9375301],[107.606583,-6.9375409]]},"properties":{"name":"Jalan BKR","ref":"375"}},
{"type":"Feature","geometry":{"type":"LineString","coordinates":[[107.6193024,-6.9011929],[107.6192733,-6.8999367]]},"properties":{"name":"Jalan Sentot Alibasyah","ref":"387"}},
{"type":"Feature","geometry":{"type":"LineString","coordinates":[[107.6333413,-6.9139888],[107.6337961,-6.9137089]]},"properties":{"name":"Jalan Jenderal Ahmad Yani","ref":"378"}},
{"type":"Feature","geometry":{"type":"LineString","coordinates":[[107.6285299,-6.9231566],[107.6288204,-6.9229136]]},"properties":{"name":"Jalan Layang Laswi - Pelajar Pejuang 45","ref":"377"}},
{"type":"Feature","geometry":{"type":"LineString","coordinates":[[107.6288204,-6.9229136],[107.6291932,-6.9227271]]},"properties":{"name":"Jalan Laswi","ref":"377"}},
{"type":"Feature","geometry":{"type":"LineString","coordinates":[[107.6291932,-6.9227271],[107.6301417,-6.9222589],[107.630505,-6.9219065]]},"properties":{"name":"Jalan Laswi","ref":"377"}},
{"type":"Feature","geometry":{"type":"LineString","coordinates":[[107.609539,-6.8982797],[107.6093542,-6.8987039]]},"properties":{"name":"Jalan Tamansari","ref":"2380"}},
{"type":"Feature","geometry":{"type":"LineString","coordinates":[[107.6408898,-6.9659908],[107.6383527,-6.9658664]]},"properties":{"name":"Jalan Tol Padalarang–Cileunyi","ref":"4"}},
{"type":"Feature","geometry":{"type":"LineString","coordinates":[[107.6253574,-6.9011085],[107.625296,-6.9011083]]},"properties":{"name":"Jalan Diponegoro","ref":"381"}},
{"type":"Feature","geometry":{"type":"LineString","coordinates":[[107.6269788,-6.9273388],[107.6271642,-6.9265982]]},"properties":{"name":"Jalan Pelajar Pejuang 45","ref":"376"}},
{"type":"Feature","geometry":{"type":"LineString","coordinates":[[107.6247775,-6.9349311],[107.6251837,-6.9343381],[107.6254318,-6.9335047]]},"properties":{"name":"Jalan Pelajar Pejuang 45","ref":"376"}},
{"type":"Feature","geometry":{"type":"LineString","coordinates":[[107.6204439,-6.9379553],[107.621238,-6.9376849]]},"properties":{"name":"Jalan BKR","ref":"375"}},
{"type":"Feature","geometry":{"type":"LineString","coordinates":[[107.609463,-6.8995343],[107.6094395,-6.8994003]]},"properties":{"name":"Jalan Tamansari","ref":"2380"}},
{"type":"Feature","geometry":{"type":"LineString","coordinates":[[107.6095896,-6.8994756],[107.609463,-6.8995343]]},"properties":{"name":"Jalan Tamansari","ref":"2380"}},
{"type":"Feature","geometry":{"type":"LineString","coordinates":[[107.7736926,-6.9323109],[107.7751265,-6.9317665],[107.7758563,-6.9316463]]},"properties":{"name":"Jalan Raya Jatinangor","ref":"11"}},
{"type":"Feature","geometry":{"type":"LineString","coordinates":[[107.7734495,-6.9323206],[107.7736926,-6.9323109]]},"properties":{"name":"Pangkalan DAMRI Jatinangor","ref":""}},
{"type":"Feature","geometry":{"type":"LineString","coordinates":[[107.6093049,-6.898862],[107.6093337,-6.899255]]},"properties":{"name":"Jalan Tamansari","ref":"2380"}},
{"type":"Feature","geometry":{"type":"LineString","coordinates":[[107.6093337,-6.899255],[107.6094395,-6.8994003]]},"properties":{"name":"Jalan Tamansari","ref":"2380"}},
{"type":"Feature","geometry":{"type":"LineString","coordinates":[[107.6376421,-6.9657635],[107.6327136,-6.9651719]]},"properties":{"name":"Jalan Tol Padalarang–Cileunyi","ref":"4"}},
{"type":"Feature","geometry":{"type":"LineString","coordinates":[[107.6300393,-6.9157014],[107.6303085,-6.9155587]]},"properties":{"name":"Jalan Jenderal Ahmad Yani","ref":"378"}},
{"type":"Feature","geometry":{"type":"LineString","coordinates":[[107.6299922,-6.9158161],[107.6299627,-6.9157488]]},"properties":{"name":"Jalan Laswi","ref":"377"}},
{"type":"Feature","geometry":{"type":"LineString","coordinates":[[107.6256715,-6.9325087],[107.6256947,-6.9324168]]},"properties":{"name":"Jalan Pelajar Pejuang 45","ref":"376"}},
{"type":"Feature","geometry":{"type":"LineString","coordinates":[[107.6134712,-6.9004601],[107.6150711,-6.9006334]]},"properties":{"name":"Jalan Diponegoro","ref":"381"}},
{"type":"Feature","geometry":{"type":"LineString","coordinates":[[107.756603,-6.938276],[107.7567382,-6.9389134]]},"properties":{"name":"Jalan Sindangsari","ref":"11"}},
{"type":"Feature","geometry":{"type":"LineString","coordinates":[[107.7556492,-6.9414928],[107.755476,-6.9417148],[107.7555143,-6.9419798]]},"properties":{"name":"","ref":"13"}},
{"type":"Feature","geometry":{"type":"LineString","coordinates":[[107.6095612,-6.898037],[107.6095795,-6.8979008]]},"properties":{"name":"Jalan Tamansari","ref":"2380"}},
{"type":"Feature","geometry":{"type":"LineString","coordinates":[[107.6273607,-6.9260252],[107.6276616,-6.9247914]]},"properties":{"name":"Jalan Layang Laswi - Pelajar Pejuang 45","ref":"376"}},
{"type":"Feature","geometry":{"type":"LineString","coordinates":[[107.6226877,-6.9369246],[107.6227233,-6.9368982]]},"properties":{"name":"Jalan Pelajar Pejuang 45","ref":"376"}},
{"type":"Feature","geometry":{"type":"LineString","coordinates":[[107.6310227,-6.9199664],[107.6313572,-6.9186866]]},"properties":{"name":"Jalan Laswi","ref":"377"}},
{"type":"Feature","geometry":{"type":"LineString","coordinates":[[107.6084176,-6.9375995],[107.6090705,-6.9376195]]},"properties":{"name":"Jalan BKR","ref":"375"}},
{"type":"Feature","geometry":{"type":"LineString","coordinates":[[107.6113683,-6.9376957],[107.6127538,-6.9377388]]},"properties":{"name":"Jalan BKR","ref":"375"}},
{"type":"Feature","geometry":{"type":"LineString","coordinates":[[107.6076477,-6.9431556],[107.6061749,-6.938344]]},"properties":{"name":"Jalan Mohammad Toha","ref":"161"}},
{"type":"Feature","geometry":{"type":"LineString","coordinates":[[107.6263851,-6.9296738],[107.6264291,-6.9295004]]},"properties":{"name":"Jalan Pelajar Pejuang 45","ref":"376"}},
{"type":"Feature","geometry":{"type":"LineString","coordinates":[[107.6149218,-6.8948399],[107.6144033,-6.8948409]]},"properties":{"name":"Jalan Hasanudin","ref":""}},
{"type":"Feature","geometry":{"type":"LineString","coordinates":[[107.6144033,-6.8948409],[107.613998,-6.8948395]]},"properties":{"name":"Jalan Hasanudin","ref":""}},
{"type":"Feature","geometry":{"type":"LineString","coordinates":[[107.6313572,-6.9186866],[107.6313458,-6.9186198]]},"properties":{"name":"Jalan Laswi","ref":"377"}},
{"type":"Feature","geometry":{"type":"LineString","coordinates":[[107.6093038,-6.9479813],[107.6086676,-6.9461425]]},"properties":{"name":"Jalan Mohammad Toha","ref":"161"}},
{"type":"Feature","geometry":{"type":"LineString","coordinates":[[107.6095964,-6.8977261],[107.6095795,-6.8979008]]},"properties":{"name":"Jalan Tamansari","ref":"2380"}},
{"type":"Feature","geometry":{"type":"LineString","coordinates":[[107.6096043,-6.8975557],[107.6096158,-6.8967239],[107.6094398,-6.8959853],[107.6085721,-6.8944755],[107.608451,-6.8938318]]},"properties":{"name":"Jalan Tamansari","ref":"2380"}},
{"type":"Feature","geometry":{"type":"LineString","coordinates":[[107.6085312,-6.9569907],[107.6108621,-6.9561653]]},"properties":{"name":"Jalan Akses Tol Mohammad Toha","ref":""}},
{"type":"Feature","geometry":{"type":"LineString","coordinates":[[107.6085312,-6.9569907],[107.6075633,-6.9573828],[107.6069192,-6.9579126],[107.6064008,-6.9587544],[107.6062444,-6.9594034]]},"properties":{"name":"Jalan Akses Tol Mohammad Toha","ref":""}},
{"type":"Feature","geometry":{"type":"LineString","coordinates":[[107.6059883,-6.9617334],[107.605815,-6.96263],[107.6054071,-6.9631065],[107.6045361,-6.9634063],[107.6038054,-6.9631817]]},"properties":{"name":"Simpang Susun Mohammad Toha","ref":""}},
{"type":"Feature","geometry":{"type":"LineString","coordinates":[[107.6060328,-6.9612843],[107.6059883,-6.9617334]]},"properties":{"name":"Simpang Susun Mohammad Toha","ref":""}},
{"type":"Feature","geometry":{"type":"LineString","coordinates":[[107.6052772,-6.9616227],[107.603762,-6.9618832],[107.6034793,-6.9620502],[107.6034723,-6.9627731],[107.6038054,-6.9631817]]},"properties":{"name":"Simpang Susun Mohammad Toha","ref":""}},
{"type":"Feature","geometry":{"type":"LineString","coordinates":[[107.6062444,-6.9594034],[107.6060328,-6.9612843]]},"properties":{"name":"Simpang Susun Mohammad Toha","ref":""}},
{"type":"Feature","geometry":{"type":"LineString","coordinates":[[107.7732761,-6.9323235],[107.7734495,-6.9323206]]},"properties":{"name":"Pangkalan DAMRI Jatinangor","ref":""}},
{"type":"Feature","geometry":{"type":"LineString","coordinates":[[107.7527053,-6.9424866],[107.7523857,-6.9424652]]},"properties":{"name":"Simpang Susun Cileunyi","ref":""}},
{"type":"Feature","geometry":{"type":"LineString","coordinates":[[107.6192514,-6.8994349],[107.6191325,-6.8993561]]},"properties":{"name":"Jalan Sentot Alibasyah","ref":"387"}},
{"type":"Feature","geometry":{"type":"LineString","coordinates":[[107.6174318,-6.8947388],[107.6160516,-6.8948686]]},"properties":{"name":"Jalan Hasanudin","ref":""}},
{"type":"Feature","geometry":{"type":"LineString","coordinates":[[107.6191325,-6.8993561],[107.6181567,-6.899379]]},"properties":{"name":"Jalan Surapati","ref":""}},
{"type":"Feature","geometry":{"type":"LineString","coordinates":[[107.773198,-6.9333982],[107.7730158,-6.9334383]]},"properties":{"name":"Jalan Raya Jatinangor","ref":"11"}},
{"type":"Feature","geometry":{"type":"LineString","coordinates":[[107.7730158,-6.9334383],[107.7723042,-6.9336259]]},"properties":{"name":"Jalan Raya Jatinangor","ref":"11"}},
{"type":"Feature","geometry":{"type":"LineString","coordinates":[[107.7723042,-6.9336259],[107.7719763,-6.9337339]]},"properties":{"name":"Jalan Raya Jatinangor","ref":"11"}},
{"type":"Feature","geometry":{"type":"LineString","coordinates":[[107.7719763,-6.9337339],[107.7716528,-6.9338358]]},"properties":{"name":"Jalan Raya Jatinangor","ref":"11"}},
{"type":"Feature","geometry":{"type":"LineString","coordinates":[[107.7716528,-6.9338358],[107.7714354,-6.9339085]]},"properties":{"name":"Jalan Raya Jatinangor","ref":"11"}},
{"type":"Feature","geometry":{"type":"LineString","coordinates":[[107.7714354,-6.9339085],[107.7709605,-6.9340638]]},"properties":{"name":"Jalan Raya Jatinangor","ref":"11"}},
{"type":"Feature","geometry":{"type":"LineString","coordinates":[[107.7709605,-6.9340638],[107.7702364,-6.9342916]]},"properties":{"name":"Jalan Raya Jatinangor","ref":"11"}},
{"type":"Feature","geometry":{"type":"LineString","coordinates":[[107.7702364,-6.9342916],[107.7701854,-6.9343067]]},"properties":{"name":"Jalan Raya Jatinangor","ref":"11"}},
{"type":"Feature","geometry":{"type":"LineString","coordinates":[[107.7701854,-6.9343067],[107.7700339,-6.9343516]]},"properties":{"name":"Jalan Raya Jatinangor","ref":"11"}},
{"type":"Feature","geometry":{"type":"LineString","coordinates":[[107.7700339,-6.9343516],[107.7699868,-6.9343642]]},"properties":{"name":"Jalan Raya Jatinangor","ref":"11"}},
{"type":"Feature","geometry":{"type":"LineString","coordinates":[[107.7699868,-6.9343642],[107.7698756,-6.9343962]]},"properties":{"name":"Jalan Raya Jatinangor","ref":"11"}},
{"type":"Feature","geometry":{"type":"LineString","coordinates":[[107.7698756,-6.9343962],[107.7697367,-6.9344344]]},"properties":{"name":"Jalan Raya Jatinangor","ref":"11"}},
{"type":"Feature","geometry":{"type":"LineString","coordinates":[[107.7697367,-6.9344344],[107.7689424,-6.9346581]]},"properties":{"name":"Jalan Raya Jatinangor","ref":"11"}},
{"type":"Feature","geometry":{"type":"LineString","coordinates":[[107.7689424,-6.9346581],[107.7687964,-6.9347019]]},"properties":{"name":"Jalan Raya Jatinangor","ref":"11"}},
{"type":"Feature","geometry":{"type":"LineString","coordinates":[[107.7687964,-6.9347019],[107.7684592,-6.9347916]]},"properties":{"name":"Jalan Raya Jatinangor","ref":"11"}},
{"type":"Feature","geometry":{"type":"LineString","coordinates":[[107.7684592,-6.9347916],[107.7683791,-6.9348137]]},"properties":{"name":"Jalan Raya Jatinangor","ref":"11"}},
{"type":"Feature","geometry":{"type":"LineString","coordinates":[[107.7683791,-6.9348137],[107.7682046,-6.9348619]]},"properties":{"name":"Jalan Raya Jatinangor","ref":"11"}},
{"type":"Feature","geometry":{"type":"LineString","coordinates":[[107.7682046,-6.9348619],[107.7676197,-6.9350369]]},"properties":{"name":"Jalan Raya Jatinangor","ref":"11"}},
{"type":"Feature","geometry":{"type":"LineString","coordinates":[[107.7676197,-6.9350369],[107.7675768,-6.9350493]]},"properties":{"name":"Jalan Raya Jatinangor","ref":"11"}},
{"type":"Feature","geometry":{"type":"LineString","coordinates":[[107.625634,-6.9326543],[107.6256715,-6.9325087]]},"properties":{"name":"Jalan Pelajar Pejuang 45","ref":"376"}},
{"type":"Feature","geometry":{"type":"LineString","coordinates":[[107.6256947,-6.9324168],[107.6257279,-6.9322848]]},"properties":{"name":"Jalan Pelajar Pejuang 45","ref":"376"}},
{"type":"Feature","geometry":{"type":"LineString","coordinates":[[107.6236741,-6.9011631],[107.6234939,-6.9011666]]},"properties":{"name":"Jalan Diponegoro","ref":"381"}},
{"type":"Feature","geometry":{"type":"LineString","coordinates":[[107.6234939,-6.9011666],[107.6232646,-6.901171]]},"properties":{"name":"Jalan Diponegoro","ref":"381"}},
{"type":"Feature","geometry":{"type":"LineString","coordinates":[[107.6232646,-6.901171],[107.6231861,-6.9011725]]},"properties":{"name":"Jalan Diponegoro","ref":"381"}},
{"type":"Feature","geometry":{"type":"LineString","coordinates":[[107.6231861,-6.9011725],[107.6229595,-6.9011769]]},"properties":{"name":"Jalan Diponegoro","ref":"381"}},
{"type":"Feature","geometry":{"type":"LineString","coordinates":[[107.6229595,-6.9011769],[107.6229193,-6.9011777]]},"properties":{"name":"Jalan Diponegoro","ref":"381"}},
{"type":"Feature","geometry":{"type":"LineString","coordinates":[[107.6229193,-6.9011777],[107.6227,-6.901182]]},"properties":{"name":"Jalan Diponegoro","ref":"381"}},
{"type":"Feature","geometry":{"type":"LineString","coordinates":[[107.6227,-6.901182],[107.6226543,-6.9011828]]},"properties":{"name":"Jalan Diponegoro","ref":"381"}},
{"type":"Feature","geometry":{"type":"LineString","coordinates":[[107.6226543,-6.9011828],[107.6224364,-6.9011901]]},"properties":{"name":"Jalan Diponegoro","ref":"381"}},
{"type":"Feature","geometry":{"type":"LineString","coordinates":[[107.6224364,-6.9011901],[107.6223306,-6.9011924]]},"properties":{"name":"Jalan Diponegoro","ref":"381"}},
{"type":"Feature","geometry":{"type":"LineString","coordinates":[[107.6223306,-6.9011924],[107.6222064,-6.9011951]]},"properties":{"name":"Jalan Diponegoro","ref":"381"}},
{"type":"Feature","geometry":{"type":"LineString","coordinates":[[107.6222064,-6.9011951],[107.6216513,-6.9012073]]},"properties":{"name":"Jalan Diponegoro","ref":"381"}},
{"type":"Feature","geometry":{"type":"LineString","coordinates":[[107.6216513,-6.9012073],[107.6215707,-6.9012091]]},"properties":{"name":"Jalan Diponegoro","ref":"381"}},
{"type":"Feature","geometry":{"type":"LineString","coordinates":[[107.6215707,-6.9012091],[107.6210608,-6.9012202]]},"properties":{"name":"Jalan Diponegoro","ref":"381"}},
{"type":"Feature","geometry":{"type":"LineString","coordinates":[[107.6210608,-6.9012202],[107.6208411,-6.9012258]]},"properties":{"name":"Jalan Diponegoro","ref":"381"}},
{"type":"Feature","geometry":{"type":"LineString","coordinates":[[107.6248142,-6.9011269],[107.6245024,-6.9011404]]},"properties":{"name":"Jalan Diponegoro","ref":"381"}},
{"type":"Feature","geometry":{"type":"LineString","coordinates":[[107.6245024,-6.9011404],[107.6243173,-6.9011486]]},"properties":{"name":"Jalan Diponegoro","ref":"381"}},
{"type":"Feature","geometry":{"type":"LineString","coordinates":[[107.6243173,-6.9011486],[107.6240859,-6.9011536]]},"properties":{"name":"Jalan Diponegoro","ref":"381"}},
{"type":"Feature","geometry":{"type":"LineString","coordinates":[[107.6240859,-6.9011536],[107.6240223,-6.9011551]]},"properties":{"name":"Jalan Diponegoro","ref":"381"}},
{"type":"Feature","geometry":{"type":"LineString","coordinates":[[107.6240223,-6.9011551],[107.6238271,-6.9011596]]},"properties":{"name":"Jalan Diponegoro","ref":"381"}},
{"type":"Feature","geometry":{"type":"LineString","coordinates":[[107.6238271,-6.9011596],[107.6237622,-6.9011611]]},"properties":{"name":"Jalan Diponegoro","ref":"381"}},
{"type":"Feature","geometry":{"type":"LineString","coordinates":[[107.6237622,-6.9011611],[107.6236741,-6.9011631]]},"properties":{"name":"Jalan Diponegoro","ref":"381"}},
{"type":"Feature","geometry":{"type":"LineString","coordinates":[[107.6208411,-6.9012258],[107.619705,-6.9012645]]},"properties":{"name":"Jalan Diponegoro","ref":"381"}},
{"type":"Feature","geometry":{"type":"LineString","coordinates":[[107.619705,-6.9012645],[107.619423,-6.9012693]]},"properties":{"name":"Jalan Diponegoro","ref":"381"}},
{"type":"Feature","geometry":{"type":"LineString","coordinates":[[107.6130825,-6.8937804],[107.6130082,-6.8948099]]},"properties":{"name":"Jalan Ir. H. Djuanda","ref":"2182"}},
{"type":"Feature","geometry":{"type":"LineString","coordinates":[[107.6095896,-6.8994756],[107.6099669,-6.899504]]},"properties":{"name":"Jalan Sulanjana","ref":"2354"}},
{"type":"Feature","geometry":{"type":"LineString","coordinates":[[107.6278076,-6.9242181],[107.6280744,-6.9236111],[107.6285299,-6.9231566]]},"properties":{"name":"Jalan Layang Laswi - Pelajar Pejuang 45","ref":"377"}},
{"type":"Feature","geometry":{"type":"LineString","coordinates":[[107.6276616,-6.9247914],[107.6278076,-6.9242181]]},"properties":{"name":"Jalan Layang Laswi - Pelajar Pejuang 45","ref":"376;377"}},
{"type":"Feature","geometry":{"type":"LineString","coordinates":[[107.7523857,-6.9424652],[107.7520362,-6.9424513]]},"properties":{"name":"Simpang Susun Cileunyi","ref":""}},
{"type":"Feature","geometry":{"type":"LineString","coordinates":[[107.6327136,-6.9651719],[107.6280445,-6.9645778]]},"properties":{"name":"Jalan Tol Padalarang–Cileunyi","ref":"4"}},
{"type":"Feature","geometry":{"type":"LineString","coordinates":[[107.6092086,-6.9161842],[107.610072,-6.9165602]]},"properties":{"name":"Jalan Lembong","ref":""}},
{"type":"Feature","geometry":{"type":"LineString","coordinates":[[107.6430381,-6.9088519],[107.6431541,-6.9088714],[107.6433049,-6.9094542]]},"properties":{"name":"Jalan H. Ibrahim Adjie","ref":""}},
{"type":"Feature","geometry":{"type":"LineString","coordinates":[[107.6090254,-6.9139243],[107.6089988,-6.9152244]]},"properties":{"name":"Jalan Braga","ref":""}},
{"type":"Feature","geometry":{"type":"LineString","coordinates":[[107.6071931,-6.9145156],[107.6073185,-6.9143005]]},"properties":{"name":"Jalan Perintis Kemerdekaan","ref":""}},
{"type":"Feature","geometry":{"type":"LineString","coordinates":[[107.6075641,-6.9142136],[107.6081711,-6.9139136],[107.6089516,-6.913844]]},"properties":{"name":"Jalan Perintis Kemerdekaan","ref":""}},
{"type":"Feature","geometry":{"type":"LineString","coordinates":[[107.6045889,-6.9148224],[107.6047205,-6.914736],[107.6064066,-6.9149399]]},"properties":{"name":"Jalan Stasiun Timur","ref":""}},
{"type":"Feature","geometry":{"type":"LineString","coordinates":[[107.604546,-6.9153572],[107.6045889,-6.9148224]]},"properties":{"name":"Jalan Otto Iskandardinata","ref":""}},
{"type":"Feature","geometry":{"type":"LineString","coordinates":[[107.6440016,-6.9136097],[107.6451746,-6.9134376]]},"properties":{"name":"Jalan Terusan Jakarta","ref":"3836"}},
{"type":"Feature","geometry":{"type":"LineString","coordinates":[[107.6299627,-6.9157488],[107.6300393,-6.9157014]]},"properties":{"name":"Jalan Jenderal Ahmad Yani","ref":"378"}},
{"type":"Feature","geometry":{"type":"LineString","coordinates":[[107.6157093,-6.9194533],[107.6178524,-6.9204334]]},"properties":{"name":"Jalan Veteran","ref":""}},
{"type":"Feature","geometry":{"type":"LineString","coordinates":[[107.611899,-6.9174826],[107.6127815,-6.9179662]]},"properties":{"name":"Jalan Lembong","ref":""}},
{"type":"Feature","geometry":{"type":"LineString","coordinates":[[107.6343866,-6.9134014],[107.6345495,-6.9133508]]},"properties":{"name":"Jalan Jenderal Ahmad Yani","ref":""}},
{"type":"Feature","geometry":{"type":"LineString","coordinates":[[107.6296541,-6.9159333],[107.6299627,-6.9157488]]},"properties":{"name":"Jalan Jenderal Ahmad Yani","ref":""}},
{"type":"Feature","geometry":{"type":"LineString","coordinates":[[107.6109278,-6.9169939],[107.6113378,-6.917202]]},"properties":{"name":"Jalan Lembong","ref":""}},
{"type":"Feature","geometry":{"type":"LineString","coordinates":[[107.6342643,-6.9134642],[107.6343866,-6.9134014]]},"properties":{"name":"Jalan Jenderal Ahmad Yani","ref":"378"}},
{"type":"Feature","geometry":{"type":"LineString","coordinates":[[107.6451746,-6.9134376],[107.6452794,-6.913432]]},"properties":{"name":"Jalan Terusan Jakarta","ref":"3836"}},
{"type":"Feature","geometry":{"type":"LineString","coordinates":[[107.6453263,-6.9134331],[107.6475747,-6.9131451]]},"properties":{"name":"Jalan Terusan Jakarta","ref":"3836"}},
{"type":"Feature","geometry":{"type":"LineString","coordinates":[[107.6027081,-6.91612],[107.6031079,-6.9160834]]},"properties":{"name":"Jalan Suniaraja","ref":""}},
{"type":"Feature","geometry":{"type":"LineString","coordinates":[[107.6024325,-6.9161432],[107.6027081,-6.91612]]},"properties":{"name":"Jalan Suniaraja","ref":""}},
{"type":"Feature","geometry":{"type":"LineString","coordinates":[[107.6345495,-6.9133508],[107.6418763,-6.9094368]]},"properties":{"name":"Jalan Jenderal Ahmad Yani","ref":""}},
{"type":"Feature","geometry":{"type":"LineString","coordinates":[[107.6434964,-6.9113612],[107.643636,-6.9130175]]},"properties":{"name":"Jalan H. Ibrahim Adjie","ref":""}},
{"type":"Feature","geometry":{"type":"LineString","coordinates":[[107.6070945,-6.9151362],[107.6071931,-6.9145156]]},"properties":{"name":"Jalan Perintis Kemerdekaan","ref":""}},
{"type":"Feature","geometry":{"type":"LineString","coordinates":[[107.6418763,-6.9094368],[107.6430381,-6.9088519]]},"properties":{"name":"Jalan Jenderal Ahmad Yani","ref":""}},
{"type":"Feature","geometry":{"type":"LineString","coordinates":[[107.6228594,-6.9195533],[107.6194592,-6.9213499]]},"properties":{"name":"Jalan Jenderal Ahmad Yani","ref":""}},
{"type":"Feature","geometry":{"type":"LineString","coordinates":[[107.643707,-6.9134736],[107.6440016,-6.9136097]]},"properties":{"name":"","ref":""}},
{"type":"Feature","geometry":{"type":"LineString","coordinates":[[107.6475747,-6.9131451],[107.6476921,-6.9131308]]},"properties":{"name":"Jalan Terusan Jakarta","ref":"3836"}},
{"type":"Feature","geometry":{"type":"LineString","coordinates":[[107.661274,-6.9139036],[107.6660541,-6.9149565]]},"properties":{"name":"Jalan Terusan Jakarta","ref":"3836"}},
{"type":"Feature","geometry":{"type":"LineString","coordinates":[[107.661122,-6.9138708],[107.661274,-6.9139036]]},"properties":{"name":"Jalan Terusan Jakarta","ref":"3836"}},
{"type":"Feature","geometry":{"type":"LineString","coordinates":[[107.6311335,-6.9151604],[107.6333413,-6.9139888]]},"properties":{"name":"Jalan Jenderal Ahmad Yani","ref":"378"}},
{"type":"Feature","geometry":{"type":"LineString","coordinates":[[107.6290306,-6.9162928],[107.6274434,-6.9171135]]},"properties":{"name":"Jalan Jenderal Ahmad Yani","ref":""}},
{"type":"Feature","geometry":{"type":"LineString","coordinates":[[107.6241356,-6.9188768],[107.627332,-6.9171495]]},"properties":{"name":"Jalan Jenderal Ahmad Yani","ref":""}},
{"type":"Feature","geometry":{"type":"LineString","coordinates":[[107.651187,-6.9126895],[107.6518945,-6.9125989]]},"properties":{"name":"Jalan Terusan Jakarta","ref":"3836"}},
{"type":"Feature","geometry":{"type":"LineString","coordinates":[[107.6551641,-6.9124405],[107.6568364,-6.912555],[107.6591142,-6.9134361],[107.661122,-6.9138708]]},"properties":{"name":"Jalan Terusan Jakarta","ref":"3836"}},
{"type":"Feature","geometry":{"type":"LineString","coordinates":[[107.6433608,-6.9099796],[107.6434964,-6.9113612]]},"properties":{"name":"Jalan H. Ibrahim Adjie","ref":""}},
{"type":"Feature","geometry":{"type":"LineString","coordinates":[[107.6518945,-6.9125989],[107.6520413,-6.9125783]]},"properties":{"name":"Jalan Terusan Jakarta","ref":"3836"}},
{"type":"Feature","geometry":{"type":"LineString","coordinates":[[107.6520413,-6.9125783],[107.6538136,-6.9123839],[107.6551641,-6.9124405]]},"properties":{"name":"Jalan Terusan Jakarta","ref":"3836"}},
{"type":"Feature","geometry":{"type":"LineString","coordinates":[[107.6303085,-6.9155587],[107.6311335,-6.9151604]]},"properties":{"name":"Jalan Jenderal Ahmad Yani","ref":"378"}},
{"type":"Feature","geometry":{"type":"LineString","coordinates":[[107.6290306,-6.9162928],[107.6296541,-6.9159333]]},"properties":{"name":"Jalan Jenderal Ahmad Yani","ref":""}},
{"type":"Feature","geometry":{"type":"LineString","coordinates":[[107.627332,-6.9171495],[107.6274434,-6.9171135]]},"properties":{"name":"Jalan Jenderal Ahmad Yani","ref":""}},
{"type":"Feature","geometry":{"type":"LineString","coordinates":[[107.643636,-6.9130175],[107.643707,-6.9134736]]},"properties":{"name":"Jalan H. Ibrahim Adjie","ref":""}},
{"type":"Feature","geometry":{"type":"LineString","coordinates":[[107.6337961,-6.9137089],[107.6342643,-6.9134642]]},"properties":{"name":"Jalan Jenderal Ahmad Yani","ref":"378"}},
{"type":"Feature","geometry":{"type":"LineString","coordinates":[[107.606909,-6.9153005],[107.6070945,-6.9151362]]},"properties":{"name":"Jalan Stasiun Timur","ref":""}},
{"type":"Feature","geometry":{"type":"LineString","coordinates":[[107.6476921,-6.9131308],[107.651187,-6.9126895]]},"properties":{"name":"Jalan Terusan Jakarta","ref":"3836"}},
{"type":"Feature","geometry":{"type":"LineString","coordinates":[[107.6662159,-6.9150301],[107.6660397,-6.9150232]]},"properties":{"name":"Jalan Terusan Jakarta","ref":"3836"}},
{"type":"Feature","geometry":{"type":"LineString","coordinates":[[107.6660541,-6.9149565],[107.6662159,-6.9150301]]},"properties":{"name":"Jalan Terusan Jakarta","ref":"3836"}},
{"type":"Feature","geometry":{"type":"LineString","coordinates":[[107.6089516,-6.913844],[107.6090254,-6.9139243]]},"properties":{"name":"Jalan Perintis Kemerdekaan","ref":""}},
{"type":"Feature","geometry":{"type":"LineString","coordinates":[[107.6031079,-6.9160834],[107.6045054,-6.9158364]]},"properties":{"name":"Jalan Suniaraja","ref":""}},
{"type":"Feature","geometry":{"type":"LineString","coordinates":[[107.6045054,-6.9158364],[107.604546,-6.9153572]]},"properties":{"name":"Jalan Otto Iskandardinata","ref":""}},
{"type":"Feature","geometry":{"type":"LineString","coordinates":[[107.610072,-6.9165602],[107.6109278,-6.9169939]]},"properties":{"name":"Jalan Lembong","ref":""}},
{"type":"Feature","geometry":{"type":"LineString","coordinates":[[107.6452794,-6.913432],[107.6453263,-6.9134331]]},"properties":{"name":"Jalan Terusan Jakarta","ref":"3836"}},
{"type":"Feature","geometry":{"type":"LineString","coordinates":[[107.6333413,-6.9139888],[107.6337961,-6.9137089]]},"properties":{"name":"Jalan Jenderal Ahmad Yani","ref":"378"}},
{"type":"Feature","geometry":{"type":"LineString","coordinates":[[107.6089865,-6.9159412],[107.6092086,-6.9161842]]},"properties":{"name":"Jalan Lembong","ref":""}},
{"type":"Feature","geometry":{"type":"LineString","coordinates":[[107.6433049,-6.9094542],[107.6433608,-6.9099796]]},"properties":{"name":"Jalan H. Ibrahim Adjie","ref":""}},
{"type":"Feature","geometry":{"type":"LineString","coordinates":[[107.6064066,-6.9149399],[107.606909,-6.9153005]]},"properties":{"name":"Jalan Stasiun Timur","ref":""}},
{"type":"Feature","geometry":{"type":"LineString","coordinates":[[107.6300393,-6.9157014],[107.6303085,-6.9155587]]},"properties":{"name":"Jalan Jenderal Ahmad Yani","ref":"378"}},
{"type":"Feature","geometry":{"type":"LineString","coordinates":[[107.6089988,-6.9152244],[107.6089865,-6.9159412]]},"properties":{"name":"Jalan Braga","ref":""}},
{"type":"Feature","geometry":{"type":"LineString","coordinates":[[107.6178524,-6.9204334],[107.6190743,-6.9209818],[107.6194592,-6.9213499]]},"properties":{"name":"Jalan Veteran","ref":""}},
{"type":"Feature","geometry":{"type":"LineString","coordinates":[[107.6241356,-6.9188768],[107.6228594,-6.9195533]]},"properties":{"name":"Jalan Jenderal Ahmad Yani","ref":""}},
{"type":"Feature","geometry":{"type":"LineString","coordinates":[[107.6127815,-6.9179662],[107.6157093,-6.9194533]]},"properties":{"name":"Jalan Veteran","ref":""}},
{"type":"Feature","geometry":{"type":"LineString","coordinates":[[107.6073185,-6.9143005],[107.6075641,-6.9142136]]},"properties":{"name":"Jalan Perintis Kemerdekaan","ref":""}},
{"type":"Feature","geometry":{"type":"LineString","coordinates":[[107.6660397,-6.9150232],[107.6658787,-6.9149864]]},"properties":{"name":"Jalan Terusan Jakarta","ref":"3836"}},
{"type":"Feature","geometry":{"type":"LineString","coordinates":[[107.6113378,-6.917202],[107.6114765,-6.9172727]]},"properties":{"name":"Jalan Lembong","ref":""}},
{"type":"Feature","geometry":{"type":"LineString","coordinates":[[107.6114765,-6.9172727],[107.6115788,-6.9173248]]},"properties":{"name":"Jalan Lembong","ref":""}},
{"type":"Feature","geometry":{"type":"LineString","coordinates":[[107.6115788,-6.9173248],[107.611899,-6.9174826]]},"properties":{"name":"Jalan Lembong","ref":""}},
{"type":"Feature","geometry":{"type":"LineString","coordinates":[[107.6135242,-6.9605935],[107.6121624,-6.9565318]]},"properties":{"name":"Jalan Mohammad Toha","ref":"161"}},
{"type":"Feature","geometry":{"type":"LineString","coordinates":[[107.6265321,-6.9862119],[107.6239396,-6.9860879],[107.6234881,-6.9857543],[107.6229973,-6.9846241],[107.6215211,-6.9837918],[107.6179596,-6.9736256]]},"properties":{"name":"Jalan Dayeuhkolot","ref":"161-12K"}},
{"type":"Feature","geometry":{"type":"LineString","coordinates":[[107.6312405,-7.0048462],[107.631967,-7.0062345],[107.6321963,-7.0064135],[107.6506759,-7.0151643],[107.6516931,-7.0163333]]},"properties":{"name":"Jalan Siliwangi","ref":"365"}},
{"type":"Feature","geometry":{"type":"LineString","coordinates":[[107.6334271,-6.982576],[107.6324623,-6.9830967],[107.6311272,-6.9834023],[107.6301521,-6.9841458]]},"properties":{"name":"Jalan Bojongsoang","ref":""}},
{"type":"Feature","geometry":{"type":"LineString","coordinates":[[107.629967,-6.984275],[107.629002,-6.9845787],[107.627565,-6.9861572],[107.6270195,-6.9861916]]},"properties":{"name":"Jalan Bojongsoang","ref":""}},
{"type":"Feature","geometry":{"type":"LineString","coordinates":[[107.6301521,-6.9841458],[107.629967,-6.984275]]},"properties":{"name":"Jalan Bojongsoang","ref":""}},
{"type":"Feature","geometry":{"type":"LineString","coordinates":[[107.7565232,-7.0508383],[107.7567291,-7.0507872]]},"properties":{"name":"Jalan Raya Laswi","ref":"365"}},
{"type":"Feature","geometry":{"type":"LineString","coordinates":[[107.7583277,-7.0504467],[107.758379,-7.0491327]]},"properties":{"name":"Jalan Kondang","ref":"365"}},
{"type":"Feature","geometry":{"type":"LineString","coordinates":[[107.7567291,-7.0507872],[107.7583277,-7.0504467]]},"properties":{"name":"Jalan Raya Laswi","ref":"365"}},
{"type":"Feature","geometry":{"type":"LineString","coordinates":[[107.5949807,-6.9370518],[107.5950424,-6.936952]]},"properties":{"name":"Jalan Kyai Haji Wahid Hasyim","ref":""}},
{"type":"Feature","geometry":{"type":"LineString","coordinates":[[107.6116113,-6.9549027],[107.6118897,-6.9556394]]},"properties":{"name":"Jalan Mohammad Toha","ref":"161"}},
{"type":"Feature","geometry":{"type":"LineString","coordinates":[[107.6320736,-6.9900649],[107.6313361,-6.9924993]]},"properties":{"name":"Jalan Terusan Bojongsoang","ref":"365"}},
{"type":"Feature","geometry":{"type":"LineString","coordinates":[[107.758379,-7.0491327],[107.7611804,-7.0491036]]},"properties":{"name":"Jalan Tengah Majalaya","ref":""}},
{"type":"Feature","geometry":{"type":"LineString","coordinates":[[107.5950424,-6.936952],[107.5952913,-6.937055]]},"properties":{"name":"Jalan Peta","ref":"374"}},
{"type":"Feature","geometry":{"type":"LineString","coordinates":[[107.6094437,-6.9483822],[107.6094101,-6.9482727]]},"properties":{"name":"Jalan Mohammad Toha","ref":"161"}},
{"type":"Feature","geometry":{"type":"LineString","coordinates":[[107.6086676,-6.9461425],[107.6076477,-6.9431556]]},"properties":{"name":"Jalan Mohammad Toha","ref":"161"}},
{"type":"Feature","geometry":{"type":"LineString","coordinates":[[107.593264,-6.9458573],[107.5930568,-6.9457799],[107.5928976,-6.9450391]]},"properties":{"name":"Jalur Bus Kota Terminal Leuwipanjang","ref":""}},
{"type":"Feature","geometry":{"type":"LineString","coordinates":[[107.5920724,-6.9418438],[107.5948299,-6.9373141]]},"properties":{"name":"Jalan Kyai Haji Wahid Hasyim","ref":"106"}},
{"type":"Feature","geometry":{"type":"LineString","coordinates":[[107.5928874,-6.9447537],[107.5926774,-6.944414],[107.592084,-6.9440521]]},"properties":{"name":"Jalan Keluar Terminal Leuwipanjang","ref":""}},
{"type":"Feature","geometry":{"type":"LineString","coordinates":[[107.6116113,-6.9549027],[107.609996,-6.9500355]]},"properties":{"name":"Jalan Mohammad Toha","ref":"161"}},
{"type":"Feature","geometry":{"type":"LineString","coordinates":[[107.713347,-7.0357328],[107.7158999,-7.0362415]]},"properties":{"name":"Jalan Raya Laswi","ref":"365"}},
{"type":"Feature","geometry":{"type":"LineString","coordinates":[[107.7234827,-7.0391039],[107.7435134,-7.0497857],[107.7457712,-7.0498385],[107.7492471,-7.050418],[107.7515157,-7.0506389]]},"properties":{"name":"Jalan Raya Laswi","ref":"365"}},
{"type":"Feature","geometry":{"type":"LineString","coordinates":[[107.6059434,-6.9375062],[107.6061721,-6.9375256]]},"properties":{"name":"Jalan Peta","ref":"374"}},
{"type":"Feature","geometry":{"type":"LineString","coordinates":[[107.6328922,-6.9855671],[107.6322368,-6.9895932]]},"properties":{"name":"Jalan Terusan Bojongsoang","ref":"365"}},
{"type":"Feature","geometry":{"type":"LineString","coordinates":[[107.6604983,-7.0233061],[107.6619735,-7.0238319],[107.6640546,-7.023877],[107.6710977,-7.022166],[107.6714002,-7.0220336],[107.6721069,-7.0213042],[107.6724844,-7.0211818],[107.6809083,-7.0220369]]},"properties":{"name":"Jalan Raya Laswi","ref":"365"}},
{"type":"Feature","geometry":{"type":"LineString","coordinates":[[107.7611804,-7.0491036],[107.7609939,-7.0482421]]},"properties":{"name":"","ref":""}},
{"type":"Feature","geometry":{"type":"LineString","coordinates":[[107.599356,-6.9374873],[107.5994448,-6.9374721]]},"properties":{"name":"Jalan Peta","ref":"374"}},
{"type":"Feature","geometry":{"type":"LineString","coordinates":[[107.5994448,-6.9374721],[107.6012443,-6.9371571],[107.6025122,-6.9371945]]},"properties":{"name":"Jalan Peta","ref":"374"}},
{"type":"Feature","geometry":{"type":"LineString","coordinates":[[107.606228,-6.9376212],[107.6062191,-6.9378081]]},"properties":{"name":"Jalan Mohammad Toha","ref":"161"}},
{"type":"Feature","geometry":{"type":"LineString","coordinates":[[107.6062191,-6.9378081],[107.6061749,-6.938344]]},"properties":{"name":"Jalan Mohammad Toha","ref":"161"}},
{"type":"Feature","geometry":{"type":"LineString","coordinates":[[107.6062333,-6.9375301],[107.606228,-6.9376212]]},"properties":{"name":"Jalan Mohammad Toha","ref":"161"}},
{"type":"Feature","geometry":{"type":"LineString","coordinates":[[107.5918309,-6.9439338],[107.5916419,-6.9438523]]},"properties":{"name":"Jalan Keluar Terminal Leuwipanjang","ref":""}},
{"type":"Feature","geometry":{"type":"LineString","coordinates":[[107.592084,-6.9440521],[107.5918309,-6.9439338]]},"properties":{"name":"Jalan Keluar Terminal Leuwipanjang","ref":""}},
{"type":"Feature","geometry":{"type":"LineString","coordinates":[[107.7098707,-7.0350075],[107.7099274,-7.0350198]]},"properties":{"name":"Jalan Raya Laswi","ref":"365"}},
{"type":"Feature","geometry":{"type":"LineString","coordinates":[[107.7099274,-7.0350198],[107.7132426,-7.0357112]]},"properties":{"name":"Jalan Raya Laswi","ref":"365"}},
{"type":"Feature","geometry":{"type":"LineString","coordinates":[[107.7061596,-7.0341573],[107.7062246,-7.0341916]]},"properties":{"name":"Jalan Raya Laswi","ref":"365"}},
{"type":"Feature","geometry":{"type":"LineString","coordinates":[[107.703997,-7.0329155],[107.7061596,-7.0341573]]},"properties":{"name":"Jalan Raya Laswi","ref":"365"}},
{"type":"Feature","geometry":{"type":"LineString","coordinates":[[107.7062246,-7.0341916],[107.7098707,-7.0350075]]},"properties":{"name":"Jalan Raya Laswi","ref":"365"}},
{"type":"Feature","geometry":{"type":"LineString","coordinates":[[107.7163204,-7.0363195],[107.7166222,-7.0363808]]},"properties":{"name":"Jalan Raya Laswi","ref":"365"}},
{"type":"Feature","geometry":{"type":"LineString","coordinates":[[107.7158999,-7.0362415],[107.7163204,-7.0363195]]},"properties":{"name":"Jalan Raya Laswi","ref":"365"}},
{"type":"Feature","geometry":{"type":"LineString","coordinates":[[107.7519681,-7.0506716],[107.7520475,-7.0506762]]},"properties":{"name":"Jalan Raya Laswi","ref":"365"}},
{"type":"Feature","geometry":{"type":"LineString","coordinates":[[107.7520475,-7.0506762],[107.7531735,-7.0507517],[107.7553375,-7.0512327],[107.7557912,-7.0512054],[107.7565232,-7.0508383]]},"properties":{"name":"Jalan Raya Laswi","ref":"365"}},
{"type":"Feature","geometry":{"type":"LineString","coordinates":[[107.6322368,-6.9895932],[107.6320736,-6.9900649]]},"properties":{"name":"Jalan Terusan Bojongsoang","ref":"365"}},
{"type":"Feature","geometry":{"type":"LineString","coordinates":[[107.6313361,-6.9924993],[107.6310419,-6.9935157]]},"properties":{"name":"Jalan Terusan Bojongsoang","ref":"365"}},
{"type":"Feature","geometry":{"type":"LineString","coordinates":[[107.6516931,-7.0163333],[107.6521674,-7.0169218]]},"properties":{"name":"Jalan Raya Laswi","ref":"365"}},
{"type":"Feature","geometry":{"type":"LineString","coordinates":[[107.5948299,-6.9373141],[107.5949807,-6.9370518]]},"properties":{"name":"Jalan Kyai Haji Wahid Hasyim","ref":"106"}},
{"type":"Feature","geometry":{"type":"LineString","coordinates":[[107.680979,-7.0220419],[107.6870368,-7.022799],[107.6888459,-7.0240355],[107.703997,-7.0329155]]},"properties":{"name":"Jalan Raya Laswi","ref":"365"}},
{"type":"Feature","geometry":{"type":"LineString","coordinates":[[107.6809083,-7.0220369],[107.680979,-7.0220419]]},"properties":{"name":"Jalan Raya Laswi","ref":"365"}},
{"type":"Feature","geometry":{"type":"LineString","coordinates":[[107.6095322,-6.9486416],[107.6094437,-6.9483822]]},"properties":{"name":"Jalan Mohammad Toha","ref":"161"}},
{"type":"Feature","geometry":{"type":"LineString","coordinates":[[107.609996,-6.9500355],[107.6095322,-6.9486416]]},"properties":{"name":"Jalan Mohammad Toha","ref":"161"}},
{"type":"Feature","geometry":{"type":"LineString","coordinates":[[107.5952913,-6.937055],[107.596358,-6.9375437],[107.597167,-6.937696],[107.599356,-6.9374873]]},"properties":{"name":"Jalan Peta","ref":"374"}},
{"type":"Feature","geometry":{"type":"LineString","coordinates":[[107.6030015,-6.937215],[107.603088,-6.9372221]]},"properties":{"name":"Jalan Peta","ref":"374"}},
{"type":"Feature","geometry":{"type":"LineString","coordinates":[[107.6604044,-7.0232515],[107.6604983,-7.0233061]]},"properties":{"name":"Jalan Raya Laswi","ref":"365"}},
{"type":"Feature","geometry":{"type":"LineString","coordinates":[[107.6577335,-7.0215902],[107.6604044,-7.0232515]]},"properties":{"name":"Jalan Raya Laswi","ref":"365"}},
{"type":"Feature","geometry":{"type":"LineString","coordinates":[[107.6576627,-7.0215425],[107.6577335,-7.0215902]]},"properties":{"name":"Jalan Raya Laswi","ref":"365"}},
{"type":"Feature","geometry":{"type":"LineString","coordinates":[[107.6521674,-7.0169218],[107.6524639,-7.0181815],[107.6576627,-7.0215425]]},"properties":{"name":"Jalan Raya Laswi","ref":"365"}},
{"type":"Feature","geometry":{"type":"LineString","coordinates":[[107.603088,-6.9372221],[107.6033103,-6.9372436]]},"properties":{"name":"Jalan Peta","ref":"374"}},
{"type":"Feature","geometry":{"type":"LineString","coordinates":[[107.6061721,-6.9375256],[107.6062333,-6.9375301]]},"properties":{"name":"Jalan BKR","ref":"375"}},
{"type":"Feature","geometry":{"type":"LineString","coordinates":[[107.6310419,-6.9935157],[107.6309877,-6.9937096]]},"properties":{"name":"Jalan Terusan Bojongsoang","ref":"365"}},
{"type":"Feature","geometry":{"type":"LineString","coordinates":[[107.6094101,-6.9482727],[107.6093038,-6.9479813]]},"properties":{"name":"Jalan Mohammad Toha","ref":"161"}},
{"type":"Feature","geometry":{"type":"LineString","coordinates":[[107.6119773,-6.9559046],[107.6121624,-6.9565318]]},"properties":{"name":"Jalan Mohammad Toha","ref":"161"}},
{"type":"Feature","geometry":{"type":"LineString","coordinates":[[107.6047707,-6.9373901],[107.6059434,-6.9375062]]},"properties":{"name":"Jalan Peta","ref":"374"}},
{"type":"Feature","geometry":{"type":"LineString","coordinates":[[107.6033103,-6.9372436],[107.6047707,-6.9373901]]},"properties":{"name":"Jalan Peta","ref":"374"}},
{"type":"Feature","geometry":{"type":"LineString","coordinates":[[107.6025122,-6.9371945],[107.6030015,-6.937215]]},"properties":{"name":"Jalan Peta","ref":"374"}},
{"type":"Feature","geometry":{"type":"LineString","coordinates":[[107.6335002,-6.9825117],[107.6336739,-6.9827042]]},"properties":{"name":"","ref":""}},
{"type":"Feature","geometry":{"type":"LineString","coordinates":[[107.6179596,-6.9736256],[107.6143394,-6.9630233]]},"properties":{"name":"Jalan Dayeuhkolot","ref":"161-12K"}},
{"type":"Feature","geometry":{"type":"LineString","coordinates":[[107.7166222,-7.0363808],[107.7198506,-7.0371783],[107.7234827,-7.0391039]]},"properties":{"name":"Jalan Raya Laswi","ref":"365"}},
{"type":"Feature","geometry":{"type":"LineString","coordinates":[[107.6076477,-6.9431556],[107.6061749,-6.938344]]},"properties":{"name":"Jalan Mohammad Toha","ref":"161"}},
{"type":"Feature","geometry":{"type":"LineString","coordinates":[[107.6143394,-6.9630233],[107.6139412,-6.9618372],[107.6137567,-6.9612851],[107.6137443,-6.9612499],[107.613571,-6.9607329]]},"properties":{"name":"Jalan Dayeuhkolot","ref":"161-12K"}},
{"type":"Feature","geometry":{"type":"LineString","coordinates":[[107.6093038,-6.9479813],[107.6086676,-6.9461425]]},"properties":{"name":"Jalan Mohammad Toha","ref":"161"}},
{"type":"Feature","geometry":{"type":"LineString","coordinates":[[107.5916419,-6.9438523],[107.5910269,-6.9435481]]},"properties":{"name":"Jalan Keluar Terminal Leuwipanjang","ref":""}},
{"type":"Feature","geometry":{"type":"LineString","coordinates":[[107.6118947,-6.9556604],[107.6119415,-6.9557973]]},"properties":{"name":"Jalan Mohammad Toha","ref":"161"}},
{"type":"Feature","geometry":{"type":"LineString","coordinates":[[107.6118897,-6.9556394],[107.6118947,-6.9556604]]},"properties":{"name":"Jalan Mohammad Toha","ref":"161"}},
{"type":"Feature","geometry":{"type":"LineString","coordinates":[[107.6119415,-6.9557973],[107.6119773,-6.9559046]]},"properties":{"name":"Jalan Mohammad Toha","ref":"161"}},
{"type":"Feature","geometry":{"type":"LineString","coordinates":[[107.6270195,-6.9861916],[107.6265321,-6.9862119]]},"properties":{"name":"Jalan Bojongsoang","ref":""}},
{"type":"Feature","geometry":{"type":"LineString","coordinates":[[107.7132426,-7.0357112],[107.713347,-7.0357328]]},"properties":{"name":"Jalan Raya Laswi","ref":"365"}},
{"type":"Feature","geometry":{"type":"LineString","coordinates":[[107.7601852,-7.0477372],[107.7604314,-7.0477897],[107.7604582,-7.0479603]]},"properties":{"name":"","ref":""}},
{"type":"Feature","geometry":{"type":"LineString","coordinates":[[107.7604305,-7.0481463],[107.7609939,-7.0482421]]},"properties":{"name":"","ref":""}},
{"type":"Feature","geometry":{"type":"LineString","coordinates":[[107.7604582,-7.0479603],[107.7604305,-7.0481463]]},"properties":{"name":"","ref":""}},
{"type":"Feature","geometry":{"type":"LineString","coordinates":[[107.6335002,-6.9825117],[107.6334271,-6.982576]]},"properties":{"name":"Jalan Bojongsoang","ref":""}},
{"type":"Feature","geometry":{"type":"LineString","coordinates":[[107.6336739,-6.9827042],[107.633615,-6.9828912]]},"properties":{"name":"Jalan Terusan Bojongsoang","ref":"365"}},
{"type":"Feature","geometry":{"type":"LineString","coordinates":[[107.7515157,-7.0506389],[107.7519681,-7.0506716]]},"properties":{"name":"Jalan Raya Laswi","ref":"365"}},
{"type":"Feature","geometry":{"type":"LineString","coordinates":[[107.6309877,-6.9937096],[107.6309524,-6.9938605]]},"properties":{"name":"Jalan Terusan Bojongsoang","ref":"365"}},
{"type":"Feature","geometry":{"type":"LineString","coordinates":[[107.6309524,-6.9938605],[107.6309343,-6.9939642]]},"properties":{"name":"Jalan Terusan Bojongsoang","ref":"365"}},
{"type":"Feature","geometry":{"type":"LineString","coordinates":[[107.6309343,-6.9939642],[107.6308714,-6.9943251]]},"properties":{"name":"Jalan Terusan Bojongsoang","ref":"365"}},
{"type":"Feature","geometry":{"type":"LineString","coordinates":[[107.6308714,-6.9943251],[107.6307767,-6.9949068]]},"properties":{"name":"Jalan Terusan Bojongsoang","ref":"365"}},
{"type":"Feature","geometry":{"type":"LineString","coordinates":[[107.6307767,-6.9949068],[107.6307642,-6.9949973]]},"properties":{"name":"Jalan Terusan Bojongsoang","ref":"365"}},
{"type":"Feature","geometry":{"type":"LineString","coordinates":[[107.6307642,-6.9949973],[107.6307513,-6.9951191]]},"properties":{"name":"Jalan Terusan Bojongsoang","ref":"365"}},
{"type":"Feature","geometry":{"type":"LineString","coordinates":[[107.6307513,-6.9951191],[107.6307466,-6.995583]]},"properties":{"name":"Jalan Terusan Bojongsoang","ref":"365"}},
{"type":"Feature","geometry":{"type":"LineString","coordinates":[[107.6307466,-6.995583],[107.6308707,-6.9965927]]},"properties":{"name":"Jalan Terusan Bojongsoang","ref":"365"}},
{"type":"Feature","geometry":{"type":"LineString","coordinates":[[107.6308707,-6.9965927],[107.6309996,-6.9971489]]},"properties":{"name":"Jalan Terusan Bojongsoang","ref":"365"}},
{"type":"Feature","geometry":{"type":"LineString","coordinates":[[107.6309996,-6.9971489],[107.6311094,-6.9977754]]},"properties":{"name":"Jalan Terusan Bojongsoang","ref":"365"}},
{"type":"Feature","geometry":{"type":"LineString","coordinates":[[107.6311094,-6.9977754],[107.6311198,-6.9978516]]},"properties":{"name":"Jalan Terusan Bojongsoang","ref":"365"}},
{"type":"Feature","geometry":{"type":"LineString","coordinates":[[107.6311198,-6.9978516],[107.6311368,-6.9979105]]},"properties":{"name":"Jalan Terusan Bojongsoang","ref":"365"}},
{"type":"Feature","geometry":{"type":"LineString","coordinates":[[107.6311368,-6.9979105],[107.6312073,-6.9980755]]},"properties":{"name":"Jalan Terusan Bojongsoang","ref":"365"}},
{"type":"Feature","geometry":{"type":"LineString","coordinates":[[107.6312073,-6.9980755],[107.631235,-6.9981448]]},"properties":{"name":"Jalan Terusan Bojongsoang","ref":"365"}},
{"type":"Feature","geometry":{"type":"LineString","coordinates":[[107.631235,-6.9981448],[107.6312562,-6.998198]]},"properties":{"name":"Jalan Terusan Bojongsoang","ref":"365"}},
{"type":"Feature","geometry":{"type":"LineString","coordinates":[[107.6312562,-6.998198],[107.6313266,-6.9983338]]},"properties":{"name":"Jalan Terusan Bojongsoang","ref":"365"}},
{"type":"Feature","geometry":{"type":"LineString","coordinates":[[107.6313266,-6.9983338],[107.6314265,-6.9985454]]},"properties":{"name":"Jalan Terusan Bojongsoang","ref":"365"}},
{"type":"Feature","geometry":{"type":"LineString","coordinates":[[107.6314265,-6.9985454],[107.6316025,-6.9989284]]},"properties":{"name":"Jalan Terusan Bojongsoang","ref":"365"}},
{"type":"Feature","geometry":{"type":"LineString","coordinates":[[107.6316025,-6.9989284],[107.6316699,-6.9990672]]},"properties":{"name":"Jalan Terusan Bojongsoang","ref":"365"}},
{"type":"Feature","geometry":{"type":"LineString","coordinates":[[107.6316699,-6.9990672],[107.6318386,-6.9995318]]},"properties":{"name":"Jalan Terusan Bojongsoang","ref":"365"}},
{"type":"Feature","geometry":{"type":"LineString","coordinates":[[107.6318386,-6.9995318],[107.6318678,-6.9996123]]},"properties":{"name":"Jalan Terusan Bojongsoang","ref":"365"}},
{"type":"Feature","geometry":{"type":"LineString","coordinates":[[107.6318678,-6.9996123],[107.6318943,-6.9996808]]},"properties":{"name":"Jalan Terusan Bojongsoang","ref":"365"}},
{"type":"Feature","geometry":{"type":"LineString","coordinates":[[107.6318943,-6.9996808],[107.6319395,-6.999798]]},"properties":{"name":"Jalan Terusan Bojongsoang","ref":"365"}},
{"type":"Feature","geometry":{"type":"LineString","coordinates":[[107.6319395,-6.999798],[107.6318805,-7.0001847]]},"properties":{"name":"Jalan Terusan Bojongsoang","ref":"365"}},
{"type":"Feature","geometry":{"type":"LineString","coordinates":[[107.6318805,-7.0001847],[107.6316364,-7.0014605]]},"properties":{"name":"Jalan Terusan Bojongsoang","ref":"365"}},
{"type":"Feature","geometry":{"type":"LineString","coordinates":[[107.6316364,-7.0014605],[107.6313964,-7.0027517]]},"properties":{"name":"Jalan Terusan Bojongsoang","ref":"365"}},
{"type":"Feature","geometry":{"type":"LineString","coordinates":[[107.6313964,-7.0027517],[107.6313132,-7.0032895]]},"properties":{"name":"Jalan Terusan Bojongsoang","ref":"365"}},
{"type":"Feature","geometry":{"type":"LineString","coordinates":[[107.6313132,-7.0032895],[107.6312636,-7.0039683]]},"properties":{"name":"Jalan Terusan Bojongsoang","ref":"365"}},
{"type":"Feature","geometry":{"type":"LineString","coordinates":[[107.6312636,-7.0039683],[107.6312522,-7.0043111]]},"properties":{"name":"Jalan Terusan Bojongsoang","ref":"365"}},
{"type":"Feature","geometry":{"type":"LineString","coordinates":[[107.6312522,-7.0043111],[107.6312529,-7.0043683]]},"properties":{"name":"Jalan Terusan Bojongsoang","ref":"365"}},
{"type":"Feature","geometry":{"type":"LineString","coordinates":[[107.6312529,-7.0043683],[107.6312405,-7.0048462]]},"properties":{"name":"Jalan Terusan Bojongsoang","ref":"365"}},
{"type":"Feature","geometry":{"type":"LineString","coordinates":[[107.613571,-6.9607329],[107.6135242,-6.9605935]]},"properties":{"name":"Jalan Mohammad Toha","ref":"161"}},
{"type":"Feature","geometry":{"type":"LineString","coordinates":[[107.633615,-6.9828912],[107.6328922,-6.9855671]]},"properties":{"name":"Jalan Terusan Bojongsoang","ref":"365"}},
{"type":"Feature","geometry":{"type":"LineString","coordinates":[[107.5910269,-6.9435481],[107.5920724,-6.9418438]]},"properties":{"name":"Jalan Kyai Haji Wahid Hasyim","ref":"106"}},
{"type":"Feature","geometry":{"type":"LineString","coordinates":[[107.5928976,-6.9450391],[107.5928874,-6.9447537]]},"properties":{"name":"Jalan Keluar Terminal Leuwipanjang","ref":""}},
{"type":"Feature","geometry":{"type":"LineString","coordinates":[[107.6135242,-6.9605935],[107.6121624,-6.9565318]]},"properties":{"name":"Jalan Mohammad Toha","ref":"161"}},
{"type":"Feature","geometry":{"type":"LineString","coordinates":[[107.6265321,-6.9862119],[107.6239396,-6.9860879],[107.6234881,-6.9857543],[107.6229973,-6.9846241],[107.6215211,-6.9837918],[107.6179596,-6.9736256]]},"properties":{"name":"Jalan Dayeuhkolot","ref":"161-12K"}},
{"type":"Feature","geometry":{"type":"LineString","coordinates":[[107.6312405,-7.0048462],[107.631967,-7.0062345],[107.6321963,-7.0064135],[107.6506759,-7.0151643],[107.6516931,-7.0163333]]},"properties":{"name":"Jalan Siliwangi","ref":"365"}},
{"type":"Feature","geometry":{"type":"LineString","coordinates":[[107.6334271,-6.982576],[107.6324623,-6.9830967],[107.6311272,-6.9834023],[107.6301521,-6.9841458]]},"properties":{"name":"Jalan Bojongsoang","ref":""}},
{"type":"Feature","geometry":{"type":"LineString","coordinates":[[107.629967,-6.984275],[107.629002,-6.9845787],[107.627565,-6.9861572],[107.6270195,-6.9861916]]},"properties":{"name":"Jalan Bojongsoang","ref":""}},
{"type":"Feature","geometry":{"type":"LineString","coordinates":[[107.6301521,-6.9841458],[107.629967,-6.984275]]},"properties":{"name":"Jalan Bojongsoang","ref":""}},
{"type":"Feature","geometry":{"type":"LineString","coordinates":[[107.5899199,-6.9452949],[107.5910269,-6.9435481]]},"properties":{"name":"Jalan Kyai Haji Wahid Hasyim","ref":"106"}},
{"type":"Feature","geometry":{"type":"LineString","coordinates":[[107.7565232,-7.0508383],[107.7567291,-7.0507872]]},"properties":{"name":"Jalan Raya Laswi","ref":"365"}},
{"type":"Feature","geometry":{"type":"LineString","coordinates":[[107.7583277,-7.0504467],[107.758379,-7.0491327]]},"properties":{"name":"Jalan Kondang","ref":"365"}},
{"type":"Feature","geometry":{"type":"LineString","coordinates":[[107.7567291,-7.0507872],[107.7583277,-7.0504467]]},"properties":{"name":"Jalan Raya Laswi","ref":"365"}},
{"type":"Feature","geometry":{"type":"LineString","coordinates":[[107.6320736,-6.9900649],[107.6313361,-6.9924993]]},"properties":{"name":"Jalan Terusan Bojongsoang","ref":"365"}},
{"type":"Feature","geometry":{"type":"LineString","coordinates":[[107.5905372,-6.9458885],[107.5920057,-6.9464327]]},"properties":{"name":"Jalan Soekarno-Hatta","ref":"11"}},
{"type":"Feature","geometry":{"type":"LineString","coordinates":[[107.6086676,-6.9461425],[107.6076477,-6.9431556]]},"properties":{"name":"Jalan Mohammad Toha","ref":"161"}},
{"type":"Feature","geometry":{"type":"LineString","coordinates":[[107.6089854,-6.9482416],[107.6093038,-6.9479813]]},"properties":{"name":"","ref":""}},
{"type":"Feature","geometry":{"type":"LineString","coordinates":[[107.6095322,-6.9486416],[107.6089974,-6.9483475]]},"properties":{"name":"","ref":""}},
{"type":"Feature","geometry":{"type":"LineString","coordinates":[[107.5946801,-6.9470993],[107.5950591,-6.9470659],[107.5952184,-6.9469031]]},"properties":{"name":"","ref":""}},
{"type":"Feature","geometry":{"type":"LineString","coordinates":[[107.6061483,-6.9378682],[107.6059365,-6.9375973]]},"properties":{"name":"","ref":""}},
{"type":"Feature","geometry":{"type":"LineString","coordinates":[[107.5920724,-6.9418438],[107.5948299,-6.9373141]]},"properties":{"name":"Jalan Kyai Haji Wahid Hasyim","ref":"106"}},
{"type":"Feature","geometry":{"type":"LineString","coordinates":[[107.5971376,-6.937801],[107.5970548,-6.9377924]]},"properties":{"name":"Jalan Peta","ref":"374"}},
{"type":"Feature","geometry":{"type":"LineString","coordinates":[[107.6030687,-6.9373365],[107.6029953,-6.9373294]]},"properties":{"name":"Jalan Peta","ref":"374"}},
{"type":"Feature","geometry":{"type":"LineString","coordinates":[[107.6117909,-6.9555998],[107.6116741,-6.9552221]]},"properties":{"name":"Jalan Mohammad Toha","ref":"161"}},
{"type":"Feature","geometry":{"type":"LineString","coordinates":[[107.6116113,-6.9549027],[107.609996,-6.9500355]]},"properties":{"name":"Jalan Mohammad Toha","ref":"161"}},
{"type":"Feature","geometry":{"type":"LineString","coordinates":[[107.7597583,-7.0480065],[107.7581921,-7.0475377]]},"properties":{"name":"","ref":""}},
{"type":"Feature","geometry":{"type":"LineString","coordinates":[[107.713347,-7.0357328],[107.7158999,-7.0362415]]},"properties":{"name":"Jalan Raya Laswi","ref":"365"}},
{"type":"Feature","geometry":{"type":"LineString","coordinates":[[107.7581921,-7.0475377],[107.758379,-7.0491327]]},"properties":{"name":"Jalan Raya Majalaya - Rancekek","ref":"482"}},
{"type":"Feature","geometry":{"type":"LineString","coordinates":[[107.7234827,-7.0391039],[107.7435134,-7.0497857],[107.7457712,-7.0498385],[107.7492471,-7.050418],[107.7515157,-7.0506389]]},"properties":{"name":"Jalan Raya Laswi","ref":"365"}},
{"type":"Feature","geometry":{"type":"LineString","coordinates":[[107.6044934,-6.9374561],[107.6030687,-6.9373365]]},"properties":{"name":"Jalan Peta","ref":"374"}},
{"type":"Feature","geometry":{"type":"LineString","coordinates":[[107.6021772,-6.9372552],[107.6010236,-6.9372742],[107.5994727,-6.9375618]]},"properties":{"name":"Jalan Peta","ref":"374"}},
{"type":"Feature","geometry":{"type":"LineString","coordinates":[[107.6328922,-6.9855671],[107.6322368,-6.9895932]]},"properties":{"name":"Jalan Terusan Bojongsoang","ref":"365"}},
{"type":"Feature","geometry":{"type":"LineString","coordinates":[[107.6604983,-7.0233061],[107.6619735,-7.0238319],[107.6640546,-7.023877],[107.6710977,-7.022166],[107.6714002,-7.0220336],[107.6721069,-7.0213042],[107.6724844,-7.0211818],[107.6809083,-7.0220369]]},"properties":{"name":"Jalan Raya Laswi","ref":"365"}},
{"type":"Feature","geometry":{"type":"LineString","coordinates":[[107.5952296,-6.9371632],[107.5948299,-6.9373141]]},"properties":{"name":"","ref":"106"}},
{"type":"Feature","geometry":{"type":"LineString","coordinates":[[107.5994727,-6.9375618],[107.5993708,-6.9375805]]},"properties":{"name":"Jalan Peta","ref":"374"}},
{"type":"Feature","geometry":{"type":"LineString","coordinates":[[107.5993708,-6.9375805],[107.5980891,-6.9378047],[107.5971376,-6.937801]]},"properties":{"name":"Jalan Peta","ref":"374"}},
{"type":"Feature","geometry":{"type":"LineString","coordinates":[[107.6061749,-6.938344],[107.6061483,-6.9378682]]},"properties":{"name":"Jalan Mohammad Toha","ref":"161"}},
{"type":"Feature","geometry":{"type":"LineString","coordinates":[[107.6054387,-6.9480071],[107.6089854,-6.9482416]]},"properties":{"name":"Jalan Soekarno-Hatta","ref":"11"}},
{"type":"Feature","geometry":{"type":"LineString","coordinates":[[107.6089974,-6.9483475],[107.6054314,-6.9481041]]},"properties":{"name":"Jalan Soekarno-Hatta","ref":"11"}},
{"type":"Feature","geometry":{"type":"LineString","coordinates":[[107.7098707,-7.0350075],[107.7099274,-7.0350198]]},"properties":{"name":"Jalan Raya Laswi","ref":"365"}},
{"type":"Feature","geometry":{"type":"LineString","coordinates":[[107.7099274,-7.0350198],[107.7132426,-7.0357112]]},"properties":{"name":"Jalan Raya Laswi","ref":"365"}},
{"type":"Feature","geometry":{"type":"LineString","coordinates":[[107.7061596,-7.0341573],[107.7062246,-7.0341916]]},"properties":{"name":"Jalan Raya Laswi","ref":"365"}},
{"type":"Feature","geometry":{"type":"LineString","coordinates":[[107.703997,-7.0329155],[107.7061596,-7.0341573]]},"properties":{"name":"Jalan Raya Laswi","ref":"365"}},
{"type":"Feature","geometry":{"type":"LineString","coordinates":[[107.7062246,-7.0341916],[107.7098707,-7.0350075]]},"properties":{"name":"Jalan Raya Laswi","ref":"365"}},
{"type":"Feature","geometry":{"type":"LineString","coordinates":[[107.7163204,-7.0363195],[107.7166222,-7.0363808]]},"properties":{"name":"Jalan Raya Laswi","ref":"365"}},
{"type":"Feature","geometry":{"type":"LineString","coordinates":[[107.7158999,-7.0362415],[107.7163204,-7.0363195]]},"properties":{"name":"Jalan Raya Laswi","ref":"365"}},
{"type":"Feature","geometry":{"type":"LineString","coordinates":[[107.7601852,-7.0477372],[107.7599042,-7.0476822],[107.7597583,-7.0480065]]},"properties":{"name":"","ref":""}},
{"type":"Feature","geometry":{"type":"LineString","coordinates":[[107.7519681,-7.0506716],[107.7520475,-7.0506762]]},"properties":{"name":"Jalan Raya Laswi","ref":"365"}},
{"type":"Feature","geometry":{"type":"LineString","coordinates":[[107.7520475,-7.0506762],[107.7531735,-7.0507517],[107.7553375,-7.0512327],[107.7557912,-7.0512054],[107.7565232,-7.0508383]]},"properties":{"name":"Jalan Raya Laswi","ref":"365"}},
{"type":"Feature","geometry":{"type":"LineString","coordinates":[[107.633615,-6.9828912],[107.6334271,-6.982576]]},"properties":{"name":"","ref":""}},
{"type":"Feature","geometry":{"type":"LineString","coordinates":[[107.6322368,-6.9895932],[107.6320736,-6.9900649]]},"properties":{"name":"Jalan Terusan Bojongsoang","ref":"365"}},
{"type":"Feature","geometry":{"type":"LineString","coordinates":[[107.6313361,-6.9924993],[107.6310419,-6.9935157]]},"properties":{"name":"Jalan Terusan Bojongsoang","ref":"365"}},
{"type":"Feature","geometry":{"type":"LineString","coordinates":[[107.6516931,-7.0163333],[107.6521674,-7.0169218]]},"properties":{"name":"Jalan Raya Laswi","ref":"365"}},
{"type":"Feature","geometry":{"type":"LineString","coordinates":[[107.6116741,-6.9552221],[107.6116113,-6.9549027]]},"properties":{"name":"Jalan Mohammad Toha","ref":"161"}},
{"type":"Feature","geometry":{"type":"LineString","coordinates":[[107.6121624,-6.9565318],[107.6119023,-6.955933]]},"properties":{"name":"Jalan Mohammad Toha","ref":"161"}},
{"type":"Feature","geometry":{"type":"LineString","coordinates":[[107.6054387,-6.9480071],[107.6054314,-6.9481041]]},"properties":{"name":"","ref":""}},
{"type":"Feature","geometry":{"type":"LineString","coordinates":[[107.5970548,-6.9377924],[107.5954936,-6.9372742]]},"properties":{"name":"Jalan Peta","ref":"374"}},
{"type":"Feature","geometry":{"type":"LineString","coordinates":[[107.680979,-7.0220419],[107.6870368,-7.022799],[107.6888459,-7.0240355],[107.703997,-7.0329155]]},"properties":{"name":"Jalan Raya Laswi","ref":"365"}},
{"type":"Feature","geometry":{"type":"LineString","coordinates":[[107.6809083,-7.0220369],[107.680979,-7.0220419]]},"properties":{"name":"Jalan Raya Laswi","ref":"365"}},
{"type":"Feature","geometry":{"type":"LineString","coordinates":[[107.609996,-6.9500355],[107.6095322,-6.9486416]]},"properties":{"name":"Jalan Mohammad Toha","ref":"161"}},
{"type":"Feature","geometry":{"type":"LineString","coordinates":[[107.5952184,-6.9469031],[107.595295,-6.9458786]]},"properties":{"name":"Jalan Leuwi Panjang","ref":"4118"}},
{"type":"Feature","geometry":{"type":"LineString","coordinates":[[107.6604044,-7.0232515],[107.6604983,-7.0233061]]},"properties":{"name":"Jalan Raya Laswi","ref":"365"}},
{"type":"Feature","geometry":{"type":"LineString","coordinates":[[107.6577335,-7.0215902],[107.6604044,-7.0232515]]},"properties":{"name":"Jalan Raya Laswi","ref":"365"}},
{"type":"Feature","geometry":{"type":"LineString","coordinates":[[107.6576627,-7.0215425],[107.6577335,-7.0215902]]},"properties":{"name":"Jalan Raya Laswi","ref":"365"}},
{"type":"Feature","geometry":{"type":"LineString","coordinates":[[107.6521674,-7.0169218],[107.6524639,-7.0181815],[107.6576627,-7.0215425]]},"properties":{"name":"Jalan Raya Laswi","ref":"365"}},
{"type":"Feature","geometry":{"type":"LineString","coordinates":[[107.6310419,-6.9935157],[107.6309877,-6.9937096]]},"properties":{"name":"Jalan Terusan Bojongsoang","ref":"365"}},
{"type":"Feature","geometry":{"type":"LineString","coordinates":[[107.6119023,-6.955933],[107.6118666,-6.9558199]]},"properties":{"name":"Jalan Mohammad Toha","ref":"161"}},
{"type":"Feature","geometry":{"type":"LineString","coordinates":[[107.5954936,-6.9372742],[107.5952296,-6.9371632]]},"properties":{"name":"Jalan Peta","ref":"374"}},
{"type":"Feature","geometry":{"type":"LineString","coordinates":[[107.6059365,-6.9375973],[107.6044934,-6.9374561]]},"properties":{"name":"Jalan Peta","ref":"374"}},
{"type":"Feature","geometry":{"type":"LineString","coordinates":[[107.6179596,-6.9736256],[107.6143394,-6.9630233]]},"properties":{"name":"Jalan Dayeuhkolot","ref":"161-12K"}},
{"type":"Feature","geometry":{"type":"LineString","coordinates":[[107.5938141,-6.9457411],[107.5936574,-6.9459061],[107.593264,-6.9458573]]},"properties":{"name":"Jalur Bus Kota Terminal Leuwipanjang","ref":""}},
{"type":"Feature","geometry":{"type":"LineString","coordinates":[[107.5898972,-6.9453598],[107.5899638,-6.9456485]]},"properties":{"name":"","ref":""}},
{"type":"Feature","geometry":{"type":"LineString","coordinates":[[107.7166222,-7.0363808],[107.7198506,-7.0371783],[107.7234827,-7.0391039]]},"properties":{"name":"Jalan Raya Laswi","ref":"365"}},
{"type":"Feature","geometry":{"type":"LineString","coordinates":[[107.595295,-6.9458786],[107.5947542,-6.9458158]]},"properties":{"name":"Jalur Masuk Bus","ref":""}},
{"type":"Feature","geometry":{"type":"LineString","coordinates":[[107.5944877,-6.9457804],[107.5940855,-6.9457238]]},"properties":{"name":"Jalur Bus Kota dan AKAP","ref":""}},
{"type":"Feature","geometry":{"type":"LineString","coordinates":[[107.6076477,-6.9431556],[107.6061749,-6.938344]]},"properties":{"name":"Jalan Mohammad Toha","ref":"161"}},
{"type":"Feature","geometry":{"type":"LineString","coordinates":[[107.5920057,-6.9464327],[107.5934341,-6.9468277]]},"properties":{"name":"Jalan Soekarno-Hatta","ref":"11"}},
{"type":"Feature","geometry":{"type":"LineString","coordinates":[[107.5899638,-6.9456485],[107.5905372,-6.9458885]]},"properties":{"name":"Jalan Soekarno-Hatta","ref":"11"}},
{"type":"Feature","geometry":{"type":"LineString","coordinates":[[107.6143394,-6.9630233],[107.6139412,-6.9618372],[107.6137567,-6.9612851],[107.6137443,-6.9612499],[107.613571,-6.9607329]]},"properties":{"name":"Jalan Dayeuhkolot","ref":"161-12K"}},
{"type":"Feature","geometry":{"type":"LineString","coordinates":[[107.5899199,-6.9452949],[107.5898972,-6.9453598]]},"properties":{"name":"Jalan Kyai Haji Wahid Hasyim","ref":"106"}},
{"type":"Feature","geometry":{"type":"LineString","coordinates":[[107.6093038,-6.9479813],[107.6086676,-6.9461425]]},"properties":{"name":"Jalan Mohammad Toha","ref":"161"}},
{"type":"Feature","geometry":{"type":"LineString","coordinates":[[107.5934341,-6.9468277],[107.5946801,-6.9470993]]},"properties":{"name":"Jalan Soekarno-Hatta","ref":"11"}},
{"type":"Feature","geometry":{"type":"LineString","coordinates":[[107.5940315,-6.9457129],[107.5939798,-6.9457037]]},"properties":{"name":"Jalur Bus Kota dan AKAP","ref":""}},
{"type":"Feature","geometry":{"type":"LineString","coordinates":[[107.5940855,-6.9457238],[107.5940315,-6.9457129]]},"properties":{"name":"Jalur Bus Kota dan AKAP","ref":""}},
{"type":"Feature","geometry":{"type":"LineString","coordinates":[[107.5947542,-6.9458158],[107.5944877,-6.9457804]]},"properties":{"name":"Jalur Bus Kota dan AKAP","ref":""}},
{"type":"Feature","geometry":{"type":"LineString","coordinates":[[107.6118666,-6.9558199],[107.6117909,-6.9555998]]},"properties":{"name":"Jalan Mohammad Toha","ref":"161"}},
{"type":"Feature","geometry":{"type":"LineString","coordinates":[[107.6270195,-6.9861916],[107.6265321,-6.9862119]]},"properties":{"name":"Jalan Bojongsoang","ref":""}},
{"type":"Feature","geometry":{"type":"LineString","coordinates":[[107.7132426,-7.0357112],[107.713347,-7.0357328]]},"properties":{"name":"Jalan Raya Laswi","ref":"365"}},
{"type":"Feature","geometry":{"type":"LineString","coordinates":[[107.7515157,-7.0506389],[107.7519681,-7.0506716]]},"properties":{"name":"Jalan Raya Laswi","ref":"365"}},
{"type":"Feature","geometry":{"type":"LineString","coordinates":[[107.6029953,-6.9373294],[107.6021772,-6.9372552]]},"properties":{"name":"Jalan Peta","ref":"374"}},
{"type":"Feature","geometry":{"type":"LineString","coordinates":[[107.6309877,-6.9937096],[107.6309524,-6.9938605]]},"properties":{"name":"Jalan Terusan Bojongsoang","ref":"365"}},
{"type":"Feature","geometry":{"type":"LineString","coordinates":[[107.6309524,-6.9938605],[107.6309343,-6.9939642]]},"properties":{"name":"Jalan Terusan Bojongsoang","ref":"365"}},
{"type":"Feature","geometry":{"type":"LineString","coordinates":[[107.6309343,-6.9939642],[107.6308714,-6.9943251]]},"properties":{"name":"Jalan Terusan Bojongsoang","ref":"365"}},
{"type":"Feature","geometry":{"type":"LineString","coordinates":[[107.6308714,-6.9943251],[107.6307767,-6.9949068]]},"properties":{"name":"Jalan Terusan Bojongsoang","ref":"365"}},
{"type":"Feature","geometry":{"type":"LineString","coordinates":[[107.6307767,-6.9949068],[107.6307642,-6.9949973]]},"properties":{"name":"Jalan Terusan Bojongsoang","ref":"365"}},
{"type":"Feature","geometry":{"type":"LineString","coordinates":[[107.6307642,-6.9949973],[107.6307513,-6.9951191]]},"properties":{"name":"Jalan Terusan Bojongsoang","ref":"365"}},
{"type":"Feature","geometry":{"type":"LineString","coordinates":[[107.6307513,-6.9951191],[107.6307466,-6.995583]]},"properties":{"name":"Jalan Terusan Bojongsoang","ref":"365"}},
{"type":"Feature","geometry":{"type":"LineString","coordinates":[[107.6307466,-6.995583],[107.6308707,-6.9965927]]},"properties":{"name":"Jalan Terusan Bojongsoang","ref":"365"}},
{"type":"Feature","geometry":{"type":"LineString","coordinates":[[107.6308707,-6.9965927],[107.6309996,-6.9971489]]},"properties":{"name":"Jalan Terusan Bojongsoang","ref":"365"}},
{"type":"Feature","geometry":{"type":"LineString","coordinates":[[107.6309996,-6.9971489],[107.6311094,-6.9977754]]},"properties":{"name":"Jalan Terusan Bojongsoang","ref":"365"}},
{"type":"Feature","geometry":{"type":"LineString","coordinates":[[107.6311094,-6.9977754],[107.6311198,-6.9978516]]},"properties":{"name":"Jalan Terusan Bojongsoang","ref":"365"}},
{"type":"Feature","geometry":{"type":"LineString","coordinates":[[107.6311198,-6.9978516],[107.6311368,-6.9979105]]},"properties":{"name":"Jalan Terusan Bojongsoang","ref":"365"}},
{"type":"Feature","geometry":{"type":"LineString","coordinates":[[107.6311368,-6.9979105],[107.6312073,-6.9980755]]},"properties":{"name":"Jalan Terusan Bojongsoang","ref":"365"}},
{"type":"Feature","geometry":{"type":"LineString","coordinates":[[107.6312073,-6.9980755],[107.631235,-6.9981448]]},"properties":{"name":"Jalan Terusan Bojongsoang","ref":"365"}},
{"type":"Feature","geometry":{"type":"LineString","coordinates":[[107.631235,-6.9981448],[107.6312562,-6.998198]]},"properties":{"name":"Jalan Terusan Bojongsoang","ref":"365"}},
{"type":"Feature","geometry":{"type":"LineString","coordinates":[[107.6312562,-6.998198],[107.6313266,-6.9983338]]},"properties":{"name":"Jalan Terusan Bojongsoang","ref":"365"}},
{"type":"Feature","geometry":{"type":"LineString","coordinates":[[107.6313266,-6.9983338],[107.6314265,-6.9985454]]},"properties":{"name":"Jalan Terusan Bojongsoang","ref":"365"}},
{"type":"Feature","geometry":{"type":"LineString","coordinates":[[107.6314265,-6.9985454],[107.6316025,-6.9989284]]},"properties":{"name":"Jalan Terusan Bojongsoang","ref":"365"}},
{"type":"Feature","geometry":{"type":"LineString","coordinates":[[107.6316025,-6.9989284],[107.6316699,-6.9990672]]},"properties":{"name":"Jalan Terusan Bojongsoang","ref":"365"}},
{"type":"Feature","geometry":{"type":"LineString","coordinates":[[107.6316699,-6.9990672],[107.6318386,-6.9995318]]},"properties":{"name":"Jalan Terusan Bojongsoang","ref":"365"}},
{"type":"Feature","geometry":{"type":"LineString","coordinates":[[107.6318386,-6.9995318],[107.6318678,-6.9996123]]},"properties":{"name":"Jalan Terusan Bojongsoang","ref":"365"}},
{"type":"Feature","geometry":{"type":"LineString","coordinates":[[107.6318678,-6.9996123],[107.6318943,-6.9996808]]},"properties":{"name":"Jalan Terusan Bojongsoang","ref":"365"}},
{"type":"Feature","geometry":{"type":"LineString","coordinates":[[107.6318943,-6.9996808],[107.6319395,-6.999798]]},"properties":{"name":"Jalan Terusan Bojongsoang","ref":"365"}},
{"type":"Feature","geometry":{"type":"LineString","coordinates":[[107.6319395,-6.999798],[107.6318805,-7.0001847]]},"properties":{"name":"Jalan Terusan Bojongsoang","ref":"365"}},
{"type":"Feature","geometry":{"type":"LineString","coordinates":[[107.6318805,-7.0001847],[107.6316364,-7.0014605]]},"properties":{"name":"Jalan Terusan Bojongsoang","ref":"365"}},
{"type":"Feature","geometry":{"type":"LineString","coordinates":[[107.6316364,-7.0014605],[107.6313964,-7.0027517]]},"properties":{"name":"Jalan Terusan Bojongsoang","ref":"365"}},
{"type":"Feature","geometry":{"type":"LineString","coordinates":[[107.6313964,-7.0027517],[107.6313132,-7.0032895]]},"properties":{"name":"Jalan Terusan Bojongsoang","ref":"365"}},
{"type":"Feature","geometry":{"type":"LineString","coordinates":[[107.6313132,-7.0032895],[107.6312636,-7.0039683]]},"properties":{"name":"Jalan Terusan Bojongsoang","ref":"365"}},
{"type":"Feature","geometry":{"type":"LineString","coordinates":[[107.6312636,-7.0039683],[107.6312522,-7.0043111]]},"properties":{"name":"Jalan Terusan Bojongsoang","ref":"365"}},
{"type":"Feature","geometry":{"type":"LineString","coordinates":[[107.6312522,-7.0043111],[107.6312529,-7.0043683]]},"properties":{"name":"Jalan Terusan Bojongsoang","ref":"365"}},
{"type":"Feature","geometry":{"type":"LineString","coordinates":[[107.6312529,-7.0043683],[107.6312405,-7.0048462]]},"properties":{"name":"Jalan Terusan Bojongsoang","ref":"365"}},
{"type":"Feature","geometry":{"type":"LineString","coordinates":[[107.613571,-6.9607329],[107.6135242,-6.9605935]]},"properties":{"name":"Jalan Mohammad Toha","ref":"161"}},
{"type":"Feature","geometry":{"type":"LineString","coordinates":[[107.633615,-6.9828912],[107.6328922,-6.9855671]]},"properties":{"name":"Jalan Terusan Bojongsoang","ref":"365"}},
{"type":"Feature","geometry":{"type":"LineString","coordinates":[[107.5910269,-6.9435481],[107.5920724,-6.9418438]]},"properties":{"name":"Jalan Kyai Haji Wahid Hasyim","ref":"106"}},
{"type":"Feature","geometry":{"type":"LineString","coordinates":[[107.5939798,-6.9457037],[107.5938141,-6.9457411]]},"properties":{"name":"Jalur Bus Kota","ref":""}}
]}