{"_id":"68aaeb511c651ed037b531a6","type":"FeatureCollection","features":[{"type":"Feature","properties":{"fid":132,"STATUS OPERSI":"Non Aktif","JENIS JALUR":"Track Raya","ID_WO":"JA046004","KM AWAL":10,"KM AKHIR":20,"NAMA LINTASAN":"Semarang - Jatirogo","STASIUN AWAL":"Sayong","STASIUN AKHIR":"Buyaran","WILAYAH DAOP":"Jabateng","WILKER":4},"geometry":{"type":"MultiLineString","coordinates":[[[107.75801003900006,-6.965678992999926],[107.75802019800005,-6.965682023999932],[107.75901823000004,-6.965979754999978],[107.75960170800005,-6.966147894999949],[107.75976034800004,-6.966192261999936],[107.75990410000009,-6.966219099999932],[107.76012842600005,-6.966238123999972],[107.76036492000009,-6.966236871999968],[107.76060918900004,-6.966215348999981],[107.76085490000008,-6.966174099999932],[107.76109489400005,-6.966114878999974],[107.76132259700006,-6.966039850999948],[107.76153287700004,-6.965950721999945],[107.76172270000006,-6.965848799999947],[107.76190535800004,-6.965725489999954],[107.76208532300006,-6.96557788399997],[107.76225939100004,-6.965408582999942],[107.762423,-6.965222],[107.76257456300004,-6.965020058999926],[107.76270402200004,-6.96481597199994],[107.76280874200006,-6.964613913999926],[107.76288750000003,-6.964416299999925],[107.76292166400003,-6.964291221999929],[107.76294594000007,-6.964147351999941],[107.76300460000004,-6.963498199999947],[107.763188,-6.962607799999944],[107.76331370000008,-6.961653599999977],[107.76347810000004,-6.960765099999946],[107.76364520000004,-6.959867],[107.76372263100006,-6.959217586999955],[107.76375970000004,-6.958981799999947],[107.76398660000007,-6.9581],[107.76403134100008,-6.957799506999947],[107.764094,-6.957194899999934],[107.76420580000007,-6.956249399999933],[107.76435140000007,-6.955342499999972],[107.76450380000006,-6.954408899999976],[107.764691,-6.953525099999979],[107.76480250000009,-6.952544399999965],[107.76484246200005,-6.952343825999947],[107.76497970000008,-6.951655],[107.76513670000008,-6.950774099999933],[107.76604262100005,-6.945655472999931],[107.76666458600005,-6.942031391999933],[107.76672835900007,-6.94158787899994],[107.76677877400004,-6.94109462199998],[107.76681954000009,-6.940510114999938],[107.76691588300008,-6.938711122999962],[107.76696841200004,-6.938143164999929],[107.76703677700004,-6.937642856999958],[107.76714989800007,-6.937076174999959],[107.76729640100007,-6.936564172999965],[107.76747929400005,-6.936096454999927],[107.76758502600006,-6.935877589999961],[107.76770060300004,-6.935668028999942],[107.76789989300005,-6.935344897999926],[107.76811278900004,-6.935029787999952],[107.76833402300008,-6.934730484999932],[107.76855902600005,-6.934453155999961],[107.76872818400005,-6.934270394999942],[107.76891228200009,-6.93410156799996],[107.76911168100008,-6.933946344999981],[107.76932687300007,-6.933804337999959],[107.76955819700004,-6.933675286999971],[107.76980669900007,-6.933558570999935],[107.77007338500005,-6.933453714999928],[107.77035978300006,-6.933360112999935],[107.77092295300008,-6.933219669999971],[107.77157683000007,-6.933107209999946],[107.77226479700005,-6.933024592999971],[107.77418749700007,-6.932838346999972],[107.77476085900008,-6.932758731999968],[107.77526296500008,-6.932665182999926],[107.77581499700005,-6.932524795999939],[107.77630643400005,-6.932353169999942],[107.77653262500007,-6.932254543999932],[107.77674655900006,-6.932147030999943],[107.77694879800003,-6.932030346999966],[107.77713975400007,-6.93190425399996],[107.77793260000004,-6.931381000999977],[107.77827355300008,-6.931127204999939],[107.77843351400008,-6.930985365999959],[107.77856828600005,-6.930844617999981],[107.77868015400009,-6.930702562999954],[107.77877010000009,-6.930557914999952],[107.77884837800008,-6.930394111999931],[107.77891547000007,-6.930212488999928],[107.77897126000005,-6.930013354999971],[107.77901561700008,-6.929797174999976],[107.77904846600006,-6.929564118999963],[107.77906958700004,-6.929315475999942],[107.77907625200004,-6.928777146999948],[107.77904833600007,-6.928544776999956],[107.77897695600007,-6.928285168999935],[107.77888207200004,-6.928036875999965],[107.77863133100004,-6.927456609999979],[107.77853305800005,-6.927173197999934],[107.77848092400006,-6.926908136999941],[107.77847530800005,-6.926786935999928],[107.77848318400004,-6.926671478999936],[107.77851655400008,-6.926493525999945],[107.77857154400004,-6.926307966999957],[107.77864833000007,-6.926114182999981],[107.77874737500008,-6.925911005999978],[107.77886692000004,-6.925700975999973],[107.77901065600008,-6.925476780999929],[107.77939808400004,-6.924944696999944],[107.77951453200006,-6.924806154999942],[107.77965737800008,-6.924661042999958],[107.78029871000007,-6.924086308999961],[107.78042662100006,-6.923950354999931],[107.78053204300005,-6.923818453999957],[107.78063150300005,-6.92365775899998],[107.78072164400004,-6.923461138999926],[107.78095523400003,-6.922759410999959],[107.78105331800003,-6.92251592599996],[107.78117827300008,-6.922300769999936],[107.78124866900004,-6.922214205999978],[107.78132544200008,-6.922140200999934],[107.78151786800004,-6.922005005999949],[107.78176132200008,-6.92188333699994],[107.78204647800004,-6.921775642999933],[107.78253661300005,-6.921620767999968],[107.78269484600008,-6.921580769999935],[107.78288009500005,-6.921553661999951],[107.78356241800009,-6.921516696999959],[107.78381902300004,-6.921485858999972],[107.78394785700004,-6.921455953999953],[107.78406053800006,-6.921416509999972],[107.78415931300009,-6.921366729999932],[107.78424524700006,-6.921306055999935],[107.78435422500007,-6.921204135999972],[107.78446101700007,-6.921081636999929],[107.78456220000004,-6.920942474999947],[107.78465406100008,-6.920791744999974],[107.78473302400005,-6.920635398999934],[107.78479647100005,-6.920478708999951],[107.78484230500004,-6.920326886999931],[107.78486930700006,-6.920184001999928],[107.78487616200005,-6.920052551999959],[107.78486466000004,-6.919911818999935],[107.78483475500008,-6.919761093999966],[107.78478617100006,-6.919598958999927],[107.78463817600004,-6.919247484999971],[107.78437314100006,-6.918745184999977],[107.78430566500003,-6.918635667999979],[107.78421771800004,-6.918519222999976],[107.78388437300003,-6.918147803999943],[107.78376944700005,-6.918006048999928],[107.78367436400003,-6.917856926999946],[107.78361368300006,-6.917713342999946],[107.78358266300006,-6.917572838999945],[107.78357066200005,-6.917409499999962],[107.78360142500009,-6.916828149999958],[107.78359579900007,-6.916607023999973],[107.78353702500004,-6.915978206999966],[107.78347732900005,-6.915611813999931],[107.78343426400005,-6.915443940999978],[107.78338244000008,-6.915292789999967],[107.78332111800006,-6.915156224999976],[107.78324981700007,-6.915033204999929],[107.78311775200007,-6.914880806999975],[107.78275614700004,-6.914568350999957],[107.78268450900003,-6.914486138999962],[107.78263271100008,-6.914405015999932],[107.78258170100008,-6.914275031999978],[107.78255132400005,-6.914118330999941],[107.78253141400006,-6.913551687999927],[107.78250481200007,-6.913342675999957],[107.78242138700006,-6.913014442999952],[107.78230846500009,-6.912668414999928],[107.78216458600008,-6.912299788999974],[107.78198365900005,-6.911892885999976],[107.78185495900004,-6.911659357999952],[107.78167988900009,-6.911412313999961],[107.78148815600008,-6.911181215999932],[107.78099151800006,-6.910622795999927],[107.78075711900004,-6.910318013999927],[107.78065402600004,-6.910152860999972],[107.78057336400008,-6.90999271499993],[107.78051366100004,-6.909834625999963],[107.78047433100005,-6.90967698399993],[107.78042936800006,-6.909362125999962],[107.78041226100004,-6.909057169999926],[107.78042374900008,-6.908776151999973],[107.78046347800006,-6.908525389999966],[107.78051467500006,-6.908351546999938],[107.78058930900005,-6.908174585999973],[107.78068760300005,-6.907993961999978],[107.78081010300008,-6.907808659999944],[107.78095487900003,-6.907620734999966],[107.78112617700003,-6.907423975999961],[107.78157851400005,-6.906970576999981],[107.78187659800005,-6.906714421999936],[107.78222024900003,-6.906467825999925],[107.78261056100007,-6.906229964999966],[107.78305126700008,-6.905998547999957],[107.78329864900007,-6.905899389999945],[107.78394071900004,-6.90570129799994],[107.78410849400007,-6.905627545999948],[107.78424788000007,-6.905543889999933],[107.78436076600008,-6.905449139999973],[107.78447293900007,-6.905323773999953],[107.78478250500007,-6.904878591999932],[107.78488780300006,-6.904742017999979],[107.78498494800004,-6.904639242999963],[107.78508337900007,-6.904558985999927],[107.78532709000007,-6.904415535999931],[107.78561771400007,-6.904292831999953],[107.78595481300005,-6.904191024999932],[107.78633939100007,-6.904109809999966],[107.78658239300006,-6.904081309999981],[107.78683948500009,-6.904077948999941],[107.78711277200006,-6.904099674999941],[107.78740638700003,-6.904146804999925],[107.78769359700004,-6.904211840999949],[107.78801420100007,-6.904300977999981],[107.78908894900007,-6.904650410999977],[107.78939811800007,-6.904771970999946],[107.78998852500007,-6.905066894999948],[107.79023126300007,-6.905174154999941],[107.79048690800005,-6.905255332999957],[107.79071862400008,-6.905288065999969],[107.79085815500008,-6.90528648399993],[107.79100486800007,-6.905270408999968],[107.79132728700006,-6.905193758999928],[107.79162299500007,-6.905088476999936],[107.79243824800005,-6.904756131999932],[107.79270511200008,-6.90465271599993],[107.79299762900007,-6.904521414999977],[107.79400948400007,-6.904006705999961],[107.79441175000005,-6.903819041999952],[107.79483202900008,-6.90366051899997],[107.79521799000008,-6.903562242999953],[107.79551181300008,-6.903519818999939],[107.79582319300005,-6.903499007999926],[107.79615530700005,-6.903499568999962],[107.79651455500004,-6.903521498999964],[107.79716518000004,-6.903601478999974],[107.79840331200006,-6.903810765999935],[107.79889960400004,-6.90388313099993],[107.79936373100008,-6.903948951999951],[107.79987968900008,-6.904037240999969],[107.80215571900004,-6.904479824999953],[107.80273644200008,-6.904569066999954],[107.80326272000008,-6.904628479999928],[107.80398598300008,-6.90468366999994],[107.80470969400005,-6.904719531999945],[107.80543385200008,-6.904736062999973],[107.80615845700004,-6.904733265999937],[107.80688351000003,-6.904711138999971],[107.80760901000008,-6.904669681999962],[107.80833495600007,-6.904608896999946],[107.80906135000004,-6.904528780999954],[107.80978819100005,-6.904429336999954],[107.81051547900006,-6.904310561999978],[107.81124321500005,-6.904172458999938],[107.81197139800008,-6.904015025999968],[107.81270002800005,-6.903838262999955],[107.81342910400008,-6.903642171999934],[107.81415862800009,-6.903426750999927],[107.81488860000007,-6.903192]]]}},{"type":"Feature","properties":{"fid":134,"STATUS OPERSI":"Aktif","JENIS JALUR":"Track Raya","ID_WO":"JA047005","KM AWAL":0,"KM AKHIR":0,"NAMA LINTASAN":"Semarang - Jatirogo","STASIUN AWAL":"Pamotan","STASIUN AKHIR":"Jatirogo","WILAYAH DAOP":"Jabateng","WILKER":4},"geometry":{"type":"MultiLineString","coordinates":[[[107.62593299700006,-6.918764689999932],[107.62574743100004,-6.918724562999955],[107.62540533900005,-6.918658561999962],[107.62522440100008,-6.918624136999938],[107.62473350300007,-6.918534496999939],[107.62458497100005,-6.91850537199997],[107.62445175000005,-6.918477292999967],[107.62417865600008,-6.918413506999968],[107.62362221500007,-6.918273952999925],[107.62272573100006,-6.918055805999927],[107.62185325300004,-6.917846158999964],[107.62123782200007,-6.917702989999952],[107.62097013000005,-6.917638430999943],[107.62075761400007,-6.917583782999941],[107.62029199800008,-6.917459392999945],[107.62009777100008,-6.917409868999925],[107.61988056700005,-6.917358516999968],[107.61939810900009,-6.917250109999941],[107.61919462300006,-6.917201427999942],[107.61900759100007,-6.917152902999931],[107.61853718800006,-6.917023865999965],[107.61832057700008,-6.916967320999959],[107.61807937500004,-6.916909473999965],[107.61743768000008,-6.916762663999975],[107.61713910300006,-6.91669015399998],[107.61656896100004,-6.916548963999958],[107.61599739800005,-6.916409363999946],[107.61570381700005,-6.916335425999932],[107.61550764600008,-6.916283115999931],[107.61504525900006,-6.916155295999943],[107.61481424000004,-6.916095310999935],[107.61455150900008,-6.916031461999978],[107.61432804100008,-6.915979673999971],[107.61412319400006,-6.915935159999947],[107.61393197900009,-6.915896871999962],[107.61381643800007,-6.915875949999929],[107.61368766900006,-6.91585482499994],[107.61321984700004,-6.915785660999973],[107.61302952400007,-6.915755201999957],[107.61286635400006,-6.915724761999968],[107.61254198400007,-6.915657414999941],[107.61240581500005,-6.91563081299995],[107.61226296800004,-6.915606689999947],[107.61213480900005,-6.915589908999948],[107.61202188400006,-6.915579910999952],[107.61189542300008,-6.915573250999955],[107.61176975600006,-6.915569821999952],[107.61144179700005,-6.915564726999946],[107.61125945900005,-6.915556896999931],[107.61091191600008,-6.915534031999925],[107.61068331500007,-6.915515275999951],[107.61047500900008,-6.915492571999948],[107.61037845800007,-6.915479540999968],[107.61028593100008,-6.915465236999978],[107.61019591500008,-6.915448810999976],[107.61009776400005,-6.915427848999968],[107.60998848700007,-6.915401828999961],[107.60966596100008,-6.91532105999994],[107.60956415100009,-6.915298358999962],[107.60947265800007,-6.915280682999935],[107.60933554600007,-6.915258703999939],[107.60918137800007,-6.91523820499998],[107.60857391200005,-6.915171264999969],[107.60799420200004,-6.915100496999969],[107.60767396700004,-6.915058014999943],[107.60747423000004,-6.91502768099997],[107.60701119200007,-6.914951640999959],[107.60678731700006,-6.914919310999949],[107.60659164600008,-6.914897564999933],[107.60612930200006,-6.914855987999942],[107.60600998900009,-6.914842449999981],[107.60590218600004,-6.914827640999931],[107.60579625800005,-6.914809697999942],[107.60567890700008,-6.914786053999933],[107.60530911500007,-6.914700568999933],[107.60518127800009,-6.914672863999954],[107.60506236800006,-6.914650621999954],[107.60495452800006,-6.914634645999968],[107.60486691800008,-6.91462609499996],[107.60476794300007,-6.914621297999929],[107.60467087500007,-6.914619886999958],[107.60442699400005,-6.914620142999979],[107.60429704000006,-6.914616139999964],[107.60422952200008,-6.914611265999952],[107.60416657900004,-6.914604351999969],[107.60410693600005,-6.914595246999966],[107.60404996000005,-6.914583812999979],[107.60400151400006,-6.914571302999946],[107.60395166200004,-6.914555399999927],[107.60390007600006,-6.914536029999965],[107.60384560500006,-6.914512783999953],[107.60374814700003,-6.914465742999937],[107.60352456700008,-6.914349225999956],[107.60346769900008,-6.91432206099995],[107.60341634400004,-6.914299762999974],[107.60336442300007,-6.914279977999968],[107.60331551700006,-6.914264376999938],[107.60326877900008,-6.914252629999964],[107.60322325300007,-6.91424447299994],[107.60308721300004,-6.914227492999942],[107.60296919400008,-6.914217935999943],[107.60286182900006,-6.914215177999949],[107.60281245900006,-6.914216329999931],[107.60276504700005,-6.914219160999949],[107.60271934200006,-6.914223714999935],[107.60267580900006,-6.914229961999979],[107.60263446900007,-6.914237879999973],[107.60259521400008,-6.914247460999945],[107.60255801500006,-6.914258687999961],[107.60252283800008,-6.914271546999942],[107.60248965800008,-6.914286015999949],[107.60245953200007,-6.914301424999962],[107.60245712400007,-6.914302910999936]]]}},{"type":"Feature","properties":{"fid":150,"STATUS OPERSI":"Non Aktif","JENIS JALUR":"Track Raya","ID_WO":"JA049004","KM AWAL":0,"KM AKHIR":0,"NAMA LINTASAN":"Wirosari - Kradenan","STASIUN AWAL":"Wirosari","STASIUN AKHIR":"Kradenan","WILAYAH DAOP":"Jabateng","WILKER":4},"geometry":{"type":"MultiLineString","coordinates":[[[107.71301560500007,-7.034312138999951],[107.71310970000008,-7.034299499999975],[107.71428460000004,-7.034190323999951],[107.71548583600008,-7.034118403999969],[107.71671390000006,-7.034083710999937],[107.71796941300005,-7.034086225999943],[107.71925285300006,-7.034125940999957],[107.72056532600004,-7.034202878999963],[107.72190784700007,-7.034317098999963],[107.72328176200006,-7.034468715999935],[107.72468147400008,-7.03465685499998],[107.72611589100006,-7.034882462999974],[107.72758746200009,-7.035145922999959],[107.72909974800007,-7.035447869999928],[107.73065395400005,-7.035788451999963],[107.73225970700008,-7.036169685999937],[107.73392538600007,-7.036593548999974],[107.73566646700004,-7.037063969999963],[107.73715305200005,-7.037493111999936],[107.73863084100009,-7.037953023999933],[107.74009983600007,-7.038443706999942],[107.74156003500008,-7.038965160999965],[107.74301144000009,-7.039517384999954],[107.74445404800008,-7.040100379999956],[107.74588786200007,-7.040714144999981],[107.74731288100008,-7.041358679999973],[107.74872910300007,-7.042033985999979],[107.75013653100007,-7.04274006199995],[107.75153516400007,-7.043476908999935],[107.75292500200004,-7.044244525999943],[107.75430604400009,-7.045042913999964],[107.75567829100004,-7.045872071999952],[107.75704174400005,-7.046732000999953],[107.75839640000004,-7.047622699999977]]]}},{"type":"Feature","properties":{"fid":180,"STATUS OPERSI":"Aktif","JENIS JALUR":"Track Raya","ID_WO":"JA040002","KM AWAL":0,"KM AKHIR":2,"NAMA LINTASAN":"Semarang - Cirebon","STASIUN AWAL":"Semarang Poncol","STASIUN AKHIR":"Semarang Tawang","WILAYAH DAOP":"Jabateng","WILKER":4},"geometry":{"type":"MultiLineString","coordinates":[[[107.51574342200007,-6.865965068999969],[107.51565251900007,-6.86578327899997],[107.51549493000005,-6.865479276999963],[107.51541099800005,-6.865326547999928],[107.51524698300005,-6.865045732999931],[107.51518272300007,-6.864932532999944],[107.51511965100008,-6.864814220999961],[107.51506684100008,-6.864705447999938],[107.51502160700005,-6.864600921999966],[107.51497609200004,-6.864483630999928],[107.51493350700008,-6.864364207999927],[107.51482408500004,-6.864044256999932],[107.51478943600006,-6.863949872999967],[107.51475637900006,-6.863866126999937],[107.51471364400004,-6.863765248999925],[107.51466429000004,-6.863654695999969],[107.51445052800005,-6.863199984999937],[107.51436033300007,-6.862997907999954],[107.51428815500009,-6.862819827999942],[107.51412278900006,-6.862386833999949],[107.51407530800009,-6.86227145099997],[107.51402986600004,-6.862168840999971],[107.51395604600003,-6.862015063999934],[107.51386958400008,-6.861846788999969],[107.51377309400004,-6.861667954999973],[107.51360470000009,-6.861364069999979],[107.51341582200007,-6.861018090999949],[107.51332296900006,-6.860853400999929],[107.51322740200004,-6.860694292999938],[107.51313627000008,-6.860555025999929],[107.51308639600006,-6.86048402299997],[107.51303291000005,-6.860411057999954],[107.51291278400004,-6.860256197999945],[107.51277488300008,-6.860088627999971],[107.51257376200005,-6.859853180999949],[107.51241288500006,-6.859668739999961],[107.51226248700004,-6.859502072999931],[107.51211824800004,-6.859348387999944],[107.51197828800008,-6.859205681999981],[107.51185691200004,-6.859087916999954],[107.51171939000005,-6.858960416999935],[107.51157005900006,-6.858826569999962],[107.51130887400006,-6.858596811999973],[107.51115907400003,-6.858467737999945],[107.51080073200006,-6.858166845999961],[107.51062603900004,-6.858013626999934],[107.51039339300007,-6.85780183199995],[107.51023427900009,-6.857652272999928],[107.51009320300005,-6.857512793999945],[107.50996881900005,-6.857381536999981],[107.50983273700007,-6.857227258999956],[107.50969480900005,-6.857060402999934],[107.50955349700007,-6.85687915099993],[107.50940543000007,-6.856679196999949],[107.50930038900009,-6.856529556999931],[107.50918928800007,-6.85636234499998],[107.50907086700005,-6.856176227999981],[107.50890116800008,-6.855902106999963],[107.50881273800007,-6.85575653099994],[107.50871630200004,-6.855593436999925],[107.50841808600006,-6.855075856999974],[107.50797495700004,-6.854298381999968],[107.50781345600006,-6.854022173999965],[107.50751743600006,-6.853521586999932],[107.50722167400005,-6.853015483999968],[107.50706574600008,-6.852757837999945],[107.50693856900006,-6.852556236999931],[107.50681097400008,-6.852359251999928],[107.50668295900005,-6.852166885999964],[107.50655453400009,-6.851979149999977],[107.50644080400008,-6.851819656999965],[107.50616608800004,-6.851449038999931],[107.50604404200004,-6.851279249999948],[107.50591305400008,-6.851086277999968],[107.50562879900008,-6.850652084999979],[107.50550082000007,-6.850465672999974],[107.50539351600008,-6.850316772999975],[107.50527509200003,-6.850156811999966],[107.50514256000008,-6.849981687999957],[107.50497623500007,-6.849765385999945],[107.50474966800004,-6.849469916999965],[107.50463697300006,-6.849326072999929],[107.50452403000008,-6.849187884999935],[107.50441918000007,-6.849066881999931],[107.50427921000005,-6.848915121999937],[107.50413068200004,-6.848762796999949],[107.50397337500004,-6.848609685999975],[107.50380698300006,-6.848455494999939],[107.50369423100005,-6.84835654099993],[107.50356518600006,-6.848249239999973],[107.50308002700007,-6.847864425999944],[107.50237082100006,-6.847293296999965],[107.50188175100004,-6.846886518999952],[107.50176227100008,-6.846790182999939],[107.50165385300005,-6.846706049999966],[107.50157513400006,-6.846647894999933],[107.50148572900008,-6.846584883999981],[107.50119189600008,-6.846386691999953],[107.50108891600007,-6.846315689999926],[107.50099331500007,-6.846246751999956],[107.50090821900005,-6.846181670999954],[107.50080858000007,-6.846100275999959],[107.50070028300007,-6.846006645999978],[107.50035683700008,-6.845693945999926],[107.50023161700005,-6.845583052999928],[107.50001464100006,-6.845398312999976],[107.49951529400005,-6.844980042999964],[107.49905922800008,-6.844596552999974],[107.49887648100008,-6.844438357999934],[107.49883790000007,-6.844408299999941],[107.49867386300008,-6.844263489999946],[107.49851316700006,-6.844115436999971],[107.49835581300005,-6.843964139999969],[107.49820180000006,-6.843809599999929],[107.49814840200008,-6.843750732999979],[107.49809274400008,-6.84368111699996],[107.49803660900005,-6.843604007999943],[107.49788272700005,-6.843382877999943],[107.49783315300004,-6.84331767599997],[107.49778671300004,-6.843262252999978],[107.49772981500007,-6.843202907999967],[107.49770143700005,-6.843176967999966]]]}},{"type":"Feature","properties":{"fid":181,"STATUS OPERSI":"Aktif","JENIS JALUR":"Track Raya","ID_WO":"JA044026","KM AWAL":36,"KM AKHIR":46,"NAMA LINTASAN":"Gundih - Surabaya Pasar Turi","STASIUN AWAL":"Kradenan","STASIUN AKHIR":"-","WILAYAH DAOP":"Jabateng","WILKER":4},"geometry":{"type":"MultiLineString","coordinates":[[[107.71449684500004,-6.949810615999979],[107.71448852400005,-6.94980736399998],[107.71426510000003,-6.949725099999966],[107.71408304600004,-6.949663997999949],[107.71362939000005,-6.949522054999932],[107.71342290000007,-6.949453400999971],[107.71332437700005,-6.949417409999967],[107.71318436600006,-6.949366262999945],[107.71273342200004,-6.949192087999961],[107.71254920000007,-6.949122900999953],[107.71218304100006,-6.948991079999928],[107.71170750000005,-6.948824300999945],[107.71156222600007,-6.948774980999929],[107.71112711400008,-6.948631380999927],[107.71098980600004,-6.948583122999935],[107.71086770000005,-6.948537300999931],[107.71071469800006,-6.948474241999975],[107.71033654900003,-6.948305409999932],[107.71024441100008,-6.94826603599995],[107.71016119900008,-6.948232399999938],[107.71001762000009,-6.948178551999945],[107.70985610400004,-6.948122409999939],[107.70933047800008,-6.94795273699998],[107.70914490000007,-6.947890499999971],[107.70869515200008,-6.947732673999951],[107.70829750000007,-6.947589100999949],[107.70811881500003,-6.94752193599993],[107.70768152800008,-6.947353129999954],[107.70745040000008,-6.94726849999995],[107.70727708300006,-6.947210017999964],[107.70689932000005,-6.94708854199996],[107.70675179900007,-6.947038500999952],[107.70661400300008,-6.946988804999933],[107.70646149900006,-6.946931290999942],[107.70594571200007,-6.946728733999976],[107.70574740000006,-6.946652799999981],[107.70540626300004,-6.946526667999933],[107.70491319900009,-6.946347399999979],[107.70406799900007,-6.946043799999927],[107.70346826500008,-6.94582382699997],[107.70320920000006,-6.945730900999934],[107.70299927800005,-6.945658542999979],[107.70253484200003,-6.945502936999958],[107.70232999900009,-6.945432899999957],[107.70192109300007,-6.945288865999942],[107.70149340000006,-6.945134700999972],[107.70112321100004,-6.944998235999947],[107.70064230000008,-6.944817799999953],[107.70004707000004,-6.944588186999965],[107.69979050000006,-6.944492799999978],[107.69953269900009,-6.944403331999979],[107.69887660000006,-6.944184899999925],[107.69836944800005,-6.944011071999967],[107.69821355500005,-6.943955294999967],[107.69807429900004,-6.943903199999966],[107.69797559600005,-6.943864189999942],[107.69786622000004,-6.943818714999964],[107.69741506700007,-6.943623500999934],[107.69722950000005,-6.943549000999951],[107.69712017300009,-6.94350861099997],[107.69699813700004,-6.943465836999962],[107.69655092300007,-6.943317125999954],[107.69636869900006,-6.943254],[107.69616798700008,-6.943180251999934],[107.69572931400006,-6.94301377599993],[107.69553529900008,-6.942941799999971],[107.69533394900009,-6.942870042999971],[107.69488143200005,-6.942712572999937],[107.69468220000005,-6.942641],[107.69451223000004,-6.942576609999946],[107.69409067600009,-6.942411384999957],[107.69397152500005,-6.942366834999973],[107.69386360100003,-6.942328499999974],[107.69376351900007,-6.942295337999951],[107.69365109400007,-6.942260630999954],[107.69317445200005,-6.942122125999958],[107.69306777400004,-6.942088404999936],[107.69297140100008,-6.942055599999946],[107.69279357700009,-6.941988777999939],[107.69243949000008,-6.941845452999928],[107.692289,-6.941787099999942],[107.69205748200005,-6.941704265999931],[107.69155769200006,-6.941535718999944],[107.69134030000004,-6.941459400999975],[107.69105988200005,-6.941356970999948],[107.69084797100004,-6.941277763999949],[107.69065724800004,-6.941204085999971],[107.69048320000007,-6.941134100999932],[107.69039625800008,-6.941096934999962],[107.69016436500004,-6.940993521999928],[107.69009393900006,-6.940964346999976],[107.69003,-6.94094],[107.69000156900006,-6.940930549999962]]]}},{"type":"Feature","properties":{"fid":182,"STATUS OPERSI":"Aktif","JENIS JALUR":"Track Raya","ID_WO":"JA044008","KM AWAL":23,"KM AKHIR":31,"NAMA LINTASAN":"Semarang - Gambringan","STASIUN AWAL":"Tegowanu","STASIUN AKHIR":"Gubug","WILAYAH DAOP":"Jabateng","WILKER":4},"geometry":{"type":"MultiLineString","coordinates":[[[107.75587089300006,-6.964822079999976],[107.75584675900006,-6.964816634999977],[107.75572950500003,-6.964796504999981],[107.75548939700008,-6.964762739999969],[107.75538787400006,-6.964746589999947],[107.75528246700009,-6.964725547999933],[107.75518960000005,-6.964701399999967],[107.75512532000005,-6.964681349999978],[107.75505868200008,-6.964658522999969],[107.75491479100003,-6.964603292999925],[107.75478033400009,-6.964546343999928],[107.75447756500006,-6.964412426999957],[107.75433930000008,-6.964354899999933],[107.75381999100006,-6.964149763999956],[107.75363510000005,-6.964079221999953],[107.75346680000007,-6.964017199999944],[107.75322243300008,-6.963932222999972],[107.75262590000006,-6.963733799999943],[107.75212705000007,-6.963561114999948],[107.75174090000007,-6.963423698999975],[107.75151550300006,-6.963340650999953],[107.75092339900004,-6.963118398999939],[107.75005420000008,-6.962801599999977],[107.74952292100005,-6.962606593999965],[107.74921270000004,-6.962489199999936],[107.74903915100003,-6.962419629999943],[107.74860526900005,-6.962239046999969],[107.74848124600004,-6.962190121999981],[107.74836879900005,-6.962148299999967],[107.74827534500008,-6.962115919999974],[107.74817205700003,-6.96208241599993],[107.74770156300008,-6.96194086099996],[107.74758990900006,-6.961905349999938],[107.74749050000008,-6.961871599999938],[107.74737368200005,-6.96182923799995],[107.74724442000007,-6.961779949999936],[107.74681225000006,-6.961607552999965],[107.74664829900007,-6.961543899999981],[107.74623168900007,-6.961388417999956],[107.74577140000008,-6.961221099999932],[107.74494769900008,-6.960931699999946],[107.74470780700005,-6.960843687999954],[107.74410399900006,-6.960618298999975],[107.74348860700007,-6.960394882999935],[107.74324859900008,-6.960306298999967],[107.74307090100007,-6.96023835699998],[107.74262967300007,-6.960065702999941],[107.74239260000007,-6.959977299999935],[107.74219427300005,-6.959908834999965],[107.74173627600004,-6.959759435999956],[107.74153190100009,-6.959689799999978],[107.74123090600006,-6.95958017199996],[107.74067770000005,-6.959371199999964],[107.74009656600003,-6.959150266999927],[107.73983320100007,-6.959052698999926],[107.73964768100006,-6.958987053999977],[107.73917489100006,-6.958825536999939],[107.73895780100008,-6.958749],[107.73863729700008,-6.958630452999955],[107.73813750000005,-6.95844029999995],[107.73755439600006,-6.958212432999971],[107.737298,-6.95811649999996],[107.73709207200005,-6.958045241999969],[107.73664721100005,-6.957899648999955],[107.73645350000004,-6.957833799999946],[107.73614691900008,-6.957723370999929],[107.73560670000006,-6.957522498999936],[107.73474920000007,-6.95720259999996],[107.73391280000004,-6.956903899999929],[107.73305680000004,-6.956590199999937],[107.73217090100007,-6.956267698999966],[107.73135160000004,-6.955960998999956],[107.73076881300005,-6.955741060999969],[107.730483,-6.955635299999926],[107.73022810600008,-6.955544087999954],[107.72961670000007,-6.955329499999948],[107.72889510000005,-6.955071198999974],[107.72848234100007,-6.954918119999945],[107.72789620000009,-6.954696098999932],[107.72711740000005,-6.954397298999936],[107.72668476900009,-6.95423802199997],[107.72622920000003,-6.954075098999965],[107.72604637800004,-6.954011871999967],[107.72560728300004,-6.953863464999927],[107.72538530000008,-6.953785299999936],[107.72516954000008,-6.953704235999965],[107.72470355000007,-6.953522113999952],[107.724519,-6.953453098999944],[107.72431124300005,-6.953380304999939],[107.72385842700004,-6.953228088999936],[107.72368120000004,-6.953165699999943],[107.72346694400005,-6.953085623999925],[107.72304289400006,-6.952920961999951],[107.72286430000008,-6.95285309999997],[107.72262370900006,-6.952764851999973],[107.72197290000008,-6.952530399999944],[107.72135404600004,-6.952299553999978],[107.72111690000008,-6.952212799999927],[107.72088331400005,-6.952130308999926],[107.72027030000004,-6.951918100999933],[107.71977079200008,-6.951741240999979],[107.71939250000008,-6.951604799999927],[107.71860160000006,-6.951310099999944],[107.71831940600003,-6.951208864999955],[107.71768550000007,-6.950985399999979],[107.71713803600005,-6.950791597999967],[107.71684370000008,-6.950684599999931],[107.71664257100008,-6.950608070999976],[107.71619651500004,-6.950433540999938],[107.71600270000005,-6.950360399999965],[107.71581028600008,-6.950291578999952],[107.71534097400007,-6.950130415999979],[107.71512790000008,-6.950054700999942],[107.71493689700009,-6.949982619999957],[107.71449684500004,-6.949810615999979]]]}},{"type":"Feature","properties":{"fid":197,"STATUS OPERSI":"Aktif","JENIS JALUR":"Track Raya","ID_WO":"JA040006","KM AWAL":6,"KM AKHIR":13,"NAMA LINTASAN":"Semarang - Cirebon","STASIUN AWAL":"Jerakah","STASIUN AKHIR":"Mangkang","WILAYAH DAOP":"Jabateng","WILKER":4},"geometry":{"type":"MultiLineString","coordinates":[[[107.53594778900003,-6.885957700999938],[107.53582252000007,-6.885800300999961],[107.53565125900008,-6.885574347999977],[107.53558830700007,-6.885487215999945],[107.53552085500007,-6.885388020999926],[107.53531844700007,-6.88507309299996],[107.53525002500004,-6.884969275999936],[107.53518754100008,-6.884879086999945],[107.53512846400008,-6.884799002999955],[107.53503840500008,-6.884685153999953],[107.53493384300003,-6.884560624999949],[107.53453035200005,-6.884103900999946],[107.53392280300005,-6.883402095999941],[107.53351626700004,-6.882919238999932],[107.53333388500005,-6.882709667999961],[107.53319455200005,-6.882556081999951],[107.53304829100006,-6.882398807999948],[107.53289439600007,-6.882237085999975],[107.53273152100007,-6.882069507999972],[107.53257851200004,-6.881915362999962],[107.53242005900006,-6.881759148999947],[107.53225572500008,-6.881600443999957],[107.53208503000008,-6.881438784999943],[107.53193158800008,-6.881297854999957],[107.53157359600004,-6.880978818999949],[107.53141430100004,-6.880833545999963],[107.53122338000009,-6.880652964999967],[107.53076572600008,-6.880211799999927],[107.53038558800006,-6.879851304999931],[107.53010381000007,-6.879587456999957],[107.52984921400008,-6.87935321599997],[107.52943380600004,-6.878975419999961],[107.52895346700006,-6.878541731999974],[107.52875735800006,-6.878362892999974],[107.52849481300007,-6.878119263999963],[107.52809726900006,-6.877746030999958],[107.52742509200004,-6.877110763999951],[107.52699256100004,-6.876695803999951],[107.52688133200007,-6.876591309999981],[107.52678081000005,-6.876499207999927],[107.52661423600006,-6.876353584999947],[107.52624112100006,-6.87603956199996],[107.52608988900005,-6.875906390999944],[107.52599421500008,-6.875818046999939],[107.52588923500008,-6.875718311999947],[107.52543646300006,-6.87527834399998],[107.52499222600005,-6.874851966999927],[107.52486063500004,-6.874730500999931],[107.52474049000006,-6.874624317999974],[107.52456110800006,-6.874472627999978],[107.52438609500007,-6.874330537999981],[107.52421447800003,-6.87419725899997],[107.52404559200005,-6.874072270999932],[107.52386770500004,-6.873947219999934],[107.52368237500008,-6.873823370999958],[107.52348939200004,-6.873700583999948],[107.52328847700005,-6.873578685999973],[107.52313329000003,-6.873488900999973],[107.52296543800009,-6.873396072999981],[107.52278126700008,-6.87329816099998],[107.52256809000005,-6.873188418999973],[107.52246038800007,-6.873134813999968],[107.52233984600008,-6.873077028999944],[107.52205358700007,-6.872944729999972],[107.52190633800006,-6.872876676999965],[107.52173268600006,-6.872794259999978],[107.52153456400004,-6.872696189999942],[107.52109330700006,-6.872472966999965],[107.52089746800004,-6.872376752999969],[107.52072287500005,-6.872295188999942],[107.52029420900004,-6.872101571999963],[107.52017763500004,-6.872046619999935],[107.52007332800008,-6.871995285999958],[107.51983744200004,-6.871874533999971],[107.51963748600008,-6.871767941999963],[107.51945633700007,-6.871666363999964],[107.51929003400005,-6.871567515999971],[107.51903027300006,-6.871405878999951],[107.51892984300008,-6.871340692999979],[107.51883876300008,-6.871279323999943],[107.51875180700006,-6.871218121999959],[107.51867070400004,-6.871158162999961],[107.51859455400006,-6.871098766999978],[107.51852286700006,-6.871039544999974],[107.51845222500003,-6.870977668999956],[107.51838088400007,-6.870911724999928],[107.51830847500008,-6.870841384999949],[107.51823442700004,-6.870766105999962],[107.51815901000003,-6.870686233999947],[107.51807989400004,-6.87059936299994],[107.51790031100006,-6.870393303999947],[107.51771596200007,-6.870173111999975],[107.51764164100007,-6.870080221999956],[107.51757442100006,-6.869992854999964],[107.51751159000008,-6.869907369999964],[107.51745379900007,-6.869824508999955],[107.51740052000008,-6.869743501999949],[107.51735145600009,-6.869663878999972],[107.51731547100007,-6.869601127999942],[107.51727987800007,-6.869534493999936],[107.51724431000008,-6.869463319999966],[107.51720802100004,-6.869386128999963],[107.51715153800006,-6.869258010999943],[107.51703041900004,-6.86896853199994],[107.51697504300006,-6.868841208999982],[107.51682739300009,-6.868509502999927],[107.51660605900008,-6.86800564899994],[107.51636855200007,-6.86746957899993],[107.51630279900007,-6.86731662699998],[107.51624548200004,-6.867178572999933],[107.51618063700005,-6.867011896999941],[107.51603711500007,-6.866622890999963],[107.51599911600005,-6.866525653999929],[107.51596315700004,-6.866438591999952],[107.51587401800003,-6.866237392999949],[107.51577130800007,-6.866020835999961],[107.51574342200007,-6.865965068999969]]]}},{"type":"Feature","properties":{"fid":198,"STATUS OPERSI":"Aktif","JENIS JALUR":"Track Raya","ID_WO":"JA044019","KM AWAL":0,"KM AKHIR":10,"NAMA LINTASAN":"Gundih - Surabaya Pasar Turi","STASIUN AWAL":"Gambringan","STASIUN AKHIR":"Jambon","WILAYAH DAOP":"Jabateng","WILKER":4},"geometry":{"type":"MultiLineString","coordinates":[[[107.56110080100007,-6.896128375999979],[107.56105511900006,-6.89609768899993],[107.56085806100003,-6.895971249999945],[107.56066304400008,-6.895849752999936],[107.56047001100006,-6.895733165999957],[107.56027895000005,-6.895621478999942],[107.56009539000007,-6.895519716999956],[107.55991496900003,-6.895424710999976],[107.55967561400007,-6.895298671999967],[107.55948937700003,-6.89519678399995],[107.55933094800008,-6.895103226999936],[107.55904107200007,-6.894922197999961],[107.55892511300004,-6.894851683999946],[107.55880443100006,-6.894782495999948],[107.55869431800005,-6.89472464499994],[107.55857544000008,-6.894668434999971],[107.55843993000008,-6.894610264999926],[107.55830937700006,-6.894558036999967],[107.55800193700009,-6.894439121999937],[107.55785401400004,-6.894378765999932],[107.55757064500006,-6.894256751999933],[107.55705149800008,-6.894028961999936],[107.55647949400009,-6.89377684699997],[107.55621851300003,-6.893663640999932],[107.55600937100007,-6.89357539599996],[107.55538209300005,-6.893314716999953],[107.55453921800006,-6.892952399999956],[107.55371274500004,-6.892595968999956],[107.55316110500007,-6.892356541999959],[107.55287323800007,-6.892235762999974],[107.55256665800005,-6.892111209999939],[107.55235692200006,-6.89202847599995],[107.55216537900009,-6.891956505999929],[107.55198980400007,-6.891894732999958],[107.55171397700008,-6.891802452999968],[107.55151788400008,-6.891741200999945],[107.55133935400005,-6.891691517999959],[107.55125635800005,-6.891671038999959],[107.55117637700005,-6.891653159999976],[107.55106008500007,-6.89163158599996],[107.55092946100007,-6.891613166999946],[107.55079907800007,-6.891598850999969],[107.55045782500008,-6.891566293999972],[107.55035756200004,-6.891554485999961],[107.55026767900006,-6.891541742999948],[107.55011001100007,-6.891515699999957],[107.54993517400004,-6.89148391599997],[107.54937159200006,-6.891372693999926],[107.54850587500005,-6.891197630999955],[107.54761088400005,-6.891028770999981],[107.54675027700006,-6.890863169999932],[107.54576236000008,-6.890676446999976],[107.54507450400007,-6.890540311999928],[107.54481676600005,-6.890490706999969],[107.54401103300006,-6.890345597999953],[107.54377886900005,-6.890300555999943],[107.54313371900008,-6.890171638999959],[107.54223375300006,-6.890001502999951],[107.54161471400005,-6.889887550999958],[107.54130864200005,-6.889827083999933],[107.54094023400006,-6.889751802999967],[107.54075709800009,-6.889711951999971],[107.54057896100005,-6.889668484999959],[107.54042011400009,-6.889623804999928],[107.54029076400008,-6.889583442999935],[107.54016675600008,-6.889542363999965],[107.54004731500004,-6.889500322999936],[107.53993210900006,-6.889457197999945],[107.53982077300009,-6.889412844999981],[107.53971320900007,-6.889367215999926],[107.53960925100006,-6.88932024099995],[107.53950883400006,-6.88927188699995],[107.53941230900006,-6.889222676999964],[107.53931692500004,-6.889171591999968],[107.53922280200004,-6.889118700999973],[107.53913010000008,-6.889064091999956],[107.53903898500005,-6.889007862999961],[107.53894959100006,-6.888950097999953],[107.53886205800006,-6.888890884999967],[107.53877648800005,-6.888830286999962],[107.53870484900006,-6.888776992999965],[107.53863184200009,-6.888719925999965],[107.53855702400006,-6.888658745999976],[107.53847945400008,-6.888592681999967],[107.53831618600009,-6.88844635199996],[107.53810729600008,-6.888249869999981],[107.53793577900007,-6.888082528999973],[107.53777064700006,-6.887913290999961],[107.53761223500004,-6.887742491999973],[107.53746066700006,-6.887570244999949],[107.53740016600005,-6.887496781999971],[107.53733555600007,-6.887412747999974],[107.53713326700006,-6.887132144999953],[107.53705810500009,-6.887031590999925],[107.53698159700008,-6.886936722999963],[107.53690885300006,-6.886855348999973],[107.53684166900007,-6.886788473999957],[107.53676363300008,-6.886718407999979],[107.53667041900007,-6.886641271999963],[107.53646746100009,-6.886481681999953],[107.53637990200008,-6.886410500999943],[107.53628995000008,-6.886331980999955],[107.53621298000007,-6.886257556999965],[107.53615091500006,-6.886192327999936],[107.53608841500005,-6.886123517999977],[107.53602480200004,-6.886050424999951],[107.53595930700004,-6.885972159999938],[107.53594778900003,-6.885957700999938]]]}},{"type":"Feature","properties":{"fid":199,"STATUS OPERSI":"Aktif","JENIS JALUR":"Track Raya","ID_WO":"JA044042","KM AWAL":110,"KM AKHIR":125,"NAMA LINTASAN":"Gundih - Surabaya Pasar Turi","STASIUN AWAL":"Kalitidu","STASIUN AKHIR":"Bojonegoro","WILAYAH DAOP":"Jabateng","WILKER":4},"geometry":{"type":"MultiLineString","coordinates":[[[107.57929406400007,-6.90820572399997],[107.57920677000004,-6.908142926999972],[107.57911221400008,-6.908068490999938],[107.57902489200006,-6.907995414999959],[107.57882593900007,-6.907824185999971],[107.57872950200004,-6.907744795999974],[107.57864144900009,-6.907677476999936],[107.57855912800005,-6.907620409999936],[107.57846718900004,-6.907563438999944],[107.57836189300008,-6.907504382999946],[107.57825274900006,-6.907447597999976],[107.57795408300007,-6.907297752999966],[107.57786459700009,-6.907249974999957],[107.57778540100009,-6.90720485199995],[107.57765596700006,-6.907126251999955],[107.57765006400007,-6.907122301999948],[107.57751236200005,-6.907034940999949],[107.57703213100007,-6.906716661999951],[107.57625852200005,-6.906202288999964],[107.57570417900007,-6.905842957999937],[107.57551285600005,-6.905717410999955],[107.57474896000008,-6.905199916999948],[107.57454277900007,-6.905064709999976],[107.57398076300007,-6.90470088099994],[107.57350185400009,-6.904387182999926],[107.57321472800004,-6.904194052999969],[107.57303694400008,-6.904069155999935],[107.57264706500007,-6.903787826999974],[107.57247851300008,-6.903670285999965],[107.57223405800005,-6.90350822399995],[107.57168038400005,-6.903152294999927],[107.57098146100009,-6.902692413999944],[107.57021016700008,-6.902189451999959],[107.56941637000006,-6.901661421999961],[107.56866745500008,-6.90116177799996],[107.56814165200007,-6.900803208999946],[107.56791701900005,-6.900653354999974],[107.56772529600005,-6.900530896999953],[107.56729348800008,-6.900262793999957],[107.56710782700009,-6.90014322299993],[107.56692144300007,-6.900017110999954],[107.56653638200004,-6.899748100999943],[107.56636938000008,-6.899633796999979],[107.56614667100007,-6.899486201999935],[107.56562416000008,-6.899145613999963],[107.56515011100004,-6.89883353099998],[107.56486506000005,-6.898642812999981],[107.56471446500007,-6.898539268999968],[107.56435962600005,-6.89829113899998],[107.56418075300007,-6.898169680999956],[107.56399716200008,-6.898050880999961],[107.56356464300006,-6.897781168999927],[107.56337102200007,-6.897656885999936],[107.56318124500007,-6.897529463999945],[107.56276868200007,-6.897244581999928],[107.56258588200006,-6.897120831999928],[107.56239841100006,-6.896998124999925],[107.56197977400006,-6.896729345999972],[107.56180235800008,-6.896612645999937],[107.56163670100005,-6.896499426999981],[107.56124946100005,-6.89622824199995],[107.56110080100007,-6.896128375999979]]]}},{"type":"Feature","properties":{"fid":200,"STATUS OPERSI":"Aktif","JENIS JALUR":"Track Raya","ID_WO":"JA044040","KM AWAL":97,"KM AKHIR":110,"NAMA LINTASAN":"Gundih - Surabaya Pasar Turi","STASIUN AWAL":"Cepu","STASIUN AKHIR":"Tobo","WILAYAH DAOP":"Jabateng","WILKER":4},"geometry":{"type":"MultiLineString","coordinates":[[[107.59026851000004,-6.913997701999961],[107.59020042600008,-6.913995260999968],[107.58998155100005,-6.91398075799998],[107.58975216200008,-6.91395915499993],[107.58950930700007,-6.913930187999938],[107.58924692700003,-6.913893285999961],[107.58901878100005,-6.913855336999973],[107.58891192300007,-6.913835030999962],[107.58880955300003,-6.913813753999932],[107.58871091800006,-6.91379134999994],[107.58861537800004,-6.913767657999927],[107.58845256100005,-6.913721652999925],[107.58827363000006,-6.913663607999979],[107.58809434200003,-6.913599972999975],[107.58772472400005,-6.913463092999962],[107.58734686200006,-6.913330023999947],[107.58718835900004,-6.913271412999961],[107.58710403300006,-6.913237986999945],[107.58702594700009,-6.91320508299998],[107.58695253400003,-6.913172034999945],[107.58688307300008,-6.91313850399996],[107.58681856500004,-6.91310503699998],[107.58675196500008,-6.913068115999977],[107.58661054900006,-6.912982908999936],[107.58649654800007,-6.912909088999925],[107.58622451400004,-6.912726106999969],[107.58610004600007,-6.912644998999951],[107.58535159400009,-6.912168220999945],[107.58482812700004,-6.911840641999959],[107.58469087000009,-6.91175175099994],[107.58456925400009,-6.91166980099996],[107.58448825200009,-6.911612512999966],[107.58439943200005,-6.911546850999969],[107.58402641200007,-6.911261226999954],[107.58393739400009,-6.911196615999927],[107.58385532500006,-6.911140097999976],[107.58375363300007,-6.911074296999971],[107.58363849800008,-6.91100391599997],[107.58322775600004,-6.910766272999979],[107.58306689100004,-6.910669627999937],[107.58285018300006,-6.91053395299997],[107.58265386400006,-6.910408631999928],[107.58247105600009,-6.910289274999968],[107.58229904200005,-6.910174099999949],[107.58216721400004,-6.910083336999946],[107.58202169400005,-6.909980625999935],[107.58155446100005,-6.909643170999971],[107.58143429400008,-6.909555246999957],[107.58106495200008,-6.909280406999926],[107.58094508200008,-6.909194839999941],[107.58083625400008,-6.909120680999933],[107.58070743600007,-6.909037636999926],[107.58056141600008,-6.908948084999963],[107.58005028100007,-6.908648662999951],[107.57992907400006,-6.908578575999968],[107.57965502900004,-6.908425572999931],[107.57953352700008,-6.908355971999981],[107.57940640200007,-6.908279094999955],[107.57929639900004,-6.908207321999953],[107.57929406400007,-6.90820572399997]]]}},{"type":"Feature","properties":{"fid":201,"STATUS OPERSI":"Aktif","JENIS JALUR":"Track Raya","ID_WO":"JA044036","KM AWAL":83,"KM AKHIR":89,"NAMA LINTASAN":"Gundih - Surabaya Pasar Turi","STASIUN AWAL":"Kapuan","STASIUN AKHIR":"Cepu","WILAYAH DAOP":"Jabateng","WILKER":4},"geometry":{"type":"MultiLineString","coordinates":[[[107.60245712400007,-6.914302910999936],[107.60243612900007,-6.914315860999977],[107.60241204900007,-6.91433339799994],[107.60229216400006,-6.914436391999971],[107.60226133100008,-6.914459841999928],[107.60225846900005,-6.91446184299997],[107.60223082000005,-6.914479620999941],[107.60222776100005,-6.914481421999938],[107.60219524700005,-6.914498868999942],[107.60219264700004,-6.914500156999964],[107.60215721000009,-6.914516274999926],[107.60211882100003,-6.914530991999925],[107.60207872700005,-6.914543712999944],[107.60203690800006,-6.914554474999932],[107.60199319600008,-6.914563352999949],[107.60194742900006,-6.914570407999975],[107.60189908800004,-6.914575725999953],[107.60181407900006,-6.914580770999976],[107.60171823200005,-6.914581528999975],[107.60162571300003,-6.914579024999966],[107.60140841700007,-6.914569632999928],[107.60130131900007,-6.914568160999977],[107.60120066300004,-6.914566473999969],[107.60108778800009,-6.914559529999963],[107.60098134300006,-6.914549674999932],[107.60073746500007,-6.914523568999925],[107.60062220700007,-6.914513818999978],[107.60052109000009,-6.914508936999937],[107.60042980600008,-6.914508767999962],[107.60032859200004,-6.914514824999969],[107.60021506300006,-6.91452860499993],[107.60010617800003,-6.914546462999965],[107.59984648200003,-6.914594173999944],[107.59971676500004,-6.914613690999943],[107.59965380300008,-6.914620641999932],[107.59959443800005,-6.914625193999939],[107.59953757300008,-6.91462742799996],[107.59948278500008,-6.914627343999939],[107.59941340100005,-6.914624317999937],[107.59934115600004,-6.914618378999933],[107.59926530500007,-6.914609489999975],[107.59918426500008,-6.914597477999962],[107.59905896700008,-6.914575057999969],[107.59874600300009,-6.914511233999974],[107.59860261200004,-6.914485167999942],[107.59846962900008,-6.91446194599996],[107.59813725800007,-6.914398164999966],[107.59798545100006,-6.914371342999971],[107.59782459600007,-6.914348125999936],[107.59775142200004,-6.91434007099997],[107.59768153300007,-6.914334183999927],[107.59755334500005,-6.914328590999958],[107.59740982200009,-6.914329013999975],[107.59727042600008,-6.914333939999949],[107.59692377600004,-6.914351366999938],[107.59682679200006,-6.914354316999948],[107.59673941900007,-6.914355162999925],[107.59654814200007,-6.914353472999949],[107.59634068300005,-6.914349176999963],[107.59582130200005,-6.91433143699993],[107.59545916400003,-6.914318040999945],[107.59526986300006,-6.914309461999949],[107.59508749400004,-6.91429827099995],[107.59492320300006,-6.914284555999927],[107.59474615800008,-6.914265334999925],[107.59455293700006,-6.914240105999966],[107.59434022200008,-6.914208643999928],[107.59404365200004,-6.914161424999975],[107.59386958900006,-6.914129838999941],[107.59354418600009,-6.914062223999963],[107.59341357300008,-6.914036788999965],[107.59327859100006,-6.914014300999952],[107.59315737300005,-6.913998938999953],[107.59301164300007,-6.91398716499998],[107.59284761500004,-6.913980460999937],[107.59270892700005,-6.913978432999954],[107.59238609100004,-6.913978223999948],[107.59224069300006,-6.913976557999945],[107.59166425100005,-6.91396247199998],[107.59149817100007,-6.913960653999936],[107.59134955100006,-6.913961262999976],[107.59125374000007,-6.913963640999953],[107.59114689300009,-6.913968528999931],[107.59079096300007,-6.913991711999927],[107.59065877800003,-6.913998865999929],[107.59052841600004,-6.914002885999935],[107.59041037300005,-6.914002750999941],[107.59026851000004,-6.913997701999961]]]}},{"type":"Feature","properties":{"fid":202,"STATUS OPERSI":"Non Aktif","JENIS JALUR":"Track Raya","ID_WO":"JA044030","KM AWAL":53,"KM AKHIR":65,"NAMA LINTASAN":"Gundih - Surabaya Pasar Turi","STASIUN AWAL":"Doplang","STASIUN AKHIR":"Randublatung","WILAYAH DAOP":"Jabateng","WILKER":4},"geometry":{"type":"MultiLineString","coordinates":[[[107.62799337800004,-6.989225925999961],[107.62801390000004,-6.989185499999962],[107.62831420000003,-6.988508499999966],[107.62856223100005,-6.988125575999959],[107.62920760000009,-6.987311599999941],[107.62973344500006,-6.986474272999942],[107.63000540000007,-6.986129499999947],[107.63028723200006,-6.985875852999925],[107.63091850000006,-6.985402699999952],[107.63260823400009,-6.984081730999947],[107.63347370000008,-6.983289399999933],[107.63359270000007,-6.983164399999964],[107.63383496300008,-6.982834615999934],[107.63403627300005,-6.982421276999958],[107.63452470000004,-6.980835499999955],[107.63493212500003,-6.979573843999958],[107.63530500900004,-6.978139324999972],[107.636419,-6.972764299999938],[107.636646,-6.971776499999976],[107.63724260000004,-6.969500399999959],[107.63747260000008,-6.968103699999972],[107.63766659600009,-6.967272449999939],[107.63816636100006,-6.965460923999956],[107.63819070000005,-6.965372699999932],[107.63858170000009,-6.963759699999969],[107.63885470000008,-6.962559299999953],[107.63915760000003,-6.961295199999938],[107.63926217000005,-6.96067134499998],[107.63934010000008,-6.96038939999994],[107.63937850000008,-6.960292199999969],[107.63953930000008,-6.959647799999971],[107.639713,-6.958829599999945],[107.63972060000003,-6.958781199999976],[107.63975300400006,-6.958415547999948],[107.63974458800004,-6.958005430999947],[107.63957910000005,-6.956609199999946],[107.63945252700006,-6.955201268999929],[107.63929340000004,-6.954392899999959],[107.63901369400008,-6.953670642999953],[107.63824490000007,-6.95217729999996],[107.63724186100006,-6.949879490999933],[107.6362,-6.947297299999946],[107.63611980000007,-6.947091],[107.63589240000005,-6.946699499999966],[107.63574299600003,-6.946350609999968],[107.63562526900006,-6.945941524999967],[107.63538731300008,-6.944538664999925],[107.63526530800004,-6.94369348999993],[107.63519936700004,-6.942751750999946],[107.63518388900007,-6.941754340999978],[107.63521318600004,-6.938928930999964],[107.63517794500007,-6.938057922999974],[107.63510310000004,-6.93728109999995],[107.63504320000004,-6.936835499999972],[107.63498392400004,-6.935791779999931],[107.63503020000007,-6.934655799999973],[107.63510851700005,-6.934044560999951],[107.63524788000007,-6.933368544999951],[107.63588030000005,-6.931094299999927],[107.63636210000004,-6.929331799999943],[107.63667270000008,-6.92809909999994],[107.63708460000004,-6.926216299999965],[107.63734693300006,-6.925236265999956],[107.63742650000006,-6.924756899999977],[107.63745117700006,-6.924235238999927],[107.63741880700007,-6.923841789999926],[107.63726525300007,-6.923332951999953],[107.63694815000008,-6.922704368999973],[107.63660595100004,-6.922156645999962],[107.636283,-6.921786699999927],[107.63592439000007,-6.921490644999949],[107.635618,-6.921330399999931],[107.63541950300004,-6.92124051299993],[107.63455792600007,-6.92095590699995],[107.63435091100007,-6.92089177899993],[107.63409651100005,-6.920828925999956],[107.63388598300008,-6.920779925999966],[107.63342487600005,-6.920676635999939],[107.63323936300009,-6.920633212999974],[107.63293112600007,-6.920556744999942],[107.63237806000006,-6.920414611999945],[107.63177367000009,-6.920254870999941],[107.63162114300007,-6.920216613999969],[107.63148424200006,-6.920184473999939],[107.63138862000005,-6.920163948999971],[107.63128137000007,-6.920142947999977],[107.63081271100003,-6.920058182999981],[107.63069878200008,-6.920034875999932],[107.63059587900005,-6.92001141399993],[107.63050778300004,-6.919989088999955],[107.63041151400006,-6.919962630999976],[107.63000086300008,-6.919840455999974],[107.62981762900006,-6.91979046199998],[107.62968101200005,-6.919757599999969],[107.62952762300006,-6.919723684999951],[107.62902929500007,-6.919622315999959],[107.62885336800008,-6.919584965999945],[107.62826049000006,-6.919456455999978],[107.62808334300007,-6.919414604999929],[107.62792512800007,-6.919373821999955],[107.62780044600004,-6.919338922999941],[107.62766249100008,-6.919297975999939],[107.62722447600004,-6.91916095199997],[107.62704045800007,-6.919101504999958],[107.62653066600006,-6.918930242999977],[107.62637359000007,-6.918881325999962],[107.62623171000007,-6.918840867999961],[107.62607240000006,-6.918798927999944],[107.62593299700006,-6.918764689999932]]]}},{"type":"Feature","properties":{"fid":203,"STATUS OPERSI":"Aktif","JENIS JALUR":"Track Raya","ID_WO":"JA044028","KM AWAL":46,"KM AKHIR":53,"NAMA LINTASAN":"Gundih - Surabaya Pasar Turi","STASIUN AWAL":"Sulur","STASIUN AKHIR":"Doplang","WILAYAH DAOP":"Jabateng","WILKER":4},"geometry":{"type":"MultiLineString","coordinates":[[[107.64634780000006,-6.925065640999946],[107.64633237100009,-6.925058759999956],[107.64622362800009,-6.925006026999938],[107.64617429900005,-6.924983599999962],[107.64612381100005,-6.924963144999936],[107.64607048100004,-6.924943892999977],[107.64601383400009,-6.924925670999926],[107.64595299400008,-6.924908196999979],[107.64582536800003,-6.924876638999933],[107.64556662900009,-6.92482096699996],[107.64545809200007,-6.924795590999963],[107.64534573800006,-6.924764705999962],[107.645247,-6.92473149999995],[107.64513938000005,-6.924688045999972],[107.64502270700007,-6.924634418999972],[107.64490179500007,-6.924573649999957],[107.64466385700007,-6.924448044999963],[107.64456355700008,-6.924396539999975],[107.64445742000004,-6.924345289999962],[107.64436080000007,-6.924302799999964],[107.64422893100004,-6.924250393999955],[107.64408008000004,-6.924195834999978],[107.64362198500004,-6.924040493999939],[107.64348490000003,-6.923992699999928],[107.64262610100008,-6.92368259999995],[107.64210823000008,-6.923500196999953],[107.64186760100006,-6.923412],[107.64165683100003,-6.923328628999968],[107.64119407100009,-6.923136454999963],[107.64099690000006,-6.923059399999943],[107.64086901300004,-6.92301265499998],[107.64072556000008,-6.922962287999951],[107.64016060000006,-6.922770699999944],[107.63959166900008,-6.922575666999933],[107.639295,-6.922469599999943],[107.63910946300007,-6.922398828999974],[107.63866700300008,-6.92222252199997],[107.63846510000008,-6.922144899999978],[107.63826693500005,-6.922073141999931],[107.63780816600007,-6.921913702999973],[107.637603,-6.92184009999994],[107.63743043300008,-6.921774778999975],[107.63702220500005,-6.921615527999961],[107.63681650000007,-6.921539399999972],[107.63657362400005,-6.921454898999968],[107.63633945900006,-6.921377036999957],[107.63611239600004,-6.921305279999956],[107.63589140100004,-6.921239299999968],[107.63574468200005,-6.921198247999939],[107.63558016500008,-6.921154955999953],[107.63498130000005,-6.921006],[107.63442155600006,-6.92086291499993],[107.634107,-6.920785199999955],[107.63389599400006,-6.920736089999934],[107.63343491400008,-6.920632803999979],[107.63324990000007,-6.920589498999959],[107.63294213500006,-6.92051314899993],[107.63238940000008,-6.920371099999954],[107.63178488500006,-6.920211324999968],[107.63163175100004,-6.920172914999966],[107.63149410000005,-6.920140599999968],[107.63139765900007,-6.920119899999975],[107.63128969100006,-6.920098757999938],[107.63082121800005,-6.920014031999926],[107.63070828500008,-6.919990928999937],[107.63060640100008,-6.919967699999972],[107.63051926400004,-6.919945614999961],[107.63042388300005,-6.919919402999938],[107.63001319300008,-6.919797210999945],[107.62982880000004,-6.919746898999961],[107.62969112500008,-6.919713784999942],[107.62953695900006,-6.919679697999925],[107.62903844600004,-6.919578291999926],[107.62886280000004,-6.919541],[107.62827042200007,-6.919412602999955],[107.62809412300004,-6.91937095399993],[107.62793680000004,-6.919330399999978],[107.62781290300006,-6.919295718999933],[107.62767560100008,-6.919254964999936],[107.62723810000006,-6.919118099999935],[107.62705452900008,-6.91905879799998],[107.62654451200007,-6.918887459999951],[107.62638644200007,-6.918838231999928],[107.62624360000007,-6.918797499999926],[107.62610375000008,-6.918781875999969],[107.62593299700006,-6.918764689999932]]]}},{"type":"Feature","properties":{"fid":204,"STATUS OPERSI":"Aktif","JENIS JALUR":"Track Raya","ID_WO":"JA044024","KM AWAL":27,"KM AKHIR":36,"NAMA LINTASAN":"Gundih - Surabaya Pasar Turi","STASIUN AWAL":"Panunggalan","STASIUN AKHIR":"Kradenan","WILAYAH DAOP":"Jabateng","WILKER":4},"geometry":{"type":"MultiLineString","coordinates":[[[107.69000156900006,-6.940930549999962],[107.68991378100009,-6.940901370999939],[107.68964080000006,-6.940819699999963],[107.68939901900006,-6.940741173999925],[107.68918184500006,-6.940668033999941],[107.68898026400007,-6.940597241999967],[107.68879090000007,-6.940527599999939],[107.68868278500008,-6.940485744999933],[107.68856399000003,-6.940437585999973],[107.68810118400006,-6.940241445999959],[107.68790180100007,-6.940160299999945],[107.68760823600007,-6.940048739999952],[107.68690850000007,-6.939792700999931],[107.68634800200005,-6.939578641999958],[107.686123,-6.939494599999932],[107.68592577700008,-6.939423913999974],[107.68548091000008,-6.939269231999958],[107.68528340000006,-6.939199000999963],[107.68508707800004,-6.939126315999943],[107.68462818800003,-6.938952289999975],[107.68440240000007,-6.93887],[107.68420911700008,-6.938804051999966],[107.68376940600007,-6.938660223999932],[107.68357080100009,-6.938591299999928],[107.68349639400009,-6.93856322299996],[107.68341458400005,-6.938530077999928],[107.68310941100003,-6.938398015999951],[107.68298115700009,-6.93834547299997],[107.68291113000004,-6.938319165999928],[107.68284520200007,-6.938296440999977],[107.68278207900005,-6.938276852999934],[107.68272110000004,-6.938260199999945],[107.68264036900007,-6.938242664999962],[107.68254880800004,-6.938228405999951],[107.68246084700007,-6.938218339999935],[107.68225470200008,-6.938198626999963],[107.68215554400007,-6.938186113999961],[107.68206683200003,-6.938170309999975],[107.68198780000006,-6.938150699999937],[107.68192178900006,-6.938129493999952],[107.68185419600007,-6.938103568999963],[107.68178434800006,-6.938072672999965],[107.68171098000005,-6.938036244999978],[107.68164510700007,-6.93800061099995],[107.68157264500007,-6.937958907999928],[107.68131784800005,-6.937803728999938],[107.68121487800005,-6.937743497999975],[107.68110721600004,-6.937685979999969],[107.68100830000009,-6.937640000999977],[107.68087633100004,-6.937586728999975],[107.68072694000006,-6.937532159999932],[107.68058447900006,-6.937483793999945],[107.68026084500008,-6.937377738999942],[107.68011520000005,-6.937327599999946],[107.67961186800005,-6.937148127999933],[107.67929890000005,-6.937031799999943],[107.67909765000007,-6.936951686999976],[107.67864815000007,-6.936764961999927],[107.67844670000005,-6.936686],[107.67819068900008,-6.936593928999969],[107.67762250000004,-6.936399899999969],[107.67706987900004,-6.936207391999972],[107.67690692400004,-6.936148706999973],[107.67676140000003,-6.936094400999934],[107.67656368600007,-6.936015444999953],[107.67611140700006,-6.935825029999933],[107.67599829200009,-6.93577995499993],[107.67589510000005,-6.935741099999973],[107.67579495000007,-6.935705782999946],[107.67568348900005,-6.935668706999934],[107.67524679000007,-6.93553200499997],[107.67506140000006,-6.935470699999939],[107.67488586700006,-6.935408731999928],[107.67469370500004,-6.935338574999946],[107.67417280000006,-6.935141699999974],[107.67336070000005,-6.93482419999998],[107.67284175700007,-6.934625042999926],[107.67250720000004,-6.934501699999942],[107.67231200700007,-6.934434039999928],[107.67186236200007,-6.934284970999954],[107.67166160000005,-6.934216099999958],[107.67138001100005,-6.934114416999932],[107.67087080000005,-6.933925399999964],[107.66986830000008,-6.933552599999928],[107.66916750000007,-6.933293399999968],[107.66864454500006,-6.933103439999968],[107.66818850000004,-6.932940799999926],[107.66758114300006,-6.932732336999948],[107.66734570000006,-6.932648899999947],[107.66708444400007,-6.932551327999931],[107.66659620000007,-6.932363499999951],[107.66596307700007,-6.932116015999952],[107.66580201200009,-6.932055255999956],[107.665657,-6.932002899999929],[107.66544180500006,-6.931931141999939],[107.66496848600008,-6.931783315999951],[107.66477820000006,-6.931719199999975],[107.66455893600005,-6.931637828999953],[107.66412264100006,-6.931465900999967],[107.66393770000008,-6.931395499999951],[107.66373297800004,-6.931321925999953],[107.66328734000007,-6.931166775999941],[107.663113,-6.931103899999925],[107.66291753200005,-6.931030043999954],[107.66248229900003,-6.93086029799997],[107.66228840000008,-6.930786399999931],[107.66208021600005,-6.93070993799995],[107.66147570000004,-6.930492],[107.66060740000006,-6.930166499999928],[107.66001634200006,-6.929953858999966],[107.65979650000008,-6.929872799999941],[107.65959075700005,-6.929792985999939],[107.65912266200007,-6.929605339999966],[107.65890390000004,-6.929521799999975],[107.65868005800007,-6.929442423999944],[107.65820638900004,-6.929283066999972],[107.658002,-6.929211899999927],[107.65779958000007,-6.929137838999964],[107.65720080000006,-6.928913899999941],[107.656381,-6.928621899999939],[107.65583351500004,-6.928425369999957],[107.65549750000008,-6.928302],[107.65530639600007,-6.928229175999945],[107.65486568300008,-6.92805734999996],[107.65465450000005,-6.927977899999973],[107.65445686900006,-6.927907508999965],[107.65399765400008,-6.927750396999954],[107.65379199900008,-6.927677799999969],[107.65355920000007,-6.927591565999933],[107.65294540000008,-6.927358699999957],[107.65209120000009,-6.927046599999926],[107.65147496400004,-6.926810269999976],[107.651242,-6.926723599999946],[107.65100149100005,-6.926638960999981],[107.65040710000005,-6.926436399999943],[107.64994660400004,-6.926274374999934],[107.64950919900008,-6.926117899999952],[107.64892610100009,-6.925901099999976],[107.64867550000008,-6.925812199999939],[107.64845700300003,-6.925741048999953],[107.64802022300006,-6.92560704899995],[107.64783739900008,-6.925549],[107.64764796800006,-6.925485141999957],[107.64719493300004,-6.92532715599998],[107.64696289900007,-6.925251099999969],[107.64686030700005,-6.925221484999952],[107.64664727800005,-6.925166570999977],[107.64655669300004,-6.925141499999938],[107.64646261400009,-6.925111518999927],[107.64637999900003,-6.92508],[107.64634780000006,-6.925065640999946]]]}},{"type":"Feature","properties":{"fid":208,"STATUS OPERSI":"Non Aktif","JENIS JALUR":"Track Raya","ID_WO":"JA054028","KM AWAL":0,"KM AKHIR":0,"NAMA LINTASAN":"Bogor - Yogyakarta","STASIUN AWAL":"Maos","STASIUN AKHIR":"Sikampuh","WILAYAH DAOP":"Jabateng","WILKER":5},"geometry":{"type":"MultiLineString","coordinates":[[[107.46596213800007,-7.102153729999941],[107.46552771200004,-7.101671322999948],[107.46514840100008,-7.101162319999958],[107.46482420500007,-7.100626721999959],[107.46455512400007,-7.100064526999972],[107.46433562000004,-7.099473580999927],[107.46419981700006,-7.098941757999967],[107.46412875500005,-7.098401691999925],[107.46416169000008,-7.098096691999956],[107.46424245400004,-7.097818988999961],[107.46449827400005,-7.097392620999926],[107.46536201800006,-7.096112139999946],[107.46695699600008,-7.094010100999981],[107.46734211800003,-7.093425490999948],[107.46758233600008,-7.09318578999995],[107.46805134100003,-7.092958393999936],[107.46920253500008,-7.092574662999937],[107.47240029500006,-7.091636652999966],[107.47284378500007,-7.09150598399998],[107.47305405900005,-7.091409256999953],[107.47324123800007,-7.09125647999997],[107.47356570100004,-7.09089761499996],[107.47488744200007,-7.089490600999966],[107.47628082600005,-7.08781322699997],[107.47669222600007,-7.087428059999979],[107.47710455500004,-7.087145576999944],[107.47811362600004,-7.08670499599998],[107.47946379100006,-7.086193354999978],[107.48024609100008,-7.085850488999938],[107.48068604700006,-7.085582226999975],[107.48106712900005,-7.085260753999933],[107.48131138700006,-7.084971099999962],[107.48143576700005,-7.084729157999959],[107.48160984400005,-7.084246273999952],[107.48200778700004,-7.083123504999946],[107.48254785400007,-7.081915462999973],[107.48339824900006,-7.079839365999931],[107.48367532100008,-7.079299608999975],[107.48396908000007,-7.078845612999942],[107.48429976400007,-7.078432518999932],[107.48483602800007,-7.077836541999943],[107.48597301000007,-7.076671135999959],[107.48640263800007,-7.076158042999964],[107.48661256200006,-7.075818399999946],[107.48685417000007,-7.074908814999958],[107.48716536400008,-7.074322102999929],[107.48776375500006,-7.07351601299996],[107.48865912800005,-7.072492729999965],[107.48952607600006,-7.071639993999952],[107.48988704700008,-7.071181168999942],[107.49022875300005,-7.070660761999932],[107.49055261200004,-7.070076698999969],[107.49086203000007,-7.069422879999934],[107.49116187000004,-7.068633073999933],[107.49145894500003,-7.067617921999954],[107.49175740200008,-7.066267756999935],[107.49182513200009,-7.065581084999963],[107.49189952500006,-7.065287109999929],[107.49210341800006,-7.064893158999951],[107.49235431700004,-7.064590708999958],[107.49263275500005,-7.064425856999947],[107.49324732000008,-7.064245955999979],[107.49347708700009,-7.064150128999927],[107.49378651000006,-7.063950702999932],[107.49454300600007,-7.063368453999942],[107.49529399300008,-7.06297021599994],[107.49558050200005,-7.062743113999943],[107.49595002100006,-7.062174623999965],[107.49627690300008,-7.06174825599993],[107.49655537200005,-7.061468501999968],[107.49690588900006,-7.061197689999972],[107.49834630100008,-7.060316238999974]]]}},{"type":"Feature","properties":{"fid":209,"STATUS OPERSI":"Non Aktif","JENIS JALUR":"Track Raya","ID_WO":"JA054026","KM AWAL":0,"KM AKHIR":0,"NAMA LINTASAN":"Bogor - Yogyakarta","STASIUN AWAL":"Sikampuh","STASIUN AKHIR":"Kroya","WILAYAH DAOP":"Jabateng","WILKER":5},"geometry":{"type":"MultiLineString","coordinates":[[[107.62686144900005,-6.991270448999956],[107.62682917000006,-6.991329571999927],[107.62646989900009,-6.991998914999954],[107.62637371000005,-6.99220534799997],[107.62630270000005,-6.992388099999971],[107.62623276200009,-6.992654392999953],[107.62620550200006,-6.992921109999941],[107.62622086200008,-6.993188784999973],[107.62627888100008,-6.993458114999953],[107.62637956300006,-6.99372952899995],[107.62652335200005,-6.994004451999956],[107.62671089000008,-6.994284135999976],[107.62694344200008,-6.994570476999968],[107.62714263300006,-6.994784985999956],[107.62736819000008,-6.995005797999966],[107.62790750600004,-6.99547502799993],[107.62856096300004,-6.995982373999936],[107.62994964900008,-6.99699319299998],[107.63051342200004,-6.997419684999954],[107.63106107100003,-6.997872436999955],[107.63149095600005,-6.998282200999938],[107.63216441300005,-6.998972303999949],[107.63285620300007,-6.999655875999963],[107.63356663800005,-7.000333226999942],[107.63429607300009,-7.001004694999949],[107.63504483700007,-7.001670583999953],[107.63581343400006,-7.002331345999949],[107.63660234700006,-7.002987397999959],[107.63741214700008,-7.003639212999929],[107.63824232800005,-7.004286428999933],[107.63909469300006,-7.004930488999946],[107.63997004700008,-7.005572004999976],[107.64086936700005,-7.006211690999976],[107.64179346200007,-7.006850131999954],[107.64274392100003,-7.00748843599996],[107.64372223700008,-7.008127602999934],[107.64473031400007,-7.00876888099998],[107.64650822200008,-7.009861611999952],[107.64839242500005,-7.010973551999939],[107.65040256600008,-7.012116348999939],[107.65257837800004,-7.013312618999976],[107.65447664500005,-7.014329345999954],[107.65660424200007,-7.015447017999975],[107.66342300800005,-7.018965328999968],[107.66577326200007,-7.020188627999971],[107.66794740000006,-7.021340781999982],[107.66990160000006,-7.022401199999933],[107.67003417000006,-7.02247620299994]]]}},{"type":"Feature","properties":{"fid":210,"STATUS OPERSI":"Non Aktif","JENIS JALUR":"Track Raya","ID_WO":"JA050015","KM AWAL":0,"KM AKHIR":0,"NAMA LINTASAN":"Bogor - Yogyakarta","STASIUN AWAL":"Tambak","STASIUN AKHIR":"Ijo","WILAYAH DAOP":"Jabateng","WILKER":5},"geometry":{"type":"MultiLineString","coordinates":[[[107.67003417000006,-7.02247620299994],[107.67090939600007,-7.022971372999962],[107.67196168200007,-7.023598009999944],[107.67306962600009,-7.024287725999955],[107.67425518800007,-7.025054171999955],[107.67644260000009,-7.026524897999934],[107.68028159500005,-7.029180004999944],[107.68171803700005,-7.030162895999979],[107.68313775300004,-7.031112319999977],[107.68442310200004,-7.031944567999972],[107.68575798400008,-7.032773335999934],[107.68701831300007,-7.033515536999971],[107.68822403200005,-7.034182890999944],[107.68938586600007,-7.03478129299998],[107.69013893900006,-7.035143493999954],[107.69087811200006,-7.035477955999966],[107.69160495500006,-7.035785390999933],[107.69232070300006,-7.036066318999929],[107.69302669400008,-7.036321251999937],[107.69372360100004,-7.036550423999927],[107.69441225300005,-7.036754105999933],[107.69509334000008,-7.036932500999967],[107.69576848100007,-7.03708598399993],[107.69643721800009,-7.037214394999978],[107.69710005900004,-7.037317834999953],[107.69775744100008,-7.037396369999954],[107.69840983100005,-7.03745005299993],[107.69905753000006,-7.037478904999944],[107.69970087900003,-7.037482940999951],[107.70034017800003,-7.037462163999976],[107.70103149000005,-7.037406310999927],[107.70175349400006,-7.037308996999968],[107.70251250600006,-7.037169401999961],[107.70332003900006,-7.036985424999955],[107.70413126400007,-7.036770635999972],[107.70503076100005,-7.036505627999929],[107.70596332200006,-7.036210493999931],[107.70856417500005,-7.035360472999969],[107.70936450000005,-7.035114434999969],[107.71008319500004,-7.034908576999953],[107.71090841500006,-7.034695665999948],[107.71167914800009,-7.034525052999925],[107.71241039500006,-7.034393435999959],[107.71301560500007,-7.034312138999951]]]}},{"type":"Feature","properties":{"fid":223,"STATUS OPERSI":"Aktif","JENIS JALUR":"Track Raya","ID_WO":"JA070010","KM AWAL":89,"KM AKHIR":97,"NAMA LINTASAN":"Surabaya - Solo","STASIUN AWAL":"Sembung","STASIUN AKHIR":"Kertosono","WILAYAH DAOP":"Jabatim","WILKER":7},"geometry":{"type":"MultiLineString","coordinates":[[[107.79981375900007,-6.980876467999963],[107.79948849900006,-6.980756799999938],[107.79908503800004,-6.98060755299997],[107.79865130000007,-6.980444499999976],[107.79780470000009,-6.980119199999933],[107.79725261800007,-6.97990393699996],[107.79710062500004,-6.979847528999926],[107.79696360000008,-6.979799599999978],[107.79686442200006,-6.979767318999961],[107.79675447000005,-6.979733851999981],[107.79628932800006,-6.979602297999975],[107.79608519900006,-6.97954],[107.79595018800006,-6.979495007999958],[107.79580009500006,-6.979442767999956],[107.79523110000008,-6.979237499999954],[107.79437320000005,-6.978933899999959],[107.79380296700003,-6.978730101999929],[107.79345010000009,-6.978600599999936],[107.79266130000008,-6.978296199999932],[107.79230951400007,-6.97816740199994],[107.79171340000005,-6.977955099999974],[107.79117670200009,-6.977766373999941],[107.79094330000004,-6.977682299999969],[107.79075137100006,-6.977609862999941],[107.79031865500008,-6.977441644999942],[107.79012140000003,-6.977368099999978],[107.78992534300005,-6.977299942999935],[107.78948059600003,-6.977152371999978],[107.78928170000006,-6.977082],[107.78908115200005,-6.977004147999935],[107.78864688300007,-6.97682614699994],[107.78847090100004,-6.976758399999937],[107.78833820400007,-6.976710847999925],[107.78818940400004,-6.976660036999931],[107.78755360000008,-6.976451499999939],[107.78699929100009,-6.976264124999943],[107.78683096400005,-6.976205180999955],[107.78668050100003,-6.97615049999996],[107.78644601900004,-6.976060191999977],[107.78586300100005,-6.975826299999937],[107.78533174100005,-6.975621011999976],[107.78514027900007,-6.975549131999969],[107.78496590100008,-6.975485499999934],[107.78476644000006,-6.975416018999965],[107.78431619000008,-6.975265786999955],[107.78411650000004,-6.975197],[107.78379667000007,-6.975081260999957],[107.78326410000005,-6.974883],[107.78242190000009,-6.974567],[107.78158020100005,-6.974250599999948],[107.78108449100006,-6.974066771999958],[107.78071790000007,-6.973933],[107.78009212700005,-6.973713036999925],[107.77987520000005,-6.973635],[107.77966464600007,-6.973555791999956],[107.77920565300008,-6.973378318999949],[107.77901810000009,-6.973308098999951],[107.77880436100008,-6.973231956999939],[107.77833430000004,-6.97306982899994],[107.77814250000006,-6.973001099999976],[107.77795106300005,-6.972928879999927],[107.77747634700006,-6.972743080999976],[107.77725770000006,-6.97266019999995],[107.77691609300007,-6.972537290999981],[107.77639510000006,-6.972356],[107.77582100600006,-6.97216124299996],[107.77559840000004,-6.972083699999928],[107.77529952500004,-6.971974476999947],[107.77473970000005,-6.97176369999994],[107.77391390000008,-6.971453799999949],[107.77338703300006,-6.971257291999962],[107.77306120000009,-6.971137799999951],[107.77219480000008,-6.970831699999962],[107.77134,-6.970520399999941],[107.77079321200006,-6.970322221999936],[107.77050820000005,-6.970215899999971],[107.77032172900005,-6.970142335999981],[107.76987174900006,-6.969958252999959],[107.76974878000004,-6.969910205999952],[107.76963720000003,-6.96986869999995],[107.76942370500007,-6.96979573599998],[107.76896657300006,-6.969651518999967],[107.76876880000003,-6.969585698999936],[107.76848783600008,-6.969484502999933],[107.76792770000009,-6.969274499999926],[107.76709480000005,-6.968966399999942],[107.76657698900004,-6.968776403999925],[107.76623820000009,-6.968654],[107.76561038000006,-6.968436456999939],[107.76537550000006,-6.968352399999958],[107.76517374900004,-6.968275707999965],[107.76472726900005,-6.968099713999948],[107.76453370000007,-6.968026899999927],[107.76434081500008,-6.967959184999927],[107.76388444500009,-6.967807016999927],[107.76367920000007,-6.967735699999935],[107.76345616900005,-6.967653105999943],[107.76300918400005,-6.967481162999945],[107.76281950000003,-6.967409799999928],[107.76241841000007,-6.967263944999956],[107.76196910000004,-6.967104598999981],[107.76134783100008,-6.966893007999943],[107.76112580000006,-6.966815198999939],[107.76088218200005,-6.966725380999947],[107.76027199900005,-6.966494],[107.75941270000004,-6.96618],[107.75853420000004,-6.965862499999957],[107.75802019800005,-6.965682023999932],[107.75801003900006,-6.965678992999926],[107.757569,-6.965523598999937],[107.75707427300006,-6.965358691999938],[107.75694667900007,-6.965312343999926],[107.75683390000006,-6.965267299999937],[107.75675054200008,-6.965229565999948],[107.75665940700009,-6.96518309399994],[107.75657306500005,-6.965135509999925],[107.75636527000006,-6.965016953999964],[107.75625681200006,-6.964959018999934],[107.75620140400008,-6.96493189499995],[107.75614875900004,-6.964908115999947],[107.75609798400006,-6.96488728099996],[107.75604860000004,-6.964869199999953],[107.75600240200004,-6.964854375999948],[107.75595370700006,-6.964840764999963],[107.75587089300006,-6.964822079999976]]]}},{"type":"Feature","properties":{"fid":224,"STATUS OPERSI":"Aktif","JENIS JALUR":"Track Raya","ID_WO":"JA070012","KM AWAL":97,"KM AKHIR":104,"NAMA LINTASAN":"Surabaya - Solo","STASIUN AWAL":"Kertosono","STASIUN AKHIR":"Baron","WILAYAH DAOP":"Jabatim","WILKER":7},"geometry":{"type":"MultiLineString","coordinates":[[[107.83273497200008,-6.981721319999963],[107.83255040600005,-6.981458327999974],[107.83247778000003,-6.981358186999955],[107.83240766300008,-6.981267765999974],[107.83234070000009,-6.981188599999939],[107.83227268700006,-6.98111599899994],[107.83219297000005,-6.98103836699994],[107.83211499300006,-6.980967065999948],[107.83193298900005,-6.980805423999925],[107.83184908100009,-6.980727532999936],[107.83177925000007,-6.980657993999955],[107.83171850000008,-6.980591899999979],[107.83165054300008,-6.980508962999977],[107.83157969400008,-6.98041208199993],[107.83151583100005,-6.980317475999925],[107.83137209600005,-6.980096380999953],[107.83130147500009,-6.979993830999945],[107.83123644100004,-6.979907548999961],[107.83117310000006,-6.979832399999964],[107.83109571000006,-6.979748375999975],[107.831016,-6.979666254999927],[107.83093420800009,-6.979586279999978],[107.83085056700008,-6.979508679999981],[107.83076532700005,-6.979433683999957],[107.83067870200006,-6.979361482999934],[107.83059092100007,-6.97929226499997],[107.83050220000007,-6.979226199999971],[107.83041466500003,-6.979164824999941],[107.83032377800004,-6.979104851999978],[107.83022963500008,-6.979046343999926],[107.83013234600008,-6.97898936799993],[107.83003200800005,-6.97893398399998],[107.82992879100004,-6.978880286999981],[107.82982285600008,-6.978828359999966],[107.82971440000006,-6.978778299999931],[107.82960749900008,-6.978731924999977],[107.82950015400007,-6.978688327999976],[107.82939261900009,-6.978647609999939],[107.82928512200004,-6.97860985899996],[107.82917790500005,-6.978575158999945],[107.82907114300008,-6.978543563999949],[107.82896502000006,-6.978515129999948],[107.82885970000007,-6.978489899999943],[107.82875242300008,-6.97846728199994],[107.82864310500008,-6.978447280999944],[107.82853193500006,-6.978429932999973],[107.82841912700007,-6.97841527099996],[107.82830487500007,-6.978403319999927],[107.82818945700006,-6.978394111999933],[107.82807313600006,-6.978387665999946],[107.82795620100006,-6.978384],[107.82784864400008,-6.978383249999979],[107.82773972900009,-6.978385144999947],[107.82762961200007,-6.978389682999932],[107.82751846600007,-6.97839685699995],[107.82740645300004,-6.978406656999937],[107.82729379400007,-6.978419063999979],[107.82718069900005,-6.97843405499998],[107.82706740100008,-6.978451599999971],[107.82694211600005,-6.978473751999957],[107.82682064100004,-6.978497986999969],[107.82670286500007,-6.978524324999967],[107.82658871800004,-6.97855278399993],[107.82647811900006,-6.978583383999933],[107.82637105300006,-6.978616130999967],[107.82626748700005,-6.978651032999949],[107.82616740100008,-6.978688099999943],[107.82605912300005,-6.978731857999946],[107.82595191300004,-6.978778710999961],[107.82584613400007,-6.978828501999942],[107.82574212800006,-6.978881067999964],[107.82564024800007,-6.978936230999977],[107.82554077600008,-6.978993835999972],[107.82544400700004,-6.979053712999928],[107.82535020000006,-6.979115699999966],[107.82528809200005,-6.979159676999927],[107.82522460300004,-6.979207740999925],[107.82515908200008,-6.979260383999929],[107.82509027300006,-6.97931860999995],[107.82496444400005,-6.97943117799997],[107.82466820000008,-6.979706199999953],[107.82452966900007,-6.979833030999941],[107.82438296000004,-6.979970200999958],[107.82404340100004,-6.98029589999993],[107.82388474500004,-6.980452581999941],[107.82352905200008,-6.980812385999968],[107.82336880000008,-6.980971599999975],[107.82322874400006,-6.981106935999946],[107.82287393500008,-6.981443652999928],[107.82271210000005,-6.981599699999947],[107.82240414200004,-6.981903730999932],[107.82210950000007,-6.98220079999993],[107.82197671900008,-6.982338579999976],[107.82165573200007,-6.982678414999953],[107.82148490000009,-6.982852399999956],[107.82125660800006,-6.983077342999934],[107.82110014400007,-6.983227043999932],[107.82095470400009,-6.983359711999981],[107.82081890000006,-6.983476099999962],[107.82069664600004,-6.983573517999957],[107.82055678400008,-6.983677931999978],[107.82042629200004,-6.983771052999941],[107.82006810000007,-6.984021599999949],[107.81971559400006,-6.984280247999948],[107.81959388800004,-6.984367453999937],[107.81945519600004,-6.984461386999953],[107.81932790000008,-6.984540500999969],[107.81916999500004,-6.984629512999959],[107.81899663400009,-6.98471909899996],[107.81880390500004,-6.984811357999945],[107.81857490000004,-6.98491439999998],[107.81836809900005,-6.985001747999945],[107.81814875700007,-6.985087452999949],[107.81791468900008,-6.985172379999938],[107.81766130000005,-6.985258199999976],[107.81741783800004,-6.985336034999932],[107.81720368600008,-6.985399938999933],[107.81700509700005,-6.985454003999962],[107.816818,-6.985499299999958],[107.81661703300006,-6.985541153999975],[107.81640041000009,-6.985579447999953],[107.81616346300007,-6.98561505999993],[107.81588890000006,-6.985650599999929],[107.81561312500008,-6.985682100999952],[107.81538,-6.98570398399994],[107.81516688700003,-6.985718361999943],[107.81496870000007,-6.985725499999944],[107.81477236700005,-6.985725868999964],[107.81456212500007,-6.985719843999959],[107.81433350000009,-6.98570734599997],[107.81407030000008,-6.985687499999926],[107.81380981300003,-6.985663612999929],[107.81358034400006,-6.985637761999953],[107.81336905000006,-6.985608487999968],[107.81317190000004,-6.985575199999971],[107.81298202300007,-6.985536672999956],[107.81277780200008,-6.985488803999942],[107.81255400600008,-6.985430475999976],[107.81228070000009,-6.98535389999995],[107.81207411600008,-6.98529274699996],[107.81186579100006,-6.985227184999928],[107.81165576900008,-6.98515723099996],[107.81144410000007,-6.985082900999942],[107.81134599700005,-6.985046288999968],[107.81123735700004,-6.985003248999931],[107.81078231000004,-6.984814394999944],[107.81067898200007,-6.984774233999929],[107.81058420000005,-6.984739699999977],[107.81048723700007,-6.984706940999956],[107.81037952900004,-6.984672965999948],[107.80993543200009,-6.984542888999954],[107.80974260000005,-6.98448209999998],[107.80962119800006,-6.984440402999951],[107.80948649800007,-6.984392109999931],[107.80889850000005,-6.984174199999927],[107.80807660000005,-6.983884],[107.80767229900005,-6.983735941999953],[107.80719120000003,-6.983556],[107.80673812300006,-6.983384911999963],[107.80644360000008,-6.983270299999958],[107.80625056700006,-6.983190490999959],[107.80577438400007,-6.982985074999931],[107.80564002000006,-6.982930389999979],[107.805518,-6.982883799999968],[107.80541790600006,-6.982848470999954],[107.80530530100003,-6.982811545999937],[107.80483643500008,-6.982667249999963],[107.80473865100004,-6.982634643999972],[107.80465,-6.982603],[107.80456226700005,-6.982569300999955],[107.80446712200006,-6.982530402999942],[107.80400813600005,-6.982329739999955],[107.80389573400004,-6.982283184999972],[107.80379410000006,-6.982243899999958],[107.80368572800006,-6.982205185999931],[107.80356474200005,-6.982164807999936],[107.80310862700009,-6.98202287099997],[107.80291949900004,-6.981960499999957],[107.80277063000005,-6.981907897999974],[107.80260504600005,-6.981847350999942],[107.80198490000004,-6.981614],[107.80146925200006,-6.981418700999939],[107.80133339500009,-6.981369202999929],[107.80121110000005,-6.981326699999954],[107.80101327400007,-6.981263750999972],[107.80054988600006,-6.981129066999927],[107.80034270000004,-6.981064400999969],[107.80019151500005,-6.98101311399995],[107.80002398900007,-6.980953814999964],[107.79981375900007,-6.980876467999963]]]}},{"type":"Feature","properties":{"fid":225,"STATUS OPERSI":"Aktif","JENIS JALUR":"Track Raya","ID_WO":"JA070016","KM AWAL":114,"KM AKHIR":119,"NAMA LINTASAN":"Surabaya - Solo","STASIUN AWAL":"Sukomoro","STASIUN AKHIR":"Nganjuk","WILAYAH DAOP":"Jabatim","WILKER":7},"geometry":{"type":"MultiLineString","coordinates":[[[107.88622977100005,-7.018327129999932],[107.88601506900005,-7.018224850999957],[107.88579570100006,-7.018116099999929],[107.88561978200005,-7.018023607999964],[107.88517581200006,-7.017780091999953],[107.88496940100003,-7.017671099999973],[107.88477778700008,-7.01757453099998],[107.88457962400008,-7.017477237999969],[107.88437414200007,-7.01737884399995],[107.88416020100004,-7.017278799999929],[107.88397503200008,-7.017195456999957],[107.88352848400007,-7.017002243999968],[107.88332680100007,-7.016912098999967],[107.88312914200009,-7.016820256999949],[107.88292399200009,-7.016722859999959],[107.88248240000007,-7.016507198999932],[107.88226236300005,-7.016396018999956],[107.88167910100009,-7.016095399999926],[107.88085430000007,-7.015683699999954],[107.88027718500007,-7.015387683999961],[107.880066,-7.015281],[107.87989863800004,-7.015199387999928],[107.87947439100009,-7.014997516999927],[107.87935428800006,-7.014938327999971],[107.879247,-7.014883499999939],[107.87890958200006,-7.014710749999949],[107.87874739800009,-7.014623642999936],[107.87866649600005,-7.014577263999968],[107.87859200100007,-7.01453208099997],[107.87852256300005,-7.014487273999976],[107.87845750100007,-7.01444239999995],[107.87837925000008,-7.014384760999974],[107.87830049600007,-7.014323246999936],[107.87822110200005,-7.014257748999967],[107.87814087500004,-7.014188109999964],[107.87805972200005,-7.014114260999975],[107.87797717900008,-7.014035781999951],[107.87789283600006,-7.013952290999953],[107.877806,-7.01386309999998],[107.87773017600006,-7.013782000999981],[107.87765484800008,-7.013697671999978],[107.87758000900004,-7.013610107999966],[107.87750565100004,-7.013519297999949],[107.87743177000004,-7.013425233999953],[107.87735834700004,-7.013327895999964],[107.87728536400004,-7.01322726099994],[107.87721280000005,-7.013123299999961],[107.87712818200004,-7.012994043999981],[107.87703899400009,-7.012846366999952],[107.87695915500007,-7.012706419999972],[107.87675420000005,-7.012337699999932],[107.87666105600005,-7.012170810999976],[107.87643953300005,-7.011765043999958],[107.87632190000005,-7.011558199999968],[107.87620807900004,-7.011370811999939],[107.87594969000008,-7.01096227499994],[107.87584540000006,-7.010789],[107.87578277100005,-7.010679062999941],[107.87571495400005,-7.010555801999942],[107.87548614100007,-7.010125804999973],[107.87539510000005,-7.009958499999925],[107.87531706700008,-7.009821915999964],[107.87515021400009,-7.009540873999981],[107.87507976400008,-7.009419314999946],[107.87500852200009,-7.009289661999958],[107.87494860000004,-7.009171499999979],[107.87485305200005,-7.008965746999934],[107.87480843800006,-7.008863366999947],[107.87476596600004,-7.008761392999929],[107.87472566000008,-7.008659886999965],[107.87468753500008,-7.008558888999971],[107.87465161100005,-7.008458446999953],[107.87461790000003,-7.008358599999951],[107.87459211700008,-7.008271798999942],[107.87456797200008,-7.008173449999958],[107.87454776600003,-7.00807746199996],[107.87450175500004,-7.007840981999948],[107.87447405300009,-7.007718435999948],[107.87445754900006,-7.007656675999954],[107.87444013800007,-7.00759951799995],[107.87442151600004,-7.007545963999974],[107.87440150100008,-7.007495499999948],[107.87434485100005,-7.007366932999957],[107.87428877700006,-7.007250429999942],[107.87423214000006,-7.007143626999948],[107.87417450500004,-7.007045724999955],[107.87411527600005,-7.006955785999935],[107.87405450800009,-7.006873955999936],[107.87399204800005,-7.006800029999965],[107.87392780000005,-7.006733899999972],[107.87388845500004,-7.006697601999974],[107.87384710500004,-7.006661971999961],[107.87375893200004,-7.006593169999974],[107.87366448000006,-7.006528430999936],[107.87356513700007,-7.006468705999964],[107.87346238200007,-7.006414885999959],[107.87335777400006,-7.006367788999967],[107.87325286300006,-7.00632810999997],[107.87320075100007,-7.006311230999927],[107.87314910000003,-7.00629639899995],[107.87305468000005,-7.00627464799993],[107.87295466600006,-7.006258576999926],[107.87284938300007,-7.006248238999945],[107.87273927900009,-7.006243678999965],[107.87262463500008,-7.006244928999934],[107.87250644900007,-7.006251996999936],[107.87238563200003,-7.006264834999968],[107.87226350000009,-7.00628329999995],[107.87219281200004,-7.006297648999976],[107.87211957000005,-7.006316638999976],[107.87204300600007,-7.006340463999948],[107.87196160000008,-7.006369592999931],[107.87182238600008,-7.006426283999929],[107.87153922900006,-7.006552481999961],[107.87141810000008,-7.006603599999949],[107.87126795500006,-7.006667483999934],[107.87097481800004,-7.00680168599996],[107.87085181000003,-7.00685576799998],[107.87072163400006,-7.006907965999972],[107.870603,-7.006949099999929],[107.87044999700004,-7.006996356999935],[107.87032124200005,-7.007033419999971],[107.87020322000006,-7.007064170999968],[107.87009327600003,-7.007089256999961],[107.86998740300004,-7.007109483999955],[107.86988651800004,-7.007124562999934],[107.86978978100007,-7.007134618999942],[107.86969670000008,-7.007139699999925],[107.86959402400004,-7.007140095999944],[107.86948805900005,-7.007135529999971],[107.86937893500004,-7.007126006999954],[107.86926680900007,-7.007111539999926],[107.86915180000005,-7.007092141999976],[107.86903421100004,-7.00706785899996],[107.86891431800007,-7.007038747999957],[107.86879250000004,-7.00700489999997],[107.86867805500003,-7.006969278999975],[107.86856772200008,-7.006931157999929],[107.86846174800007,-7.006890621999958],[107.86836031400009,-7.006847738999966],[107.86826360900005,-7.006802591999929],[107.86817170900008,-7.006755220999935],[107.86808471400008,-7.006705674999978],[107.86800270000003,-7.006654],[107.86791878200006,-7.006595119999929],[107.86783482000004,-7.006529761999957],[107.86775072000006,-7.006457851999926],[107.86766633600007,-7.006379263999975],[107.86758164700007,-7.006294001999947],[107.86749620500007,-7.006201627999928],[107.86740963800008,-7.006101746999946],[107.86732120000005,-7.005993499999931],[107.86728424900008,-7.00594502499996],[107.86724766100008,-7.005893],[107.86721109000007,-7.00583692999993],[107.86717391300004,-7.005775869999979],[107.86710426300004,-7.005651799999953],[107.86697574100003,-7.005407120999962],[107.86692136200008,-7.005307197999969],[107.86686166000004,-7.00520539799993],[107.86680410000008,-7.005116899999962],[107.86671913800006,-7.004994978999946],[107.86664295700007,-7.004888667999978],[107.86657100700006,-7.004791628999953],[107.86650186700007,-7.004701963999935],[107.86643366800007,-7.004617316999941],[107.86636657900004,-7.004537961999972],[107.86630009800007,-7.004463310999938],[107.86623390000005,-7.004393],[107.86614062000007,-7.004297690999977],[107.86606438100006,-7.004222182999968],[107.86599388800005,-7.004155293999929],[107.86592742700009,-7.004095467999946],[107.86586195500007,-7.004040085999975],[107.86579826000008,-7.003989947999969],[107.86573572900005,-7.003944571999966],[107.865674,-7.003903698999977],[107.86561697100007,-7.003869995999935],[107.86555545000004,-7.003837918999977],[107.86548878100007,-7.003807117999941],[107.86541561300004,-7.003776969999933],[107.86527882800004,-7.00372755199993],[107.86496765300006,-7.003625369999952],[107.86489713900005,-7.003600103999929],[107.86483390000006,-7.003575599999976],[107.86469726500007,-7.003523877999953],[107.86438429300006,-7.003414489999955],[107.86424735700007,-7.003361172999973],[107.86416676800008,-7.003325492999977],[107.86409369600005,-7.003289086999928],[107.86402667600004,-7.003251225999975],[107.863965,-7.003211499999964],[107.86389056500008,-7.003157040999952],[107.86381603200005,-7.003096136999943],[107.86374116000007,-7.003028589999928],[107.86366556600007,-7.002954057999943],[107.86358939500008,-7.002872762999971],[107.86351117000004,-7.002783205999947],[107.86342976500003,-7.002684119999969],[107.86334180000006,-7.002571398999976],[107.86324300200005,-7.002440097999965],[107.86316543700008,-7.00233193899993],[107.86309838100004,-7.002231955999946],[107.86304047800007,-7.002137969999978],[107.86298948300004,-7.002046046999965],[107.86294621400003,-7.001957301999937],[107.86291031100006,-7.00187099599998],[107.86288160000004,-7.001786699999968],[107.86285912400007,-7.001701767999975],[107.86284128300008,-7.001611335999939],[107.86282800100008,-7.001515022999968],[107.86281918100008,-7.001412135999942],[107.86281477500006,-7.001303568999958],[107.86281452900005,-7.001185816999964],[107.86281838500008,-7.001056526999946],[107.86282670000008,-7.000903500999925],[107.86283244100008,-7.000833826999951],[107.86284107300008,-7.000761145999945],[107.86285268600005,-7.000684679999949],[107.86286751400007,-7.000602878999928],[107.86289431000006,-7.00047559799998],[107.86296935000007,-7.000155384999971],[107.86300080000007,-7.000007900999947],[107.86302908500005,-6.99988216099996],[107.86311491900005,-6.999562719999972],[107.86313382400004,-6.999485217999961],[107.86314863700005,-6.999415867999971],[107.86316243800007,-6.999335610999935],[107.86317122200006,-6.999260929999934],[107.86317516400004,-6.999190312999929],[107.86317430000008,-6.999123],[107.86316543700008,-6.999016787999949],[107.86314926500006,-6.998907594999935],[107.86312595000004,-6.998796546999927],[107.86309576700006,-6.998684959999935],[107.86305904500006,-6.998574093999935],[107.86301630600008,-6.998465558999953],[107.86296813600006,-6.998360845999969],[107.86291520000009,-6.998261399999933],[107.86285714500008,-6.998166229999981],[107.86279289100008,-6.99807287699997],[107.86272341300008,-6.997982759999957],[107.86264968100005,-6.997897129999956],[107.86257283000003,-6.997817277999957],[107.86249358200007,-6.997743925999941],[107.86241277100004,-6.997677841999973],[107.86233110000006,-6.99761959999995],[107.86228545600005,-6.997590572999968],[107.86223791600008,-6.997562608999942],[107.86218863700009,-6.997535806999963],[107.86213779500008,-6.997510257999977],[107.86203214600005,-6.997463280999966],[107.86192256800007,-6.99742238999994],[107.86181075600007,-6.997388217999969],[107.86169841000009,-6.997361283999965],[107.86164257000007,-6.997350662999963],[107.86158721300006,-6.997341988999949],[107.86153253000003,-6.99733529599996],[107.86147870000008,-6.997330599999941],[107.86141542400009,-6.997328406999941],[107.86134885100006,-6.997330365999971],[107.86127829000009,-6.997336493999967],[107.86120236000005,-6.99734690899993],[107.86113888600005,-6.99735802999993],[107.86106843300007,-6.997372303999953],[107.86080355800004,-6.99743304499998],[107.86069360000005,-6.997455799999955],[107.86061116500008,-6.997473326999966],[107.86052018300006,-6.997496736999949],[107.86042504100004,-6.997524378999969],[107.86016006900007,-6.997605593999936],[107.86007854800005,-6.997628081999949],[107.86000547300006,-6.997645797999951],[107.85992113600008,-6.997662401999946],[107.85984248700004,-6.997673237999948],[107.85976794100009,-6.997678520999955],[107.85969670000009,-6.997678300999951],[107.85960637800008,-6.997671333999961],[107.85951221100004,-6.997657937999975],[107.85941384800009,-6.997638068999947],[107.85931067500007,-6.997611601999949],[107.85920331800008,-6.997578804999932],[107.85908885800006,-6.997538886999962],[107.85896523200006,-6.997491164999929],[107.85882350000009,-6.997432199999935],[107.85878106600006,-6.997412888999975],[107.85873748600005,-6.997390740999947],[107.85869230700007,-6.997365525999953],[107.85864464600007,-6.997336755999982],[107.85855814100006,-6.997280152999963],[107.85835588800006,-6.997140742999932],[107.85825339800004,-6.997076213999947],[107.85820262500005,-6.997047800999951],[107.85815398800008,-6.997023349999949],[107.85810672100007,-6.997002477999956],[107.85806040000006,-6.996985000999928],[107.85797316900005,-6.99695769899995],[107.85788085800004,-6.996934127999964],[107.85778324700004,-6.996914225999944],[107.85767996800007,-6.996897918999935],[107.85757112600004,-6.996885188999954],[107.85745532500005,-6.996875835999958],[107.85733139100006,-6.996869759999981],[107.85719620000003,-6.996866799999964],[107.85712184100004,-6.996867514999963],[107.85704406800005,-6.996871148999958],[107.85696206000006,-6.996877737999966],[107.85687418600008,-6.996887407999964],[107.85672198700007,-6.996908878999932],[107.85641324700003,-6.996959767999954],[107.85628220000007,-6.996979499999952],[107.85606911200006,-6.99701061899998],[107.85560299300005,-6.99708379499998],[107.85539730000005,-6.997114499999952],[107.85487864700008,-6.997186820999957],[107.85468252600003,-6.997211965999952],[107.85450320000007,-6.99723309999996],[107.85413954500007,-6.997276161999935],[107.85396903300006,-6.997293957999943],[107.85379916200009,-6.997306838999975],[107.85364640000006,-6.997312299999976],[107.85352814200007,-6.997312492999981],[107.85340939700006,-6.997310065999955],[107.85329037900004,-6.997305025999935],[107.85317130900006,-6.997297379999964],[107.85305240600007,-6.997287142999937],[107.85293389000009,-6.99727433399994],[107.85281598300008,-6.997258976999944],[107.85269890000006,-6.997241100999929],[107.85262516600005,-6.997228049999933],[107.85254837700006,-6.99721257799996],[107.85238159300008,-6.997173527999962],[107.85223245700007,-6.997134046999975],[107.85180570000006,-6.997015399999952],[107.85095859900008,-6.996784199999979],[107.85007010000004,-6.996553199999937],[107.84993664600006,-6.996513967999931],[107.84962114700005,-6.996409304999929],[107.84947847600006,-6.996366318999947],[107.84940020400006,-6.996346253999945],[107.84932716500003,-6.996330605999958],[107.84925788000004,-6.996319061999941],[107.84919160000004,-6.996311499999933],[107.84908216800005,-6.996304840999926],[107.84896974200007,-6.996303430999944],[107.84885507200005,-6.996307281999975],[107.84873894000003,-6.996316368999942],[107.84862215300006,-6.996330625999974],[107.84850550400006,-6.99634995699995],[107.84838978900007,-6.996374230999947],[107.84827576400005,-6.996403287999954],[107.84816462100008,-6.996436789999962],[107.84805652700004,-6.996474655999975],[107.84795209600009,-6.99651666799997],[107.84785186500005,-6.996562610999945],[107.84775638600007,-6.996612223999932],[107.84766601000007,-6.996665321999956],[107.84758111200006,-6.996721682999976],[107.84750199900009,-6.996781099999964],[107.84746774200005,-6.996810210999968],[107.84743365000008,-6.996842628999957],[107.84739944200004,-6.996878618999972],[107.84736464100007,-6.996918683999979],[107.84732944600006,-6.99696247299994],[107.84729172700008,-6.997012523999956],[107.84714437700006,-6.99722111799997],[107.84707808100006,-6.997309346999941],[107.84704026200006,-6.997355281999944],[107.84700348500007,-6.997396304999938],[107.84696702300005,-6.997433215999934],[107.84693050000004,-6.99746640099994],[107.84682953600009,-6.997549832999937],[107.84672978600008,-6.997626045999937],[107.84663138600007,-6.99769493499997],[107.84653445400005,-6.997756418999927],[107.84643911000006,-6.997810423999965],[107.84634542200007,-6.997856910999928],[107.84625346300004,-6.997895845999949],[107.84616330000006,-6.997927200999925],[107.84606663200009,-6.997953489999929],[107.84596446900008,-6.997974375999945],[107.84585739400006,-6.997989738999934],[107.84574617700008,-6.997999467999932],[107.84563143600008,-6.998003485999959],[107.84551457100008,-6.99800172099998],[107.84539686700003,-6.997994193999943],[107.84527990000004,-6.997981000999971],[107.84520964000006,-6.997969148999971],[107.84513673700008,-6.997952546999954],[107.84506042200007,-6.997931024999957],[107.84497916600009,-6.997904155999947],[107.84484314600007,-6.997852268999964],[107.84455290800008,-6.99772997599996],[107.84442590000003,-6.99767990099997],[107.84420543100003,-6.997597174999953],[107.84399298100004,-6.997515503999978],[107.84378748300009,-6.997434475999967],[107.84358819900007,-6.997353799999928],[107.84333899200004,-6.997248581999941],[107.84275799900007,-6.99699530099997],[107.84262075400005,-6.996937904999925],[107.84218067000006,-6.996758081999928],[107.84203912100008,-6.996696671999928],[107.84191369900009,-6.996638700999938],[107.84181834800006,-6.996594564999953],[107.84154833300005,-6.996474227999954],[107.84146684200005,-6.996435270999939],[107.84139529100008,-6.996398454999962],[107.84131751600006,-6.996354432999965],[107.84124776000004,-6.996310040999958],[107.84118472800009,-6.996264448999966],[107.84112780000004,-6.996217199999933],[107.84104790100008,-6.99614129899993],[107.84097075700004,-6.99605865999996],[107.84089747500008,-6.995970474999979],[107.84082911600007,-6.995878017999928],[107.84076671800005,-6.995782709999958],[107.84071102500008,-6.995685711999954],[107.84066274200006,-6.995588248999979],[107.84062240000009,-6.995491399999935],[107.84058943900004,-6.995393944999933],[107.84056179900006,-6.995290896999961],[107.84053978500003,-6.995183382999926],[107.84052367400005,-6.99507274399997],[107.84051366800009,-6.994960306999928],[107.84050993300008,-6.994847790999927],[107.84051252200004,-6.994736820999947],[107.84052140000006,-6.994629],[107.84053546900009,-6.994536760999949],[107.84055716700004,-6.994441114999972],[107.84058660900007,-6.994341537999958],[107.84062407000005,-6.994237092999981],[107.84066858400007,-6.994129717999954],[107.84072220400009,-6.99401385699997],[107.84078581300008,-6.993887238999946],[107.84087240000008,-6.993724],[107.84089488400008,-6.993684307999956],[107.84092016400007,-6.993643676999966],[107.84098042600004,-6.993557532999944],[107.84104295800006,-6.993477112999926],[107.84119884700004,-6.993285895999975],[107.84123908800007,-6.993233523999947],[107.84127368200006,-6.993185568999934],[107.84130805500007,-6.99313374299993],[107.84133769300007,-6.993083920999936],[107.84136309600007,-6.993035259999942],[107.84138450000006,-6.992987299999925],[107.84142595800006,-6.992877025999974],[107.84146172100009,-6.99276367899995],[107.84149118900007,-6.992649168999947],[107.84151394700007,-6.992535108999959],[107.84152967200004,-6.992423293999934],[107.84153827800009,-6.992314526999962],[107.84153969000005,-6.992209809999963],[107.84153769500006,-6.992159211999933],[107.84153390000006,-6.992109899999946],[107.84152835400005,-6.992062592999957],[107.84152075900005,-6.992014383999958],[107.84151111300008,-6.991965283999946],[107.84149942000005,-6.991915301999938],[107.84146990700003,-6.991812742999969],[107.84143224800005,-6.991706824999937],[107.84138647200007,-6.991597626999976],[107.84133266400005,-6.991485376999947],[107.84127092300008,-6.991370272999973],[107.84120140000005,-6.991252600999928],[107.84116629000005,-6.99119879999995],[107.84112685700006,-6.99114420199993],[107.84108268500006,-6.99108821599998],[107.84103287800008,-6.991029707999928],[107.84093720700008,-6.990925871999934],[107.84072237700008,-6.990704717999961],[107.84064069900006,-6.990615499999933],[107.84023843300008,-6.990158699999938],[107.84002210000006,-6.989910700999928],[107.83943739900008,-6.989226199999962],[107.83913076900006,-6.988872037999954],[107.83884420000004,-6.988544299999944],[107.83849095600004,-6.988143531999981],[107.83824690100005,-6.987872],[107.83812285600004,-6.987738614999955],[107.83781018400003,-6.987409895999974],[107.83772379600003,-6.987316208999971],[107.83764740000004,-6.987230599999975],[107.83758999900004,-6.987162990999934],[107.83752812100005,-6.987086045999945],[107.83731833600007,-6.986811328999977],[107.83723389300008,-6.986704624999959],[107.83714367600004,-6.986599000999945],[107.83710046300007,-6.986552229999972],[107.83705780000008,-6.986508699999945],[107.83699440700008,-6.986447852999959],[107.83692665400008,-6.986386382999967],[107.83685403500004,-6.986323832999972],[107.83677564100009,-6.986259412999971],[107.83669370800004,-6.986194790999946],[107.83660260500005,-6.986125372999936],[107.83635620000007,-6.985944500999949],[107.83627743800008,-6.98588928099997],[107.83618774700005,-6.985830248999946],[107.83589488300004,-6.985648568999977],[107.83579353500005,-6.985583829999939],[107.83570057500003,-6.985520808999979],[107.83561850000007,-6.985460699999976],[107.83535062400006,-6.985255483999936],[107.83526405800006,-6.985185228999967],[107.83518828400008,-6.985120007999967],[107.83511552300007,-6.985052632999952],[107.83505037000003,-6.984986788999947],[107.83499188700006,-6.984921521999979],[107.83493960000004,-6.984856299999933],[107.83490182400004,-6.984803049999925],[107.83486536100008,-6.984745131999944],[107.83482981600008,-6.984681928999976],[107.83479446900009,-6.984612165999977],[107.83473526700004,-6.984480777999977],[107.83460868000009,-6.984175566999966],[107.83457625000005,-6.984103480999977],[107.83454510100006,-6.984039299999949],[107.83449009500004,-6.983927722999965],[107.83435770400007,-6.983650951999948],[107.83428497400007,-6.983507585999973],[107.83424199000007,-6.983428992999961],[107.83419983700009,-6.983357035999973],[107.83415768700007,-6.983290303999979],[107.83411510100007,-6.983228099999963],[107.83407365400006,-6.983172356999944],[107.83402817700005,-6.983115589999954],[107.83397818400005,-6.983057191999933],[107.83392266600003,-6.982995977999963],[107.83383055300004,-6.982900073999929],[107.83360549200006,-6.982676116999926],[107.83350570000005,-6.982573099999968],[107.83340611100004,-6.982468873999949],[107.83317919000007,-6.982237277999957],[107.83307922500006,-6.982133345999955],[107.83297565200007,-6.98202127299993],[107.83288590000006,-6.981918299999961],[107.83282299200005,-6.98184045499994],[107.83275585400008,-6.981751075999966],[107.83273497200008,-6.981721319999963]]]}},{"type":"Feature","properties":{"fid":257,"STATUS OPERSI":"Non Aktif","JENIS JALUR":"Track Raya","ID_WO":"-","KM AWAL":0,"KM AKHIR":0,"NAMA LINTASAN":"-","STASIUN AWAL":"-","STASIUN AKHIR":"-","WILAYAH DAOP":"Jabateng","WILKER":5},"geometry":{"type":"MultiLineString","coordinates":[[[107.61530056700008,-7.006332566999959],[107.61773797300003,-7.00316897099998],[107.61899055700007,-7.001605801999972],[107.62272351700005,-6.997094503999961],[107.62384891100004,-6.995637114999965],[107.62480837500004,-6.99429489299996],[107.62618023700009,-6.992309647999946],[107.62686144900005,-6.991270448999956],[107.62688746900005,-6.991230754999947],[107.62751296200008,-6.990172288999929],[107.62764058700009,-6.989920881999979],[107.62799337800004,-6.989225925999961]]]}},{"type":"Feature","properties":{"fid":258,"STATUS OPERSI":"Non Aktif","JENIS JALUR":"Track Raya","ID_WO":"-","KM AWAL":0,"KM AKHIR":0,"NAMA LINTASAN":"-","STASIUN AWAL":"-","STASIUN AKHIR":"-","WILAYAH DAOP":"Jabateng","WILKER":5},"geometry":{"type":"MultiLineString","coordinates":[[[107.59970559300007,-7.019256219999932],[107.59997468400007,-7.01913749199997],[107.60077785600004,-7.018962406999947],[107.60133286200005,-7.018918954999947],[107.60275151700006,-7.01893204299995],[107.60415427700008,-7.018876798999941],[107.60456096700005,-7.01880571099997],[107.60490736200006,-7.018689130999974],[107.60526117100005,-7.018507649999947],[107.60563609800005,-7.018264034999959],[107.60614204300003,-7.017805023999927],[107.60694175000003,-7.016836926999929],[107.60806521800004,-7.01547054699995],[107.61061579500006,-7.012191233999943],[107.61492748500007,-7.006816802999936],[107.61530056700008,-7.006332566999959]]]}},{"type":"Feature","properties":{"fid":259,"STATUS OPERSI":"Non Aktif","JENIS JALUR":"Track Raya","ID_WO":"-","KM AWAL":0,"KM AKHIR":0,"NAMA LINTASAN":"-","STASIUN AWAL":"-","STASIUN AKHIR":"-","WILAYAH DAOP":"Jabateng","WILKER":5},"geometry":{"type":"MultiLineString","coordinates":[[[107.58662004200005,-7.046281026999964],[107.58801655500008,-7.045822252999926],[107.58911061200007,-7.045430676999956],[107.59016473400004,-7.04498874799998],[107.59107814800007,-7.044522418999975],[107.59182006900005,-7.044104659999959],[107.59223883000004,-7.043810181999959],[107.59273024400005,-7.043365650999931],[107.59303020400006,-7.042979238999976],[107.59317970800004,-7.042651120999949],[107.59335994400004,-7.042055968999932],[107.59353781500005,-7.041362384999957],[107.59380670600007,-7.039968086999977],[107.59575707900007,-7.030489272999944],[107.59716066200008,-7.024382929999945],[107.59749956300004,-7.022200406999957],[107.59764173800005,-7.021659371999931],[107.59782714100004,-7.021198640999955],[107.59827669300006,-7.020371755999975],[107.59848625500007,-7.020083934999946],[107.59870343800009,-7.019853339999941],[107.59896717300006,-7.019640813999956],[107.59927296200004,-7.019447106999962],[107.59970559300007,-7.019256219999932]]]}},{"type":"Feature","properties":{"fid":260,"STATUS OPERSI":"Non Aktif","JENIS JALUR":"Track Raya","ID_WO":"-","KM AWAL":0,"KM AKHIR":0,"NAMA LINTASAN":"-","STASIUN AWAL":"-","STASIUN AKHIR":"-","WILAYAH DAOP":"Jabateng","WILKER":5},"geometry":{"type":"MultiLineString","coordinates":[[[107.54577025400005,-7.034231702999932],[107.54786910300004,-7.035962384999948],[107.55071745000004,-7.038271115999976],[107.55147176100007,-7.038836874999959],[107.55216890400004,-7.039312537999933],[107.55296245600005,-7.039820906999978],[107.55348786200005,-7.040117100999964],[107.55406446500007,-7.040368806999936],[107.55473679300007,-7.040583782999931],[107.55737878600007,-7.041185456999926],[107.56323495700008,-7.042794584999967],[107.56602980500008,-7.043543796999927],[107.56761389500008,-7.043902508999963],[107.56876409100005,-7.044095390999928],[107.57120146000005,-7.044430091999971],[107.57409411600008,-7.044848607999938],[107.57564634600004,-7.045115949999968],[107.57712049100007,-7.045434252999939],[107.57972192500006,-7.046065598999974],[107.58231219900006,-7.046811438999953],[107.58298736500006,-7.046949425999969],[107.58359965900007,-7.047015248999969],[107.58435146500005,-7.047028437999927],[107.58482157100008,-7.046922611999946],[107.58570999100004,-7.046579991999977],[107.58662004200005,-7.046281026999964]]]}},{"type":"Feature","properties":{"fid":261,"STATUS OPERSI":"Non Aktif","JENIS JALUR":"Track Raya","ID_WO":"-","KM AWAL":0,"KM AKHIR":0,"NAMA LINTASAN":"-","STASIUN AWAL":"-","STASIUN AKHIR":"-","WILAYAH DAOP":"Jabateng","WILKER":5},"geometry":{"type":"MultiLineString","coordinates":[[[107.52015798300005,-7.026449446999948],[107.52274809300008,-7.027279248999946],[107.52436795600005,-7.027780082999925],[107.52834920900005,-7.029111429999944],[107.53048597700007,-7.029717854999944],[107.53200703400006,-7.03005697499998],[107.53529284400008,-7.030702676999965],[107.53640818900004,-7.030910424999945],[107.53888634700007,-7.031308151999951],[107.53991173100007,-7.031505006999964],[107.54112846300006,-7.031811734999962],[107.54218659500003,-7.032179908999979],[107.54325871500004,-7.032646837999948],[107.54417968600006,-7.033117833999938],[107.54480566900008,-7.033503577999966],[107.54547277900008,-7.033986408999965],[107.54577025400005,-7.034231702999932]]]}},{"type":"Feature","properties":{"fid":262,"STATUS OPERSI":"Non Aktif","JENIS JALUR":"Track Raya","ID_WO":"-","KM AWAL":0,"KM AKHIR":0,"NAMA LINTASAN":"-","STASIUN AWAL":"-","STASIUN AKHIR":"-","WILAYAH DAOP":"Jabateng","WILKER":5},"geometry":{"type":"MultiLineString","coordinates":[[[107.50027982100005,-7.034907638999925],[107.50080064300005,-7.034641962999956],[107.50289865600007,-7.033284828999967],[107.50387234700008,-7.032742663999954],[107.50461903600007,-7.032347681999966],[107.50504475400004,-7.032226804999937],[107.50531195400004,-7.032232093999937],[107.50588888700008,-7.032320597999956],[107.50672932700007,-7.032437913999956],[107.50715508600007,-7.032414389999929],[107.50736109400003,-7.032344729999977],[107.50758118900006,-7.032226019999939],[107.50835094000007,-7.031664049999961],[107.50981113500006,-7.030717787999947],[107.51064885800008,-7.030069576999949],[107.51124692300004,-7.029480791999958],[107.51224333000005,-7.028357863999929],[107.51347498600006,-7.026801535999937],[107.51381009000005,-7.026451687999952],[107.51414262900005,-7.026177186999973],[107.51478782400005,-7.025732772999959],[107.51502444300007,-7.025615051999978],[107.51524469200007,-7.025544086999957],[107.51563415300006,-7.025515671999926],[107.51637020200008,-7.025590982999972],[107.51745552800008,-7.025729604999981],[107.51864995000005,-7.025997397999959],[107.51971224500005,-7.026306643999931],[107.52015798300005,-7.026449446999948]]]}},{"type":"Feature","properties":{"fid":263,"STATUS OPERSI":"Non Aktif","JENIS JALUR":"Track Raya","ID_WO":"JA054040","KM AWAL":0,"KM AKHIR":0,"NAMA LINTASAN":"Maos - Cilacap","STASIUN AWAL":"Cilacap","STASIUN AKHIR":"Pelabuhan","WILAYAH DAOP":"Jabateng","WILKER":5},"geometry":{"type":"MultiLineString","coordinates":[[[107.49834630100008,-7.060316238999974],[107.49835189400005,-7.060312816999954],[107.49943485900008,-7.059665706999965],[107.49968961300004,-7.059467858999938],[107.49988681900004,-7.059261108999976],[107.50014981600003,-7.058898356999975],[107.50029897500008,-7.058593131999942],[107.50037880200006,-7.05827908599997],[107.50039846100009,-7.057982004999928],[107.50034187000006,-7.057624050999948],[107.50021370100006,-7.057314027999951],[107.50001084600007,-7.057078737999973],[107.49960257400005,-7.056773961999966],[107.49884932400005,-7.056333382999981],[107.49850507100007,-7.055991756999958],[107.49802501200008,-7.055352735999975],[107.49727176200008,-7.054215753999927],[107.49636217700004,-7.052581343999975],[107.49613512100007,-7.052208722999978],[107.49604950700007,-7.052012852999951],[107.49599562800006,-7.051720306999925],[107.49599265800003,-7.05135908799997],[107.49620584200005,-7.050506352999946],[107.49619432700007,-7.050217312999962],[107.49610635600004,-7.049667828999929],[107.49582679400004,-7.048223304999965],[107.49576526100009,-7.047607049999954],[107.49577947400007,-7.046995921999951],[107.49584963000007,-7.046773437999946],[107.49612056800004,-7.046200035999959],[107.49625712800008,-7.045749743999977],[107.49630532800006,-7.045432572999971],[107.49628426300006,-7.045114327999954],[107.49618136100008,-7.044630865999977],[107.49600912000005,-7.044116445999975],[107.49551206700005,-7.043104741999969],[107.49533722800004,-7.042661223999971],[107.49508576900007,-7.04161371899994],[107.49486826500004,-7.040081928999939],[107.49469374800009,-7.03910241799997],[107.49468818700007,-7.038834587999929],[107.49472757600006,-7.038604696999926],[107.49487244100004,-7.038277515999937],[107.49519653900006,-7.037784011999975],[107.49548089800004,-7.037414250999973],[107.49582355100006,-7.037074009999969],[107.49622814200006,-7.036759550999932],[107.49670291700005,-7.03646441799998],[107.49764797400007,-7.036008011999968],[107.49988663400006,-7.035108205999961],[107.50027982100005,-7.034907638999925]]]}}],"__v":0}